review_sample_id,evidence_id,application_id,log_id,timestamp,source_type,direction,evidence_span,evidence_category,evidence_description,context_before,context_after,response_latency_hours,extractor_confidence,information_quality,duplication_status,human_decision,human_evidence_category,human_description,human_notes
REV-0001,EV-c098165357f6,APP-00004,LOG-000013,2024-11-20 00:00:00,candidate_message,candidate_facing,"traffic to thhat location is rough, still deciding if it's manageable.",location_commute,Candidate raises a comment or concern about commute/location.,,"Candidate raised commute/transportation concern, discussed options.",11.7,0.6,high,same_application_duplicate,PENDING,,,
REV-0002,EV-fc6332dc18ef,APP-00004,LOG-000014,2024-11-27 00:00:00,recruiter_note,internal,"Candidate raised commute/transportation concern, discussed options.",location_commute,Candidate raises a comment or concern about commute/location.,"traffic to thhat location is rough, still deciding if it's manageable.","Candidate raised commute/transportation concern, discussed options. Noted for the file.",79.8,0.6,medium,likely_template,PENDING,,,
REV-0003,EV-5bf090faa25f,APP-00008,LOG-000046,2025-06-28 00:00:00,recruiter_note,internal,"Discussed shift schedule concerns with candidate, checked with client on flexibility.",schedule_shift,Candidate raises a comment about shift or schedule.,"the schedule might conflict with childcare, seeing what I can work out.","the schedule might conflict with childcare, seing what I can work out. Thanks!",12.9,0.6,medium,likely_template,PENDING,,,
REV-0004,EV-ec72e3549064,APP-00017,LOG-000111,2024-03-14 00:00:00,candidate_message,candidate_facing,"this roel sounds like a geat fit, can't wait to get started.",commitment_language,Candidate uses language expressing forward commitment to the role.,this role sounds like a great,,9.6,0.6,high,unique,PENDING,,,
REV-0005,EV-914d75e44be1,APP-00026,LOG-000150,2024-11-02 00:00:00,candidate_message,candidate_facing,sounds good to me.,responsiveness,"Candidate gives a brief, low-elaboration response.",,"Hi there, souds good to me. Talk soon",4.1,0.45,medium,repeated_but_usable,PENDING,,,
REV-0006,EV-2da13c01cc11,APP-00032,LOG-000206,2024-04-22 00:00:00,recruiter_note,internal,"Discussed candidate's family situation briefly, offered flexibility on start date.",joining_date,"Candidate references the start/joining date, its confirmation, or a change to it.",,we're dealing witth a relocation,1.7,0.6,medium,likely_template,PENDING,,,
REV-0007,EV-003be45f1be0,APP-00036,LOG-000229,2024-06-18 00:00:00,recruiter_note,internal,Working with candidate and client to adjust start date around notice period. Nothing further to add right now.,joining_date,"Candidate references the start/joining date, its confirmation, or a change to it.",,boss is asking me to stay lnoger than I expected to finish up a project.,9.5,0.6,high,repeated_but_usable,PENDING,,,
REV-0008,EV-deb5f83a443b,APP-00037,LOG-000246,2025-06-19 00:00:00,recruiter_note,internal,"Candidate asked about contract length/conversion path, gave what info we have.",job_security_concern,Candidate asks about role stability or long-term security.,just wnt to understand how stable this assignment...,,18.4,0.6,medium,likely_template,PENDING,,,
REV-0009,EV-4c02bf717d1c,APP-00044,LOG-000291,2024-05-28 00:00:00,candidate_message,candidate_facing,"Hi there, the rate is a little lower than I was expecting honestly. Taalk soon",compensation_concern,Candidate raises a question or concern about compensation.,Candidate seems okay with comp after clarifying overtime/differential. No action needed at this time.,,10.0,0.6,high,unique,PENDING,,,
REV-0010,EV-c4678c5d3395,APP-00045,LOG-000296,2025-05-14 00:00:00,recruiter_note,internal,"Candidate asked several onboarding logistics questions, answered all of them.",onboarding_process,Candidate asks about onboarding logistics.,"Candidate asked several onboarding logistics questions, answered all of them. Will check in aagin in a few days.","Good morning, wanted to double check the parking/badge situation one morre time.",13.5,0.45,medium,likely_template,PENDING,,,
REV-0011,EV-3e006ea895c5,APP-00045,LOG-000301,2025-06-10 00:00:00,candidate_message,candidate_facing,"Good afternoon, sorry to ask again, but what should I bring on day one?",onboarding_process,Candidate asks about onboarding logistics.,"FYI, candidate asked several onboarding logistics questions, answered all of them.",,92.1,0.45,high,same_application_duplicate,PENDING,,,
REV-0012,EV-27b86d028d25,APP-00053,LOG-000356,2025-01-14 00:00:00,candidate_message,candidate_facing,the scope sounds a little different than what we discuussed earlier.,expectation_setting,Communication reflects clarification or mismatch of role expectations.,the scoe sounds a little different than what we discussed earlier.,Candidate flagged discrepancy between original JD and offer details. Noted for the file.,8.9,0.6,high,unique,PENDING,,,
REV-0013,EV-a8d743deb623,APP-00053,LOG-000361,2025-02-05 00:00:00,candidate_message,candidate_facing,the scope sounds a little different than what we discussed earlier.,expectation_setting,Communication reflects clarification or mismatch of role expectations.,"Good morning, wait, I thought this role was more focused on cleint support, is that still the case? Talk soon",Clarified updated rolle scope with candidate after client changed requirements. Will follow up early next week.,6.8,0.6,medium,likely_template,PENDING,,,
REV-0014,EV-26942843b0c7,APP-00059,LOG-000413,2025-03-02 00:00:00,recruiter_note,internal,"FYI, candidate askde about contract length/conversion path, gave what info we have. Will circle back if anything changes.",job_security_concern,Candidate asks about role stability or long-term security.,"Candidate asked about contract length/conversion path, gave what info we have. No action needed at this time.",kind of how long do thees contracts usually run at this client?,5.3,0.6,high,unique,PENDING,,,
REV-0015,EV-3992bf95675a,APP-00059,LOG-000415,2025-03-03 00:00:00,candidate_message,candidate_facing,just want to understand how stable this assignment is before I commit.,job_security_concern,Candidate asks about role stability or long-term security.,kind of how long do thees contracts usually run at this client?,,7.6,0.6,medium,likely_template,PENDING,,,
REV-0016,EV-5c9d6f0007f6,APP-00063,LOG-000435,2025-04-16 00:00:00,candidate_message,candidate_facing,following up again - wanted to make sure everything is still on track.,recruiter_follow_up,Candidate follows up due to a lack of recent contact from the recruiter.,"Missed scheduled check-in with candidate this week, need to follow up. Will circle back if anything changes.","haven't heard annything in a while, just checking if there's an update.",8.2,0.6,medium,likely_template,PENDING,,,
REV-0017,EV-efc9cfbc50e7,APP-00070,LOG-000493,2024-03-21 00:00:00,candidate_message,candidate_facing,"Hey, got some news on the other role I mentioned, still deciding.",certainty_uncertainty,Candidate expresses uncertainty or hedging about their situation.,"have another opportunity moving alogn too, trying to figure out timing.","Candidate mentioned competing process, seems to be weighing both. Wll circle back if anything changes.",7.3,0.6,high,same_application_duplicate,PENDING,,,
REV-0018,EV-8cbc4304b48c,APP-00072,LOG-000503,2024-02-05 00:00:00,candidate_message,candidate_facing,"wanted to flag, how long do these contracts usully run at this client?",candidate_questions,Candidate asks a direct question.,"Candidate asked abot contract length/conversion path, gaev what info we have. Will circle back if anything changes.",just want to understand how stable this assignment is before I commit. Thank you,27.0,0.45,high,unique,PENDING,,,
REV-0019,EV-7da16f874210,APP-00079,LOG-000559,2024-07-10 00:00:00,recruiter_note,internal,"Quick note - sent candidate an update on offer letter timeline, they wee understanding.",documentation,"Reference to offer letter, paperwork, or background check status.","Per today's call, client running behind on offer letter generation. Kept candidate updated.","Hello, haven't seeen anything in my inbox, wanted to follow up.",6.9,0.6,high,unique,PENDING,,,
REV-0020,EV-989540395353,APP-00095,LOG-000670,2024-11-15 00:00:00,recruiter_note,internal,"Client background vendor running behind, expect another few days.",process_delay,Communication references a delay in the recruitment process.,any update on the background check? jusst want to pllan around it.,"Note: client background vendor running behind, expect another few days. Will follow up early next week.",3.2,0.6,medium,likely_template,PENDING,,,
REV-0021,EV-29b656c46a32,APP-00100,LOG-000705,2025-05-26 00:00:00,recruiter_note,internal,Clarified updated role scope with candidate after client changed requirements.,expectation_setting,Communication reflects clarification or mismatch of role expectations.,"wait, I thought this roel was more focused on reporting, is that still the case?","wait, I thought thsi role was moore focused on client support, is that still the case? Best",11.3,0.6,high,repeated_but_usable,PENDING,,,
REV-0022,EV-0eb4a7afe001,APP-00105,LOG-000750,2024-07-06 00:00:00,candidate_message,candidate_facing,"Hi, would pefer day shift if that's possible at all.",schedule_shift,Candidate raises a comment about shift or schedule.,"Update - discussed shift schedule concerns with candidate, checked with client on flexibility. Flagging for visibility.","Discussed shift schedule concerns with candidate, checked with client on flexibility.",29.9,0.6,high,unique,PENDING,,,
REV-0023,EV-98bccecde657,APP-00122,LOG-000872,2024-04-25 00:00:00,withdrawal_statement,candidate_facing,"not going to be able to move forward, personal reasons.",contradictory_information,Stated reason is brief/generic; may warrant comparison against surrounding evidence.,"understood, thank you.",,29.6,0.45,high,same_application_duplicate,PENDING,,,
REV-0024,EV-53575e4aa92c,APP-00145,LOG-001022,2024-05-23 00:00:00,recruiter_note,internal,"FYI, discussed candidate's family situation briefly, offered flexibility on start date. Will follow up early net week.",joining_date,"Candidate references the start/joining date, its confirmation, or a change to it.","personal situation at home, should knw more soon.","some family stuff came up, migt affect my availability.",37.4,0.6,high,unique,PENDING,,,
REV-0025,EV-4177f6c94dd1,APP-00148,LOG-001053,2024-11-17 00:00:00,candidate_message,candidate_facing,"things came up at my current job, need a bit more time to think.",current_employer_activity,Candidate references activity or conversations at their current employer.,"got pulld into a conversation with my current company, will update you soon. Thank you",my current manger wants to talk again before I finalize anything.,15.2,0.75,high,same_application_duplicate,PENDING,,,
REV-0026,EV-87e6de0c887c,APP-00155,LOG-001095,2025-06-24 00:00:00,candidate_message,candidate_facing,when do benefits kick in exactly?,candidate_questions,Candidate asks a direct question.,"Sent benefits summary to candidate again, answered follow-up questions. Will circle back if anything changes.",,13.6,0.45,medium,likely_template,PENDING,,,
REV-0027,EV-81650031e731,APP-00159,LOG-001132,2024-10-10 00:00:00,candidate_message,candidate_facing,"still figuring some things out on my end, just to double check, notihng major.",candidate_hesitation,Candidate's language reflects hesitation or delay in decision-making.,"Good afternoon, had a conversation come up that I need to tihnk through.",Candidte said compensation was 'not a concern' but asked about job seurity three separate times.,6.0,0.6,high,unique,PENDING,,,
REV-0028,EV-7813e835e905,APP-00172,LOG-001239,2025-04-15 00:00:00,withdrawal_statement,candidate_facing,"personal reasons, sorry. TY",contradictory_information,Stated reason is brief/generic; may warrant comparison against surrounding evidence.,"ok, makes sense.",,86.1,0.45,medium,unique,PENDING,,,
REV-0029,EV-8793f5badfa2,APP-00173,LOG-001240,2024-12-13 00:00:00,candidate_message,candidate_facing,"still not totally clear on the health insurance options, can you send details again?",candidate_questions,Candidate asks a direct question.,,"Note: sent benefits summary to candidate again, asnwered follow-up questions.",10.0,0.45,medium,likely_template,PENDING,,,
REV-0030,EV-4e206629ca51,APP-00179,LOG-001293,2025-03-31 00:00:00,recruiter_note,internal,Working with candidate and client to adjust start date around notice period.,joining_date,"Candidate references the start/joining date, its confirmation, or a change to it.",Working with candidate and client to adjust start date around notice period. Nothing further to add right now.,"Hey, Couldn't get released from my current job in time, sorry, haave to step back.",55.6,0.6,medium,likely_template,PENDING,,,
REV-0031,EV-b2e4e58d8732,APP-00183,LOG-001314,2024-02-25 00:00:00,candidate_message,candidate_facing,"thoght this was hybrid, want to make sure I understand the schedule.",work_arrangement,Candidate raises a question about remote/hybrid/onsite work arrangement.,can you clarify how many das onsite are expected? Talk soon,"Clarified work arrangement with candidate, some confusion from job posting language.",2.2,0.6,high,unique,PENDING,,,
REV-0032,EV-d8f33dcd7cc6,APP-00200,LOG-001455,2024-12-09 00:00:00,withdrawal_statement,candidate_facing,"I've decided to withdraw from this opportunity, thank you for the time and consideration.",withdrawal_language,Communication contains explicit withdrawal or declination language.,soundds godo to me.,,2.8,0.75,high,repeated_but_usable,PENDING,,,
REV-0033,EV-1bc54c21068e,APP-00203,LOG-001467,2025-06-08 00:00:00,withdrawal_statement,candidate_facing,"Good morning, haave to step back for personal reasons, thanks for understanding.",contradictory_information,Stated reason is brief/generic; may warrant comparison against surrounding evidence.,"Routine check-in with candidate, no concerns noted.",,4.4,0.45,high,unique,PENDING,,,
REV-0034,EV-143a9fd631ed,APP-00222,LOG-001571,2024-12-30 00:00:00,candidate_message,candidate_facing,"really looking forward to gettig started, thanks for everything. Talk soon",commitment_language,Candidate uses language expressing forward commitment to the role.,"Hello, really looking forward to getting started, thanks for everything. Thaanks","really looking forward to getting started, thanks for everything.",41.1,0.6,high,unique,PENDING,,,
REV-0035,EV-3c7b3c09c7c6,APP-00222,LOG-001572,2025-01-05 00:00:00,candidate_message,candidate_facing,"really looking forward to getting started, thanks for everything.",commitment_language,Candidate uses language expressing forward commitment to the role.,"really looking forward to gettig started, thanks for everything. Talk soon","Hi, really looking foward to getting started, thanks for everything. Thanks!",31.0,0.6,medium,likely_template,PENDING,,,
REV-0036,EV-43a4f74eba0d,APP-00225,LOG-001594,2025-01-16 00:00:00,candidate_message,candidate_facing,wehn do benefits kick in exactly?,candidate_questions,Candidate asks a direct question.,want to compare benefits before I make a fnial call.,want to compare benefits before I make a final call. Talk soon,3.7,0.45,medium,repeated_but_usable,PENDING,,,
REV-0037,EV-bb1d3ac16455,APP-00239,LOG-001699,2025-01-15 00:00:00,candidate_message,candidate_facing,really appreciate you thinking of me for thiis one!,candidate_excitement,Candidate expresses positive sentiment about the role or process.,Note: candidate very positiev about role and company duriing screen. Keeping an eye on this one.,Candidate very positive about role and company during screen.,0.4,0.6,high,repeated_but_usable,PENDING,,,
REV-0038,EV-943dc9f99bc7,APP-00243,LOG-001736,2025-04-15 00:00:00,candidate_message,candidate_facing,can you clarify how many days onsite are expected?,work_arrangement,Candidate raises a question about remote/hybrid/onsite work arrangement.,can you carify how many days onsite are expected?,"Quick note - clarified work arrangement with candidate, some confusion from job posting language.",4.4,0.6,medium,same_application_duplicate,PENDING,,,
REV-0039,EV-8221360fb25f,APP-00251,LOG-001791,2024-12-29 00:00:00,candidate_message,candidate_facing,"sounds good, thank...",responsiveness,"Candidate gives a brief, low-elaboration response.","Hi, great, see you then. Appreciate it","great, see you then.",4.8,0.45,low,potential_redundancy,PENDING,,,
REV-0040,EV-79812612ae45,APP-00269,LOG-001905,2025-06-15 00:00:00,candidate_message,candidate_facing,"sounds good, thank...",responsiveness,"Candidate gives a brief, low-elaboration response.",Post-interview check-in with candidate - they felt it went fine.,"understood, appreciate it. Appreciate it",6.6,0.45,low,potential_redundancy,PENDING,,,
REV-0041,EV-5989ed8b387d,APP-00286,LOG-002014,2024-11-29 00:00:00,candidate_message,candidate_facing,the rate is a little lower than I was expecting honestly.,compensation_concern,Candidate raises a question or concern about compensation.,Candidate raised comp concerns. Walked though total package again.,Canddiate raised comp concerns. Walked through totl package again. Keeping an eye on this one.,37.6,0.6,medium,likely_template,PENDING,,,
REV-0042,EV-1d4ee9c52d41,APP-00289,LOG-002036,2025-02-27 00:00:00,candidate_message,candidate_facing,"ok, and is this the final date or could it move again?",joining_date,"Candidate references the start/joining date, its confirmation, or a change to it.","Start date moved again per client request, candidate updated. Will circle bakc if anything changes.","Start date moved again per cilent request, candidate updated.",9.5,0.6,medium,same_application_duplicate,PENDING,,,
REV-0043,EV-8c0cb35ecc33,APP-00303,LOG-002132,2024-03-23 00:00:00,candidate_message,candidate_facing,"Hi, current employer found out and waants to keep me, going back and forth on it.",candidate_hesitation,Candidate's language reflects hesitation or delay in decision-making.,"Hello, got pulled into a conversation with my current company, will update you soon.",Brief call - candidate said manager asked to speak with them again. Will follow up soon.,9.6,0.6,high,same_application_duplicate,PENDING,,,
REV-0044,EV-33fb060b9545,APP-00315,LOG-002210,2025-05-15 00:00:00,candidate_message,candidate_facing,"Hey, still figuring some things out on my end, I think nothng major.",candidate_hesitation,Candidate's language reflects hesitation or delay in decision-making.,,"FYI, candidate said compensation was 'not a concern' but asked about job security there separate times.",8.2,0.6,high,unique,PENDING,,,
REV-0045,EV-12cdba7c1f14,APP-00342,LOG-002397,2025-06-02 00:00:00,candidate_message,candidate_facing,would preefr day shift if that's possible at all.,schedule_shift,Candidate raises a comment about shift or schedule.,is there any flexibility on the sihft start time?,"Discussed shift shedule concerns with candidate, checked wiith client on flexibility. Noted for the file.",7.7,0.6,high,unique,PENDING,,,
REV-0046,EV-bde6fe65e352,APP-00348,LOG-002443,2025-08-25 00:00:00,recruiter_note,internal,"Background check still processing, notified candidate of delay. Keeping an eye on this one.",process_delay,Communication references a delay in the recruitment process.,"Client background vendor running behind, expect another few days.",,49.9,0.6,high,same_application_duplicate,PENDING,,,
REV-0047,EV-a1153d574390,APP-00373,LOG-002627,2025-05-02 00:00:00,candidate_message,candidate_facing,"thought tis was hybrid, want to make sure I understand the schedule. Thank you",work_arrangement,Candidate raises a question about remote/hybrid/onsite work arrangement.,"wait, is this fully reomte or do I need to come in sometimes?","Clarified work arrangement with candidate, some confusion from job posting language. Will follow up eaarly next week.",6.8,0.6,high,unique,PENDING,,,
REV-0048,EV-d5c8f48c14fc,APP-00373,LOG-002628,2025-05-04 00:00:00,recruiter_note,internal,"Clarified work arrangement with candidate, some confusion from job posting language. Will follow up eaarly next week.",expectation_setting,Communication reflects clarification or mismatch of role expectations.,"thought tis was hybrid, want to make sure I understand the schedule. Thank you","wait, is this fully rmote or do I need to come in sometimes? Thanks",46.4,0.6,high,same_application_duplicate,PENDING,,,
REV-0049,EV-06cb366b4fdd,APP-00389,LOG-002699,2025-02-10 00:00:00,candidate_message,candidate_facing,"Hello, traffic to thaat location is rough, still deciding if it's manageable.",location_commute,Candidate raises a comment or concern about commute/location.,"Candidate raised commute/transportation concern, discussed options.","Candidate raised commute/transportation concern, discussed options.",17.3,0.6,high,same_application_duplicate,PENDING,,,
REV-0050,EV-08b4faf0035c,APP-00391,LOG-002708,2024-11-02 00:00:00,recruiter_note,internal,"FYI, candidate disclosed a parallel process with another firm. Discussed timeline expectations. Will circle back if anything changes.",alternative_opportunity,Candidate references a parallel or competing opportunity.,Interview rescheduled once before finally taking place. Nothing further to add rigth now.,Asked directly aout other offers - candidate confirmed one other acctive process. Wiill check in again in a few days.,24.3,0.75,high,unique,PENDING,,,
REV-0051,EV-8c1dcba24d88,APP-00398,LOG-002741,2024-10-31 00:00:00,candidate_message,candidate_facing,is there any flexibility on the shift start time?,schedule_shift,Candidate raises a comment about shift or schedule.,,"Discussed sift schedule concerns with candidate, checked with client on flexibility.",4.3,0.6,medium,same_application_duplicate,PENDING,,,
REV-0052,EV-128c51e39b36,APP-00400,LOG-002748,2024-04-16 00:00:00,candidate_message,candidate_facing,"still not totally clear on the health insurance options, can you send details again?",candidate_questions,Candidate asks a direct question.,,"Good morning, when do benefits kick in exactly?",6.9,0.45,medium,likely_template,PENDING,,,
REV-0053,EV-d2983353dab1,APP-00429,LOG-002941,2024-11-23 00:00:00,recruiter_note,internal,"Candidate raised commute/transportation concern, discussed options. Flagging for visibility.",location_commute,Candidate raises a comment or concern about commute/location.,"Candidate raised commute/transportation concern, dicussed options.","Note: candidate raised commute/transportation concern, discussed options. Keeing an eye on this one.",29.2,0.6,high,repeated_but_usable,PENDING,,,
REV-0054,EV-fe90ba113e1c,APP-00439,LOG-003013,2025-07-01 00:00:00,candidate_message,candidate_facing,"wait, is this fully remote or do I need to come in sometimes?",work_arrangement,Candidate raises a question about remote/hybrid/onsite work arrangement.,"Clarified work arrangement with candidate, some confusion from job posting language. Keeping an eye on this one.",Realized the in-office schedule isn't gooing to...,4.1,0.6,medium,same_application_duplicate,PENDING,,,
REV-0055,EV-213ac0235161,APP-00444,LOG-003046,2024-10-23 00:00:00,candidate_message,candidate_facing,"thought thhis was hybrid, want to make sure I understand the schedule.",work_arrangement,Candidate raises a question about remote/hybrid/onsite work arrangement.,can you clarify how many days onsie are expected?,"wait, is this fully remote or do I need to come in sometimes?",3.1,0.6,high,unique,PENDING,,,
REV-0056,EV-f4c446b11884,APP-00444,LOG-003048,2024-10-26 00:00:00,recruiter_note,internal,"Candidate surprised by onsite expectation, discussed further with client. Nothing further to add right now.",work_arrangement,Candidate raises a question about remote/hybrid/onsite work arrangement.,"wait, is this fully remote or do I need to come in sometimes?",Quick notte - interview reschedlued once before fianlly taking place. Nothing further to add right now.,41.4,0.6,high,repeated_but_usable,PENDING,,,
REV-0057,EV-87573262cb71,APP-00461,LOG-003153,2025-06-06 00:00:00,candidate_message,candidate_facing,"Hi, got some news on the othr role I mentioned, still deciding.",certainty_uncertainty,Candidate expresses uncertainty or hedging about their situation.,"I'm also in process with another company, wanted to be transparent abot that. Thank you","have another opportunity moving along too, tryying to figure out timing.",56.7,0.6,high,unique,PENDING,,,
REV-0058,EV-3dbd348390ee,APP-00468,LOG-003208,2025-06-27 00:00:00,candidate_message,candidate_facing,the rate is a little lower than I was expecting honestly.,compensation_concern,Candidate raises a question or concern about compensation.,,the rate is a little lower than I was expecting honestly.,3.2,0.6,medium,same_application_duplicate,PENDING,,,
REV-0059,EV-9a1000233105,APP-00496,LOG-003403,2025-03-25 00:00:00,candidate_message,candidate_facing,any update on the backgrund check? just want to plan around it. Best,recruiter_follow_up,Candidate follows up due to a lack of recent contact from the recruiter.,"Hello, any update on the background check? just want to plan around it. TY","God morning, Candidate declined the offer.",4.5,0.6,high,unique,PENDING,,,
REV-0060,EV-92b74a5d5354,APP-00507,LOG-003484,2025-01-01 00:00:00,candidate_message,candidate_facing,"haven't heard anything in a while, just checking if there's an update. Thank you",recruiter_follow_up,Candidate follows up due to a lack of recent contact from the recruiter.,"Note: missed scheduled check-in with candidate this week, ned to follow up. Will circle back if anything changes.","one more question, any news on next steps? TY",67.4,0.6,high,unique,PENDING,,,
REV-0061,EV-84a44306e698,APP-00508,LOG-003489,2024-06-07 00:00:00,candidate_message,candidate_facing,"this role sounds like a great fit, can't wait to get started.",candidate_excitement,Candidate expresses positive sentiment about the role or process.,,Candidate exressed strong enthusiasm during call. Will circle back if anything changes.,4.6,0.6,high,same_application_duplicate,PENDING,,,
REV-0062,EV-23c39b2c6d3c,APP-00520,LOG-003549,2024-03-24 00:00:00,recruiter_note,internal,Candidate disclosed a parallel process with another firm. Discussed timeline expectations.,alternative_opportunity,Candidate references a parallel or competing opportunity.,"have another opportunity moving along too, trying to figure out timing. Thanks","have another opportunity moving along too, trying to figure out timing.",7.1,0.75,medium,likely_template,PENDING,,,
REV-0063,EV-2dd0b18b5941,APP-00524,LOG-003573,2024-08-05 00:00:00,recruiter_note,internal,"Sent candidate an update on offer letter timeline, they were understanding.",documentation,"Reference to offer letter, paperwork, or background check status.","Hi there, still waiting on the paperwork, waned to flag, just making sure nothing got lost.","FYI, offer leetter delayed on client side, candidate starting to ask about it. Willl follow up early next week.",3.3,0.6,medium,likely_template,PENDING,,,
REV-0064,EV-d56b673ee92c,APP-00531,LOG-003621,2024-06-05 00:00:00,candidate_message,candidate_facing,"sounds good, thank you!",responsiveness,"Candidate gives a brief, low-elaboration response.","sounds good, thank you!","Good afternoon, great, see you then. Tank you",6.8,0.45,medium,same_application_duplicate,PENDING,,,
REV-0065,EV-f88e49991609,APP-00548,LOG-003758,2024-10-27 00:00:00,recruiter_note,internal,Client requested start date be pushed. Notified candidate.,joining_date,"Candidate references the start/joining date, its confirmation, or a change to it.",Client requested start dae be pushed. Notified candidate.,"ok, and is this the final dtae or could it move again? Thanks!",17.9,0.6,medium,likely_template,PENDING,,,
REV-0066,EV-a80d586aab06,APP-00555,LOG-003807,2024-02-17 00:00:00,candidate_message,candidate_facing,"still figuring some things out on my end, kind of nothing major.",candidate_hesitation,Candidate's language reflects hesitation or delay in decision-making.,,had a conversation come up that I need to think through.,10.2,0.6,high,same_application_duplicate,PENDING,,,
REV-0067,EV-e58ae2d0f271,APP-00562,LOG-003868,2024-04-26 00:00:00,recruiter_note,internal,Update - candidate mentioned a conversation with their current manager on the prir call. Later cited unrelated reason for withdrawal. Nothing further to add right now.,current_employer_activity,Candidate references activity or conversations at their current employer.,Quick note - candidate mentioned a conversation with their crrent manager on the prior call. Later citted unrelated reason for withdrawal.,still figuring some thngs out on my,86.0,0.75,high,unique,PENDING,,,
REV-0068,EV-edcbf2f67fa3,APP-00562,LOG-003869,2024-04-30 00:00:00,candidate_message,candidate_facing,still figuring some thngs out on my,candidate_hesitation,Candidate's language reflects hesitation or delay in decision-making.,Update - candidate mentioned a conversation with their current manager on the prir call. Later cited unrelated reason for withdrawal. Nothing further to add right now.,"Hello, comp is fine, just not sure about long term stability here, going to pass. TY",82.5,0.6,medium,unique,PENDING,,,
REV-0069,EV-6f4d8ce06f62,APP-00565,LOG-003878,2025-01-07 00:00:00,candidate_message,candidate_facing,"sorry, one more question - is everything still on track?",candidate_questions,Candidate asks a direct question.,"Hey, just watn to triple check the start date is still the date we discussed?","wanted to make sure I didn't miss any steps, following up again.",8.6,0.45,high,repeated_but_usable,PENDING,,,
REV-0070,EV-3e64cdacb8a4,APP-00578,LOG-003988,2025-03-20 00:00:00,candidate_message,candidate_facing,"things came up at my current job, nede a bit more time to think. Thanks!",current_employer_activity,Candidate references activity or conversations at their current employer.,"Hi there, current employer found out and wants to keep me, going back and forth on it.",my current mangaer wants to talk again before I finalize anything.,0.8,0.75,high,unique,PENDING,,,
REV-0071,EV-48be1aeefbe6,APP-00590,LOG-004091,2025-01-22 00:00:00,candidate_message,candidate_facing,"sounds good, thank",responsiveness,"Candidate gives a brief, low-elaboration response.","sounds good, thannk you!","Routine pre-start confirmation call, no concerns.",67.1,0.45,low,potential_redundancy,PENDING,,,
REV-0072,EV-26d4a67db490,APP-00595,LOG-004137,2025-04-21 00:00:00,recruiter_note,internal,"Candidate surprised by onsite expectation, discussed further with client.",work_arrangement,Candidate raises a question about remote/hybrid/onsite work arrangement.,"Clarified work arrangement with candidate, some confusion from job psoting language.","wait, is this fully remote or do I need to come in sometimes?",4.5,0.6,medium,likely_template,PENDING,,,
REV-0073,EV-07a0d1fee0c6,APP-00603,LOG-004191,2025-07-19 00:00:00,candidate_message,candidate_facing,"sorry to ask again, but what should I bring on day one?",onboarding_process,Candidate asks about onboarding logistics.,just wanted to confirm again wheter the start date...,is there anything else I need to do before starting? wnt to be prepared. Thanks,3.4,0.45,medium,same_application_duplicate,PENDING,,,
REV-0074,EV-4746b1db13e0,APP-00611,LOG-004237,2024-06-06 00:00:00,candidate_message,candidate_facing,"Good afternoon, is this role likeyl to convert to permanent, or stay contract long term?",job_security_concern,Candidate asks about role stability or long-term security.,Dicsussed typical assignment duration at this client with candidate. Nothing further to add right now.,"Quick note - candidate asked about conrtact length/conversion path, gave what info we have.",55.9,0.6,high,same_application_duplicate,PENDING,,,
REV-0075,EV-a48ec436fda0,APP-00623,LOG-004330,2024-11-29 00:00:00,candidate_message,candidate_facing,really appreciate you thinnking of me...,candidate_excitement,Candidate expresses positive sentiment about the role or process.,,Candidate expressed strong enthuusiasm during call. No action needed at this time.,6.0,0.6,medium,unique,PENDING,,,
REV-0076,EV-fc0122dd9f8c,APP-00640,LOG-004433,2025-05-01 00:00:00,recruiter_note,internal,"Candidate asked about contract length/conversion path, gave what info we have. Flagging for visibility.",job_security_concern,Candidate asks about role stability or long-term security.,,not sure if thhis matters but how long do these contracts usually run at this client?,9.3,0.6,high,repeated_but_usable,PENDING,,,
REV-0077,EV-807b224fdc62,APP-00645,LOG-004470,2024-12-15 00:00:00,candidate_message,candidate_facing,"Good afternoon, the scope sounds a little different tahn what we discussed earlier.",expectation_setting,Communication reflects clarification or mismatch of role expectations.,the scope sounds a little different tan what we discussed earlier.,"wait, I thought this role was more focused...",6.3,0.6,high,unique,PENDING,,,
REV-0078,EV-803b5d65381a,APP-00651,LOG-004517,2024-12-10 00:00:00,candidate_message,candidate_facing,"great, see you then.",commitment_language,Candidate uses language expressing forward commitment to the role.,"Good afternoon, great, see you then.","Per today's call, candidate confirmed all onboarding steps complete.",6.6,0.6,medium,likely_template,PENDING,,,
REV-0079,EV-e9de5dce3b64,APP-00652,LOG-004527,2025-07-11 00:00:00,recruiter_note,internal,"Candidate surprised by onsite expectation, discussed further with client. Flagging for visibility.",work_arrangement,Candidate raises a question about remote/hybrid/onsite work arrangement.,"Hello, wait, is this fully remote or do I need to come in sometimes? Appreciate it",,26.0,0.6,high,repeated_but_usable,PENDING,,,
REV-0080,EV-130d70b8ab97,APP-00656,LOG-004549,2025-02-03 00:00:00,candidate_message,candidate_facing,"Good morning, great, see you then. TY",commitment_language,Candidate uses language expressing forward commitment to the role.,"understood, appreciate it.","understood, appreciate it.",3.4,0.6,medium,unique,PENDING,,,
REV-0081,EV-c7273ce65ddc,APP-00663,LOG-004605,2025-04-15 00:00:00,candidate_message,candidate_facing,really appreciate you,candidate_excitement,Candidate expresses positive sentiment about the role or process.,"this role sounds like a great fit, can't wait to get started. Talk soon",this role sounds like a great,66.7,0.6,low,unique,PENDING,,,
REV-0082,EV-e497a2fdd6d3,APP-00691,LOG-004775,2024-08-23 00:00:00,withdrawal_statement,candidate_facing,"I've decided to withdraw from this opportunity, thank you for the time and consideration.",withdrawal_language,Communication contains explicit withdrawal or declination language.,"FYI, touched base with candidate, nothing new to report.",,57.9,0.75,high,repeated_but_usable,PENDING,,,
REV-0083,EV-da1669c0a328,APP-00698,LOG-004817,2025-04-25 00:00:00,recruiter_note,internal,Background check flagged for review - escalating with client.,documentation,"Reference to offer letter, paperwork, or background check status.",,any update on the background check? just want to plan aruond it.,7.5,0.6,medium,likely_template,PENDING,,,
REV-0084,EV-04eec378ebd3,APP-00702,LOG-004858,2024-12-22 00:00:00,recruiter_note,internal,"Start date moved again per client request, candidate updated. Noted for the file.",joining_date,"Candidate references the start/joining date, its confirmation, or a change to it.",Note: clent requested start date be pushed. Notified candidate.,"Sart date moved again per client request, candidate updated.",5.8,0.6,high,repeated_but_usable,PENDING,,,
REV-0085,EV-bdce6b8d9aaa,APP-00706,LOG-004891,2024-08-15 00:00:00,candidate_message,candidate_facing,"Hey, would prfeer day shift if that's possible at all.",schedule_shift,Candidate raises a comment about shift or schedule.,is thhere any flexibility on the shift start time? Thanks!,"Discussed shift schedule concerns with candidate, checked with client on flexibility.",47.3,0.6,high,unique,PENDING,,,
REV-0086,EV-71240829710b,APP-00716,LOG-004971,2025-03-01 00:00:00,candidate_message,candidate_facing,"ok, and is this the final date or could it move again?",joining_date,"Candidate references the start/joining date, its confirmation, or a change to it.",Post-interview check-in with candidate - they felt it went fine.,"ok, and is this the final date or",61.3,0.6,medium,same_application_duplicate,PENDING,,,
REV-0087,EV-97437dfa649d,APP-00730,LOG-005055,2024-11-09 00:00:00,candidate_message,candidate_facing,the rate is a little lower than I was expectting honestly. Thanks,compensation_concern,Candidate raises a question or concern about compensation.,"Hi there, still thinking about the comp, want to make sure the math works out. Taalk soon",Candidate seems okay with comp after clarifying overtime/differential.,2.6,0.6,high,unique,PENDING,,,
REV-0088,EV-ceb1a6bbbe9a,APP-00736,LOG-005093,2024-04-22 00:00:00,recruiter_note,internal,"Candidate asked about contract length/conversion path, gave what info we have.",job_security_concern,Candidate asks about role stability or long-term security.,"Hey, just wnt to understand how stable this assignment is before I commit.","is this role likely to covert to permanent, or stay contract long term?",2.7,0.6,medium,likely_template,PENDING,,,
REV-0089,EV-a5e52b1c7b4c,APP-00741,LOG-005129,2024-11-02 00:00:00,recruiter_note,internal,"Candidate raised commute/transportation concern, discussed options.",location_commute,Candidate raises a comment or concern about commute/location.,,"Hi, traffic to that location is rough, still deciding if it's manageable. Thank you",7.0,0.6,medium,likely_template,PENDING,,,
REV-0090,EV-4a720b4828d4,APP-00741,LOG-005138,2024-12-12 00:00:00,recruiter_note,internal,"Candidate raised commute/transportation concern, discussed options. Will follow up early next week.",location_commute,Candidate raises a comment or concern about commute/location.,"just realized the commute is longer than I thought, thinking it through.",Transportation to the site fell...,33.7,0.6,high,repeated_but_usable,PENDING,,,
REV-0091,EV-623db4653df2,APP-00752,LOG-005209,2025-07-29 00:00:00,withdrawal_statement,candidate_facing,"personal reasons, sorry.",contradictory_information,Stated reason is brief/generic; may warrant comparison against surrounding evidence.,Spoke with candidate briefyl - process movng forward as planned.,,25.2,0.45,low,potential_redundancy,PENDING,,,
REV-0092,EV-7eeee7fc51fb,APP-00759,LOG-005258,2025-06-15 00:00:00,recruiter_note,internal,Update - set onboarding checklist again per candidte request. Will circle back if anything changes.,onboarding_process,Candidate asks about onboarding logistics.,"Candidate asked several onboarding logistics questions, answered all of them.","Note: candidate asked sevveral onboarding logistics questions, answered all of them.",2.7,0.45,high,unique,PENDING,,,
REV-0093,EV-6ab4325b56a2,APP-00762,LOG-005290,2024-10-21 00:00:00,recruiter_note,internal,Candidate mentioned current employer reached out. Sounded less certain today.,current_employer_activity,Candidate references activity or conversations at their current employer.,Reconfirmed interest but tone was noticeably different than last call.,"curreent employer found out and wants to keep me, going back and forth on it.",18.6,0.75,medium,likely_template,PENDING,,,
REV-0094,EV-19d7e65f7b36,APP-00770,LOG-005360,2025-01-01 00:00:00,recruiter_note,internal,"Clarified wok arrangement with candidate, some confusion from job posting language. Keeping an eye on this one.",expectation_setting,Communication reflects clarification or mismatch of role expectations.,can you clariffy how many days onsite are expected?,"Candidate surprised by onsite expectation, discussed further with client.",11.6,0.6,high,unique,PENDING,,,
REV-0095,EV-29c781be0f05,APP-00789,LOG-005471,2025-03-10 00:00:00,recruiter_note,internal,"Candidate surprised by onsite expectation, discussed further with client.",work_arrangement,Candidate raises a question about remote/hybrid/onsite work arrangement.,,"wait, is this fully remote or do I ned to come in sometimes?",1.6,0.6,medium,likely_template,PENDING,,,
REV-0096,EV-233aa84248aa,APP-00789,LOG-005477,2025-05-02 00:00:00,candidate_message,candidate_facing,"thoguht this was hybrid, want to make sure I understand the schedule.",work_arrangement,Candidate raises a question about remote/hybrid/onsite work arrangement.,"thought tihs was hybrid, want to make sure I understand the schedule. Appreciate it",,82.5,0.6,high,repeated_but_usable,PENDING,,,
REV-0097,EV-8c9f792e886f,APP-00797,LOG-005551,2024-09-13 00:00:00,candidate_message,candidate_facing,"not totally sure how tat interview went, just to double check, it felt a little off.",certainty_uncertainty,Candidate expresses uncertainty or hedging about their situation.,"wanted to follow up after the interview, wasn't suer I gave the best answers.","Checked in via text, candidate confirmed still interested. Wil circle back if anything changes.",79.3,0.6,high,unique,PENDING,,,
REV-0098,EV-dc52880c545f,APP-00803,LOG-005595,2024-06-01 00:00:00,candidate_message,candidate_facing,"this roole sounds like a great fit, can't wait to get started.",candidate_excitement,Candidate expresses positive sentiment about the role or process.,really appreciate you thniking of me for this one! Talk soon,"so excited about this opportunity,",11.5,0.6,high,same_application_duplicate,PENDING,,,
REV-0099,EV-a3a1fc9a56af,APP-00803,LOG-005596,2024-06-02 00:00:00,candidate_message,candidate_facing,"so excited about this opportunity,",commitment_language,Candidate uses language expressing forward commitment to the role.,"this roole sounds like a great fit, can't wait to get started.","this role souunds like a great fit, can't wait to get started.",17.6,0.6,medium,same_application_duplicate,PENDING,,,
REV-0100,EV-c708171c9f0e,APP-00827,LOG-005729,2025-01-29 00:00:00,candidate_message,candidate_facing,"Hello, whne do benefits kick in exactly?",candidate_questions,Candidate asks a direct question.,"Hello, wen do benefits kick in exactly?",wheen do benefits kick in exactly? Thanks,5.9,0.45,medium,unique,PENDING,,,
REV-0101,EV-6352973f10a0,APP-00828,LOG-005735,2025-04-08 00:00:00,recruiter_note,internal,"Candidate asked several onboarding logistics questions, answered all of them. Noted for the file.",onboarding_process,Candidate asks about onboarding logistics.,"Good morning, is there anything else I need to do bfeore","srory to ask again, but what should I bring on day one?",48.8,0.45,high,same_application_duplicate,PENDING,,,
REV-0102,EV-caf56dff01d1,APP-00828,LOG-005736,2025-04-11 00:00:00,candidate_message,candidate_facing,"srory to ask again, but what should I bring on day one?",onboarding_process,Candidate asks about onboarding logistics.,"Candidate asked several onboarding logistics questions, answered all of them. Noted for the file.","Good morning, sorry to ask again, but what should I bring on day one?",69.2,0.45,high,same_application_duplicate,PENDING,,,
REV-0103,EV-d8b170d54554,APP-00860,LOG-005969,2025-02-19 00:00:00,candidate_message,candidate_facing,"sounds good, thnak you!",responsiveness,"Candidate gives a brief, low-elaboration response.",,Candidate confirmed all onboarding steps complete.,9.1,0.45,medium,repeated_but_usable,PENDING,,,
REV-0104,EV-30c0d6ce7892,APP-00875,LOG-006099,2024-11-11 00:00:00,candidate_message,candidate_facing,"Hi there, so excited about thsi opportunity, thank you!",candidate_excitement,Candidate expresses positive sentiment about the role or process.,Candidate very positive about role and company during screen. Flagging for visibility.,Candidate let us know theey are turning down the offer.,53.6,0.6,high,same_application_duplicate,PENDING,,,
REV-0105,EV-b426360ae4ad,APP-00876,LOG-006101,2025-07-14 00:00:00,withdrawal_statement,candidate_facing,"I've decided to withdraw from this opportunity, thank you for the time and consideration.",withdrawal_language,Communication contains explicit withdrawal or declination language.,,,3.5,0.75,high,repeated_but_usable,PENDING,,,
REV-0106,EV-9259747dcf6f,APP-00889,LOG-006183,2025-03-24 00:00:00,candidate_message,candidate_facing,"wanted to check in, any news on neext steps?",recruiter_follow_up,Candidate follows up due to a lack of recent contact from the recruiter.,"Good morning, checking on something, any news on net steps?","Hi, wanted to check in, any news on next steps?",5.0,0.6,high,same_application_duplicate,PENDING,,,
REV-0107,EV-e77785a00ce3,APP-00890,LOG-006197,2025-06-04 00:00:00,recruiter_note,internal,"Cadnidate raised commute/transportation concern, discussed options. No action needed at this time.",location_commute,Candidate raises a comment or concern about commute/location.,"traffic to that location is rough, still deciiding if it's manageable.","Hi, don't have reliable transportation to that site every day, miht be an issue. Thanks!",3.4,0.6,high,unique,PENDING,,,
REV-0108,EV-f8a58c57455e,APP-00922,LOG-006440,2025-06-24 00:00:00,candidate_message,candidate_facing,just waant to understand how stable thiis assignment is before I commit. Thanks,job_security_concern,Candidate asks about role stability or long-term security.,"Note: candidate askde about contract length/conversion path, gave what info we have. Flagging for visibility.",just wat to undderstand how stable this assignment is before I commit. TY,22.0,0.6,high,unique,PENDING,,,
REV-0109,EV-1962996ce8b3,APP-00953,LOG-006658,2024-06-18 00:00:00,candidate_message,candidate_facing,"Hi there, wanted to douuble check the parking/badge situation one more time. Thanks",onboarding_process,Candidate asks about onboarding logistics.,Sent onboarding checklist again per candidate request.,"Candidate asked several onboarding logistics questions, answered all of them.",50.5,0.45,high,unique,PENDING,,,
REV-0110,EV-c97443508e1a,APP-00960,LOG-006725,2024-11-21 00:00:00,candidate_message,candidate_facing,"Hey, just want to understand how stable ths assignment is before I commit.",job_security_concern,Candidate asks about role stability or long-term security.,"is this role likely to cnvert to permanent, or stay contract long term?","Hello, just want to understand how stable this assignment is bfore I commit.",81.7,0.6,high,unique,PENDING,,,
REV-0111,EV-8f5525229c11,APP-00968,LOG-006783,2024-06-16 00:00:00,candidate_message,candidate_facing,"Hi, my current employer wants two weeks notice, is that going to be a problem?",current_employer_activity,Candidate references activity or conversations at their current employer.,Discussed notice period - candidate's current employer requesting longer transition. Will circle back if anything changes.,"Good afternoon, my current employeer wants two weeks notice, is that going to be a problem?",3.3,0.75,high,same_application_duplicate,PENDING,,,
REV-0112,EV-d17478f6a097,APP-00969,LOG-006787,2025-06-08 00:00:00,candidate_message,candidate_facing,"Hi there, tihngs came up at my current job, need a bit more time to think. Thank you",candidate_hesitation,Candidate's language reflects hesitation or delay in decision-making.,"FYI, brief call - candidate said manager asked to speak with them again. Will follow up by end of week.",Reconfirmed interest but tone was noticeably different than last call. Will flolow up early next week.,72.5,0.6,high,same_application_duplicate,PENDING,,,
REV-0113,EV-e1b6c456df15,APP-00974,LOG-006827,2024-06-14 00:00:00,recruiter_note,internal,"Per today's call, candidate raised commute/transportation concern, discussed options.",location_commute,Candidate raises a comment or concern about commute/location.,"Candidate raised commute/transportation concern, discussde options. Will check in agaiin in a few days.","Note: candidate raised commute/transportation concern, discussed options.",39.9,0.6,high,repeated_but_usable,PENDING,,,
REV-0114,EV-128aba9c0355,APP-01017,LOG-007106,2025-05-08 00:00:00,candidate_message,candidate_facing,any update on the background check? just want to plan around it.,documentation,"Reference to offer letter, paperwork, or background check status.",any update on the background check? jusst want to plan around it.,any update on the background check? just want to plan around it. Thank you,26.9,0.6,high,same_application_duplicate,PENDING,,,
REV-0115,EV-9e66b95de83e,APP-01029,LOG-007210,2025-06-29 00:00:00,withdrawal_statement,candidate_facing,"comp is fine, just not sure about long term stability here, going to pass.",job_security_concern,Candidate asks about role stability or long-term security.,"sitll figuring some things out on my end, not 100% sure but nothing major.",,2.4,0.6,high,repeated_but_usable,PENDING,,,
REV-0116,EV-064a6bf69758,APP-01041,LOG-007292,2024-08-20 00:00:00,candidate_message,candidate_facing,"Hello, so excited abot this opportunity, thank you!",commitment_language,Candidate uses language expressing forward commitment to the role.,Candidate expressed strong enthusiasm during call. Keeping an eye on this one.,Candidate very postiive about role and company during screen.,5.7,0.6,medium,same_application_duplicate,PENDING,,,
REV-0117,EV-a4a09d773a25,APP-01042,LOG-007296,2024-10-02 00:00:00,candidate_message,candidate_facing,"is this role likely to convert to permanent, or stay contract long term?",job_security_concern,Candidate asks about role stability or long-term security.,"is this role likely to converrt to permanent, or stay contract long term?","is thiis role likely to conert to permanent, or stay contract long term?",64.6,0.6,high,same_application_duplicate,PENDING,,,
REV-0118,EV-f0ff79ad241f,APP-01088,LOG-007605,2025-06-22 00:00:00,candidate_message,candidate_facing,"Hey, is the delay normal? getting a little anxious abut the timing.",process_delay,Communication references a delay in the recruitment process.,any update on the background,Post-interview check-in with candidate - they felt it went fine.,5.4,0.6,high,unique,PENDING,,,
REV-0119,EV-c6b44be74f61,APP-01089,LOG-007623,2024-06-05 00:00:00,recruiter_note,internal,"Offer letter delayed on client side, candidate starting to ask about it. Keeping an eye on this one.",documentation,"Reference to offer letter, paperwork, or background check status.","just checking, did the ofefr letter go out...","haven't seen anythinng in my inbox, wanted to follow up. Talk soon",41.0,0.6,high,same_application_duplicate,PENDING,,,
REV-0120,EV-c68d7a58e35c,APP-01093,LOG-007648,2024-11-13 00:00:00,candidate_message,candidate_facing,"not totally surre how that interview went, not 100% sure but it felt a little off.",certainty_uncertainty,Candidate expresses uncertainty or hedging about their situation.,"not totally sure how that interview went, I...","wanted to follow up after the interview, wasn't sure I gave the best answers.",29.7,0.6,high,unique,PENDING,,,
REV-0121,EV-0a58168003c4,APP-01120,LOG-007819,2024-04-06 00:00:00,candidate_message,candidate_facing,following up again - wanted to make sure everything is still on track.,recruiter_follow_up,Candidate follows up due to a lack of recent contact from the recruiter.,"quick update, any news",following up again - wanted to make sure everrything is stlil on track.,2.0,0.6,medium,likely_template,PENDING,,,
REV-0122,EV-2e9050154b98,APP-01121,LOG-007825,2024-12-24 00:00:00,candidate_message,candidate_facing,"Hello, jsut checking, did the offer letter go out yet? Thanks!",documentation,"Reference to offer letter, paperwork, or background check status.","Sent candidate an update on offer letter timeline, they were understanding. Nothing further to add right now.","Hi there, still waiting on the paperwork, just to double check, just maikng sure nothing got lost.",45.7,0.6,high,unique,PENDING,,,
REV-0123,EV-6fca1967ee50,APP-01132,LOG-007919,2025-07-26 00:00:00,candidate_message,candidate_facing,can you confirm again that nothing has chaned on the offer? TY,candidate_questions,Candidate asks a direct question.,"Good morning, wanted to make sure I didn't mis any...",,8.0,0.45,high,unique,PENDING,,,
REV-0124,EV-545a18a642a3,APP-01141,LOG-007967,2024-05-25 00:00:00,candidate_message,candidate_facing,can you clarify how many das onsite are expected? Thanks!,expectation_setting,Communication reflects clarification or mismatch of role expectations.,Debriefed with hirng manager after interview - feedback to follow. Will circle back if anything changes.,"Candidate surprised by onsite expectation, discussed further with client.",24.2,0.6,high,same_application_duplicate,PENDING,,,
REV-0125,EV-cda0dcb23d58,APP-01146,LOG-008008,2024-04-18 00:00:00,candidate_message,candidate_facing,"traffic to that locaiton is rough, still deciding if it's manageable. TY",location_commute,Candidate raises a comment or concern about commute/location.,"just realized the commute is lnoger than I thought, thinking it through.","Hey, just realized the commute is longer than I thought, thinking it through. Thanks",71.8,0.6,high,same_application_duplicate,PENDING,,,
REV-0126,EV-3ebb4902ed9a,APP-01148,LOG-008024,2024-12-19 00:00:00,candidate_message,candidate_facing,woould prefer day shift if that's possible at all.,schedule_shift,Candidate raises a comment about shift or schedule.,would prefer day shift if that's possible at all.,"Discussed shift schedule cooncerns with candidate, checked with client on flexibility. Keeping an eye on this one.",7.0,0.6,high,repeated_but_usable,PENDING,,,
REV-0127,EV-3bd72afa14f8,APP-01151,LOG-008054,2025-07-06 00:00:00,candidate_message,candidate_facing,just want to understand how stable this assignment,job_security_concern,Candidate asks about role stability or long-term security.,just want to understand how satble this assignment is before I commit.,sort of how long do these contraacts usually run at this client?,24.3,0.6,medium,unique,PENDING,,,
REV-0128,EV-05da564316c9,APP-01161,LOG-008129,2025-06-19 00:00:00,recruiter_note,internal,"Quick note - discussed shift schedule concerns with candidate, checked with client on flexibility.",schedule_shift,Candidate raises a comment about shift or schedule.,would prefer day shift if that's possible at all.,"Discussed shift schedule concerns wth candidate, checked with clint on flexibility.",2.9,0.6,high,repeated_but_usable,PENDING,,,
REV-0129,EV-185b5bdaf85a,APP-01171,LOG-008197,2024-04-28 00:00:00,candidate_message,candidate_facing,"not totally sure how that interview went, not sure if this matters but it felt a little off.",certainty_uncertainty,Candidate expresses uncertainty or hedging about their situation.,"Candidate confirmed receipt of details, no questions. Keeping an eye on this one.","wanted to follow up after the interview, wasn't sure I gave the best answers. Best",16.9,0.6,high,repeated_but_usable,PENDING,,,
REV-0130,EV-7d4b1e3e8df5,APP-01174,LOG-008231,2024-04-21 00:00:00,withdrawal_statement,candidate_facing,"personal reasons, sorry.",contradictory_information,Stated reason is brief/generic; may warrant comparison against surrounding evidence.,"sounds good, jsut following up.",,31.8,0.45,low,potential_redundancy,PENDING,,,
REV-0131,EV-b6f2ba1d05f9,APP-01204,LOG-008423,2024-03-31 00:00:00,recruiter_note,internal,"Start date moved again per client request, candidate updated.",joining_date,"Candidate references the start/joining date, its confirmation, or a change to it.",Client requested start date be pushed. Notified candidate. Will circle back if anything changes.,,4.1,0.6,medium,likely_template,PENDING,,,
REV-0132,EV-17ddfaf9a9f8,APP-01209,LOG-008448,2024-06-03 00:00:00,candidate_message,candidate_facing,just wnt to plan accordingly - is this start date firm this time? Thank you,joining_date,"Candidate references the start/joining date, its confirmation, or a change to it.",,"Hey, just want to plan accordingly - is this sttart date firm this time?",2.0,0.6,high,unique,PENDING,,,
REV-0133,EV-a75d2cdb0b40,APP-01226,LOG-008585,2024-07-07 00:00:00,candidate_message,candidate_facing,"Good morning, I'm also in process witth another company, wanted to be transparent about that. Best",alternative_opportunity,Candidate references a parallel or competing opportunity.,,"have another opportunity moving along too, trying to figure out timing. Best",4.9,0.75,high,unique,PENDING,,,
REV-0134,EV-2e65e2208a27,APP-01226,LOG-008598,2024-08-08 00:00:00,candidate_message,candidate_facing,"Good morning, have another opportunity moving along too, trying",alternative_opportunity,Candidate references a parallel or competing opportunity.,"Good morning, got some news on the other role I mentioned, still deciding.",Quick note - asked directly about other offers - candidate confirmed one other activve process. Will check in again in a few days.,27.0,0.75,high,unique,PENDING,,,
REV-0135,EV-3c31ef7acf60,APP-01248,LOG-008749,2024-11-04 00:00:00,recruiter_note,internal,Seent onboarding checklist again per candidate request.,onboarding_process,Candidate asks about onboarding logistics.,just wantd to confirm again whether the start date is completely locked.,"Candidate askeed several onboarding logistics questions, answered all of them. Keeipng an eye on this one.",7.8,0.45,medium,unique,PENDING,,,
REV-0136,EV-55f75c00a17f,APP-01265,LOG-008879,2024-03-02 00:00:00,candidate_message,candidate_facing,"got some news on the other role I mentioned, still deciding. Thanks",alternative_opportunity,Candidate references a parallel or competing opportunity.,Debriefed with hiring manager after interview - feedback to follow. Will circle back if anything changes.,got some news on the other...,72.0,0.75,high,same_application_duplicate,PENDING,,,
REV-0137,EV-f1e896abec39,APP-01266,LOG-008896,2024-11-01 00:00:00,withdrawal_statement,candidate_facing,"Transportation to the site fell through, I hae to withdraw, sorry.",withdrawal_language,Communication contains explicit withdrawal or declination language.,"Hey, just realized the commmute is longer than I thought, thinking it through. TY",,7.2,0.75,high,same_application_duplicate,PENDING,,,
REV-0138,EV-87ebf5c60f42,APP-01270,LOG-008913,2024-08-17 00:00:00,candidate_message,candidate_facing,"wait, is this fully remote or do I need to come in sometimes?",candidate_questions,Candidate asks a direct question.,"Candidate surprised by onsite expectation, discussed further with client.","Cllarified work arrangement with candidate, some confusion from job posting language. Keeping an eye on this one.",54.4,0.45,medium,same_application_duplicate,PENDING,,,
REV-0139,EV-e2e3e550c822,APP-01270,LOG-008914,2024-08-23 00:00:00,recruiter_note,internal,"Cllarified work arrangement with candidate, some confusion from job posting language. Keeping an eye on this one.",work_arrangement,Candidate raises a question about remote/hybrid/onsite work arrangement.,"wait, is this fully remote or do I need to come in sometimes?","Hi there, can you clariify how many days onsite are expected? thx",78.7,0.6,high,unique,PENDING,,,
REV-0140,EV-16a10a655ab0,APP-01274,LOG-008949,2025-02-02 00:00:00,candidate_message,candidate_facing,"stiill waiting on the paperwork, sort of just making sure nothing got lost.",certainty_uncertainty,Candidate expresses uncertainty or hedging about their situation.,"Offer letter delayed on client side, candidate starting to ask about it. Noted for the file.","Sent candidate an update on offer letter timeline, they were understanding.",7.5,0.6,high,same_application_duplicate,PENDING,,,
REV-0141,EV-76d78daf577f,APP-01288,LOG-009050,2024-03-07 00:00:00,withdrawal_statement,candidate_facing,"I've decided to withdraw from this opportunity, thank you for the time and consideration. Talk soon",withdrawal_language,Communication contains explicit withdrawal or declination language.,appreciate the quicck response! Thank you,,5.8,0.75,high,unique,PENDING,,,
REV-0142,EV-7a45d218e5f5,APP-01289,LOG-009053,2025-02-19 00:00:00,recruiter_note,internal,Candidate said compensation was 'not a concern' but asked about job security three separate times.,compensation_concern,Candidate raises a question or concern about compensation.,Candidate mentioned a conversation with their current manager on last week. Later cited unrelated reason for withdrawal.,Candidate mentioned a conversation with their current manager on last week. Later cited unrelated rason for withdrawal. Will follow up early next week.,6.8,0.6,medium,same_application_duplicate,PENDING,,,
REV-0143,EV-4a93dc237c4e,APP-01290,LOG-009058,2025-04-20 00:00:00,candidate_message,candidate_facing,just checking in on next steps.,recruiter_follow_up,Candidate follows up due to a lack of recent contact from the recruiter.,"understood, thnak you.","Good afternoon, just checking in on next steps. Thnaks",4.0,0.6,medium,repeated_but_usable,PENDING,,,
REV-0144,EV-b07834685021,APP-01290,LOG-009062,2025-05-07 00:00:00,withdrawal_statement,candidate_facing,"Hi there, After careful thought, I ned to formally withdraw my acceptance. Appreciate everything.",withdrawal_language,Communication contains explicit withdrawal or declination language.,"Routine check-in with candidate, no concerns noted. Will check in again in a few days.",,6.6,0.75,high,unique,PENDING,,,
REV-0145,EV-ff5d8d4c48f6,APP-01293,LOG-009084,2025-04-30 00:00:00,candidate_message,candidate_facing,"still figuring some things out on my end, juust to double check, nothing major.",candidate_hesitation,Candidate's language reflects hesitation or delay in decision-making.,,"still figuring soe things out on my end, I think nothing major.",1.6,0.6,high,unique,PENDING,,,
REV-0146,EV-1d415102ef15,APP-01295,LOG-009109,2024-06-14 00:00:00,candidate_message,candidate_facing,just wanted to confirm again whether the start date is completeely locked.,joining_date,"Candidate references the start/joining date, its confirmation, or a change to it.","Candidate asked several onboarrding logistics questions, answered all of them.",wnted to double check the parking/badge,38.6,0.6,high,unique,PENDING,,,
REV-0147,EV-d38d4343c726,APP-01296,LOG-009118,2024-10-01 00:00:00,candidate_message,candidate_facing,"haven't heard anything in a while, just checking if there's an update.",recruiter_follow_up,Candidate follows up due to a lack of recent contact from the recruiter.,No update sent to candidate in several days - overdue for a call.,Client requested a few days to circle back after interview. Will follow up early next week.,32.9,0.6,high,repeated_but_usable,PENDING,,,
REV-0148,EV-3f21adbb9f0e,APP-01303,LOG-009174,2025-04-06 00:00:00,recruiter_note,internal,Clarified updated role scope with candidate after client changed requirements.,expectation_setting,Communication reflects clarification or mismatch of role expectations.,"Hello, wait, I thught this roole was more focused on process improvement, is that still the case?","wait, I thought thsi role was more focused on client support, is that still the case? TY",28.5,0.6,high,repeated_but_usable,PENDING,,,
REV-0149,EV-c9a498716eff,APP-01305,LOG-009195,2025-03-10 00:00:00,candidate_message,candidate_facing,"still figuring some things out on my end, not sure if this matters but nothing major.",candidate_hesitation,Candidate's language reflects hesitation or delay in decision-making.,"Hello, still figuring some things out on my end, not sure if thhis matters but nothing major.",Candidate mentioned a conversation with their current manager on Tuesday's check-in. Later cited unrelated reason for withdrawal.,59.9,0.6,high,repeated_but_usable,PENDING,,,
REV-0150,EV-fd6e2cf8312d,APP-01325,LOG-009349,2024-05-18 00:00:00,withdrawal_statement,candidate_facing,"Still thinking about how the interview went and decided to step back, sorry. Talk soon",withdrawal_language,Communication contains explicit withdrawal or declination language.,Candidate responsive and on track per today's call.,,60.9,0.75,high,same_application_duplicate,PENDING,,,
REV-0151,EV-81510ef8e79b,APP-01344,LOG-009464,2024-06-20 00:00:00,candidate_message,candidate_facing,"got some nes on the other role I mentioned, still deciding.",alternative_opportunity,Candidate references a parallel or competing opportunity.,Quick note - candidate disclosed a parallel prrocess with another firm. Discussed timeline expectations. Noted for the file.,"Candidate mentioned competing process, seems to be weighing both.",15.7,0.75,high,same_application_duplicate,PENDING,,,
REV-0152,EV-199b9672f8ed,APP-01368,LOG-009616,2025-06-03 00:00:00,candidate_message,candidate_facing,"still figuring some things out on my end, I guess nothing major.",candidate_hesitation,Candidate's language reflects hesitation or delay in decision-making.,"FYI, candidate said compensation was 'not a concern' but aksed about job security three separate times. Will circle bck if anythiing changes.",Cadnidate said compensation was 'not a concern' but asked about job security three separate times. Keeping an eye on this one.,7.2,0.6,high,repeated_but_usable,PENDING,,,
REV-0153,EV-df258d0d56d9,APP-01376,LOG-009690,2024-05-04 00:00:00,recruiter_note,internal,"Candidate raised commute/transportation concern, discussed options.",location_commute,Candidate raises a comment or concern about commute/location.,"Candidate raised commute/transportation concern, disccussed options.","jsut realized the commute is longer than I thought, thinking it through.",7.7,0.6,medium,likely_template,PENDING,,,
REV-0154,EV-3ab6de11ec0b,APP-01380,LOG-009714,2025-05-15 00:00:00,candidate_message,candidate_facing,"Good afternoon, great, see you then.",commitment_language,Candidate uses language expressing forward commitment to the role.,"perfect, thanks for confirming.",Candidate confirrmed all onboarding steps complete.,71.7,0.6,medium,repeated_but_usable,PENDING,,,
REV-0155,EV-b108de12e89e,APP-01403,LOG-009874,2025-02-05 00:00:00,candidate_message,candidate_facing,ok,responsiveness,"Candidate gives a brief, low-elaboration response.",Candidate less engaged on last two calls compared to initial screen.,Post-interview check-in with candidate - they felt it went fine. Noted for the file.,4.9,0.45,low,likely_template,PENDING,,,
REV-0156,EV-e9f9fa7c8c3e,APP-01407,LOG-009902,2025-01-27 00:00:00,candidate_message,candidate_facing,"this roe sounds like a great fit, can't wait to get started.",commitment_language,Candidate uses language expressing forward commitment to the role.,,Update - candidate very positive about role and company during screen.,2.7,0.6,high,same_application_duplicate,PENDING,,,
REV-0157,EV-355f3b111b29,APP-01408,LOG-009907,2024-06-15 00:00:00,candidate_message,candidate_facing,just want to understand how stable this assignment is before I commit.,job_security_concern,Candidate asks about role stability or long-term security.,"is this role likely to convert to permanent, or stay contrract long term?",Discussed typical assignment duration at this client wiith candidate. Will follow up early next week.,9.9,0.6,medium,likely_template,PENDING,,,
REV-0158,EV-cc9ea747827f,APP-01408,LOG-009913,2024-07-23 00:00:00,candidate_message,candidate_facing,not sure if this matters but how long do theese contracts usually run at this client?,candidate_questions,Candidate asks a direct question.,"Hey, just want to understand how stable this assignment is before I commit.",Discussed tpical assignment duration at this client with candidate.,9.9,0.45,high,unique,PENDING,,,
REV-0159,EV-ce8d0db01404,APP-01424,LOG-010023,2024-03-23 00:00:00,recruiter_note,internal,Quick note - candidate said compensation was 'not a concern' but asked about job security three separate times.,compensation_concern,Candidate raises a question or concern about compensation.,"still figuring some thiings out on my end, sort of nothing major.",Post-interview check-in with candidate - thy felt it went fine.,0.4,0.6,high,repeated_but_usable,PENDING,,,
REV-0160,EV-dc725cf78438,APP-01433,LOG-010093,2025-07-13 00:00:00,recruiter_note,internal,"Client background vendor running behind, expect another few days.",process_delay,Communication references a delay in the recruitment process.,any update on the background check? just waant to plan around it.,is the delay normal? getting a little anxious abut the timing.,30.6,0.6,medium,likely_template,PENDING,,,
REV-0161,EV-aa86b4195811,APP-01488,LOG-010491,2025-04-27 00:00:00,candidate_message,candidate_facing,sounds good,responsiveness,"Candidate gives a brief, low-elaboration response.",Candidate less engaged on last two calls compared to initial screen. Noted for the file.,souds good,8.1,0.45,low,likely_template,PENDING,,,
REV-0162,EV-5c33261f269f,APP-01492,LOG-010526,2025-04-22 00:00:00,candidate_message,candidate_facing,"Good afternoon, great, see you then.",commitment_language,Candidate uses language expressing forward commitment to the role.,Candidate confirmed all onboarding steps complete.,"understood, appreciate it.",7.4,0.6,medium,repeated_but_usable,PENDING,,,
REV-0163,EV-04dd76732dd6,APP-01495,LOG-010542,2025-04-18 00:00:00,candidate_message,candidate_facing,"really looking forward to getting started, thnks for everything.",commitment_language,Candidate uses language expressing forward commitment to the role.,"really looking forwrd to getting started, thanks for everything.","Per today's call, weekly touchpoint completed, candidate expressed appreciation for communication. No action needed at this time.",48.3,0.6,high,unique,PENDING,,,
REV-0164,EV-7947a61ac837,APP-01497,LOG-010557,2025-07-10 00:00:00,candidate_message,candidate_facing,"not totally sure how taht interview went, wanted to flag, it felt a little off. TY",certainty_uncertainty,Candidate expresses uncertainty or hedging about their situation.,"wanted to folllow up after the interview, wasn't sure...","After the interview I don't think it's the right fit, going to pass.",7.1,0.6,high,unique,PENDING,,,
REV-0165,EV-7f013fb0d0fb,APP-01505,LOG-010597,2025-01-29 00:00:00,candidate_message,candidate_facing,"Good afternoon, is the delay normal? getting a little anxious about the timing.",process_delay,Communication references a delay in the recruitment process.,"Note: background check still processing, notified candidate of delay.",is the delay normal? getting a little anxious about the timing. Thank you,68.9,0.6,high,repeated_but_usable,PENDING,,,
REV-0166,EV-1a21f63454ee,APP-01505,LOG-010599,2025-02-16 00:00:00,recruiter_note,internal,"Client background vendor running behind, expect another few days.",process_delay,Communication references a delay in the recruitment process.,is the delay normal? getting a little anxious about the timing. Thank you,,28.3,0.6,medium,likely_template,PENDING,,,
REV-0167,EV-c561d4448e6c,APP-01509,LOG-010632,2024-07-26 00:00:00,candidate_message,candidate_facing,just want to understand how stable this assignment is beffore I commit.,job_security_concern,Candidate asks about role stability or long-term security.,not sure if this matters but how logn do these contracts usually run at this client?,Discussed typical assignment duration at this client with candidate.,5.2,0.6,high,repeated_but_usable,PENDING,,,
REV-0168,EV-d501e195ef32,APP-01561,LOG-010992,2024-12-06 00:00:00,recruiter_note,internal,"Update - candidate hedging on timeline, referenced an internal conversation at current job. Will check in again in a few days.",current_employer_activity,Candidate references activity or conversations at their current employer.,"still sortting a few things internally, can I get back to you in a day or two?","FYI, candidate mentioned current employer reached out. Sounded less certain today. Keeping an eye on thiis one.",44.8,0.75,high,repeated_but_usable,PENDING,,,
REV-0169,EV-453d11625e67,APP-01565,LOG-011015,2024-11-04 00:00:00,candidate_message,candidate_facing,jut want to understand how stable this assignment is before I commit.,job_security_concern,Candidate asks about role stability or long-term security.,"Candidate asked about contract length/conversion path, gave what info we have.","Candidate asked about contract length/conversion path, gaev what info we have. Noted for the file.",21.5,0.6,high,repeated_but_usable,PENDING,,,
REV-0170,EV-956aa117c881,APP-01566,LOG-011026,2024-11-23 00:00:00,candidate_message,candidate_facing,is the delay normal? gettnig a little anxious about the timing.,process_delay,Communication references a delay in the recruitment process.,"Background chek still processing, notified candidate of delay. Nothing further to add right now.",,4.4,0.6,high,repeated_but_usable,PENDING,,,
REV-0171,EV-8fe8231e9185,APP-01574,LOG-011078,2025-04-22 00:00:00,candidate_message,candidate_facing,"still figuring some things out on my end, just to double check, nothing major.",candidate_hesitation,Candidate's language reflects hesitation or delay in decision-making.,"still figuring soem thnigs out on my end, not sure if this matters but nothing major. Talk soon",Candidate mentioned a conversation with their current mnager on last week. Later cited unrelated reason for withdrawal.,75.6,0.6,high,repeated_but_usable,PENDING,,,
REV-0172,EV-17239d3b5cd5,APP-01574,LOG-011083,2025-05-04 00:00:00,recruiter_note,internal,Candidate said compensation was 'not a concern' but asked about job security three separate times. Noted for the file.,compensation_concern,Candidate raises a question or concern about compensation.,Candidate mentioned a conversation with their current manager on Tuesday's check-in. Later cited unrelated reason for withdrawal. Flagging for visibility.,had a conversation come up that,4.1,0.6,high,repeated_but_usable,PENDING,,,
REV-0173,EV-288dc0e98f34,APP-01631,LOG-011464,2024-11-15 00:00:00,recruiter_note,internal,Candidate mentioned current employer reached out. Sounded less certain today.,current_employer_activity,Candidate references activity or conversations at their current employer.,Brief call - candidate said manager asked to speak with them again. Will follw up tomorrow.,"Hello, current employer found out and wants to keep me, goign back and forth on it.",6.6,0.75,medium,likely_template,PENDING,,,
REV-0174,EV-761e5cbb7b3e,APP-01638,LOG-011519,2025-04-05 00:00:00,recruiter_note,internal,Candidate said compensation was 'not a concern' but asked about job security three separate times.,compensation_concern,Candidate raises a question or concern about compensation.,Candidate mentioned a conversation with their current mangaer on last week. Later cited unrelated reason for withdrawal. No action needed at this time.,Candidate said compensation was 'not a concern' but asked about job security three separate times. No action needed at this time.,27.6,0.6,medium,likely_template,PENDING,,,
REV-0175,EV-5aefa0cc92ea,APP-01657,LOG-011655,2025-03-09 00:00:00,candidate_message,candidate_facing,"thanks so muhc for checking in, really appreciate how on top of this you've been!",recruiter_follow_up,Candidate follows up due to a lack of recent contact from the recruiter.,"Weekly touchpoint completed, candidate expressed appreciation for communication.","Proactive check-in call, canddiate remains highly engaged and positive. No action neeed at this time.",8.1,0.6,high,same_application_duplicate,PENDING,,,
REV-0176,EV-0c5755e5618c,APP-01662,LOG-011694,2025-04-11 00:00:00,recruiter_note,internal,Candidate mentioned a conversation with their current manager on Tuesday's check-in. Later cited unrelated reason for withdrawal. Keeping an eye on this one.,current_employer_activity,Candidate references activity or conversations at their current employer.,had a conversation come up thta I need to think through. Appreciate it,had a conversaiton come up that I need to think through.,81.8,0.75,high,repeated_but_usable,PENDING,,,
REV-0177,EV-2bc55d0c4076,APP-01672,LOG-011769,2025-01-16 00:00:00,recruiter_note,internal,"Sent candidate an update on offer letter timeline, they were understanding. Nothing further to add right now.",documentation,"Reference to offer letter, paperwork, or background check status.","haven't seen anything in my inbox, wanted to follow up.","still waitig on the paperwork, not sure if this matters but just making sure nothing got lost. Appreciate it",56.0,0.6,high,repeated_but_usable,PENDING,,,
REV-0178,EV-dc8a3e62d504,APP-01687,LOG-011848,2024-07-24 00:00:00,candidate_message,candidate_facing,"Good morning, tring to work out my notice period, might push the start date a bit.",joining_date,"Candidate references the start/joining date, its confirmation, or a change to it.",Quick note - working with candidate and client to adjust start date around ntice period. Will chek in again in a few days.,boss is asing me to stay longer than I expected to finish up a project.,86.2,0.6,high,same_application_duplicate,PENDING,,,
REV-0179,EV-1647640e46b4,APP-01692,LOG-011879,2024-12-22 00:00:00,candidate_message,candidate_facing,"my current employer wants one weeks notice, is that going to be a problem?",current_employer_activity,Candidate references activity or conversations at their current employer.,Working with candidate and client to adjust start date around notice period. Will circle back if anything changes.,,4.1,0.75,medium,same_application_duplicate,PENDING,,,
REV-0180,EV-261aa41abf80,APP-01695,LOG-011896,2025-07-20 00:00:00,recruiter_note,internal,Candidate confirmed all onboarding steps complete.,onboarding_process,Candidate asks about onboarding logistics.,"Routine pre-start confirmation call, no concerns. Will circle back if anything changes.",Post-interview check-in with candidate - they felt it wet fine. Will check in again in a few days.,0.9,0.45,medium,likely_template,PENDING,,,
REV-0181,EV-c0157493aca6,APP-01696,LOG-011905,2024-04-19 00:00:00,candidate_message,candidate_facing,"don't have reliable transportation to that site every day, mighht be an issue.",location_commute,Candidate raises a comment or concern about commute/location.,"Candidaate raised commute/transportation concern, discussed options.","Candidate raised commute/transportation concern, dscussed options.",47.4,0.6,high,repeated_but_usable,PENDING,,,
REV-0182,EV-96c44732a389,APP-01700,LOG-011938,2024-07-08 00:00:00,candidate_message,candidate_facing,"not totally sure how tht interview went, kind of it felt a little off.",certainty_uncertainty,Candidate expresses uncertainty or hedging about their situation.,"not totally sure how that interiew went, just to double check, it felt a little off.","Candidate confirmed receeipt of details, no questions. No action needed at this time.",15.1,0.6,high,repeated_but_usable,PENDING,,,
REV-0183,EV-fca4df1ba99f,APP-01723,LOG-012112,2024-05-06 00:00:00,recruiter_note,internal,"Discussed shift scehdule concerns with candidate, chcked with client on flexibility.",schedule_shift,Candidate raises a comment about shift or schedule.,"Discussed shift schhedule concerns with candidate, checked wiith client on flexibility. No action needed at this time.","Discussed shift schedule concerns wtih candidate, checked with client on flexibility. Keeping an eye on this one.",6.8,0.6,high,unique,PENDING,,,
REV-0184,EV-d6daac766c9f,APP-01732,LOG-012171,2024-10-15 00:00:00,candidate_message,candidate_facing,"just checking, did the offer letter go out yet?",documentation,"Reference to offer letter, paperwork, or background check status.","Hi there, still witing on the paperwork, just to double check, jut makking sure nothing got lost.","Hello, just checking, did the offer letter go out yet? Thanks!",2.2,0.6,medium,same_application_duplicate,PENDING,,,
REV-0185,EV-d2ad03d10f92,APP-01759,LOG-012370,2025-02-02 00:00:00,recruiter_note,internal,Candidate said compensation was 'not a concern' but asked about job security three sepparate times. Noted for the file.,compensation_concern,Candidate raises a question or concern about compensation.,,"still figuring some things out on my end, just to double check, nothing major.",3.1,0.6,high,unique,PENDING,,,
REV-0186,EV-cdf14182e52c,APP-01770,LOG-012426,2024-03-23 00:00:00,candidate_message,candidate_facing,"Goood morning, sounds good, thank you!",responsiveness,"Candidate gives a brief, low-elaboration response.","sonuds good, thank you!","sounds good, thank you! Apprecite it",66.4,0.45,medium,unique,PENDING,,,
REV-0187,EV-cad37e4fee39,APP-01772,LOG-012441,2024-07-17 00:00:00,candidate_message,candidate_facing,"Good morning, great, see you then.",commitment_language,Candidate uses language expressing forward commitment to the role.,,"perfect, thanks for confirming.",9.8,0.6,medium,repeated_but_usable,PENDING,,,
REV-0188,EV-b78eb14c750a,APP-01789,LOG-012555,2024-07-18 00:00:00,candidate_message,candidate_facing,"Hey, so excited about ths opportunity, thank you!",commitment_language,Candidate uses language expressing forward commitment to the role.,Candidate very positive about role and companny during screen.,really appreciate you thinking of me for thiis one!,3.9,0.6,medium,same_application_duplicate,PENDING,,,
REV-0189,EV-df39b432c634,APP-01789,LOG-012556,2024-08-04 00:00:00,candidate_message,candidate_facing,really appreciate you thinking of me for thiis one!,candidate_excitement,Candidate expresses positive sentiment about the role or process.,"Hey, so excited about ths opportunity, thank you!",,8.0,0.6,high,repeated_but_usable,PENDING,,,
REV-0190,EV-e3c1459aa391,APP-01797,LOG-012607,2024-03-26 00:00:00,recruiter_note,internal,"Candidate asked seveeral onboarding logistics questions, answered all of them. No acction needed at this time.",onboarding_process,Candidate asks about onboarding logistics.,,"sorry to ask again, but whaat should I bring on day one? Thank you",4.6,0.45,high,unique,PENDING,,,
REV-0191,EV-1f5f60eb6c07,APP-01810,LOG-012697,2025-04-23 00:00:00,candidate_message,candidate_facing,is there any flexibility on the shift start time?,schedule_shift,Candidate raises a comment about shift or schedule.,"Discused shift schedule concerns with candidate, checked with client on flexibility. Keeping an eye on this one.","Discussed shift schedule concerns with candidate, checked with client on flexibility. Nothing further to add right now.",74.0,0.6,medium,same_application_duplicate,PENDING,,,
REV-0192,EV-3aa9fdfa5050,APP-01816,LOG-012725,2025-06-26 00:00:00,recruiter_note,internal,Candidate confirmed all onboarding steps complete. Keeping an eye on this one.,onboarding_process,Candidate asks about onboarding logistics.,Candidate conirmed all onboarding steps complete.,"great, see you then.",5.9,0.45,high,repeated_but_usable,PENDING,,,
REV-0193,EV-39539ed3a67d,APP-01829,LOG-012813,2025-02-05 00:00:00,candidate_message,candidate_facing,the rate is a little lwer than I was expecting honestly.,compensation_concern,Candidate raises a question or concern about compensation.,,the rate is a little lower than I was expecting honestly.,11.4,0.6,high,same_application_duplicate,PENDING,,,
REV-0194,EV-d3514da81f58,APP-01842,LOG-012892,2024-09-10 00:00:00,recruiter_note,internal,"Update - background check still processing, notified candidate of delay. Will circle back if anything changes.",process_delay,Communication references a delay in the recruitment process.,is the delay normal? getting a little anxious about the timing. Thanks,any update on the background check? juust want to plan around it.,3.9,0.6,high,same_application_duplicate,PENDING,,,
REV-0195,EV-44a260d15253,APP-01842,LOG-012897,2024-09-29 00:00:00,recruiter_note,internal,"Update - bcakground check still processing, notified candidate of delay. Keeping an eye on this one.",process_delay,Communication references a delay in the recruitment process.,Client requested a few days to circle bcak after interview.,"Backgrond check still processing, notified candidate of delay. Noted for the file.",7.1,0.6,high,unique,PENDING,,,
REV-0196,EV-00cb1c4db921,APP-01845,LOG-012924,2024-12-02 00:00:00,candidate_message,candidate_facing,the scope sounds a little different than wht we discussed earlier.,expectation_setting,Communication reflects clarification or mismatch of role expectations.,Clarified updated roe scope with candidate after client changed requirements.,"wait, I thought this role was more focused on client support, is thaat still the case?",32.0,0.6,high,repeated_but_usable,PENDING,,,
REV-0197,EV-7ba2e9320a78,APP-01871,LOG-013118,2024-11-02 00:00:00,candidate_message,candidate_facing,would prefer day shift if that's possible at all.,schedule_shift,Candidate raises a comment about shift or schedule.,"the schedule might conflict with childcare, seeing what I can work out.","Quick note - disucssed shift schedule concerns with candidate, checked with clietn on flexibility. No action needed at this time.",48.7,0.6,medium,likely_template,PENDING,,,
REV-0198,EV-90644e65fca9,APP-01875,LOG-013162,2024-09-02 00:00:00,candidate_message,candidate_facing,the rate is a little lower than I was expecting honestly.,compensation_concern,Candidate raises a question or concern about compensation.,Caandidate seems okay with comp after clarifying overtime/differential.,Quick note - candidate raised comp concerns. Walked through totla package again. Flagging for visibility.,62.8,0.6,medium,likely_template,PENDING,,,
REV-0199,EV-ca46801e8636,APP-01879,LOG-013196,2024-09-21 00:00:00,candidate_message,candidate_facing,"Hello, my current employer wants three weeks notice, is tat going to be a problem?",current_employer_activity,Candidate references activity or conversations at their current employer.,"trying to work out my notice period, migght push the start date a bit. Talk soon","trying to work out my notice period, might psh the start date a bit.",1.6,0.75,high,same_application_duplicate,PENDING,,,
REV-0200,EV-4e3a866d6d02,APP-01879,LOG-013197,2024-10-01 00:00:00,candidate_message,candidate_facing,"trying to work out my notice period, might psh the start date a bit.",joining_date,"Candidate references the start/joining date, its confirmation, or a change to it.","Hello, my current employer wants three weeks notice, is tat going to be a problem?",Discussed notice period - candidate's current employr requesting longer transition. Will circle bck if anything changes.,3.0,0.6,high,repeated_but_usable,PENDING,,,
REV-0201,EV-acf4e8351bc2,APP-01880,LOG-013208,2025-05-15 00:00:00,recruiter_note,internal,"Per today's call, candidate confirmed all onboarding steps complete.",onboarding_process,Candidate asks about onboarding logistics.,"Standard check-in, no issues reported.","Hi there, sounds good, thank you!",10.9,0.45,high,repeated_but_usable,PENDING,,,
REV-0202,EV-272e93130208,APP-01932,LOG-013560,2025-06-22 00:00:00,candidate_message,candidate_facing,"have another opportunity movving along too, trying to figure out timing.",alternative_opportunity,Candidate references a parallel or competing opportunity.,"I'm also in proccess with another company, wanted to be transparent about that. Talk soon","I'm also in process with another company, wanted to be transparent about that.",38.9,0.75,high,repeated_but_usable,PENDING,,,
REV-0203,EV-fb6382447c98,APP-01952,LOG-013699,2025-06-23 00:00:00,candidate_message,candidate_facing,the rate is a little lower thhan I was expecting honestly.,compensation_concern,Candidate raises a question or concern about compensation.,"Client interview wrapped up, awaiting scorecard.","Good afternoon, the rate is a little lower",55.1,0.6,high,repeated_but_usable,PENDING,,,
REV-0204,EV-df6315d09da1,APP-01954,LOG-013716,2024-10-20 00:00:00,candidate_message,candidate_facing,"sounds good, thnk you!",responsiveness,"Candidate gives a brief, low-elaboration response.","Good morning, perfect, tahnks for","Hey, perfect, thanks for confirming. Thakns",3.8,0.45,medium,repeated_but_usable,PENDING,,,
REV-0205,EV-ac493d39215b,APP-01961,LOG-013753,2024-03-02 00:00:00,recruiter_note,internal,"Clarified work arrangement with candidate, some confusion from job posting language.",expectation_setting,Communication reflects clarification or mismatch of role expectations.,"Clarified work arrangement with candidate, some cofnusion from job posting language.","Candidate surprised by onsite expectation, discussed further with client. Keeping an eye on thsi one.",8.8,0.6,medium,same_application_duplicate,PENDING,,,
REV-0206,EV-f54f4ac5cb5c,APP-01961,LOG-013762,2024-03-21 00:00:00,recruiter_note,internal,"Candidate surprised by onsite expectation, discussed further with client.",work_arrangement,Candidate raises a question about remote/hybrid/onsite work arrangement.,"FYI, candidate surprised by onsite expectation, discussed further with client.",,1.5,0.6,medium,likely_template,PENDING,,,
REV-0207,EV-0cbe2826bcb9,APP-01969,LOG-013807,2024-06-12 00:00:00,candidate_message,candidate_facing,ok,responsiveness,"Candidate gives a brief, low-elaboration response.",sure,Candidate less enaged on last two calls compared to initial screen. No action needed at this time.,12.6,0.45,low,likely_template,PENDING,,,
REV-0208,EV-a6cb0f47459e,APP-01969,LOG-013806,2024-06-12 00:00:00,candidate_message,candidate_facing,sure,responsiveness,"Candidate gives a brief, low-elaboration response.",Candidate less engaged on lst two calls compared to initial screen.,ok,4.9,0.45,low,same_application_duplicate,PENDING,,,
REV-0209,EV-4a750282fd44,APP-01985,LOG-013913,2024-04-24 00:00:00,candidate_message,candidate_facing,"haven't heard anything in a while, just checknig if there's an update.",recruiter_follow_up,Candidate follows up due to a lack of recent contact from the recruiter.,"Good afternoon, haven't heeard anything in a while, just checking if there's an update.",following up again - wanted to make sure everything is still on track.,7.9,0.6,high,repeated_but_usable,PENDING,,,
REV-0210,EV-0781a8f78254,APP-01987,LOG-013923,2024-11-08 00:00:00,recruiter_note,internal,"Sent candidate an udpate on offer letter timeline, they were understanding. Noted for the file.",documentation,"Reference to offer letter, paperwork, or background check status.","Good morning, still waiting on the paperwork, not sure if this matters but jusst makking sure nothing got lost. Thanks","Sent candidate an udate on offer lettr timeline, they were understanding.",8.4,0.6,high,repeated_but_usable,PENDING,,,
REV-0211,EV-d95b8e622df0,APP-02015,LOG-014140,2024-04-05 00:00:00,candidate_message,candidate_facing,when do benefits kick in exactly?,candidate_questions,Candidate asks a direct question.,want to compare benefits before I maake a final call.,want to compare benefits bfore I make a final call.,25.8,0.45,medium,likely_template,PENDING,,,
REV-0212,EV-3888377458ea,APP-02020,LOG-014176,2024-05-20 00:00:00,decline_statement,candidate_facing,"The onsite requirement doesn't work with my situation, have to pass.",withdrawal_language,Communication contains explicit withdrawal or declination language.,"wait, is this fully remote or do I need to come in sometimes? Thanks!",,6.3,0.75,high,same_application_duplicate,PENDING,,,
REV-0213,EV-12f7f5a74790,APP-02029,LOG-014212,2025-01-20 00:00:00,candidate_message,candidate_facing,"still waiiting on the paperwork, sort of just making sure nothing got lost. Talk soon",certainty_uncertainty,Candidate expresses uncertainty or hedging about their situation.,"Hey, still waiting on the paperwork, I think just making sure nothing got lost.","juts checking, did the offer letter go out yet? Appreciate it",6.2,0.6,high,same_application_duplicate,PENDING,,,
REV-0214,EV-d6f6543d1ed2,APP-02031,LOG-014233,2024-05-16 00:00:00,candidate_message,candidate_facing,really appreciate you thinking of me for this one!,candidate_excitement,Candidate expresses positive sentiment about the role or process.,,Candidate very positive about role and company during screen. Will circle back if anything changes.,6.5,0.6,high,repeated_but_usable,PENDING,,,
REV-0215,EV-99224a68a8ba,APP-02034,LOG-014250,2024-07-16 00:00:00,candidate_message,candidate_facing,"Hey, is the delay normal? getting a little anxious aout the timing.",process_delay,Communication references a delay in the recruitment process.,is the delay normal? getting a little anxious abot the timing. Best,Background check returned a discrepancy that needs to be resolved befoe we can proceed. No action needed at this time.,5.0,0.6,high,unique,PENDING,,,
REV-0216,EV-1dd025a514d6,APP-02043,LOG-014294,2025-05-23 00:00:00,candidate_message,candidate_facing,is the delay normal? getting a little anxious abbout the timing.,process_delay,Communication references a delay in the recruitment process.,"Quick note - background check still processing, notified candidate of delay.","Quick note - client background vendor running behind, expect another few days. Keeping an eye on this one.",6.7,0.6,high,unique,PENDING,,,
REV-0217,EV-458b90898d5f,APP-02058,LOG-014410,2024-09-27 00:00:00,candidate_message,candidate_facing,the rate is a little lower thna I was expecting honestly.,compensation_concern,Candidate raises a question or concern about compensation.,,"Client interview wrapped up, awaiting scorecard.",9.4,0.6,high,unique,PENDING,,,
REV-0218,EV-b11faacb82bd,APP-02058,LOG-014412,2024-10-06 00:00:00,candidate_message,candidate_facing,"Hey, still thinking abut the comp, want to make sure the math works out. TY",candidate_hesitation,Candidate's language reflects hesitation or delay in decision-making.,"Client interview wrapped up, awaiting scorecard.","can we revisit the pay rate, just to double check, it's close but not quite whee I need it.",94.0,0.6,high,same_application_duplicate,PENDING,,,
REV-0219,EV-8afeb87887c5,APP-02070,LOG-014500,2024-04-13 00:00:00,candidate_message,candidate_facing,the rate is a little lower than I was expecting honestly.,compensation_concern,Candidate raises a question or concern about compensation.,"appreciate the offer, just want to double check there's no room on the rate. Talk soon",Candidate seems okay wth comp after clarifying overtime/differential. Keeping an eye on this one.,67.6,0.6,medium,likely_template,PENDING,,,
REV-0220,EV-eccf7fda2ab2,APP-02077,LOG-014553,2024-09-02 00:00:00,recruiter_note,internal,Caniddate confirmed all onboarding steps complete. No action needed at this time.,onboarding_process,Candidate asks about onboarding logistics.,"understood, appreciate it.","great, see you then. Talk son",4.9,0.45,high,repeated_but_usable,PENDING,,,
REV-0221,EV-3548704c67c4,APP-02087,LOG-014621,2025-06-05 00:00:00,candidate_message,candidate_facing,"traffic to that location is rough, still deciding if it's manageable.",certainty_uncertainty,Candidate expresses uncertainty or hedging about their situation.,"Candidate raised commute/transportation concern, discussed options.","just realized the commute is longer thhan I thought, thinking it through.",8.7,0.6,medium,same_application_duplicate,PENDING,,,
REV-0222,EV-a51bb8db31a0,APP-02098,LOG-014702,2025-08-29 00:00:00,candidate_message,candidate_facing,"great, see you then.",commitment_language,Candidate uses language expressing forward commitment to the role.,"understood, appreciate it. Thanks!","Upadte - routine pre-start confirmation call, no concerns.",2.5,0.6,medium,likely_template,PENDING,,,
REV-0223,EV-d34e69cfef3c,APP-02106,LOG-014752,2025-03-27 00:00:00,candidate_message,candidate_facing,is the delay normal? getting a little...,process_delay,Communication references a delay in the recruitment process.,is the delay normal? getting a little annxious about the timing.,"Good morning, any update on the background check? just want to plan arond it.",63.0,0.6,medium,repeated_but_usable,PENDING,,,
REV-0224,EV-78992cf9b8c4,APP-02111,LOG-014787,2024-03-11 00:00:00,recruiter_note,internal,"Discussed shift schdule concerns with candidate, checked with client on flexibility.",schedule_shift,Candidate raises a comment about shift or schedule.,"the schedule might conflict with childcare, seeing whta I can work out.",would prefer day shift if that's,7.7,0.6,high,repeated_but_usable,PENDING,,,
REV-0225,EV-76a5bc36511f,APP-02113,LOG-014799,2024-04-30 00:00:00,candidate_message,candidate_facing,following up again - wanted to make sure everything is still on track.,recruiter_follow_up,Candidate follows up due to a lack of recent contact from the recruiter.,"Candidate reached out asking for status, we had gone quiet on our end.","haven't heard anything in a while, jusst checking if there's an update. thx!",8.6,0.6,medium,likely_template,PENDING,,,
REV-0226,EV-c88364d403d6,APP-02118,LOG-014830,2024-03-09 00:00:00,recruiter_note,internal,"Discussed shift schedule concerns with candidate, checked with client on flexibility.",schedule_shift,Candidate raises a comment about shift or schedule.,,"Discussed shift schedule concerns wih candidate, checked with client on flexibility.",9.3,0.6,medium,likely_template,PENDING,,,
REV-0227,EV-7ad3b6adbcff,APP-02128,LOG-014889,2024-11-17 00:00:00,candidate_message,candidate_facing,"have another opportunity moving along too, trying to figure out timing.",alternative_opportunity,Candidate references a parallel or competing opportunity.,"Candidate mentioned competing process, seems to be weighing both.","Hi there, got some news on the other role I mentioned, still deciding.",42.8,0.75,medium,likely_template,PENDING,,,
REV-0228,EV-4450fb6d8828,APP-02128,LOG-014891,2024-12-04 00:00:00,candidate_message,candidate_facing,"I'm also in process with another company, wanted to be transparent about that.",alternative_opportunity,Candidate references a parallel or competing opportunity.,"Hi there, got some news on the other role I mentioned, still deciding.","I'm alos in process with another company, wanted to be transparent abot that.",8.8,0.75,medium,likely_template,PENDING,,,
REV-0229,EV-2a79d3afb60b,APP-02128,LOG-014890,2024-12-04 00:00:00,candidate_message,candidate_facing,"Hi there, got some news on the other role I mentioned, still deciding.",alternative_opportunity,Candidate references a parallel or competing opportunity.,"have another opportunity moving along too, trying to figure out timing.","I'm also in process with another company, wanted to be transparent about that.",67.9,0.75,high,same_application_duplicate,PENDING,,,
REV-0230,EV-daf4566490df,APP-02129,LOG-014902,2025-06-25 00:00:00,candidate_message,candidate_facing,can you clarify how many dys...,expectation_setting,Communication reflects clarification or mismatch of role expectations.,"Clarified work arrangement with candidate, some confusion from job posting language.","thught this was hybrid, want to make sure I understand the schedule.",4.1,0.6,medium,unique,PENDING,,,
REV-0231,EV-ddf11089e9d1,APP-02130,LOG-014908,2024-04-27 00:00:00,recruiter_note,internal,"Start date moved again per client request, candidate updated. Will circle back if anything changes.",joining_date,"Candidate references the start/joining date, its confirmation, or a change to it.","Start date moved again per client request, candidate updated. Will circle back if anything changes.","ok, and is this the final date or could it move again? Appreciate it",3.3,0.6,high,same_application_duplicate,PENDING,,,
REV-0232,EV-712f6dd6d268,APP-02134,LOG-014937,2025-03-14 00:00:00,candidate_message,candidate_facing,"just raelized the commute is longer than I thought, thinking it through. Thank you",location_commute,Candidate raises a comment or concern about commute/location.,"FYI, candidate raised commute/transportation concern, discussed options.","Hi there, just realized the commute is longer than I thought, thinking it through.",57.6,0.6,high,unique,PENDING,,,
REV-0233,EV-1fdaefc5391d,APP-02147,LOG-015021,2024-05-04 00:00:00,candidate_message,candidate_facing,"still waiting on the paperwork, just to double check, just making sure nothing got lost. Thank you",process_delay,Communication references a delay in the recruitment process.,"Sent candidtae an update on offer letter timeline, they were understanding.",Client running behind on offer letter generation. Kept cndidate updated.,62.0,0.6,high,same_application_duplicate,PENDING,,,
REV-0234,EV-c2caa8e20104,APP-02153,LOG-015053,2025-02-02 00:00:00,decline_statement,candidate_facing,"Hi there, The benefits package isn't quite enough for my family's needs, have to pass. thx",withdrawal_language,Communication contains explicit withdrawal or declination language.,"Sent benefits summary to candidate again, answered follow-up questions. No action needed at this time.",,4.2,0.75,high,unique,PENDING,,,
REV-0235,EV-5c6022fdadce,APP-02157,LOG-015086,2024-09-10 00:00:00,candidate_message,candidate_facing,"got some newws on the other role I mentioned, still deciding. Talk soon",alternative_opportunity,Candidate references a parallel or competing opportunity.,"Candidate mentioned competing process, seems to be weighing both. Will follow up early next week.","Hi, The other process moved faster and I've committed there instead.",25.7,0.75,high,same_application_duplicate,PENDING,,,
REV-0236,EV-d43d145ca854,APP-02166,LOG-015145,2024-07-04 00:00:00,candidate_message,candidate_facing,"have another opportunity moving along too, trying to figure out timing.",alternative_opportunity,Candidate references a parallel or competing opportunity.,Candidate disclosed a parallel process with another firm. Discussed timeline expectations. Keeping an eye on this one.,"have another opportunity moving along too, trying to",32.0,0.75,medium,likely_template,PENDING,,,
REV-0237,EV-285b960b1d75,APP-02168,LOG-015153,2024-12-07 00:00:00,withdrawal_statement,candidate_facing,"I've decided to withdraw from this opportunity, thank you for the time and consideration.",withdrawal_language,Communication contains explicit withdrawal or declination language.,"Hey, got it, will do.",,5.2,0.75,high,repeated_but_usable,PENDING,,,
REV-0238,EV-bac7c12b53db,APP-02172,LOG-015183,2024-09-07 00:00:00,candidate_message,candidate_facing,"trying to work out my notice period, might psuh the start date a bit.",joining_date,"Candidate references the start/joining date, its confirmation, or a change to it.",Discussed notice period - candidate's current emploeyr requesting longer transition. Will follow up early next week.,Discussed notice period - candidate's current employer requesting longer transition. Nothing further to add right now.,42.5,0.6,high,repeated_but_usable,PENDING,,,
REV-0239,EV-57b28a67e950,APP-02176,LOG-015208,2024-04-07 00:00:00,candidate_message,candidate_facing,any update on the background check? just waant to plan around it.,recruiter_follow_up,Candidate follows up due to a lack of recent contact from the recruiter.,,is the delay normal? getting a little anxious abotu the timing. Thanks,1.8,0.6,high,same_application_duplicate,PENDING,,,
REV-0240,EV-ee182295b21e,APP-02176,LOG-015212,2024-04-25 00:00:00,candidate_message,candidate_facing,is the delay normal? gettting a little anxious about the timing.,process_delay,Communication references a delay in the recruitment process.,"Note: background check still processing, notified candidate of delay.",is the delay normal? getting a...,27.8,0.6,high,repeated_but_usable,PENDING,,,
REV-0241,EV-24ad6fb33fc7,APP-02182,LOG-015244,2025-06-17 00:00:00,candidate_message,candidate_facing,"Hey, sounds good...",responsiveness,"Candidate gives a brief, low-elaboration response.",Candidate slower to respond than earlier in process. Short replies. Will follow up ealry next week.,Candidate slower to respond than earlier in process. Short replies. Nothing further to add right now.,18.0,0.45,low,unique,PENDING,,,
REV-0242,EV-eade44e8bb1a,APP-02194,LOG-015320,2025-04-14 00:00:00,candidate_message,candidate_facing,"Hello, the scope sounds a little different than what we discussed earlier.",expectation_setting,Communication reflects clarification or mismatch of role expectations.,"Hi there, the scope sounds a litte different than wht we discussed earlier.",Clarified updated role scope with candidate afer client changed requirements. Flagging for visibility.,4.2,0.6,high,repeated_but_usable,PENDING,,,
REV-0243,EV-fbc025d6599f,APP-02196,LOG-015328,2024-11-12 00:00:00,recruiter_note,internal,"Discussed shift schedule concerns with candidate, checked with client on flexibility.",schedule_shift,Candidate raises a comment about shift or schedule.,"Quick note - discussed shift schedule concerns wih candidate, checked with client on flexibility. Keeping an eye on this one.","Discussed shift schedule concerns with candidate, checked with client on flexibility.",9.4,0.6,medium,same_application_duplicate,PENDING,,,
REV-0244,EV-344644837c14,APP-02201,LOG-015357,2024-11-11 00:00:00,candidate_message,candidate_facing,"just checking, did the offer letter go out yet?",candidate_questions,Candidate asks a direct question.,"Hello, juts checking, did the offer letter go out yet?","haven't seen anything in my inbox, wnted to follow up.",5.6,0.45,medium,same_application_duplicate,PENDING,,,
REV-0245,EV-b67a1e011556,APP-02203,LOG-015367,2024-06-06 00:00:00,candidate_message,candidate_facing,"still waiting on the paperwork, just to double check, just making sure nothing got lost. TY",process_delay,Communication references a delay in the recruitment process.,"Hey, juust checking, did the offer letter go out yet? TY","Sent candidate an update on offer letter timeline, they were understanding.",6.8,0.6,high,same_application_duplicate,PENDING,,,
REV-0246,EV-22d811c1ca1c,APP-02204,LOG-015377,2024-11-30 00:00:00,recruiter_note,internal,Note: candidate said compensation was 'not a concern' but asked about job security three separate times.,compensation_concern,Candidate raises a question or concern about compensation.,Candidte said compensation was 'not a concern' but asked about job security three separate times. Will follow up early next week.,had a conversation come up that I need to think through.,33.3,0.6,high,repeated_but_usable,PENDING,,,
REV-0247,EV-3d1855bd6c30,APP-02211,LOG-015414,2024-03-06 00:00:00,candidate_message,candidate_facing,"great, see you then. Thank you",commitment_language,Candidate uses language expressing forward commitment to the role.,"Hey, souns good,...","Routine pre-start confrimation call, no concerns.",14.1,0.6,medium,repeated_but_usable,PENDING,,,
REV-0248,EV-d391bfe02f99,APP-02218,LOG-015463,2024-04-30 00:00:00,candidate_message,candidate_facing,"just folowing up, any news on next steps? TY",recruiter_follow_up,Candidate follows up due to a lack of recent contact from the recruiter.,"FYI, no update sent to candidate in several days - overdue for a call. Will check in again in a few days.","Candidate reached out asking for status, we had gone quiet on our end. Will circle back if anything changes.",76.7,0.6,high,unique,PENDING,,,
REV-0249,EV-2da62a181dc7,APP-02224,LOG-015487,2024-06-17 00:00:00,recruiter_note,internal,Candidate mentioned a conversation with their current manager on last week. Later cited unrelated reason for withdrawal.,current_employer_activity,Candidate references activity or conversations at their current employer.,"still figuring some things out on my end, wanted to flag, nothing major. Talk sono","Hi, comp is fine, just not sure about long term stability here, going to pass. TY",30.0,0.75,high,repeated_but_usable,PENDING,,,
REV-0250,EV-6b182ec8fdfb,APP-02225,LOG-015492,2025-04-29 00:00:00,candidate_message,candidate_facing,"Good afternoon, wait, is this fully remote or do I need to come in sometimes?",work_arrangement,Candidate raises a question about remote/hybrid/onsite work arrangement.,"Interiew completed, feedback pending from client. Nothing further to add right now.","Good afternoon, can you claarify how many days onsite are expected?",57.4,0.6,high,same_application_duplicate,PENDING,,,
REV-0251,EV-d0f9d5882081,APP-02237,LOG-015565,2024-06-15 00:00:00,candidate_message,candidate_facing,"Good afternoon, have another opportunity moving along too, trying to figure out timing.",alternative_opportunity,Candidate references a parallel or competing opportunity.,"Candidate mentioned competing process, seems to be weighing both. Wiill follow up early next week.",,5.3,0.75,high,repeated_but_usable,PENDING,,,
REV-0252,EV-a38d85d56610,APP-02249,LOG-015636,2024-03-12 00:00:00,recruiter_note,internal,Background check flagged for review - escalating with client. Nothing further to add right now.,documentation,"Reference to offer letter, paperwork, or background check status.",Background check flagged for reviiew - escaltaing with client.,Update - background check flagged for revew - escalating with client. Will follow up early next week.,8.3,0.6,high,repeated_but_usable,PENDING,,,
REV-0253,EV-3e2a86adad39,APP-02256,LOG-015697,2024-10-28 00:00:00,candidate_message,candidate_facing,"my current employer wants one weeks notice, is that going to be a problem?",candidate_questions,Candidate asks a direct question.,"trying to work out my notice period, miight push the start date a bit.",Working with candidate and client to adjust start daet around notice period.,3.6,0.45,medium,same_application_duplicate,PENDING,,,
REV-0254,EV-8560d375ea74,APP-02281,LOG-015845,2024-12-21 00:00:00,candidate_message,candidate_facing,"Good afternoon, just wanted to confirm aain whether the start date is completely locked. Best",joining_date,"Candidate references the start/joining date, its confirmation, or a change to it.",,just wanted to confirm again whether the sart date is completely locked.,2.7,0.6,high,unique,PENDING,,,
REV-0255,EV-f226d2f3f2e8,APP-02284,LOG-015865,2025-04-25 00:00:00,candidate_message,candidate_facing,"sounds good, thannk...",responsiveness,"Candidate gives a brief, low-elaboration response.",Candidate confirmed all onboarding steps complete.,,27.7,0.45,low,unique,PENDING,,,
REV-0256,EV-7fde00df2b99,APP-02285,LOG-015870,2024-10-21 00:00:00,recruiter_note,internal,Candidae mentioned a conversation with their current manager on last week. Later cited unrelated reason for withdrawal. Keeping an eye on this one.,current_employer_activity,Candidate references activity or conversations at their current employer.,had a conversation come up that I need,"Hi, still figuring some things out on my end, soort of nothing major. Talk soon",24.7,0.75,high,unique,PENDING,,,
REV-0257,EV-9c3afd069230,APP-02306,LOG-016044,2025-05-19 00:00:00,candidate_message,candidate_facing,"wait, is this fully remote or do I need to come in sometimes?",work_arrangement,Candidate raises a question about remote/hybrid/onsite work arrangement.,can you clarify how many,"Hey, can you clarify how many days osnite are expected?",7.0,0.6,medium,same_application_duplicate,PENDING,,,
REV-0258,EV-b36a5e4bc55f,APP-02320,LOG-016110,2025-01-21 00:00:00,candidate_message,candidate_facing,just want to understand how stable this assignment is before I commit.,job_security_concern,Candidate asks about role stability or long-term security.,just want to understand how stable this assignment is beore I commit. Appreciate it,"is this rloe likely to convert to permanent, or stay contract long term?",4.8,0.6,medium,same_application_duplicate,PENDING,,,
REV-0259,EV-9afef2f32c18,APP-02320,LOG-016114,2025-02-02 00:00:00,candidate_message,candidate_facing,sort of how long do thsee contracts usually run at tihs client?,candidate_questions,Candidate asks a direct question.,Discussed typical assignment duration at this client with candidate.,"Good afternoon, sort of how loong do these contracts usually run at this client?",7.7,0.45,high,same_application_duplicate,PENDING,,,
REV-0260,EV-6949dc9fef3f,APP-02324,LOG-016137,2025-04-18 00:00:00,recruiter_note,internal,"Candidate asked several onboarding logistics questions, answered all of them.",onboarding_process,Candidate asks about onboarding logistics.,wanted to double check the parking/badge situation one more time. Thanks,wanted to double check the parking/badge situation one more time. Thanks!,6.7,0.45,medium,likely_template,PENDING,,,
REV-0261,EV-1295af6c0acd,APP-02325,LOG-016143,2025-07-09 00:00:00,candidate_message,candidate_facing,"this role sounds like a great fit, can't wati to get started.",candidate_excitement,Candidate expresses positive sentiment about the role or process.,"so excited about this opportunity, thank you! Thanks",really appreciate you thinking of me for this one! Thanks!,9.8,0.6,high,repeated_but_usable,PENDING,,,
REV-0262,EV-29b66f3fbf4f,APP-02325,LOG-016144,2025-07-11 00:00:00,candidate_message,candidate_facing,really appreciate you thinking of me for this one! Thanks!,candidate_excitement,Candidate expresses positive sentiment about the role or process.,"this role sounds like a great fit, can't wati to get started.",,5.8,0.6,high,unique,PENDING,,,
REV-0263,EV-d888fa583529,APP-02345,LOG-016284,2025-03-06 00:00:00,candidate_message,candidate_facing,"just realized the commute is longer than I thought, thinking it through.",location_commute,Candidate raises a comment or concern about commute/location.,"traffic to that location is rough, still deciding if it's manageable.",,1.1,0.6,medium,likely_template,PENDING,,,
REV-0264,EV-9da1d65429b1,APP-02355,LOG-016332,2024-10-25 00:00:00,candidate_message,candidate_facing,"sounds good, thank",responsiveness,"Candidate gives a brief, low-elaboration response.","perfect, thanks for confirming.","understood, appreciiate it.",10.9,0.45,low,potential_redundancy,PENDING,,,
REV-0265,EV-7cab3aeba3fe,APP-02355,LOG-016337,2024-12-03 00:00:00,candidate_message,candidate_facing,"sounds good, thannk you!",responsiveness,"Candidate gives a brief, low-elaboration response.","understood, appreciate it. TY","understood, appreciate it.",90.7,0.45,medium,repeated_but_usable,PENDING,,,
REV-0266,EV-d11f5319b787,APP-02372,LOG-016464,2024-12-18 00:00:00,recruiter_note,internal,"Sent candidate an update on offer letter timeline, they were understanding.",documentation,"Reference to offer letter, paperwork, or background check status.","haven't seen anything in my inbox, wated to follow up. Talk soon",Client running behind on offer letter generation. Kept candidate updated.,42.1,0.6,medium,likely_template,PENDING,,,
REV-0267,EV-8974070decc9,APP-02382,LOG-016547,2024-12-19 00:00:00,withdrawal_statement,candidate_facing,"not goiing to be able to move forward, personal reasons.",contradictory_information,Stated reason is brief/generic; may warrant comparison against surrounding evidence.,"Good morning, ok, makes sense.",,54.3,0.45,high,unique,PENDING,,,
REV-0268,EV-043c266a54c5,APP-02415,LOG-016771,2024-06-28 00:00:00,recruiter_note,internal,Background check flagged for review - escalating with client.,documentation,"Reference to offer letter, paperwork, or background check status.",is the delay normal? getting a litte anxious about the timing. Appreciate it,"Per today's call, cllient background vendor running behind, expect another few days.",8.7,0.6,medium,likely_template,PENDING,,,
REV-0269,EV-97aa10ba2e01,APP-02429,LOG-016831,2024-12-05 00:00:00,recruiter_note,internal,"Candidate asked several onboarding logistics questions, answered all of them. Will check in again in a few days.",onboarding_process,Candidate asks about onboarding logistics.,"Candidate asked several onboarding logistics questions, answered all of them.",is there anything elsse I need to do before starting? want to be prepared.,0.5,0.45,high,repeated_but_usable,PENDING,,,
REV-0270,EV-5fe74ff9714b,APP-02436,LOG-016874,2024-11-25 00:00:00,recruiter_note,internal,"Quick note - discussed shift schedule concerns with candidate, checked with client on flexibility.",schedule_shift,Candidate raises a comment about shift or schedule.,,"Discussed shift schedule concerns with candidate, checked with client on flexibility.",6.0,0.6,high,repeated_but_usable,PENDING,,,
REV-0271,EV-8fbf8d69341c,APP-02442,LOG-016928,2025-05-18 00:00:00,candidate_message,candidate_facing,"just checking, did the offer letter go out yet? TY",documentation,"Reference to offer letter, paperwork, or background check status.","Hi, just checking, did the offer letter go out yet?","still waiting on the paperwork, I think just making sure nothing got lost.",6.3,0.6,high,repeated_but_usable,PENDING,,,
REV-0272,EV-5a4434a126a7,APP-02456,LOG-017037,2025-06-04 00:00:00,recruiter_note,internal,Candidate said compensation was 'not a concern' but asked about job security three separate times.,compensation_concern,Candidate raises a question or concern about compensation.,"Hi, had a conversation come up that I need to think through.",Candidate said compensation was 'not a concern' but asked about job security three separate times.,4.1,0.6,medium,same_application_duplicate,PENDING,,,
REV-0273,EV-952054715725,APP-02460,LOG-017068,2025-02-18 00:00:00,candidate_message,candidate_facing,"not totally sure how that interview went, I...",certainty_uncertainty,Candidate expresses uncertainty or hedging about their situation.,"Per today's call, spoke with candidate briefly - process moving forward as planned.","wanted to folow up after the interview, wasn't sue I gave the best answers. Thanks",76.4,0.6,medium,repeated_but_usable,PENDING,,,
REV-0274,EV-ac5af1ee2075,APP-02469,LOG-017117,2024-09-09 00:00:00,candidate_message,candidate_facing,is there any flexibility on the shift start time?,schedule_shift,Candidate raises a comment about shift or schedule.,"Good morning, the schedule might conflict with childcare, seeing wat I can work out.",,7.6,0.6,medium,same_application_duplicate,PENDING,,,
REV-0275,EV-8546215c5336,APP-02475,LOG-017171,2024-08-14 00:00:00,recruiter_note,internal,Candidate confirmed all onboarding steps complete.,onboarding_process,Candidate asks about onboarding logistics.,,,2.4,0.45,medium,likely_template,PENDING,,,
