journey_stage,mechanism_id,mechanism_name,application_id,evidence_id,outcome,dropoff,mapping_source
background_check,BM-023,Goal Gradient,APP-00003,EV-5608620cd104,joined_on_time,False,MODEL_APPLIED_FROM_CALIBRATED_FRAMEWORK
screened,BM-029,Uncertainty / Ambiguity Aversion,APP-00004,EV-33b9a9b13964,joined_on_time,False,MODEL_APPLIED_FROM_CALIBRATED_FRAMEWORK
screened,BM-001,Status Quo Bias,APP-00004,EV-c098165357f6,joined_on_time,False,HUMAN_REVIEWED
client_interview_1,BM-001,Status Quo Bias,APP-00004,EV-fc6332dc18ef,joined_on_time,False,HUMAN_REVIEWED
client_interview_2,BM-006,Friction,APP-00004,EV-2d476377bb91,joined_on_time,False,MODEL_APPLIED_FROM_CALIBRATED_FRAMEWORK
client_interview_2,BM-006,Friction,APP-00004,EV-2cd0ed9759da,joined_on_time,False,MODEL_APPLIED_FROM_CALIBRATED_FRAMEWORK
offer_accepted,BM-006,Friction,APP-00004,EV-58e633d4c3bb,joined_on_time,False,MODEL_APPLIED_FROM_CALIBRATED_FRAMEWORK
offer_accepted,BM-006,Friction,APP-00004,EV-558c2f9ceb6e,joined_on_time,False,MODEL_APPLIED_FROM_CALIBRATED_FRAMEWORK
offer_accepted,BM-006,Friction,APP-00004,EV-4610b43d961e,joined_on_time,False,MODEL_APPLIED_FROM_CALIBRATED_FRAMEWORK
background_check,BM-006,Friction,APP-00004,EV-d8024501f44d,joined_on_time,False,MODEL_APPLIED_FROM_CALIBRATED_FRAMEWORK
onboarding_docs_sent,BM-029,Uncertainty / Ambiguity Aversion,APP-00004,EV-dc8f551193b9,joined_on_time,False,MODEL_APPLIED_FROM_CALIBRATED_FRAMEWORK
onboarding_docs_sent,BM-006,Friction,APP-00004,EV-045afcc9e6a7,joined_on_time,False,MODEL_APPLIED_FROM_CALIBRATED_FRAMEWORK
submitted,BM-029,Uncertainty / Ambiguity Aversion,APP-00005,EV-909d3aec6e83,withdrew_post_acceptance,True,MODEL_APPLIED_FROM_CALIBRATED_FRAMEWORK
client_interview_1,BM-029,Uncertainty / Ambiguity Aversion,APP-00005,EV-22e210bdeca6,withdrew_post_acceptance,True,MODEL_APPLIED_FROM_CALIBRATED_FRAMEWORK
background_check,BM-029,Uncertainty / Ambiguity Aversion,APP-00005,EV-f1266225e47f,withdrew_post_acceptance,True,MODEL_APPLIED_FROM_CALIBRATED_FRAMEWORK
background_check,BM-029,Uncertainty / Ambiguity Aversion,APP-00005,EV-08b8dd7a11ce,withdrew_post_acceptance,True,MODEL_APPLIED_FROM_CALIBRATED_FRAMEWORK
background_check,BM-002,Loss Aversion,APP-00005,EV-9b4778aa232d,withdrew_post_acceptance,True,MODEL_APPLIED_FROM_CALIBRATED_FRAMEWORK
screened,BM-006,Friction,APP-00008,EV-84933b378067,declined_offer,True,MODEL_APPLIED_FROM_CALIBRATED_FRAMEWORK
client_interview_1,BM-006,Friction,APP-00008,EV-5bf090faa25f,declined_offer,True,HUMAN_REVIEWED
client_interview_1,BM-006,Friction,APP-00008,EV-ba8eac09b489,declined_offer,True,MODEL_APPLIED_FROM_CALIBRATED_FRAMEWORK
client_interview_1,BM-006,Friction,APP-00008,EV-f1ed30ef7b52,declined_offer,True,MODEL_APPLIED_FROM_CALIBRATED_FRAMEWORK
client_interview_1,BM-002,Loss Aversion,APP-00008,EV-e41aa391e99d,declined_offer,True,MODEL_APPLIED_FROM_CALIBRATED_FRAMEWORK
unknown,BM-006,Friction,APP-00012,EV-6b4cfde70e92,declined_offer,True,MODEL_APPLIED_FROM_CALIBRATED_FRAMEWORK
unknown,BM-006,Friction,APP-00012,EV-dbba9da7e534,declined_offer,True,MODEL_APPLIED_FROM_CALIBRATED_FRAMEWORK
screened,BM-006,Friction,APP-00012,EV-39fd4467b1da,declined_offer,True,MODEL_APPLIED_FROM_CALIBRATED_FRAMEWORK
client_interview_1,BM-006,Friction,APP-00012,EV-6b8c0d756363,declined_offer,True,MODEL_APPLIED_FROM_CALIBRATED_FRAMEWORK
client_interview_1,BM-006,Friction,APP-00012,EV-6369a82b7ce9,declined_offer,True,MODEL_APPLIED_FROM_CALIBRATED_FRAMEWORK
client_interview_1,BM-006,Friction,APP-00012,EV-7a77cc3cf91f,declined_offer,True,MODEL_APPLIED_FROM_CALIBRATED_FRAMEWORK
submitted,BM-023,Goal Gradient,APP-00013,EV-cbbdc1545b36,joined_late,False,MODEL_APPLIED_FROM_CALIBRATED_FRAMEWORK
background_check,BM-023,Goal Gradient,APP-00013,EV-b20dc0a466b5,joined_late,False,MODEL_APPLIED_FROM_CALIBRATED_FRAMEWORK
unknown,BM-006,Friction,APP-00016,EV-5f3b5f5f2e72,accepted_no_show,True,MODEL_APPLIED_FROM_CALIBRATED_FRAMEWORK
unknown,BM-006,Friction,APP-00016,EV-4bd4bcbd1e35,accepted_no_show,True,MODEL_APPLIED_FROM_CALIBRATED_FRAMEWORK
screened,BM-006,Friction,APP-00016,EV-6fd94da9b5f2,accepted_no_show,True,MODEL_APPLIED_FROM_CALIBRATED_FRAMEWORK
client_interview_1,BM-006,Friction,APP-00016,EV-b5dfbff51261,accepted_no_show,True,MODEL_APPLIED_FROM_CALIBRATED_FRAMEWORK
client_interview_1,BM-006,Friction,APP-00016,EV-4782ac2627b0,accepted_no_show,True,MODEL_APPLIED_FROM_CALIBRATED_FRAMEWORK
client_interview_1,BM-006,Friction,APP-00016,EV-8daea3620bdc,accepted_no_show,True,MODEL_APPLIED_FROM_CALIBRATED_FRAMEWORK
client_interview_1,BM-006,Friction,APP-00016,EV-003d93c9f5cb,accepted_no_show,True,MODEL_APPLIED_FROM_CALIBRATED_FRAMEWORK
client_interview_1,BM-006,Friction,APP-00016,EV-375795f1a733,accepted_no_show,True,MODEL_APPLIED_FROM_CALIBRATED_FRAMEWORK
client_interview_1,BM-006,Friction,APP-00016,EV-ae78582006d5,accepted_no_show,True,MODEL_APPLIED_FROM_CALIBRATED_FRAMEWORK
client_interview_1,BM-006,Friction,APP-00016,EV-54dc8dcbb134,accepted_no_show,True,MODEL_APPLIED_FROM_CALIBRATED_FRAMEWORK
client_interview_1,BM-006,Friction,APP-00016,EV-6996e6a012cc,accepted_no_show,True,MODEL_APPLIED_FROM_CALIBRATED_FRAMEWORK
offer_accepted,BM-006,Friction,APP-00016,EV-9209262a0521,accepted_no_show,True,MODEL_APPLIED_FROM_CALIBRATED_FRAMEWORK
offer_accepted,BM-006,Friction,APP-00016,EV-207374c71426,accepted_no_show,True,MODEL_APPLIED_FROM_CALIBRATED_FRAMEWORK
offer_accepted,BM-006,Friction,APP-00016,EV-d33af62d5196,accepted_no_show,True,MODEL_APPLIED_FROM_CALIBRATED_FRAMEWORK
submitted,BM-020,Commitment / Consistency,APP-00017,EV-2b640b44c1b3,joined_on_time,False,MODEL_APPLIED_FROM_CALIBRATED_FRAMEWORK
submitted,BM-018,Identity Signaling,APP-00017,EV-e8c524c2ff7f,joined_on_time,False,MODEL_APPLIED_FROM_CALIBRATED_FRAMEWORK
screened,BM-006,Friction,APP-00020,EV-bf71b5283c13,withdrew_post_acceptance,True,MODEL_APPLIED_FROM_CALIBRATED_FRAMEWORK
submitted,BM-006,Friction,APP-00020,EV-8e98019844c5,withdrew_post_acceptance,True,MODEL_APPLIED_FROM_CALIBRATED_FRAMEWORK
submitted,BM-029,Uncertainty / Ambiguity Aversion,APP-00020,EV-f9968ec3ff13,withdrew_post_acceptance,True,MODEL_APPLIED_FROM_CALIBRATED_FRAMEWORK
background_check,BM-006,Friction,APP-00020,EV-fae4f05e1938,withdrew_post_acceptance,True,MODEL_APPLIED_FROM_CALIBRATED_FRAMEWORK
background_check,BM-006,Friction,APP-00020,EV-239086876abd,withdrew_post_acceptance,True,MODEL_APPLIED_FROM_CALIBRATED_FRAMEWORK
background_check,BM-006,Friction,APP-00020,EV-5623f0cbe7e8,withdrew_post_acceptance,True,MODEL_APPLIED_FROM_CALIBRATED_FRAMEWORK
background_check,BM-002,Loss Aversion,APP-00020,EV-474fa9cd56a0,withdrew_post_acceptance,True,MODEL_APPLIED_FROM_CALIBRATED_FRAMEWORK
submitted,BM-020,Commitment / Consistency,APP-00024,EV-acdefe8d01c1,joined_on_time,False,MODEL_APPLIED_FROM_CALIBRATED_FRAMEWORK
background_check,BM-002,Loss Aversion,APP-00026,EV-81ac4fa672d9,withdrew_post_acceptance,True,MODEL_APPLIED_FROM_CALIBRATED_FRAMEWORK
submitted,BM-020,Commitment / Consistency,APP-00028,EV-f397eae7a8c5,joined_on_time,False,MODEL_APPLIED_FROM_CALIBRATED_FRAMEWORK
client_interview_1,BM-011,Reciprocity,APP-00028,EV-1ffaf722f6ff,joined_on_time,False,MODEL_APPLIED_FROM_CALIBRATED_FRAMEWORK
offer_accepted,BM-020,Commitment / Consistency,APP-00028,EV-5c340eaada1e,joined_on_time,False,MODEL_APPLIED_FROM_CALIBRATED_FRAMEWORK
background_check,BM-011,Reciprocity,APP-00028,EV-46cc4bbbf559,joined_on_time,False,MODEL_APPLIED_FROM_CALIBRATED_FRAMEWORK
onboarding_docs_sent,BM-020,Commitment / Consistency,APP-00028,EV-9421e7e41574,joined_on_time,False,MODEL_APPLIED_FROM_CALIBRATED_FRAMEWORK
background_check,BM-006,Friction,APP-00030,EV-13e62439b0de,withdrew_post_acceptance,True,MODEL_APPLIED_FROM_CALIBRATED_FRAMEWORK
unknown,BM-029,Uncertainty / Ambiguity Aversion,APP-00032,EV-2da13c01cc11,declined_offer,True,HUMAN_REVIEWED
screened,BM-006,Friction,APP-00033,EV-fce68074f527,joined_on_time,False,MODEL_APPLIED_FROM_CALIBRATED_FRAMEWORK
submitted,BM-002,Loss Aversion,APP-00034,EV-cbe2663b03f7,withdrew_post_acceptance,True,MODEL_APPLIED_FROM_CALIBRATED_FRAMEWORK
offer_accepted,BM-011,Reciprocity,APP-00035,EV-e850c1498cba,joined_on_time,False,MODEL_APPLIED_FROM_CALIBRATED_FRAMEWORK
submitted,BM-029,Uncertainty / Ambiguity Aversion,APP-00036,EV-003be45f1be0,joined_late,False,HUMAN_REVIEWED
client_interview_1,BM-029,Uncertainty / Ambiguity Aversion,APP-00036,EV-7a303ee54cc9,joined_late,False,MODEL_APPLIED_FROM_CALIBRATED_FRAMEWORK
client_interview_1,BM-023,Goal Gradient,APP-00036,EV-f0f54bd7801e,joined_late,False,MODEL_APPLIED_FROM_CALIBRATED_FRAMEWORK
offer_accepted,BM-001,Status Quo Bias,APP-00036,EV-23365d5ac5d3,joined_late,False,MODEL_APPLIED_FROM_CALIBRATED_FRAMEWORK
offer_accepted,BM-001,Status Quo Bias,APP-00036,EV-9dcb6059bbe0,joined_late,False,MODEL_APPLIED_FROM_CALIBRATED_FRAMEWORK
background_check,BM-023,Goal Gradient,APP-00036,EV-9a177f29e5ab,joined_late,False,MODEL_APPLIED_FROM_CALIBRATED_FRAMEWORK
onboarding_docs_sent,BM-023,Goal Gradient,APP-00036,EV-7528d04cfa0b,joined_late,False,MODEL_APPLIED_FROM_CALIBRATED_FRAMEWORK
onboarding_docs_sent,BM-023,Goal Gradient,APP-00036,EV-dff6ae324fe4,joined_late,False,MODEL_APPLIED_FROM_CALIBRATED_FRAMEWORK
onboarding_docs_sent,BM-029,Uncertainty / Ambiguity Aversion,APP-00036,EV-b57dc69b7b6e,joined_late,False,MODEL_APPLIED_FROM_CALIBRATED_FRAMEWORK
onboarding_docs_sent,BM-023,Goal Gradient,APP-00036,EV-a3fb5688600e,joined_late,False,MODEL_APPLIED_FROM_CALIBRATED_FRAMEWORK
onboarding_docs_sent,BM-001,Status Quo Bias,APP-00036,EV-b3e94a9beaf5,joined_late,False,MODEL_APPLIED_FROM_CALIBRATED_FRAMEWORK
onboarding_docs_sent,BM-001,Status Quo Bias,APP-00036,EV-bc358a87efcf,joined_late,False,MODEL_APPLIED_FROM_CALIBRATED_FRAMEWORK
offer_accepted,BM-029,Uncertainty / Ambiguity Aversion,APP-00037,EV-d59049c46dfe,accepted_no_show,True,MODEL_APPLIED_FROM_CALIBRATED_FRAMEWORK
offer_accepted,BM-029,Uncertainty / Ambiguity Aversion,APP-00037,EV-deb5f83a443b,accepted_no_show,True,HUMAN_REVIEWED
client_interview_1,BM-006,Friction,APP-00039,EV-c68d5ef1c6ba,joined_late,False,MODEL_APPLIED_FROM_CALIBRATED_FRAMEWORK
offer_accepted,BM-006,Friction,APP-00039,EV-e85d5df18376,joined_late,False,MODEL_APPLIED_FROM_CALIBRATED_FRAMEWORK
background_check,BM-006,Friction,APP-00039,EV-d76ebcce8efa,joined_late,False,MODEL_APPLIED_FROM_CALIBRATED_FRAMEWORK
background_check,BM-006,Friction,APP-00039,EV-c23c4f6f8c42,joined_late,False,MODEL_APPLIED_FROM_CALIBRATED_FRAMEWORK
background_check,BM-006,Friction,APP-00039,EV-4bfd1a132925,joined_late,False,MODEL_APPLIED_FROM_CALIBRATED_FRAMEWORK
onboarding_docs_sent,BM-006,Friction,APP-00039,EV-b427710e38e5,joined_late,False,MODEL_APPLIED_FROM_CALIBRATED_FRAMEWORK
client_interview_1,BM-018,Identity Signaling,APP-00043,EV-5f32962b9bed,joined_on_time,False,MODEL_APPLIED_FROM_CALIBRATED_FRAMEWORK
offer_accepted,BM-013,Anchoring,APP-00044,EV-4c02bf717d1c,joined_on_time,False,HUMAN_REVIEWED
unknown,BM-006,Friction,APP-00045,EV-80625c7ccbd3,joined_on_time,False,MODEL_APPLIED_FROM_CALIBRATED_FRAMEWORK
screened,BM-006,Friction,APP-00045,EV-323fa8dd4cce,joined_on_time,False,MODEL_APPLIED_FROM_CALIBRATED_FRAMEWORK
screened,BM-006,Friction,APP-00045,EV-cf9357ed66b7,joined_on_time,False,MODEL_APPLIED_FROM_CALIBRATED_FRAMEWORK
client_interview_1,BM-006,Friction,APP-00045,EV-8ecc66e4278a,joined_on_time,False,MODEL_APPLIED_FROM_CALIBRATED_FRAMEWORK
client_interview_1,BM-006,Friction,APP-00045,EV-c4678c5d3395,joined_on_time,False,HUMAN_REVIEWED
client_interview_1,BM-006,Friction,APP-00045,EV-fa9463a897a1,joined_on_time,False,MODEL_APPLIED_FROM_CALIBRATED_FRAMEWORK
client_interview_2,BM-006,Friction,APP-00045,EV-a49ac390e489,joined_on_time,False,MODEL_APPLIED_FROM_CALIBRATED_FRAMEWORK
offer_extended,BM-006,Friction,APP-00045,EV-b3199845c3f9,joined_on_time,False,MODEL_APPLIED_FROM_CALIBRATED_FRAMEWORK
background_check,BM-006,Friction,APP-00045,EV-3061cd90a8b5,joined_on_time,False,MODEL_APPLIED_FROM_CALIBRATED_FRAMEWORK
onboarding_docs_sent,BM-006,Friction,APP-00045,EV-3e006ea895c5,joined_on_time,False,HUMAN_REVIEWED
unknown,BM-005,Choice Overload,APP-00047,EV-3bb3addae981,declined_offer,True,MODEL_APPLIED_FROM_CALIBRATED_FRAMEWORK
screened,BM-029,Uncertainty / Ambiguity Aversion,APP-00047,EV-ae51980aa95c,declined_offer,True,MODEL_APPLIED_FROM_CALIBRATED_FRAMEWORK
screened,BM-005,Choice Overload,APP-00047,EV-a9e41b8dd34a,declined_offer,True,MODEL_APPLIED_FROM_CALIBRATED_FRAMEWORK
screened,BM-005,Choice Overload,APP-00047,EV-bad347176f5e,declined_offer,True,MODEL_APPLIED_FROM_CALIBRATED_FRAMEWORK
screened,BM-005,Choice Overload,APP-00047,EV-265c958b3dd6,declined_offer,True,MODEL_APPLIED_FROM_CALIBRATED_FRAMEWORK
client_interview_1,BM-005,Choice Overload,APP-00047,EV-6d4140bf9a6a,declined_offer,True,MODEL_APPLIED_FROM_CALIBRATED_FRAMEWORK
client_interview_1,BM-005,Choice Overload,APP-00047,EV-5211c6e9f7c6,declined_offer,True,MODEL_APPLIED_FROM_CALIBRATED_FRAMEWORK
client_interview_1,BM-002,Loss Aversion,APP-00048,EV-9cc0b640c74d,withdrew_post_acceptance,True,MODEL_APPLIED_FROM_CALIBRATED_FRAMEWORK
submitted,BM-020,Commitment / Consistency,APP-00050,EV-08c774cbac91,joined_on_time,False,MODEL_APPLIED_FROM_CALIBRATED_FRAMEWORK
submitted,BM-006,Friction,APP-00050,EV-ef294bae27e1,joined_on_time,False,MODEL_APPLIED_FROM_CALIBRATED_FRAMEWORK
unknown,BM-029,Uncertainty / Ambiguity Aversion,APP-00051,EV-4509fd1b23b4,declined_offer,True,MODEL_APPLIED_FROM_CALIBRATED_FRAMEWORK
unknown,BM-029,Uncertainty / Ambiguity Aversion,APP-00051,EV-2453153c9993,declined_offer,True,MODEL_APPLIED_FROM_CALIBRATED_FRAMEWORK
submitted,BM-029,Uncertainty / Ambiguity Aversion,APP-00051,EV-a91cf5bcd0dd,declined_offer,True,MODEL_APPLIED_FROM_CALIBRATED_FRAMEWORK
submitted,BM-029,Uncertainty / Ambiguity Aversion,APP-00051,EV-87fb9955e9da,declined_offer,True,MODEL_APPLIED_FROM_CALIBRATED_FRAMEWORK
submitted,BM-029,Uncertainty / Ambiguity Aversion,APP-00053,EV-27b86d028d25,accepted_no_show,True,HUMAN_REVIEWED
background_check,BM-014,Confirmation Bias,APP-00053,EV-ecce218b2301,accepted_no_show,True,MODEL_APPLIED_FROM_CALIBRATED_FRAMEWORK
background_check,BM-029,Uncertainty / Ambiguity Aversion,APP-00053,EV-a8d743deb623,accepted_no_show,True,HUMAN_REVIEWED
background_check,BM-014,Confirmation Bias,APP-00053,EV-b51b96b1bb1f,accepted_no_show,True,MODEL_APPLIED_FROM_CALIBRATED_FRAMEWORK
background_check,BM-014,Confirmation Bias,APP-00053,EV-dc8b1ad6e86a,accepted_no_show,True,MODEL_APPLIED_FROM_CALIBRATED_FRAMEWORK
background_check,BM-014,Confirmation Bias,APP-00053,EV-fb9fd019c707,accepted_no_show,True,MODEL_APPLIED_FROM_CALIBRATED_FRAMEWORK
background_check,BM-014,Confirmation Bias,APP-00053,EV-23ae2707e5d1,accepted_no_show,True,MODEL_APPLIED_FROM_CALIBRATED_FRAMEWORK
background_check,BM-014,Confirmation Bias,APP-00053,EV-f137b2ffe736,accepted_no_show,True,MODEL_APPLIED_FROM_CALIBRATED_FRAMEWORK
submitted,BM-006,Friction,APP-00055,EV-c5902f7d9902,declined_offer,True,MODEL_APPLIED_FROM_CALIBRATED_FRAMEWORK
submitted,BM-006,Friction,APP-00055,EV-f5c6f52e9825,declined_offer,True,MODEL_APPLIED_FROM_CALIBRATED_FRAMEWORK
submitted,BM-006,Friction,APP-00055,EV-d99001ca4cb7,declined_offer,True,MODEL_APPLIED_FROM_CALIBRATED_FRAMEWORK
submitted,BM-006,Friction,APP-00055,EV-3a0682b6ea74,declined_offer,True,MODEL_APPLIED_FROM_CALIBRATED_FRAMEWORK
submitted,BM-002,Loss Aversion,APP-00055,EV-b19a7d6f914f,declined_offer,True,MODEL_APPLIED_FROM_CALIBRATED_FRAMEWORK
screened,BM-029,Uncertainty / Ambiguity Aversion,APP-00059,EV-779ec5f5aa84,joined_on_time,False,MODEL_APPLIED_FROM_CALIBRATED_FRAMEWORK
client_interview_1,BM-029,Uncertainty / Ambiguity Aversion,APP-00059,EV-4407766ec782,joined_on_time,False,MODEL_APPLIED_FROM_CALIBRATED_FRAMEWORK
client_interview_2,BM-029,Uncertainty / Ambiguity Aversion,APP-00059,EV-a3a6d9e71693,joined_on_time,False,MODEL_APPLIED_FROM_CALIBRATED_FRAMEWORK
background_check,BM-029,Uncertainty / Ambiguity Aversion,APP-00059,EV-1ee608e9d8b9,joined_on_time,False,MODEL_APPLIED_FROM_CALIBRATED_FRAMEWORK
background_check,BM-029,Uncertainty / Ambiguity Aversion,APP-00059,EV-4035749debcd,joined_on_time,False,MODEL_APPLIED_FROM_CALIBRATED_FRAMEWORK
background_check,BM-029,Uncertainty / Ambiguity Aversion,APP-00059,EV-26942843b0c7,joined_on_time,False,HUMAN_REVIEWED
background_check,BM-029,Uncertainty / Ambiguity Aversion,APP-00059,EV-aa8131f2ae84,joined_on_time,False,MODEL_APPLIED_FROM_CALIBRATED_FRAMEWORK
background_check,BM-029,Uncertainty / Ambiguity Aversion,APP-00059,EV-3992bf95675a,joined_on_time,False,HUMAN_REVIEWED
submitted,BM-006,Friction,APP-00062,EV-0bc457364011,joined_on_time,False,MODEL_APPLIED_FROM_CALIBRATED_FRAMEWORK
client_interview_2,BM-006,Friction,APP-00062,EV-ed65874e8412,joined_on_time,False,MODEL_APPLIED_FROM_CALIBRATED_FRAMEWORK
offer_accepted,BM-006,Friction,APP-00062,EV-47ba679cae29,joined_on_time,False,MODEL_APPLIED_FROM_CALIBRATED_FRAMEWORK
onboarding_docs_sent,BM-006,Friction,APP-00062,EV-e41d7d485ba0,joined_on_time,False,MODEL_APPLIED_FROM_CALIBRATED_FRAMEWORK
onboarding_docs_sent,BM-006,Friction,APP-00062,EV-f0c30cc95cea,joined_on_time,False,MODEL_APPLIED_FROM_CALIBRATED_FRAMEWORK
submitted,BM-029,Uncertainty / Ambiguity Aversion,APP-00063,EV-5c9d6f0007f6,joined_on_time,False,HUMAN_REVIEWED
client_interview_1,BM-011,Reciprocity,APP-00063,EV-3cf0d2877c04,joined_on_time,False,MODEL_APPLIED_FROM_CALIBRATED_FRAMEWORK
client_interview_1,BM-011,Reciprocity,APP-00063,EV-5868acd3700f,joined_on_time,False,MODEL_APPLIED_FROM_CALIBRATED_FRAMEWORK
offer_extended,BM-011,Reciprocity,APP-00063,EV-e8656d96f058,joined_on_time,False,MODEL_APPLIED_FROM_CALIBRATED_FRAMEWORK
offer_accepted,BM-011,Reciprocity,APP-00063,EV-333b8b674a38,joined_on_time,False,MODEL_APPLIED_FROM_CALIBRATED_FRAMEWORK
offer_accepted,BM-011,Reciprocity,APP-00063,EV-22b36ae19753,joined_on_time,False,MODEL_APPLIED_FROM_CALIBRATED_FRAMEWORK
client_interview_2,BM-006,Friction,APP-00066,EV-460cdf4091c9,joined_on_time,False,MODEL_APPLIED_FROM_CALIBRATED_FRAMEWORK
submitted,BM-023,Goal Gradient,APP-00068,EV-bb7a05a647d3,joined_on_time,False,MODEL_APPLIED_FROM_CALIBRATED_FRAMEWORK
submitted,BM-023,Goal Gradient,APP-00068,EV-52782f2b1159,joined_on_time,False,MODEL_APPLIED_FROM_CALIBRATED_FRAMEWORK
screened,BM-005,Choice Overload,APP-00070,EV-4c88edca9dba,declined_offer,True,MODEL_APPLIED_FROM_CALIBRATED_FRAMEWORK
screened,BM-005,Choice Overload,APP-00070,EV-545d5883f2a7,declined_offer,True,MODEL_APPLIED_FROM_CALIBRATED_FRAMEWORK
submitted,BM-005,Choice Overload,APP-00070,EV-3698f4764774,declined_offer,True,MODEL_APPLIED_FROM_CALIBRATED_FRAMEWORK
submitted,BM-005,Choice Overload,APP-00070,EV-11dd6933029f,declined_offer,True,MODEL_APPLIED_FROM_CALIBRATED_FRAMEWORK
client_interview_1,BM-005,Choice Overload,APP-00070,EV-b0241df9bf1a,declined_offer,True,MODEL_APPLIED_FROM_CALIBRATED_FRAMEWORK
offer_extended,BM-005,Choice Overload,APP-00070,EV-b1cd7d1909c7,declined_offer,True,MODEL_APPLIED_FROM_CALIBRATED_FRAMEWORK
offer_extended,BM-029,Uncertainty / Ambiguity Aversion,APP-00070,EV-efc9cfbc50e7,declined_offer,True,HUMAN_REVIEWED
offer_extended,BM-005,Choice Overload,APP-00070,EV-6695c5b91e1f,declined_offer,True,MODEL_APPLIED_FROM_CALIBRATED_FRAMEWORK
offer_extended,BM-005,Choice Overload,APP-00070,EV-28f6d5467774,declined_offer,True,MODEL_APPLIED_FROM_CALIBRATED_FRAMEWORK
submitted,BM-011,Reciprocity,APP-00071,EV-a46fddffeadf,joined_on_time,False,MODEL_APPLIED_FROM_CALIBRATED_FRAMEWORK
screened,BM-029,Uncertainty / Ambiguity Aversion,APP-00072,EV-86c880bbcdf8,joined_on_time,False,MODEL_APPLIED_FROM_CALIBRATED_FRAMEWORK
screened,BM-029,Uncertainty / Ambiguity Aversion,APP-00072,EV-8cbc4304b48c,joined_on_time,False,HUMAN_REVIEWED
submitted,BM-029,Uncertainty / Ambiguity Aversion,APP-00072,EV-10b525790c70,joined_on_time,False,MODEL_APPLIED_FROM_CALIBRATED_FRAMEWORK
submitted,BM-029,Uncertainty / Ambiguity Aversion,APP-00072,EV-cfad8b19d230,joined_on_time,False,MODEL_APPLIED_FROM_CALIBRATED_FRAMEWORK
offer_extended,BM-029,Uncertainty / Ambiguity Aversion,APP-00072,EV-02a7a8e06ae3,joined_on_time,False,MODEL_APPLIED_FROM_CALIBRATED_FRAMEWORK
background_check,BM-029,Uncertainty / Ambiguity Aversion,APP-00072,EV-421ad6e8707c,joined_on_time,False,MODEL_APPLIED_FROM_CALIBRATED_FRAMEWORK
submitted,BM-006,Friction,APP-00073,EV-2eb0d7708b39,joined_on_time,False,MODEL_APPLIED_FROM_CALIBRATED_FRAMEWORK
submitted,BM-006,Friction,APP-00073,EV-d69cce1b2af8,joined_on_time,False,MODEL_APPLIED_FROM_CALIBRATED_FRAMEWORK
offer_extended,BM-006,Friction,APP-00073,EV-c2c665850001,joined_on_time,False,MODEL_APPLIED_FROM_CALIBRATED_FRAMEWORK
offer_extended,BM-006,Friction,APP-00073,EV-09dff6e572b4,joined_on_time,False,MODEL_APPLIED_FROM_CALIBRATED_FRAMEWORK
offer_extended,BM-006,Friction,APP-00073,EV-a32289814177,joined_on_time,False,MODEL_APPLIED_FROM_CALIBRATED_FRAMEWORK
background_check,BM-006,Friction,APP-00073,EV-9d44587fedd5,joined_on_time,False,MODEL_APPLIED_FROM_CALIBRATED_FRAMEWORK
client_interview_2,BM-020,Commitment / Consistency,APP-00076,EV-6050ff7b6ab5,joined_on_time,False,MODEL_APPLIED_FROM_CALIBRATED_FRAMEWORK
client_interview_2,BM-018,Identity Signaling,APP-00076,EV-3e57ab1738f9,joined_on_time,False,MODEL_APPLIED_FROM_CALIBRATED_FRAMEWORK
client_interview_2,BM-018,Identity Signaling,APP-00076,EV-38d623636995,joined_on_time,False,MODEL_APPLIED_FROM_CALIBRATED_FRAMEWORK
background_check,BM-020,Commitment / Consistency,APP-00076,EV-2da561921c6c,joined_on_time,False,MODEL_APPLIED_FROM_CALIBRATED_FRAMEWORK
background_check,BM-018,Identity Signaling,APP-00076,EV-9dc55e047d3c,joined_on_time,False,MODEL_APPLIED_FROM_CALIBRATED_FRAMEWORK
submitted,BM-006,Friction,APP-00079,EV-1dd2c054a2ab,joined_late,False,MODEL_APPLIED_FROM_CALIBRATED_FRAMEWORK
submitted,BM-006,Friction,APP-00079,EV-53770fe2b17c,joined_late,False,MODEL_APPLIED_FROM_CALIBRATED_FRAMEWORK
client_interview_1,BM-006,Friction,APP-00079,EV-e22a2ec025be,joined_late,False,MODEL_APPLIED_FROM_CALIBRATED_FRAMEWORK
client_interview_1,BM-006,Friction,APP-00079,EV-1b887de89356,joined_late,False,MODEL_APPLIED_FROM_CALIBRATED_FRAMEWORK
offer_accepted,BM-006,Friction,APP-00079,EV-7da16f874210,joined_late,False,HUMAN_REVIEWED
onboarding_docs_sent,BM-006,Friction,APP-00079,EV-697f0a847314,joined_late,False,MODEL_APPLIED_FROM_CALIBRATED_FRAMEWORK
unknown,BM-029,Uncertainty / Ambiguity Aversion,APP-00080,EV-7ecdacf1e6f5,declined_offer,True,MODEL_APPLIED_FROM_CALIBRATED_FRAMEWORK
client_interview_1,BM-029,Uncertainty / Ambiguity Aversion,APP-00080,EV-2843eabbef53,declined_offer,True,MODEL_APPLIED_FROM_CALIBRATED_FRAMEWORK
screened,BM-006,Friction,APP-00082,EV-79e9f7dc605b,joined_on_time,False,MODEL_APPLIED_FROM_CALIBRATED_FRAMEWORK
submitted,BM-006,Friction,APP-00082,EV-cf2f130ac10b,joined_on_time,False,MODEL_APPLIED_FROM_CALIBRATED_FRAMEWORK
offer_extended,BM-006,Friction,APP-00082,EV-73c81b2e03c7,joined_on_time,False,MODEL_APPLIED_FROM_CALIBRATED_FRAMEWORK
offer_accepted,BM-006,Friction,APP-00082,EV-b6c5eb7c40cc,joined_on_time,False,MODEL_APPLIED_FROM_CALIBRATED_FRAMEWORK
background_check,BM-006,Friction,APP-00082,EV-5f4625dbe60a,joined_on_time,False,MODEL_APPLIED_FROM_CALIBRATED_FRAMEWORK
background_check,BM-006,Friction,APP-00082,EV-c2df38b6dc61,joined_on_time,False,MODEL_APPLIED_FROM_CALIBRATED_FRAMEWORK
unknown,BM-001,Status Quo Bias,APP-00084,EV-4ee3d94383cd,joined_late,False,MODEL_APPLIED_FROM_CALIBRATED_FRAMEWORK
screened,BM-001,Status Quo Bias,APP-00084,EV-18d6e17995a1,joined_late,False,MODEL_APPLIED_FROM_CALIBRATED_FRAMEWORK
offer_accepted,BM-029,Uncertainty / Ambiguity Aversion,APP-00084,EV-7867203f54fc,joined_late,False,MODEL_APPLIED_FROM_CALIBRATED_FRAMEWORK
offer_accepted,BM-023,Goal Gradient,APP-00084,EV-84282270b5dd,joined_late,False,MODEL_APPLIED_FROM_CALIBRATED_FRAMEWORK
background_check,BM-029,Uncertainty / Ambiguity Aversion,APP-00084,EV-ca2ca1159897,joined_late,False,MODEL_APPLIED_FROM_CALIBRATED_FRAMEWORK
background_check,BM-023,Goal Gradient,APP-00084,EV-3f5418bc58db,joined_late,False,MODEL_APPLIED_FROM_CALIBRATED_FRAMEWORK
onboarding_docs_sent,BM-001,Status Quo Bias,APP-00084,EV-4940cb8934ad,joined_late,False,MODEL_APPLIED_FROM_CALIBRATED_FRAMEWORK
onboarding_docs_sent,BM-029,Uncertainty / Ambiguity Aversion,APP-00084,EV-ebeb501ec3ab,joined_late,False,MODEL_APPLIED_FROM_CALIBRATED_FRAMEWORK
onboarding_docs_sent,BM-023,Goal Gradient,APP-00084,EV-298b8f571e4a,joined_late,False,MODEL_APPLIED_FROM_CALIBRATED_FRAMEWORK
screened,BM-006,Friction,APP-00087,EV-d2d4d294c216,joined_on_time,False,MODEL_APPLIED_FROM_CALIBRATED_FRAMEWORK
screened,BM-006,Friction,APP-00087,EV-e892d60194b8,joined_on_time,False,MODEL_APPLIED_FROM_CALIBRATED_FRAMEWORK
client_interview_2,BM-006,Friction,APP-00087,EV-7919cc5a2c5b,joined_on_time,False,MODEL_APPLIED_FROM_CALIBRATED_FRAMEWORK
offer_extended,BM-006,Friction,APP-00087,EV-bc5ea79bce80,joined_on_time,False,MODEL_APPLIED_FROM_CALIBRATED_FRAMEWORK
offer_extended,BM-006,Friction,APP-00087,EV-d610638b08f1,joined_on_time,False,MODEL_APPLIED_FROM_CALIBRATED_FRAMEWORK
submitted,BM-020,Commitment / Consistency,APP-00088,EV-331db0fdbbab,joined_on_time,False,MODEL_APPLIED_FROM_CALIBRATED_FRAMEWORK
screened,BM-029,Uncertainty / Ambiguity Aversion,APP-00089,EV-7b8f20c8db3c,withdrew_post_acceptance,True,MODEL_APPLIED_FROM_CALIBRATED_FRAMEWORK
screened,BM-029,Uncertainty / Ambiguity Aversion,APP-00089,EV-2a29808e954d,withdrew_post_acceptance,True,MODEL_APPLIED_FROM_CALIBRATED_FRAMEWORK
background_check,BM-001,Status Quo Bias,APP-00089,EV-088f58caf727,withdrew_post_acceptance,True,MODEL_APPLIED_FROM_CALIBRATED_FRAMEWORK
background_check,BM-001,Status Quo Bias,APP-00089,EV-4c6a8e9de4a8,withdrew_post_acceptance,True,MODEL_APPLIED_FROM_CALIBRATED_FRAMEWORK
background_check,BM-029,Uncertainty / Ambiguity Aversion,APP-00089,EV-124bd277caff,withdrew_post_acceptance,True,MODEL_APPLIED_FROM_CALIBRATED_FRAMEWORK
background_check,BM-029,Uncertainty / Ambiguity Aversion,APP-00089,EV-fa64afd0294d,withdrew_post_acceptance,True,MODEL_APPLIED_FROM_CALIBRATED_FRAMEWORK
background_check,BM-001,Status Quo Bias,APP-00089,EV-cb176c70787d,withdrew_post_acceptance,True,MODEL_APPLIED_FROM_CALIBRATED_FRAMEWORK
screened,BM-005,Choice Overload,APP-00090,EV-226af74f94b4,joined_on_time,False,MODEL_APPLIED_FROM_CALIBRATED_FRAMEWORK
offer_extended,BM-029,Uncertainty / Ambiguity Aversion,APP-00090,EV-fdd734c2af78,joined_on_time,False,MODEL_APPLIED_FROM_CALIBRATED_FRAMEWORK
offer_extended,BM-005,Choice Overload,APP-00090,EV-e5e2e85d3fbf,joined_on_time,False,MODEL_APPLIED_FROM_CALIBRATED_FRAMEWORK
screened,BM-006,Friction,APP-00094,EV-d4efa322be02,declined_offer,True,MODEL_APPLIED_FROM_CALIBRATED_FRAMEWORK
screened,BM-006,Friction,APP-00094,EV-e48c272f2a70,declined_offer,True,MODEL_APPLIED_FROM_CALIBRATED_FRAMEWORK
submitted,BM-006,Friction,APP-00094,EV-00a5283d6b46,declined_offer,True,MODEL_APPLIED_FROM_CALIBRATED_FRAMEWORK
submitted,BM-006,Friction,APP-00094,EV-5754a4ccc2f8,declined_offer,True,MODEL_APPLIED_FROM_CALIBRATED_FRAMEWORK
submitted,BM-006,Friction,APP-00094,EV-afd6cfe56390,declined_offer,True,MODEL_APPLIED_FROM_CALIBRATED_FRAMEWORK
submitted,BM-006,Friction,APP-00094,EV-2c720d89a07b,declined_offer,True,MODEL_APPLIED_FROM_CALIBRATED_FRAMEWORK
submitted,BM-006,Friction,APP-00094,EV-9dd50e936da9,declined_offer,True,MODEL_APPLIED_FROM_CALIBRATED_FRAMEWORK
offer_extended,BM-006,Friction,APP-00094,EV-0c00c30b1072,declined_offer,True,MODEL_APPLIED_FROM_CALIBRATED_FRAMEWORK
offer_extended,BM-002,Loss Aversion,APP-00094,EV-9d7e41c55d74,declined_offer,True,MODEL_APPLIED_FROM_CALIBRATED_FRAMEWORK
unknown,BM-011,Reciprocity,APP-00095,EV-6adf49327c20,rejected_by_client,True,MODEL_APPLIED_FROM_CALIBRATED_FRAMEWORK
unknown,BM-006,Friction,APP-00095,EV-5b125055d21a,rejected_by_client,True,MODEL_APPLIED_FROM_CALIBRATED_FRAMEWORK
submitted,BM-006,Friction,APP-00095,EV-5645f4af0a06,rejected_by_client,True,MODEL_APPLIED_FROM_CALIBRATED_FRAMEWORK
submitted,BM-011,Reciprocity,APP-00095,EV-b36d81df0647,rejected_by_client,True,MODEL_APPLIED_FROM_CALIBRATED_FRAMEWORK
client_interview_1,BM-006,Friction,APP-00095,EV-989540395353,rejected_by_client,True,HUMAN_REVIEWED
client_interview_1,BM-006,Friction,APP-00095,EV-1a7809462d9b,rejected_by_client,True,MODEL_APPLIED_FROM_CALIBRATED_FRAMEWORK
background_check,BM-006,Friction,APP-00095,EV-087963ca6157,rejected_by_client,True,MODEL_APPLIED_FROM_CALIBRATED_FRAMEWORK
background_check,BM-011,Reciprocity,APP-00095,EV-49a16601aea6,rejected_by_client,True,MODEL_APPLIED_FROM_CALIBRATED_FRAMEWORK
background_check,BM-006,Friction,APP-00095,EV-dc02fdc78578,rejected_by_client,True,MODEL_APPLIED_FROM_CALIBRATED_FRAMEWORK
background_check,BM-006,Friction,APP-00095,EV-20d559e73e4f,rejected_by_client,True,MODEL_APPLIED_FROM_CALIBRATED_FRAMEWORK
submitted,BM-006,Friction,APP-00097,EV-364f3c91963a,joined_on_time,False,MODEL_APPLIED_FROM_CALIBRATED_FRAMEWORK
client_interview_2,BM-014,Confirmation Bias,APP-00100,EV-b38a463e8e6a,joined_on_time,False,MODEL_APPLIED_FROM_CALIBRATED_FRAMEWORK
client_interview_2,BM-029,Uncertainty / Ambiguity Aversion,APP-00100,EV-29b656c46a32,joined_on_time,False,HUMAN_REVIEWED
offer_accepted,BM-014,Confirmation Bias,APP-00100,EV-d498531a4408,joined_on_time,False,MODEL_APPLIED_FROM_CALIBRATED_FRAMEWORK
background_check,BM-014,Confirmation Bias,APP-00100,EV-aeb3b02b2210,joined_on_time,False,MODEL_APPLIED_FROM_CALIBRATED_FRAMEWORK
submitted,BM-023,Goal Gradient,APP-00103,EV-5d967a7014b3,declined_offer,True,MODEL_APPLIED_FROM_CALIBRATED_FRAMEWORK
submitted,BM-011,Reciprocity,APP-00103,EV-bff7c051c993,declined_offer,True,MODEL_APPLIED_FROM_CALIBRATED_FRAMEWORK
screened,BM-029,Uncertainty / Ambiguity Aversion,APP-00104,EV-80551520f3f5,withdrew_post_acceptance,True,MODEL_APPLIED_FROM_CALIBRATED_FRAMEWORK
background_check,BM-002,Loss Aversion,APP-00104,EV-d7eeebdff35a,withdrew_post_acceptance,True,MODEL_APPLIED_FROM_CALIBRATED_FRAMEWORK
submitted,BM-006,Friction,APP-00105,EV-50cc0401129d,rejected_by_client,True,MODEL_APPLIED_FROM_CALIBRATED_FRAMEWORK
submitted,BM-006,Friction,APP-00105,EV-dc79abf6918c,rejected_by_client,True,MODEL_APPLIED_FROM_CALIBRATED_FRAMEWORK
submitted,BM-006,Friction,APP-00105,EV-2d194c6277ad,rejected_by_client,True,MODEL_APPLIED_FROM_CALIBRATED_FRAMEWORK
submitted,BM-006,Friction,APP-00105,EV-30462fb75bbe,rejected_by_client,True,MODEL_APPLIED_FROM_CALIBRATED_FRAMEWORK
submitted,BM-006,Friction,APP-00105,EV-9412924711c9,rejected_by_client,True,MODEL_APPLIED_FROM_CALIBRATED_FRAMEWORK
client_interview_1,BM-006,Friction,APP-00105,EV-81b249c45c13,rejected_by_client,True,MODEL_APPLIED_FROM_CALIBRATED_FRAMEWORK
client_interview_1,BM-006,Friction,APP-00105,EV-0a4157e11f6c,rejected_by_client,True,MODEL_APPLIED_FROM_CALIBRATED_FRAMEWORK
client_interview_1,BM-006,Friction,APP-00105,EV-0eb4a7afe001,rejected_by_client,True,HUMAN_REVIEWED
client_interview_1,BM-006,Friction,APP-00105,EV-96a13fd7f3b6,rejected_by_client,True,MODEL_APPLIED_FROM_CALIBRATED_FRAMEWORK
client_interview_2,BM-006,Friction,APP-00105,EV-67c5e2bfe830,rejected_by_client,True,MODEL_APPLIED_FROM_CALIBRATED_FRAMEWORK
offer_extended,BM-006,Friction,APP-00105,EV-84e515f25135,rejected_by_client,True,MODEL_APPLIED_FROM_CALIBRATED_FRAMEWORK
offer_extended,BM-006,Friction,APP-00105,EV-a69a2ce37f25,rejected_by_client,True,MODEL_APPLIED_FROM_CALIBRATED_FRAMEWORK
offer_extended,BM-006,Friction,APP-00105,EV-1281ea8ad880,rejected_by_client,True,MODEL_APPLIED_FROM_CALIBRATED_FRAMEWORK
submitted,BM-011,Reciprocity,APP-00106,EV-7a184e45add3,joined_on_time,False,MODEL_APPLIED_FROM_CALIBRATED_FRAMEWORK
submitted,BM-011,Reciprocity,APP-00106,EV-79f19aff464e,joined_on_time,False,MODEL_APPLIED_FROM_CALIBRATED_FRAMEWORK
client_interview_1,BM-011,Reciprocity,APP-00106,EV-8035e27b8523,joined_on_time,False,MODEL_APPLIED_FROM_CALIBRATED_FRAMEWORK
background_check,BM-011,Reciprocity,APP-00106,EV-4e85cc7026b4,joined_on_time,False,MODEL_APPLIED_FROM_CALIBRATED_FRAMEWORK
client_interview_1,BM-029,Uncertainty / Ambiguity Aversion,APP-00107,EV-86e2d3c952f0,withdrew_post_acceptance,True,MODEL_APPLIED_FROM_CALIBRATED_FRAMEWORK
client_interview_1,BM-029,Uncertainty / Ambiguity Aversion,APP-00107,EV-4648db8f0ca0,withdrew_post_acceptance,True,MODEL_APPLIED_FROM_CALIBRATED_FRAMEWORK
client_interview_1,BM-001,Status Quo Bias,APP-00107,EV-b9493e55b4da,withdrew_post_acceptance,True,MODEL_APPLIED_FROM_CALIBRATED_FRAMEWORK
offer_accepted,BM-001,Status Quo Bias,APP-00107,EV-71969756f1f0,withdrew_post_acceptance,True,MODEL_APPLIED_FROM_CALIBRATED_FRAMEWORK
screened,BM-023,Goal Gradient,APP-00115,EV-28402cf57439,joined_late,False,MODEL_APPLIED_FROM_CALIBRATED_FRAMEWORK
screened,BM-023,Goal Gradient,APP-00115,EV-b15d9bb235a9,joined_late,False,MODEL_APPLIED_FROM_CALIBRATED_FRAMEWORK
submitted,BM-023,Goal Gradient,APP-00115,EV-beb58b40e574,joined_late,False,MODEL_APPLIED_FROM_CALIBRATED_FRAMEWORK
submitted,BM-023,Goal Gradient,APP-00115,EV-2c7e522d7ba2,joined_late,False,MODEL_APPLIED_FROM_CALIBRATED_FRAMEWORK
submitted,BM-023,Goal Gradient,APP-00115,EV-eb855bc4bea6,joined_late,False,MODEL_APPLIED_FROM_CALIBRATED_FRAMEWORK
background_check,BM-002,Loss Aversion,APP-00122,EV-f2ca624565ff,withdrew_post_acceptance,True,MODEL_APPLIED_FROM_CALIBRATED_FRAMEWORK
submitted,BM-023,Goal Gradient,APP-00123,EV-a148db0dbef5,withdrew_post_acceptance,True,MODEL_APPLIED_FROM_CALIBRATED_FRAMEWORK
submitted,BM-023,Goal Gradient,APP-00123,EV-31b2b4f4ab32,withdrew_post_acceptance,True,MODEL_APPLIED_FROM_CALIBRATED_FRAMEWORK
submitted,BM-023,Goal Gradient,APP-00123,EV-0edda129b9d2,withdrew_post_acceptance,True,MODEL_APPLIED_FROM_CALIBRATED_FRAMEWORK
client_interview_1,BM-023,Goal Gradient,APP-00123,EV-6491a73d1e66,withdrew_post_acceptance,True,MODEL_APPLIED_FROM_CALIBRATED_FRAMEWORK
offer_extended,BM-023,Goal Gradient,APP-00123,EV-93513c0ad0d2,withdrew_post_acceptance,True,MODEL_APPLIED_FROM_CALIBRATED_FRAMEWORK
offer_accepted,BM-023,Goal Gradient,APP-00123,EV-ec186badacb9,withdrew_post_acceptance,True,MODEL_APPLIED_FROM_CALIBRATED_FRAMEWORK
offer_accepted,BM-002,Loss Aversion,APP-00123,EV-0f076dbf91c9,withdrew_post_acceptance,True,MODEL_APPLIED_FROM_CALIBRATED_FRAMEWORK
offer_accepted,BM-001,Status Quo Bias,APP-00124,EV-57aa404be4e3,joined_on_time,False,MODEL_APPLIED_FROM_CALIBRATED_FRAMEWORK
background_check,BM-023,Goal Gradient,APP-00124,EV-ea6d25f0276b,joined_on_time,False,MODEL_APPLIED_FROM_CALIBRATED_FRAMEWORK
background_check,BM-029,Uncertainty / Ambiguity Aversion,APP-00124,EV-71e9c9ec98e4,joined_on_time,False,MODEL_APPLIED_FROM_CALIBRATED_FRAMEWORK
background_check,BM-023,Goal Gradient,APP-00124,EV-67fa0213d52e,joined_on_time,False,MODEL_APPLIED_FROM_CALIBRATED_FRAMEWORK
background_check,BM-001,Status Quo Bias,APP-00124,EV-ae40d3d6c6c7,joined_on_time,False,MODEL_APPLIED_FROM_CALIBRATED_FRAMEWORK
screened,BM-001,Status Quo Bias,APP-00125,EV-71ec3c2defd8,accepted_no_show,True,MODEL_APPLIED_FROM_CALIBRATED_FRAMEWORK
submitted,BM-001,Status Quo Bias,APP-00125,EV-a4ed0017ac0b,accepted_no_show,True,MODEL_APPLIED_FROM_CALIBRATED_FRAMEWORK
offer_extended,BM-001,Status Quo Bias,APP-00125,EV-4676d952efc5,accepted_no_show,True,MODEL_APPLIED_FROM_CALIBRATED_FRAMEWORK
offer_extended,BM-001,Status Quo Bias,APP-00125,EV-6faad899b73c,accepted_no_show,True,MODEL_APPLIED_FROM_CALIBRATED_FRAMEWORK
background_check,BM-001,Status Quo Bias,APP-00125,EV-d57a67a10a96,accepted_no_show,True,MODEL_APPLIED_FROM_CALIBRATED_FRAMEWORK
background_check,BM-001,Status Quo Bias,APP-00125,EV-407a421e4600,accepted_no_show,True,MODEL_APPLIED_FROM_CALIBRATED_FRAMEWORK
background_check,BM-001,Status Quo Bias,APP-00125,EV-5eb0ce21e51c,accepted_no_show,True,MODEL_APPLIED_FROM_CALIBRATED_FRAMEWORK
background_check,BM-029,Uncertainty / Ambiguity Aversion,APP-00125,EV-0e7f8669307a,accepted_no_show,True,MODEL_APPLIED_FROM_CALIBRATED_FRAMEWORK
client_interview_2,BM-005,Choice Overload,APP-00126,EV-014a8e2465a6,withdrew_post_acceptance,True,MODEL_APPLIED_FROM_CALIBRATED_FRAMEWORK
client_interview_2,BM-029,Uncertainty / Ambiguity Aversion,APP-00126,EV-24965282788b,withdrew_post_acceptance,True,MODEL_APPLIED_FROM_CALIBRATED_FRAMEWORK
offer_extended,BM-029,Uncertainty / Ambiguity Aversion,APP-00126,EV-b5c3bfe876c5,withdrew_post_acceptance,True,MODEL_APPLIED_FROM_CALIBRATED_FRAMEWORK
offer_extended,BM-005,Choice Overload,APP-00126,EV-c90825ac9a3f,withdrew_post_acceptance,True,MODEL_APPLIED_FROM_CALIBRATED_FRAMEWORK
background_check,BM-006,Friction,APP-00127,EV-c5b91745d82b,joined_on_time,False,MODEL_APPLIED_FROM_CALIBRATED_FRAMEWORK
background_check,BM-006,Friction,APP-00127,EV-58541a3d97f2,joined_on_time,False,MODEL_APPLIED_FROM_CALIBRATED_FRAMEWORK
submitted,BM-001,Status Quo Bias,APP-00131,EV-7e0c1af5454d,declined_offer,True,MODEL_APPLIED_FROM_CALIBRATED_FRAMEWORK
unknown,BM-006,Friction,APP-00132,EV-b463f7c5c2c4,accepted_no_show,True,MODEL_APPLIED_FROM_CALIBRATED_FRAMEWORK
screened,BM-006,Friction,APP-00132,EV-bbf86cfea4a4,accepted_no_show,True,MODEL_APPLIED_FROM_CALIBRATED_FRAMEWORK
screened,BM-006,Friction,APP-00132,EV-74c5a83ad327,accepted_no_show,True,MODEL_APPLIED_FROM_CALIBRATED_FRAMEWORK
submitted,BM-006,Friction,APP-00132,EV-29e52f4e8cbe,accepted_no_show,True,MODEL_APPLIED_FROM_CALIBRATED_FRAMEWORK
client_interview_1,BM-006,Friction,APP-00132,EV-3e2c8babb0af,accepted_no_show,True,MODEL_APPLIED_FROM_CALIBRATED_FRAMEWORK
client_interview_1,BM-006,Friction,APP-00132,EV-c82a521b39bb,accepted_no_show,True,MODEL_APPLIED_FROM_CALIBRATED_FRAMEWORK
offer_extended,BM-006,Friction,APP-00132,EV-17a7ea0ce0ab,accepted_no_show,True,MODEL_APPLIED_FROM_CALIBRATED_FRAMEWORK
offer_accepted,BM-006,Friction,APP-00132,EV-dbe750b06213,accepted_no_show,True,MODEL_APPLIED_FROM_CALIBRATED_FRAMEWORK
background_check,BM-023,Goal Gradient,APP-00133,EV-6553c0dfef00,joined_on_time,False,MODEL_APPLIED_FROM_CALIBRATED_FRAMEWORK
background_check,BM-023,Goal Gradient,APP-00133,EV-7c708728f62e,joined_on_time,False,MODEL_APPLIED_FROM_CALIBRATED_FRAMEWORK
background_check,BM-023,Goal Gradient,APP-00133,EV-418284b92b47,joined_on_time,False,MODEL_APPLIED_FROM_CALIBRATED_FRAMEWORK
background_check,BM-023,Goal Gradient,APP-00133,EV-d5dbc7d67c5b,joined_on_time,False,MODEL_APPLIED_FROM_CALIBRATED_FRAMEWORK
screened,BM-023,Goal Gradient,APP-00136,EV-8d48e990515b,joined_late,False,MODEL_APPLIED_FROM_CALIBRATED_FRAMEWORK
submitted,BM-006,Friction,APP-00140,EV-de55a45cda14,joined_on_time,False,MODEL_APPLIED_FROM_CALIBRATED_FRAMEWORK
offer_accepted,BM-023,Goal Gradient,APP-00140,EV-3c046026e37d,joined_on_time,False,MODEL_APPLIED_FROM_CALIBRATED_FRAMEWORK
background_check,BM-006,Friction,APP-00140,EV-7a6ff21015b1,joined_on_time,False,MODEL_APPLIED_FROM_CALIBRATED_FRAMEWORK
background_check,BM-023,Goal Gradient,APP-00140,EV-18adf46c07be,joined_on_time,False,MODEL_APPLIED_FROM_CALIBRATED_FRAMEWORK
screened,BM-011,Reciprocity,APP-00142,EV-db19342bf647,declined_offer,True,MODEL_APPLIED_FROM_CALIBRATED_FRAMEWORK
client_interview_1,BM-011,Reciprocity,APP-00142,EV-156df10f594e,declined_offer,True,MODEL_APPLIED_FROM_CALIBRATED_FRAMEWORK
client_interview_1,BM-011,Reciprocity,APP-00142,EV-32f98870bf6b,declined_offer,True,MODEL_APPLIED_FROM_CALIBRATED_FRAMEWORK
client_interview_1,BM-011,Reciprocity,APP-00142,EV-c79b213e23bc,declined_offer,True,MODEL_APPLIED_FROM_CALIBRATED_FRAMEWORK
offer_accepted,BM-006,Friction,APP-00144,EV-cb0e11f627e3,joined_on_time,False,MODEL_APPLIED_FROM_CALIBRATED_FRAMEWORK
background_check,BM-029,Uncertainty / Ambiguity Aversion,APP-00145,EV-53575e4aa92c,joined_on_time,False,HUMAN_REVIEWED
background_check,BM-023,Goal Gradient,APP-00145,EV-656f8f3976ee,joined_on_time,False,MODEL_APPLIED_FROM_CALIBRATED_FRAMEWORK
submitted,BM-002,Loss Aversion,APP-00147,EV-bb788a7fdb9c,joined_on_time,False,MODEL_APPLIED_FROM_CALIBRATED_FRAMEWORK
submitted,BM-001,Status Quo Bias,APP-00148,EV-d375d3b51746,joined_late,False,MODEL_APPLIED_FROM_CALIBRATED_FRAMEWORK
client_interview_1,BM-001,Status Quo Bias,APP-00148,EV-4177f6c94dd1,joined_late,False,HUMAN_REVIEWED
client_interview_1,BM-029,Uncertainty / Ambiguity Aversion,APP-00148,EV-9b3a29f1d39e,joined_late,False,MODEL_APPLIED_FROM_CALIBRATED_FRAMEWORK
offer_accepted,BM-001,Status Quo Bias,APP-00148,EV-68121f66f87f,joined_late,False,MODEL_APPLIED_FROM_CALIBRATED_FRAMEWORK
offer_accepted,BM-001,Status Quo Bias,APP-00148,EV-01101b5f3e07,joined_late,False,MODEL_APPLIED_FROM_CALIBRATED_FRAMEWORK
onboarding_docs_sent,BM-001,Status Quo Bias,APP-00148,EV-6ae19417b473,joined_late,False,MODEL_APPLIED_FROM_CALIBRATED_FRAMEWORK
onboarding_docs_sent,BM-001,Status Quo Bias,APP-00148,EV-8cac65c2bfa6,joined_late,False,MODEL_APPLIED_FROM_CALIBRATED_FRAMEWORK
unknown,BM-029,Uncertainty / Ambiguity Aversion,APP-00151,EV-a223236e44f3,declined_offer,True,MODEL_APPLIED_FROM_CALIBRATED_FRAMEWORK
unknown,BM-029,Uncertainty / Ambiguity Aversion,APP-00151,EV-f49069d76d10,declined_offer,True,MODEL_APPLIED_FROM_CALIBRATED_FRAMEWORK
background_check,BM-023,Goal Gradient,APP-00152,EV-6b2e391a4a39,joined_on_time,False,MODEL_APPLIED_FROM_CALIBRATED_FRAMEWORK
onboarding_docs_sent,BM-023,Goal Gradient,APP-00152,EV-391031ff3756,joined_on_time,False,MODEL_APPLIED_FROM_CALIBRATED_FRAMEWORK
client_interview_1,BM-029,Uncertainty / Ambiguity Aversion,APP-00153,EV-8469eb5e535f,joined_on_time,False,MODEL_APPLIED_FROM_CALIBRATED_FRAMEWORK
client_interview_1,BM-029,Uncertainty / Ambiguity Aversion,APP-00153,EV-e651e47d8115,joined_on_time,False,MODEL_APPLIED_FROM_CALIBRATED_FRAMEWORK
onboarding_docs_sent,BM-002,Loss Aversion,APP-00153,EV-53eb74fb3122,joined_on_time,False,MODEL_APPLIED_FROM_CALIBRATED_FRAMEWORK
submitted,BM-011,Reciprocity,APP-00154,EV-69460717373d,joined_on_time,False,MODEL_APPLIED_FROM_CALIBRATED_FRAMEWORK
submitted,BM-018,Identity Signaling,APP-00154,EV-fb2f9274e3e3,joined_on_time,False,MODEL_APPLIED_FROM_CALIBRATED_FRAMEWORK
background_check,BM-006,Friction,APP-00155,EV-87e6de0c887c,joined_on_time,False,HUMAN_REVIEWED
unknown,BM-001,Status Quo Bias,APP-00157,EV-63beff478e2f,declined_offer,True,MODEL_APPLIED_FROM_CALIBRATED_FRAMEWORK
unknown,BM-001,Status Quo Bias,APP-00157,EV-afd185748abb,declined_offer,True,MODEL_APPLIED_FROM_CALIBRATED_FRAMEWORK
submitted,BM-001,Status Quo Bias,APP-00157,EV-139e04fce698,declined_offer,True,MODEL_APPLIED_FROM_CALIBRATED_FRAMEWORK
submitted,BM-001,Status Quo Bias,APP-00157,EV-cdffd0e69038,declined_offer,True,MODEL_APPLIED_FROM_CALIBRATED_FRAMEWORK
submitted,BM-001,Status Quo Bias,APP-00157,EV-a19cb264ee4b,declined_offer,True,MODEL_APPLIED_FROM_CALIBRATED_FRAMEWORK
client_interview_1,BM-001,Status Quo Bias,APP-00157,EV-876f7e86a4a9,declined_offer,True,MODEL_APPLIED_FROM_CALIBRATED_FRAMEWORK
client_interview_1,BM-029,Uncertainty / Ambiguity Aversion,APP-00157,EV-504c793f9952,declined_offer,True,MODEL_APPLIED_FROM_CALIBRATED_FRAMEWORK
client_interview_1,BM-001,Status Quo Bias,APP-00157,EV-dc5d5ef575ca,declined_offer,True,MODEL_APPLIED_FROM_CALIBRATED_FRAMEWORK
offer_extended,BM-020,Commitment / Consistency,APP-00158,EV-ee3d0096e915,joined_on_time,False,MODEL_APPLIED_FROM_CALIBRATED_FRAMEWORK
screened,BM-002,Loss Aversion,APP-00159,EV-85c6fc4e5786,withdrew_post_acceptance,True,MODEL_APPLIED_FROM_CALIBRATED_FRAMEWORK
submitted,BM-002,Loss Aversion,APP-00159,EV-8a6a36f5ff90,withdrew_post_acceptance,True,MODEL_APPLIED_FROM_CALIBRATED_FRAMEWORK
offer_accepted,BM-002,Loss Aversion,APP-00159,EV-01802579fc1e,withdrew_post_acceptance,True,MODEL_APPLIED_FROM_CALIBRATED_FRAMEWORK
offer_accepted,BM-029,Uncertainty / Ambiguity Aversion,APP-00159,EV-43ce67b1bfa1,withdrew_post_acceptance,True,MODEL_APPLIED_FROM_CALIBRATED_FRAMEWORK
unknown,BM-006,Friction,APP-00160,EV-8d87f52705d7,joined_late,False,MODEL_APPLIED_FROM_CALIBRATED_FRAMEWORK
submitted,BM-006,Friction,APP-00160,EV-0928377be3af,joined_late,False,MODEL_APPLIED_FROM_CALIBRATED_FRAMEWORK
submitted,BM-006,Friction,APP-00160,EV-6101e0f27d42,joined_late,False,MODEL_APPLIED_FROM_CALIBRATED_FRAMEWORK
submitted,BM-006,Friction,APP-00160,EV-df6917909575,joined_late,False,MODEL_APPLIED_FROM_CALIBRATED_FRAMEWORK
submitted,BM-006,Friction,APP-00160,EV-85f7b29d4ab6,joined_late,False,MODEL_APPLIED_FROM_CALIBRATED_FRAMEWORK
submitted,BM-006,Friction,APP-00160,EV-1acadf9cd619,joined_late,False,MODEL_APPLIED_FROM_CALIBRATED_FRAMEWORK
background_check,BM-006,Friction,APP-00160,EV-96516173864c,joined_late,False,MODEL_APPLIED_FROM_CALIBRATED_FRAMEWORK
background_check,BM-006,Friction,APP-00160,EV-353716c6e789,joined_late,False,MODEL_APPLIED_FROM_CALIBRATED_FRAMEWORK
submitted,BM-001,Status Quo Bias,APP-00162,EV-93b47db8f24f,withdrew_post_acceptance,True,MODEL_APPLIED_FROM_CALIBRATED_FRAMEWORK
submitted,BM-029,Uncertainty / Ambiguity Aversion,APP-00162,EV-ea170d9d9465,withdrew_post_acceptance,True,MODEL_APPLIED_FROM_CALIBRATED_FRAMEWORK
submitted,BM-029,Uncertainty / Ambiguity Aversion,APP-00162,EV-5d2721cb4108,withdrew_post_acceptance,True,MODEL_APPLIED_FROM_CALIBRATED_FRAMEWORK
submitted,BM-001,Status Quo Bias,APP-00162,EV-59662b3323b1,withdrew_post_acceptance,True,MODEL_APPLIED_FROM_CALIBRATED_FRAMEWORK
client_interview_1,BM-001,Status Quo Bias,APP-00162,EV-1dc1b5c06c56,withdrew_post_acceptance,True,MODEL_APPLIED_FROM_CALIBRATED_FRAMEWORK
offer_extended,BM-001,Status Quo Bias,APP-00162,EV-caae59b608d6,withdrew_post_acceptance,True,MODEL_APPLIED_FROM_CALIBRATED_FRAMEWORK
client_interview_1,BM-005,Choice Overload,APP-00163,EV-72e1cb8641c9,withdrew_post_acceptance,True,MODEL_APPLIED_FROM_CALIBRATED_FRAMEWORK
client_interview_1,BM-005,Choice Overload,APP-00163,EV-51f5acb5fbef,withdrew_post_acceptance,True,MODEL_APPLIED_FROM_CALIBRATED_FRAMEWORK
offer_extended,BM-005,Choice Overload,APP-00163,EV-179ff76db176,withdrew_post_acceptance,True,MODEL_APPLIED_FROM_CALIBRATED_FRAMEWORK
offer_accepted,BM-005,Choice Overload,APP-00163,EV-135cc69d528f,withdrew_post_acceptance,True,MODEL_APPLIED_FROM_CALIBRATED_FRAMEWORK
background_check,BM-005,Choice Overload,APP-00163,EV-6e25d7338ff9,withdrew_post_acceptance,True,MODEL_APPLIED_FROM_CALIBRATED_FRAMEWORK
screened,BM-029,Uncertainty / Ambiguity Aversion,APP-00165,EV-217f987b3a28,rejected_by_client,True,MODEL_APPLIED_FROM_CALIBRATED_FRAMEWORK
screened,BM-029,Uncertainty / Ambiguity Aversion,APP-00165,EV-acda789c9c2b,rejected_by_client,True,MODEL_APPLIED_FROM_CALIBRATED_FRAMEWORK
submitted,BM-029,Uncertainty / Ambiguity Aversion,APP-00165,EV-fdaf4947fcfe,rejected_by_client,True,MODEL_APPLIED_FROM_CALIBRATED_FRAMEWORK
client_interview_1,BM-029,Uncertainty / Ambiguity Aversion,APP-00165,EV-d8cd001f5a0b,rejected_by_client,True,MODEL_APPLIED_FROM_CALIBRATED_FRAMEWORK
client_interview_1,BM-029,Uncertainty / Ambiguity Aversion,APP-00165,EV-2c19c68ac28f,rejected_by_client,True,MODEL_APPLIED_FROM_CALIBRATED_FRAMEWORK
client_interview_1,BM-029,Uncertainty / Ambiguity Aversion,APP-00165,EV-276bd65e3d87,rejected_by_client,True,MODEL_APPLIED_FROM_CALIBRATED_FRAMEWORK
client_interview_1,BM-029,Uncertainty / Ambiguity Aversion,APP-00165,EV-9e8a41f813d9,rejected_by_client,True,MODEL_APPLIED_FROM_CALIBRATED_FRAMEWORK
submitted,BM-020,Commitment / Consistency,APP-00167,EV-940f18f98afb,withdrew_post_acceptance,True,MODEL_APPLIED_FROM_CALIBRATED_FRAMEWORK
submitted,BM-018,Identity Signaling,APP-00167,EV-3713f6311486,withdrew_post_acceptance,True,MODEL_APPLIED_FROM_CALIBRATED_FRAMEWORK
background_check,BM-020,Commitment / Consistency,APP-00170,EV-6b7711cc7819,joined_on_time,False,MODEL_APPLIED_FROM_CALIBRATED_FRAMEWORK
screened,BM-006,Friction,APP-00173,EV-8793f5badfa2,joined_late,False,HUMAN_REVIEWED
submitted,BM-002,Loss Aversion,APP-00174,EV-90ab384c41b5,withdrew_post_acceptance,True,MODEL_APPLIED_FROM_CALIBRATED_FRAMEWORK
unknown,BM-001,Status Quo Bias,APP-00176,EV-40973355ecce,declined_offer,True,MODEL_APPLIED_FROM_CALIBRATED_FRAMEWORK
screened,BM-001,Status Quo Bias,APP-00176,EV-ab64e64ed51c,declined_offer,True,MODEL_APPLIED_FROM_CALIBRATED_FRAMEWORK
screened,BM-023,Goal Gradient,APP-00176,EV-b8fb27fb4376,declined_offer,True,MODEL_APPLIED_FROM_CALIBRATED_FRAMEWORK
submitted,BM-029,Uncertainty / Ambiguity Aversion,APP-00176,EV-238004346252,declined_offer,True,MODEL_APPLIED_FROM_CALIBRATED_FRAMEWORK
submitted,BM-023,Goal Gradient,APP-00176,EV-7e36479dbb84,declined_offer,True,MODEL_APPLIED_FROM_CALIBRATED_FRAMEWORK
submitted,BM-023,Goal Gradient,APP-00176,EV-ad6b731aa9f0,declined_offer,True,MODEL_APPLIED_FROM_CALIBRATED_FRAMEWORK
submitted,BM-001,Status Quo Bias,APP-00176,EV-4511b4c3bab8,declined_offer,True,MODEL_APPLIED_FROM_CALIBRATED_FRAMEWORK
submitted,BM-011,Reciprocity,APP-00177,EV-cc8a4ffbd186,accepted_no_show,True,MODEL_APPLIED_FROM_CALIBRATED_FRAMEWORK
background_check,BM-011,Reciprocity,APP-00177,EV-413ade9a24b4,accepted_no_show,True,MODEL_APPLIED_FROM_CALIBRATED_FRAMEWORK
unknown,BM-001,Status Quo Bias,APP-00179,EV-1f289a26d357,withdrew_post_acceptance,True,MODEL_APPLIED_FROM_CALIBRATED_FRAMEWORK
client_interview_1,BM-023,Goal Gradient,APP-00179,EV-8da722127e7b,withdrew_post_acceptance,True,MODEL_APPLIED_FROM_CALIBRATED_FRAMEWORK
client_interview_1,BM-029,Uncertainty / Ambiguity Aversion,APP-00179,EV-869bb880f99b,withdrew_post_acceptance,True,MODEL_APPLIED_FROM_CALIBRATED_FRAMEWORK
client_interview_1,BM-023,Goal Gradient,APP-00179,EV-18dd9aa19e69,withdrew_post_acceptance,True,MODEL_APPLIED_FROM_CALIBRATED_FRAMEWORK
background_check,BM-001,Status Quo Bias,APP-00179,EV-0fc0c09aa152,withdrew_post_acceptance,True,MODEL_APPLIED_FROM_CALIBRATED_FRAMEWORK
background_check,BM-023,Goal Gradient,APP-00179,EV-5ba79901aac2,withdrew_post_acceptance,True,MODEL_APPLIED_FROM_CALIBRATED_FRAMEWORK
background_check,BM-029,Uncertainty / Ambiguity Aversion,APP-00179,EV-4e206629ca51,withdrew_post_acceptance,True,HUMAN_REVIEWED
background_check,BM-001,Status Quo Bias,APP-00179,EV-443986aad381,withdrew_post_acceptance,True,MODEL_APPLIED_FROM_CALIBRATED_FRAMEWORK
submitted,BM-029,Uncertainty / Ambiguity Aversion,APP-00181,EV-dff0318df5c7,declined_offer,True,MODEL_APPLIED_FROM_CALIBRATED_FRAMEWORK
screened,BM-001,Status Quo Bias,APP-00183,EV-5cac13b1fb07,declined_offer,True,MODEL_APPLIED_FROM_CALIBRATED_FRAMEWORK
screened,BM-014,Confirmation Bias,APP-00183,EV-b59b9178b9be,declined_offer,True,MODEL_APPLIED_FROM_CALIBRATED_FRAMEWORK
submitted,BM-006,Friction,APP-00183,EV-b2e4e58d8732,declined_offer,True,HUMAN_REVIEWED
submitted,BM-001,Status Quo Bias,APP-00183,EV-fae01d38a068,declined_offer,True,MODEL_APPLIED_FROM_CALIBRATED_FRAMEWORK
submitted,BM-014,Confirmation Bias,APP-00183,EV-cb7b47650f83,declined_offer,True,MODEL_APPLIED_FROM_CALIBRATED_FRAMEWORK
submitted,BM-001,Status Quo Bias,APP-00183,EV-c01e841d74a6,declined_offer,True,MODEL_APPLIED_FROM_CALIBRATED_FRAMEWORK
submitted,BM-014,Confirmation Bias,APP-00183,EV-4adca92ab767,declined_offer,True,MODEL_APPLIED_FROM_CALIBRATED_FRAMEWORK
client_interview_1,BM-001,Status Quo Bias,APP-00183,EV-95e01fcfa7c0,declined_offer,True,MODEL_APPLIED_FROM_CALIBRATED_FRAMEWORK
client_interview_1,BM-014,Confirmation Bias,APP-00183,EV-2c98e23b2917,declined_offer,True,MODEL_APPLIED_FROM_CALIBRATED_FRAMEWORK
client_interview_1,BM-001,Status Quo Bias,APP-00183,EV-681a6a837163,declined_offer,True,MODEL_APPLIED_FROM_CALIBRATED_FRAMEWORK
client_interview_1,BM-002,Loss Aversion,APP-00183,EV-90f55c0d5d6b,declined_offer,True,MODEL_APPLIED_FROM_CALIBRATED_FRAMEWORK
submitted,BM-006,Friction,APP-00184,EV-896df55ceb43,joined_on_time,False,MODEL_APPLIED_FROM_CALIBRATED_FRAMEWORK
submitted,BM-006,Friction,APP-00184,EV-a9836277138d,joined_on_time,False,MODEL_APPLIED_FROM_CALIBRATED_FRAMEWORK
submitted,BM-029,Uncertainty / Ambiguity Aversion,APP-00185,EV-2cb39def406e,declined_offer,True,MODEL_APPLIED_FROM_CALIBRATED_FRAMEWORK
submitted,BM-029,Uncertainty / Ambiguity Aversion,APP-00185,EV-4b040d4d1ec0,declined_offer,True,MODEL_APPLIED_FROM_CALIBRATED_FRAMEWORK
submitted,BM-029,Uncertainty / Ambiguity Aversion,APP-00185,EV-c0c5726f4ce8,declined_offer,True,MODEL_APPLIED_FROM_CALIBRATED_FRAMEWORK
client_interview_1,BM-002,Loss Aversion,APP-00185,EV-33a0d08506f2,declined_offer,True,MODEL_APPLIED_FROM_CALIBRATED_FRAMEWORK
client_interview_1,BM-029,Uncertainty / Ambiguity Aversion,APP-00185,EV-b32fcab0dee5,declined_offer,True,MODEL_APPLIED_FROM_CALIBRATED_FRAMEWORK
client_interview_1,BM-029,Uncertainty / Ambiguity Aversion,APP-00185,EV-6e081b871f39,declined_offer,True,MODEL_APPLIED_FROM_CALIBRATED_FRAMEWORK
client_interview_2,BM-005,Choice Overload,APP-00186,EV-7567f6e0e2a9,withdrew_post_acceptance,True,MODEL_APPLIED_FROM_CALIBRATED_FRAMEWORK
offer_extended,BM-005,Choice Overload,APP-00186,EV-55efce74227d,withdrew_post_acceptance,True,MODEL_APPLIED_FROM_CALIBRATED_FRAMEWORK
offer_accepted,BM-020,Commitment / Consistency,APP-00186,EV-504580b02c14,withdrew_post_acceptance,True,MODEL_APPLIED_FROM_CALIBRATED_FRAMEWORK
unknown,BM-029,Uncertainty / Ambiguity Aversion,APP-00187,EV-a19eda754e82,declined_offer,True,MODEL_APPLIED_FROM_CALIBRATED_FRAMEWORK
client_interview_2,BM-029,Uncertainty / Ambiguity Aversion,APP-00187,EV-f477097d2276,declined_offer,True,MODEL_APPLIED_FROM_CALIBRATED_FRAMEWORK
client_interview_2,BM-029,Uncertainty / Ambiguity Aversion,APP-00187,EV-66606f104b7e,declined_offer,True,MODEL_APPLIED_FROM_CALIBRATED_FRAMEWORK
offer_extended,BM-029,Uncertainty / Ambiguity Aversion,APP-00187,EV-945fc4494237,declined_offer,True,MODEL_APPLIED_FROM_CALIBRATED_FRAMEWORK
screened,BM-029,Uncertainty / Ambiguity Aversion,APP-00190,EV-92bfd3d44973,joined_on_time,False,MODEL_APPLIED_FROM_CALIBRATED_FRAMEWORK
background_check,BM-029,Uncertainty / Ambiguity Aversion,APP-00190,EV-ceb7534a0bee,joined_on_time,False,MODEL_APPLIED_FROM_CALIBRATED_FRAMEWORK
onboarding_docs_sent,BM-029,Uncertainty / Ambiguity Aversion,APP-00190,EV-162828a50f4d,joined_on_time,False,MODEL_APPLIED_FROM_CALIBRATED_FRAMEWORK
screened,BM-006,Friction,APP-00194,EV-17b3ef94c3c9,withdrew_post_acceptance,True,MODEL_APPLIED_FROM_CALIBRATED_FRAMEWORK
screened,BM-006,Friction,APP-00194,EV-a16d14da3bf4,withdrew_post_acceptance,True,MODEL_APPLIED_FROM_CALIBRATED_FRAMEWORK
submitted,BM-006,Friction,APP-00194,EV-d560bda88c03,withdrew_post_acceptance,True,MODEL_APPLIED_FROM_CALIBRATED_FRAMEWORK
submitted,BM-006,Friction,APP-00194,EV-7c3b624f5920,withdrew_post_acceptance,True,MODEL_APPLIED_FROM_CALIBRATED_FRAMEWORK
submitted,BM-006,Friction,APP-00194,EV-b335714db507,withdrew_post_acceptance,True,MODEL_APPLIED_FROM_CALIBRATED_FRAMEWORK
offer_extended,BM-029,Uncertainty / Ambiguity Aversion,APP-00194,EV-5317438cb232,withdrew_post_acceptance,True,MODEL_APPLIED_FROM_CALIBRATED_FRAMEWORK
offer_extended,BM-006,Friction,APP-00194,EV-768f4813a8cb,withdrew_post_acceptance,True,MODEL_APPLIED_FROM_CALIBRATED_FRAMEWORK
offer_extended,BM-006,Friction,APP-00194,EV-f78231ee6306,withdrew_post_acceptance,True,MODEL_APPLIED_FROM_CALIBRATED_FRAMEWORK
offer_extended,BM-006,Friction,APP-00194,EV-322e752b21d5,withdrew_post_acceptance,True,MODEL_APPLIED_FROM_CALIBRATED_FRAMEWORK
submitted,BM-029,Uncertainty / Ambiguity Aversion,APP-00196,EV-8a81110f526c,withdrew_post_acceptance,True,MODEL_APPLIED_FROM_CALIBRATED_FRAMEWORK
submitted,BM-002,Loss Aversion,APP-00196,EV-0f15b1a02a1b,withdrew_post_acceptance,True,MODEL_APPLIED_FROM_CALIBRATED_FRAMEWORK
submitted,BM-001,Status Quo Bias,APP-00196,EV-a23056df0dc3,withdrew_post_acceptance,True,MODEL_APPLIED_FROM_CALIBRATED_FRAMEWORK
offer_extended,BM-029,Uncertainty / Ambiguity Aversion,APP-00196,EV-cebf0e26c7b7,withdrew_post_acceptance,True,MODEL_APPLIED_FROM_CALIBRATED_FRAMEWORK
offer_accepted,BM-020,Commitment / Consistency,APP-00204,EV-ffe2058120e0,rejected_by_client,True,MODEL_APPLIED_FROM_CALIBRATED_FRAMEWORK
offer_accepted,BM-018,Identity Signaling,APP-00204,EV-e4c4548e4abe,rejected_by_client,True,MODEL_APPLIED_FROM_CALIBRATED_FRAMEWORK
onboarding_docs_sent,BM-029,Uncertainty / Ambiguity Aversion,APP-00207,EV-3fb0c2463afc,joined_late,False,MODEL_APPLIED_FROM_CALIBRATED_FRAMEWORK
onboarding_docs_sent,BM-029,Uncertainty / Ambiguity Aversion,APP-00207,EV-f91f3f054e2f,joined_late,False,MODEL_APPLIED_FROM_CALIBRATED_FRAMEWORK
offer_accepted,BM-002,Loss Aversion,APP-00216,EV-11ce5538e5e8,withdrew_post_acceptance,True,MODEL_APPLIED_FROM_CALIBRATED_FRAMEWORK
offer_accepted,BM-005,Choice Overload,APP-00221,EV-c8aadc347107,joined_on_time,False,MODEL_APPLIED_FROM_CALIBRATED_FRAMEWORK
offer_accepted,BM-005,Choice Overload,APP-00221,EV-59d977a071b4,joined_on_time,False,MODEL_APPLIED_FROM_CALIBRATED_FRAMEWORK
offer_extended,BM-020,Commitment / Consistency,APP-00222,EV-ae9181d4f547,joined_on_time,False,MODEL_APPLIED_FROM_CALIBRATED_FRAMEWORK
submitted,BM-029,Uncertainty / Ambiguity Aversion,APP-00226,EV-ebf55a15e2f1,joined_on_time,False,MODEL_APPLIED_FROM_CALIBRATED_FRAMEWORK
submitted,BM-029,Uncertainty / Ambiguity Aversion,APP-00226,EV-07f5d5cc7050,joined_on_time,False,MODEL_APPLIED_FROM_CALIBRATED_FRAMEWORK
submitted,BM-029,Uncertainty / Ambiguity Aversion,APP-00226,EV-c82996d4c480,joined_on_time,False,MODEL_APPLIED_FROM_CALIBRATED_FRAMEWORK
client_interview_1,BM-029,Uncertainty / Ambiguity Aversion,APP-00226,EV-dc261f064be4,joined_on_time,False,MODEL_APPLIED_FROM_CALIBRATED_FRAMEWORK
client_interview_1,BM-029,Uncertainty / Ambiguity Aversion,APP-00226,EV-98fa9dbc9843,joined_on_time,False,MODEL_APPLIED_FROM_CALIBRATED_FRAMEWORK
client_interview_2,BM-029,Uncertainty / Ambiguity Aversion,APP-00226,EV-4b034ff58173,joined_on_time,False,MODEL_APPLIED_FROM_CALIBRATED_FRAMEWORK
client_interview_2,BM-029,Uncertainty / Ambiguity Aversion,APP-00226,EV-3d9e7dc45872,joined_on_time,False,MODEL_APPLIED_FROM_CALIBRATED_FRAMEWORK
client_interview_2,BM-002,Loss Aversion,APP-00226,EV-77757d7c7d12,joined_on_time,False,MODEL_APPLIED_FROM_CALIBRATED_FRAMEWORK
offer_accepted,BM-029,Uncertainty / Ambiguity Aversion,APP-00226,EV-827572caa790,joined_on_time,False,MODEL_APPLIED_FROM_CALIBRATED_FRAMEWORK
offer_accepted,BM-029,Uncertainty / Ambiguity Aversion,APP-00226,EV-72a09809fee3,joined_on_time,False,MODEL_APPLIED_FROM_CALIBRATED_FRAMEWORK
client_interview_2,BM-006,Friction,APP-00229,EV-dc065db326ec,joined_on_time,False,MODEL_APPLIED_FROM_CALIBRATED_FRAMEWORK
offer_extended,BM-006,Friction,APP-00229,EV-e6a06812816c,joined_on_time,False,MODEL_APPLIED_FROM_CALIBRATED_FRAMEWORK
background_check,BM-006,Friction,APP-00229,EV-7133061fd253,joined_on_time,False,MODEL_APPLIED_FROM_CALIBRATED_FRAMEWORK
screened,BM-029,Uncertainty / Ambiguity Aversion,APP-00232,EV-3665cc8fda6e,declined_offer,True,MODEL_APPLIED_FROM_CALIBRATED_FRAMEWORK
submitted,BM-029,Uncertainty / Ambiguity Aversion,APP-00232,EV-8525df2185d1,declined_offer,True,MODEL_APPLIED_FROM_CALIBRATED_FRAMEWORK
submitted,BM-029,Uncertainty / Ambiguity Aversion,APP-00232,EV-d8db53cf1ee0,declined_offer,True,MODEL_APPLIED_FROM_CALIBRATED_FRAMEWORK
submitted,BM-029,Uncertainty / Ambiguity Aversion,APP-00232,EV-e6a3558b5c38,declined_offer,True,MODEL_APPLIED_FROM_CALIBRATED_FRAMEWORK
client_interview_1,BM-029,Uncertainty / Ambiguity Aversion,APP-00232,EV-2279fefe06c4,declined_offer,True,MODEL_APPLIED_FROM_CALIBRATED_FRAMEWORK
offer_extended,BM-029,Uncertainty / Ambiguity Aversion,APP-00232,EV-e9e103e71bde,declined_offer,True,MODEL_APPLIED_FROM_CALIBRATED_FRAMEWORK
screened,BM-002,Loss Aversion,APP-00234,EV-32827418752c,joined_late,False,MODEL_APPLIED_FROM_CALIBRATED_FRAMEWORK
submitted,BM-002,Loss Aversion,APP-00234,EV-aedc45cf9e30,joined_late,False,MODEL_APPLIED_FROM_CALIBRATED_FRAMEWORK
submitted,BM-002,Loss Aversion,APP-00234,EV-18e708120ddf,joined_late,False,MODEL_APPLIED_FROM_CALIBRATED_FRAMEWORK
client_interview_1,BM-002,Loss Aversion,APP-00234,EV-fea58fcb2d6a,joined_late,False,MODEL_APPLIED_FROM_CALIBRATED_FRAMEWORK
offer_extended,BM-029,Uncertainty / Ambiguity Aversion,APP-00234,EV-780c118733e8,joined_late,False,MODEL_APPLIED_FROM_CALIBRATED_FRAMEWORK
offer_accepted,BM-029,Uncertainty / Ambiguity Aversion,APP-00234,EV-00e2d8cc1205,joined_late,False,MODEL_APPLIED_FROM_CALIBRATED_FRAMEWORK
screened,BM-006,Friction,APP-00236,EV-881bc796505f,declined_offer,True,MODEL_APPLIED_FROM_CALIBRATED_FRAMEWORK
submitted,BM-006,Friction,APP-00236,EV-37452b3c64a1,declined_offer,True,MODEL_APPLIED_FROM_CALIBRATED_FRAMEWORK
submitted,BM-006,Friction,APP-00236,EV-e7225a957247,declined_offer,True,MODEL_APPLIED_FROM_CALIBRATED_FRAMEWORK
submitted,BM-006,Friction,APP-00236,EV-fa10c03415b7,declined_offer,True,MODEL_APPLIED_FROM_CALIBRATED_FRAMEWORK
client_interview_1,BM-006,Friction,APP-00236,EV-18d0d77c47f1,declined_offer,True,MODEL_APPLIED_FROM_CALIBRATED_FRAMEWORK
offer_extended,BM-006,Friction,APP-00236,EV-89c9d39d001b,declined_offer,True,MODEL_APPLIED_FROM_CALIBRATED_FRAMEWORK
offer_extended,BM-006,Friction,APP-00236,EV-7246c9d6ff3b,declined_offer,True,MODEL_APPLIED_FROM_CALIBRATED_FRAMEWORK
unknown,BM-023,Goal Gradient,APP-00237,EV-81784f7b4672,declined_offer,True,MODEL_APPLIED_FROM_CALIBRATED_FRAMEWORK
submitted,BM-023,Goal Gradient,APP-00237,EV-6058b5363d7e,declined_offer,True,MODEL_APPLIED_FROM_CALIBRATED_FRAMEWORK
submitted,BM-020,Commitment / Consistency,APP-00238,EV-9cd8fdb8646f,joined_on_time,False,MODEL_APPLIED_FROM_CALIBRATED_FRAMEWORK
submitted,BM-018,Identity Signaling,APP-00238,EV-f94e7f4ab190,joined_on_time,False,MODEL_APPLIED_FROM_CALIBRATED_FRAMEWORK
client_interview_2,BM-018,Identity Signaling,APP-00238,EV-d4f3c6198fda,joined_on_time,False,MODEL_APPLIED_FROM_CALIBRATED_FRAMEWORK
client_interview_2,BM-020,Commitment / Consistency,APP-00238,EV-e5dd7e17d9f2,joined_on_time,False,MODEL_APPLIED_FROM_CALIBRATED_FRAMEWORK
client_interview_2,BM-018,Identity Signaling,APP-00238,EV-a784a5c0eda5,joined_on_time,False,MODEL_APPLIED_FROM_CALIBRATED_FRAMEWORK
background_check,BM-020,Commitment / Consistency,APP-00238,EV-5fef6867783b,joined_on_time,False,MODEL_APPLIED_FROM_CALIBRATED_FRAMEWORK
background_check,BM-018,Identity Signaling,APP-00238,EV-329112433946,joined_on_time,False,MODEL_APPLIED_FROM_CALIBRATED_FRAMEWORK
submitted,BM-001,Status Quo Bias,APP-00243,EV-7230614b7598,joined_on_time,False,MODEL_APPLIED_FROM_CALIBRATED_FRAMEWORK
submitted,BM-006,Friction,APP-00243,EV-943dc9f99bc7,joined_on_time,False,HUMAN_REVIEWED
submitted,BM-014,Confirmation Bias,APP-00243,EV-cf6a1d5f3f9a,joined_on_time,False,MODEL_APPLIED_FROM_CALIBRATED_FRAMEWORK
offer_extended,BM-001,Status Quo Bias,APP-00243,EV-584618285bd6,joined_on_time,False,MODEL_APPLIED_FROM_CALIBRATED_FRAMEWORK
offer_extended,BM-014,Confirmation Bias,APP-00243,EV-602ff19e2ce4,joined_on_time,False,MODEL_APPLIED_FROM_CALIBRATED_FRAMEWORK
offer_extended,BM-001,Status Quo Bias,APP-00243,EV-d48c8d953f8b,joined_on_time,False,MODEL_APPLIED_FROM_CALIBRATED_FRAMEWORK
offer_extended,BM-014,Confirmation Bias,APP-00243,EV-fce7610de61e,joined_on_time,False,MODEL_APPLIED_FROM_CALIBRATED_FRAMEWORK
background_check,BM-001,Status Quo Bias,APP-00243,EV-33dca2583240,joined_on_time,False,MODEL_APPLIED_FROM_CALIBRATED_FRAMEWORK
background_check,BM-001,Status Quo Bias,APP-00243,EV-7d4b3c140bdd,joined_on_time,False,MODEL_APPLIED_FROM_CALIBRATED_FRAMEWORK
background_check,BM-001,Status Quo Bias,APP-00243,EV-dd9cdc60c1ab,joined_on_time,False,MODEL_APPLIED_FROM_CALIBRATED_FRAMEWORK
background_check,BM-014,Confirmation Bias,APP-00243,EV-9cc4ac3b4457,joined_on_time,False,MODEL_APPLIED_FROM_CALIBRATED_FRAMEWORK
submitted,BM-023,Goal Gradient,APP-00244,EV-7bd80be2696d,joined_late,False,MODEL_APPLIED_FROM_CALIBRATED_FRAMEWORK
submitted,BM-001,Status Quo Bias,APP-00244,EV-fda56dc6d84c,joined_late,False,MODEL_APPLIED_FROM_CALIBRATED_FRAMEWORK
background_check,BM-001,Status Quo Bias,APP-00244,EV-4293a472346a,joined_late,False,MODEL_APPLIED_FROM_CALIBRATED_FRAMEWORK
background_check,BM-023,Goal Gradient,APP-00244,EV-13dc341850b5,joined_late,False,MODEL_APPLIED_FROM_CALIBRATED_FRAMEWORK
onboarding_docs_sent,BM-023,Goal Gradient,APP-00244,EV-3852c99ae923,joined_late,False,MODEL_APPLIED_FROM_CALIBRATED_FRAMEWORK
background_check,BM-011,Reciprocity,APP-00246,EV-b9785c3a55de,joined_on_time,False,MODEL_APPLIED_FROM_CALIBRATED_FRAMEWORK
background_check,BM-018,Identity Signaling,APP-00246,EV-f32d2029e3ff,joined_on_time,False,MODEL_APPLIED_FROM_CALIBRATED_FRAMEWORK
background_check,BM-011,Reciprocity,APP-00246,EV-9aaad62d9349,joined_on_time,False,MODEL_APPLIED_FROM_CALIBRATED_FRAMEWORK
background_check,BM-018,Identity Signaling,APP-00246,EV-0abc76400dcd,joined_on_time,False,MODEL_APPLIED_FROM_CALIBRATED_FRAMEWORK
screened,BM-023,Goal Gradient,APP-00249,EV-1a7c98db73dc,withdrew_post_acceptance,True,MODEL_APPLIED_FROM_CALIBRATED_FRAMEWORK
submitted,BM-023,Goal Gradient,APP-00249,EV-fefdb994ef2c,withdrew_post_acceptance,True,MODEL_APPLIED_FROM_CALIBRATED_FRAMEWORK
screened,BM-020,Commitment / Consistency,APP-00251,EV-f4da690ce23a,joined_on_time,False,MODEL_APPLIED_FROM_CALIBRATED_FRAMEWORK
client_interview_2,BM-020,Commitment / Consistency,APP-00251,EV-1f0c9d69eba8,joined_on_time,False,MODEL_APPLIED_FROM_CALIBRATED_FRAMEWORK
unknown,BM-001,Status Quo Bias,APP-00253,EV-0019744e94e9,joined_on_time,False,MODEL_APPLIED_FROM_CALIBRATED_FRAMEWORK
unknown,BM-014,Confirmation Bias,APP-00253,EV-b039b4c016c3,joined_on_time,False,MODEL_APPLIED_FROM_CALIBRATED_FRAMEWORK
unknown,BM-001,Status Quo Bias,APP-00253,EV-a892f019c443,joined_on_time,False,MODEL_APPLIED_FROM_CALIBRATED_FRAMEWORK
screened,BM-001,Status Quo Bias,APP-00253,EV-65728f8b3bdb,joined_on_time,False,MODEL_APPLIED_FROM_CALIBRATED_FRAMEWORK
screened,BM-014,Confirmation Bias,APP-00253,EV-bc9a8906e460,joined_on_time,False,MODEL_APPLIED_FROM_CALIBRATED_FRAMEWORK
screened,BM-001,Status Quo Bias,APP-00253,EV-87724784ad07,joined_on_time,False,MODEL_APPLIED_FROM_CALIBRATED_FRAMEWORK
screened,BM-014,Confirmation Bias,APP-00253,EV-07a50cea73e0,joined_on_time,False,MODEL_APPLIED_FROM_CALIBRATED_FRAMEWORK
client_interview_1,BM-001,Status Quo Bias,APP-00253,EV-1ae493ae06c0,joined_on_time,False,MODEL_APPLIED_FROM_CALIBRATED_FRAMEWORK
client_interview_1,BM-014,Confirmation Bias,APP-00253,EV-bdf7ec0019d7,joined_on_time,False,MODEL_APPLIED_FROM_CALIBRATED_FRAMEWORK
offer_accepted,BM-014,Confirmation Bias,APP-00253,EV-d5c00cfac076,joined_on_time,False,MODEL_APPLIED_FROM_CALIBRATED_FRAMEWORK
background_check,BM-006,Friction,APP-00255,EV-eab6f86a4c1e,joined_on_time,False,MODEL_APPLIED_FROM_CALIBRATED_FRAMEWORK
onboarding_docs_sent,BM-006,Friction,APP-00255,EV-2ad86fd24419,joined_on_time,False,MODEL_APPLIED_FROM_CALIBRATED_FRAMEWORK
submitted,BM-006,Friction,APP-00259,EV-68013a1883f2,joined_late,False,MODEL_APPLIED_FROM_CALIBRATED_FRAMEWORK
client_interview_2,BM-006,Friction,APP-00259,EV-0834180a66c9,joined_late,False,MODEL_APPLIED_FROM_CALIBRATED_FRAMEWORK
client_interview_2,BM-006,Friction,APP-00259,EV-e60ac5b0cc87,joined_late,False,MODEL_APPLIED_FROM_CALIBRATED_FRAMEWORK
client_interview_2,BM-006,Friction,APP-00259,EV-cf324dfb22d7,joined_late,False,MODEL_APPLIED_FROM_CALIBRATED_FRAMEWORK
offer_accepted,BM-006,Friction,APP-00259,EV-d0e3d8bc93e5,joined_late,False,MODEL_APPLIED_FROM_CALIBRATED_FRAMEWORK
background_check,BM-006,Friction,APP-00259,EV-721bc7aec306,joined_late,False,MODEL_APPLIED_FROM_CALIBRATED_FRAMEWORK
background_check,BM-006,Friction,APP-00259,EV-159779696147,joined_late,False,MODEL_APPLIED_FROM_CALIBRATED_FRAMEWORK
background_check,BM-006,Friction,APP-00259,EV-3cf430420233,joined_late,False,MODEL_APPLIED_FROM_CALIBRATED_FRAMEWORK
background_check,BM-006,Friction,APP-00259,EV-ce9bbddb2c93,joined_late,False,MODEL_APPLIED_FROM_CALIBRATED_FRAMEWORK
background_check,BM-006,Friction,APP-00259,EV-564881a6b259,joined_late,False,MODEL_APPLIED_FROM_CALIBRATED_FRAMEWORK
background_check,BM-006,Friction,APP-00259,EV-8c99029c92a9,joined_late,False,MODEL_APPLIED_FROM_CALIBRATED_FRAMEWORK
background_check,BM-006,Friction,APP-00259,EV-738c3fbde2c7,joined_late,False,MODEL_APPLIED_FROM_CALIBRATED_FRAMEWORK
screened,BM-023,Goal Gradient,APP-00267,EV-7d4b0ee02468,declined_offer,True,MODEL_APPLIED_FROM_CALIBRATED_FRAMEWORK
submitted,BM-023,Goal Gradient,APP-00275,EV-46893af97fb4,withdrew_post_acceptance,True,MODEL_APPLIED_FROM_CALIBRATED_FRAMEWORK
submitted,BM-023,Goal Gradient,APP-00276,EV-591d95f4b022,joined_late,False,MODEL_APPLIED_FROM_CALIBRATED_FRAMEWORK
background_check,BM-023,Goal Gradient,APP-00276,EV-9f7c772f3d70,joined_late,False,MODEL_APPLIED_FROM_CALIBRATED_FRAMEWORK
background_check,BM-023,Goal Gradient,APP-00276,EV-5f01efcca573,joined_late,False,MODEL_APPLIED_FROM_CALIBRATED_FRAMEWORK
onboarding_docs_sent,BM-023,Goal Gradient,APP-00276,EV-5e13b296702c,joined_late,False,MODEL_APPLIED_FROM_CALIBRATED_FRAMEWORK
onboarding_docs_sent,BM-023,Goal Gradient,APP-00276,EV-e2e155044f73,joined_late,False,MODEL_APPLIED_FROM_CALIBRATED_FRAMEWORK
onboarding_docs_sent,BM-023,Goal Gradient,APP-00276,EV-447e0a489891,joined_late,False,MODEL_APPLIED_FROM_CALIBRATED_FRAMEWORK
background_check,BM-011,Reciprocity,APP-00277,EV-5f4f3c666698,withdrew_post_acceptance,True,MODEL_APPLIED_FROM_CALIBRATED_FRAMEWORK
submitted,BM-005,Choice Overload,APP-00278,EV-347b1b071f81,withdrew_post_acceptance,True,MODEL_APPLIED_FROM_CALIBRATED_FRAMEWORK
submitted,BM-006,Friction,APP-00280,EV-9d5004712050,rejected_by_client,True,MODEL_APPLIED_FROM_CALIBRATED_FRAMEWORK
client_interview_2,BM-002,Loss Aversion,APP-00281,EV-d9dff844c2b4,withdrew_post_acceptance,True,MODEL_APPLIED_FROM_CALIBRATED_FRAMEWORK
unknown,BM-005,Choice Overload,APP-00283,EV-046c8599e347,withdrew_post_acceptance,True,MODEL_APPLIED_FROM_CALIBRATED_FRAMEWORK
screened,BM-005,Choice Overload,APP-00283,EV-28389ef08771,withdrew_post_acceptance,True,MODEL_APPLIED_FROM_CALIBRATED_FRAMEWORK
screened,BM-005,Choice Overload,APP-00283,EV-ef0a6f1a53d7,withdrew_post_acceptance,True,MODEL_APPLIED_FROM_CALIBRATED_FRAMEWORK
submitted,BM-005,Choice Overload,APP-00283,EV-136e8309d3ca,withdrew_post_acceptance,True,MODEL_APPLIED_FROM_CALIBRATED_FRAMEWORK
submitted,BM-020,Commitment / Consistency,APP-00283,EV-d576b0373552,withdrew_post_acceptance,True,MODEL_APPLIED_FROM_CALIBRATED_FRAMEWORK
submitted,BM-006,Friction,APP-00284,EV-4d4709867e03,withdrew_post_acceptance,True,MODEL_APPLIED_FROM_CALIBRATED_FRAMEWORK
background_check,BM-006,Friction,APP-00284,EV-acb684e0bb88,withdrew_post_acceptance,True,MODEL_APPLIED_FROM_CALIBRATED_FRAMEWORK
unknown,BM-006,Friction,APP-00285,EV-ce9f3bbb6e45,joined_on_time,False,MODEL_APPLIED_FROM_CALIBRATED_FRAMEWORK
submitted,BM-023,Goal Gradient,APP-00285,EV-22b35dbc5fce,joined_on_time,False,MODEL_APPLIED_FROM_CALIBRATED_FRAMEWORK
submitted,BM-006,Friction,APP-00285,EV-b0c24c0d9346,joined_on_time,False,MODEL_APPLIED_FROM_CALIBRATED_FRAMEWORK
submitted,BM-006,Friction,APP-00285,EV-671d048d1a58,joined_on_time,False,MODEL_APPLIED_FROM_CALIBRATED_FRAMEWORK
submitted,BM-006,Friction,APP-00285,EV-5fa9516ef60d,joined_on_time,False,MODEL_APPLIED_FROM_CALIBRATED_FRAMEWORK
submitted,BM-023,Goal Gradient,APP-00285,EV-9771498e0be9,joined_on_time,False,MODEL_APPLIED_FROM_CALIBRATED_FRAMEWORK
offer_extended,BM-006,Friction,APP-00285,EV-63d0da9b2816,joined_on_time,False,MODEL_APPLIED_FROM_CALIBRATED_FRAMEWORK
background_check,BM-006,Friction,APP-00285,EV-94b6d61f373c,joined_on_time,False,MODEL_APPLIED_FROM_CALIBRATED_FRAMEWORK
background_check,BM-006,Friction,APP-00285,EV-fb8ee88475cb,joined_on_time,False,MODEL_APPLIED_FROM_CALIBRATED_FRAMEWORK
background_check,BM-023,Goal Gradient,APP-00285,EV-03ccef303828,joined_on_time,False,MODEL_APPLIED_FROM_CALIBRATED_FRAMEWORK
background_check,BM-006,Friction,APP-00285,EV-3d3f8ee7c4f7,joined_on_time,False,MODEL_APPLIED_FROM_CALIBRATED_FRAMEWORK
background_check,BM-006,Friction,APP-00285,EV-5b48393b49b6,joined_on_time,False,MODEL_APPLIED_FROM_CALIBRATED_FRAMEWORK
client_interview_1,BM-013,Anchoring,APP-00286,EV-5989ed8b387d,withdrew_post_acceptance,True,HUMAN_REVIEWED
client_interview_1,BM-020,Commitment / Consistency,APP-00287,EV-2a9e16e6501c,joined_on_time,False,MODEL_APPLIED_FROM_CALIBRATED_FRAMEWORK
client_interview_1,BM-018,Identity Signaling,APP-00287,EV-ee4dba6fa9bb,joined_on_time,False,MODEL_APPLIED_FROM_CALIBRATED_FRAMEWORK
unknown,BM-023,Goal Gradient,APP-00289,EV-d6de07bdcdc5,declined_offer,True,MODEL_APPLIED_FROM_CALIBRATED_FRAMEWORK
offer_extended,BM-023,Goal Gradient,APP-00289,EV-3c2f120d440c,declined_offer,True,MODEL_APPLIED_FROM_CALIBRATED_FRAMEWORK
offer_extended,BM-029,Uncertainty / Ambiguity Aversion,APP-00289,EV-1d4ee9c52d41,declined_offer,True,HUMAN_REVIEWED
offer_extended,BM-023,Goal Gradient,APP-00289,EV-c7e3877b3157,declined_offer,True,MODEL_APPLIED_FROM_CALIBRATED_FRAMEWORK
offer_extended,BM-023,Goal Gradient,APP-00289,EV-a4c4b513788e,declined_offer,True,MODEL_APPLIED_FROM_CALIBRATED_FRAMEWORK
offer_accepted,BM-002,Loss Aversion,APP-00292,EV-dd0afe5dae69,withdrew_post_acceptance,True,MODEL_APPLIED_FROM_CALIBRATED_FRAMEWORK
screened,BM-020,Commitment / Consistency,APP-00293,EV-d361a04b7d2b,joined_on_time,False,MODEL_APPLIED_FROM_CALIBRATED_FRAMEWORK
submitted,BM-029,Uncertainty / Ambiguity Aversion,APP-00294,EV-ec41d4e9f833,joined_on_time,False,MODEL_APPLIED_FROM_CALIBRATED_FRAMEWORK
submitted,BM-029,Uncertainty / Ambiguity Aversion,APP-00294,EV-4a208f70c662,joined_on_time,False,MODEL_APPLIED_FROM_CALIBRATED_FRAMEWORK
onboarding_docs_sent,BM-002,Loss Aversion,APP-00294,EV-8fb736ce035b,joined_on_time,False,MODEL_APPLIED_FROM_CALIBRATED_FRAMEWORK
submitted,BM-011,Reciprocity,APP-00295,EV-3f9805368681,accepted_no_show,True,MODEL_APPLIED_FROM_CALIBRATED_FRAMEWORK
offer_accepted,BM-011,Reciprocity,APP-00295,EV-001215f449d8,accepted_no_show,True,MODEL_APPLIED_FROM_CALIBRATED_FRAMEWORK
background_check,BM-011,Reciprocity,APP-00295,EV-261bc3e2e51b,accepted_no_show,True,MODEL_APPLIED_FROM_CALIBRATED_FRAMEWORK
background_check,BM-011,Reciprocity,APP-00295,EV-1b33401e4db4,accepted_no_show,True,MODEL_APPLIED_FROM_CALIBRATED_FRAMEWORK
background_check,BM-011,Reciprocity,APP-00295,EV-c84594081d02,accepted_no_show,True,MODEL_APPLIED_FROM_CALIBRATED_FRAMEWORK
background_check,BM-011,Reciprocity,APP-00295,EV-9f5f288078c8,accepted_no_show,True,MODEL_APPLIED_FROM_CALIBRATED_FRAMEWORK
submitted,BM-006,Friction,APP-00297,EV-72b0ec6f7478,joined_on_time,False,MODEL_APPLIED_FROM_CALIBRATED_FRAMEWORK
offer_extended,BM-006,Friction,APP-00297,EV-71b703e61a6a,joined_on_time,False,MODEL_APPLIED_FROM_CALIBRATED_FRAMEWORK
offer_accepted,BM-006,Friction,APP-00297,EV-a7b319b63eee,joined_on_time,False,MODEL_APPLIED_FROM_CALIBRATED_FRAMEWORK
submitted,BM-006,Friction,APP-00301,EV-918e679cf77f,accepted_no_show,True,MODEL_APPLIED_FROM_CALIBRATED_FRAMEWORK
client_interview_1,BM-006,Friction,APP-00301,EV-19b5caf7c430,accepted_no_show,True,MODEL_APPLIED_FROM_CALIBRATED_FRAMEWORK
client_interview_1,BM-011,Reciprocity,APP-00301,EV-f552e46937b5,accepted_no_show,True,MODEL_APPLIED_FROM_CALIBRATED_FRAMEWORK
client_interview_1,BM-011,Reciprocity,APP-00301,EV-fb48ca9ac980,accepted_no_show,True,MODEL_APPLIED_FROM_CALIBRATED_FRAMEWORK
offer_accepted,BM-006,Friction,APP-00301,EV-fb35fc43b625,accepted_no_show,True,MODEL_APPLIED_FROM_CALIBRATED_FRAMEWORK
offer_accepted,BM-006,Friction,APP-00301,EV-b5eeb30cd139,accepted_no_show,True,MODEL_APPLIED_FROM_CALIBRATED_FRAMEWORK
offer_accepted,BM-006,Friction,APP-00301,EV-8d8f92f9fec0,accepted_no_show,True,MODEL_APPLIED_FROM_CALIBRATED_FRAMEWORK
background_check,BM-006,Friction,APP-00301,EV-897caa46284d,accepted_no_show,True,MODEL_APPLIED_FROM_CALIBRATED_FRAMEWORK
background_check,BM-006,Friction,APP-00301,EV-df520ed4200f,accepted_no_show,True,MODEL_APPLIED_FROM_CALIBRATED_FRAMEWORK
background_check,BM-006,Friction,APP-00301,EV-cb52868fdcf8,accepted_no_show,True,MODEL_APPLIED_FROM_CALIBRATED_FRAMEWORK
background_check,BM-011,Reciprocity,APP-00301,EV-18d52bb71935,accepted_no_show,True,MODEL_APPLIED_FROM_CALIBRATED_FRAMEWORK
background_check,BM-006,Friction,APP-00301,EV-2ba7758ed981,accepted_no_show,True,MODEL_APPLIED_FROM_CALIBRATED_FRAMEWORK
background_check,BM-011,Reciprocity,APP-00301,EV-d060b27bef43,accepted_no_show,True,MODEL_APPLIED_FROM_CALIBRATED_FRAMEWORK
background_check,BM-006,Friction,APP-00301,EV-ee566342f2bb,accepted_no_show,True,MODEL_APPLIED_FROM_CALIBRATED_FRAMEWORK
background_check,BM-006,Friction,APP-00301,EV-8521fc98f60c,accepted_no_show,True,MODEL_APPLIED_FROM_CALIBRATED_FRAMEWORK
submitted,BM-001,Status Quo Bias,APP-00303,EV-5a8d885d686d,joined_late,False,MODEL_APPLIED_FROM_CALIBRATED_FRAMEWORK
client_interview_2,BM-001,Status Quo Bias,APP-00303,EV-d7e98144e7cc,joined_late,False,MODEL_APPLIED_FROM_CALIBRATED_FRAMEWORK
client_interview_2,BM-001,Status Quo Bias,APP-00303,EV-8c0cb35ecc33,joined_late,False,HUMAN_REVIEWED
offer_extended,BM-001,Status Quo Bias,APP-00303,EV-e31667ea0809,joined_late,False,MODEL_APPLIED_FROM_CALIBRATED_FRAMEWORK
background_check,BM-001,Status Quo Bias,APP-00303,EV-44eb7cba8afe,joined_late,False,MODEL_APPLIED_FROM_CALIBRATED_FRAMEWORK
onboarding_docs_sent,BM-001,Status Quo Bias,APP-00303,EV-31ee28e95fc3,joined_late,False,MODEL_APPLIED_FROM_CALIBRATED_FRAMEWORK
onboarding_docs_sent,BM-029,Uncertainty / Ambiguity Aversion,APP-00303,EV-c929c74e59c8,joined_late,False,MODEL_APPLIED_FROM_CALIBRATED_FRAMEWORK
offer_accepted,BM-029,Uncertainty / Ambiguity Aversion,APP-00304,EV-2e3f58866d4c,withdrew_post_acceptance,True,MODEL_APPLIED_FROM_CALIBRATED_FRAMEWORK
offer_accepted,BM-029,Uncertainty / Ambiguity Aversion,APP-00304,EV-97950d1af2ec,withdrew_post_acceptance,True,MODEL_APPLIED_FROM_CALIBRATED_FRAMEWORK
offer_accepted,BM-002,Loss Aversion,APP-00304,EV-207e9e830683,withdrew_post_acceptance,True,MODEL_APPLIED_FROM_CALIBRATED_FRAMEWORK
submitted,BM-006,Friction,APP-00306,EV-324d7bd286c5,declined_offer,True,MODEL_APPLIED_FROM_CALIBRATED_FRAMEWORK
submitted,BM-006,Friction,APP-00306,EV-f1fcfb4ea60f,declined_offer,True,MODEL_APPLIED_FROM_CALIBRATED_FRAMEWORK
submitted,BM-006,Friction,APP-00306,EV-5df97179cdad,declined_offer,True,MODEL_APPLIED_FROM_CALIBRATED_FRAMEWORK
client_interview_1,BM-006,Friction,APP-00306,EV-24473f9349ce,declined_offer,True,MODEL_APPLIED_FROM_CALIBRATED_FRAMEWORK
client_interview_1,BM-006,Friction,APP-00306,EV-7392b7b10231,declined_offer,True,MODEL_APPLIED_FROM_CALIBRATED_FRAMEWORK
offer_extended,BM-006,Friction,APP-00306,EV-350618d22059,declined_offer,True,MODEL_APPLIED_FROM_CALIBRATED_FRAMEWORK
offer_extended,BM-029,Uncertainty / Ambiguity Aversion,APP-00306,EV-f5761a89de98,declined_offer,True,MODEL_APPLIED_FROM_CALIBRATED_FRAMEWORK
offer_extended,BM-006,Friction,APP-00306,EV-59105cded6cc,declined_offer,True,MODEL_APPLIED_FROM_CALIBRATED_FRAMEWORK
offer_extended,BM-006,Friction,APP-00306,EV-2c7ff34a5c08,declined_offer,True,MODEL_APPLIED_FROM_CALIBRATED_FRAMEWORK
screened,BM-006,Friction,APP-00307,EV-47b580817e55,rejected_by_client,True,MODEL_APPLIED_FROM_CALIBRATED_FRAMEWORK
submitted,BM-006,Friction,APP-00307,EV-0efa56b2f7f7,rejected_by_client,True,MODEL_APPLIED_FROM_CALIBRATED_FRAMEWORK
offer_extended,BM-006,Friction,APP-00307,EV-984c744dd9b9,rejected_by_client,True,MODEL_APPLIED_FROM_CALIBRATED_FRAMEWORK
offer_extended,BM-011,Reciprocity,APP-00307,EV-124ca3ab477c,rejected_by_client,True,MODEL_APPLIED_FROM_CALIBRATED_FRAMEWORK
offer_extended,BM-006,Friction,APP-00307,EV-a281fc241878,rejected_by_client,True,MODEL_APPLIED_FROM_CALIBRATED_FRAMEWORK
offer_accepted,BM-006,Friction,APP-00307,EV-5d1e93dcaadd,rejected_by_client,True,MODEL_APPLIED_FROM_CALIBRATED_FRAMEWORK
offer_accepted,BM-006,Friction,APP-00307,EV-58531809e1a3,rejected_by_client,True,MODEL_APPLIED_FROM_CALIBRATED_FRAMEWORK
offer_accepted,BM-006,Friction,APP-00307,EV-9953709ad152,rejected_by_client,True,MODEL_APPLIED_FROM_CALIBRATED_FRAMEWORK
screened,BM-005,Choice Overload,APP-00310,EV-b0fd718446e3,joined_on_time,False,MODEL_APPLIED_FROM_CALIBRATED_FRAMEWORK
offer_extended,BM-002,Loss Aversion,APP-00315,EV-cf79d18f3cf1,withdrew_post_acceptance,True,MODEL_APPLIED_FROM_CALIBRATED_FRAMEWORK
offer_accepted,BM-002,Loss Aversion,APP-00315,EV-9c1473dc8f4e,withdrew_post_acceptance,True,MODEL_APPLIED_FROM_CALIBRATED_FRAMEWORK
screened,BM-001,Status Quo Bias,APP-00319,EV-92b27be56f01,withdrew_post_acceptance,True,MODEL_APPLIED_FROM_CALIBRATED_FRAMEWORK
client_interview_1,BM-001,Status Quo Bias,APP-00319,EV-1c0af8fa78ec,withdrew_post_acceptance,True,MODEL_APPLIED_FROM_CALIBRATED_FRAMEWORK
client_interview_1,BM-001,Status Quo Bias,APP-00319,EV-03ad172dbed7,withdrew_post_acceptance,True,MODEL_APPLIED_FROM_CALIBRATED_FRAMEWORK
submitted,BM-023,Goal Gradient,APP-00320,EV-bf657068aed2,withdrew_post_acceptance,True,MODEL_APPLIED_FROM_CALIBRATED_FRAMEWORK
submitted,BM-023,Goal Gradient,APP-00320,EV-1882f87cdc72,withdrew_post_acceptance,True,MODEL_APPLIED_FROM_CALIBRATED_FRAMEWORK
unknown,BM-029,Uncertainty / Ambiguity Aversion,APP-00325,EV-7f4ce802fd2a,accepted_no_show,True,MODEL_APPLIED_FROM_CALIBRATED_FRAMEWORK
submitted,BM-029,Uncertainty / Ambiguity Aversion,APP-00325,EV-a765165089d9,accepted_no_show,True,MODEL_APPLIED_FROM_CALIBRATED_FRAMEWORK
submitted,BM-029,Uncertainty / Ambiguity Aversion,APP-00325,EV-deccde6989f4,accepted_no_show,True,MODEL_APPLIED_FROM_CALIBRATED_FRAMEWORK
submitted,BM-029,Uncertainty / Ambiguity Aversion,APP-00325,EV-a0f14bcd2b0e,accepted_no_show,True,MODEL_APPLIED_FROM_CALIBRATED_FRAMEWORK
submitted,BM-029,Uncertainty / Ambiguity Aversion,APP-00325,EV-d87697ef6e35,accepted_no_show,True,MODEL_APPLIED_FROM_CALIBRATED_FRAMEWORK
background_check,BM-029,Uncertainty / Ambiguity Aversion,APP-00325,EV-040144344a5c,accepted_no_show,True,MODEL_APPLIED_FROM_CALIBRATED_FRAMEWORK
background_check,BM-029,Uncertainty / Ambiguity Aversion,APP-00325,EV-f7018ea3d7d5,accepted_no_show,True,MODEL_APPLIED_FROM_CALIBRATED_FRAMEWORK
client_interview_1,BM-006,Friction,APP-00326,EV-1ba3c2186f99,joined_on_time,False,MODEL_APPLIED_FROM_CALIBRATED_FRAMEWORK
offer_extended,BM-006,Friction,APP-00326,EV-3c678787fb6b,joined_on_time,False,MODEL_APPLIED_FROM_CALIBRATED_FRAMEWORK
offer_extended,BM-006,Friction,APP-00326,EV-5d250224dae7,joined_on_time,False,MODEL_APPLIED_FROM_CALIBRATED_FRAMEWORK
offer_accepted,BM-006,Friction,APP-00326,EV-df0fea4a13cd,joined_on_time,False,MODEL_APPLIED_FROM_CALIBRATED_FRAMEWORK
background_check,BM-006,Friction,APP-00326,EV-c101a2b51138,joined_on_time,False,MODEL_APPLIED_FROM_CALIBRATED_FRAMEWORK
background_check,BM-006,Friction,APP-00326,EV-764b96d537b3,joined_on_time,False,MODEL_APPLIED_FROM_CALIBRATED_FRAMEWORK
background_check,BM-006,Friction,APP-00326,EV-f0e4a0ed53f2,joined_on_time,False,MODEL_APPLIED_FROM_CALIBRATED_FRAMEWORK
background_check,BM-006,Friction,APP-00326,EV-bca9899554dd,joined_on_time,False,MODEL_APPLIED_FROM_CALIBRATED_FRAMEWORK
background_check,BM-006,Friction,APP-00326,EV-99748d04f173,joined_on_time,False,MODEL_APPLIED_FROM_CALIBRATED_FRAMEWORK
background_check,BM-029,Uncertainty / Ambiguity Aversion,APP-00326,EV-82bccec51c61,joined_on_time,False,MODEL_APPLIED_FROM_CALIBRATED_FRAMEWORK
background_check,BM-006,Friction,APP-00326,EV-c4c7c98f364e,joined_on_time,False,MODEL_APPLIED_FROM_CALIBRATED_FRAMEWORK
background_check,BM-006,Friction,APP-00326,EV-c913b998edca,joined_on_time,False,MODEL_APPLIED_FROM_CALIBRATED_FRAMEWORK
submitted,BM-023,Goal Gradient,APP-00328,EV-48adc545e213,joined_late,False,MODEL_APPLIED_FROM_CALIBRATED_FRAMEWORK
client_interview_1,BM-023,Goal Gradient,APP-00328,EV-33f76a90179b,joined_late,False,MODEL_APPLIED_FROM_CALIBRATED_FRAMEWORK
offer_accepted,BM-023,Goal Gradient,APP-00328,EV-2d3b824ebfce,joined_late,False,MODEL_APPLIED_FROM_CALIBRATED_FRAMEWORK
onboarding_docs_sent,BM-023,Goal Gradient,APP-00328,EV-14fd4b427779,joined_late,False,MODEL_APPLIED_FROM_CALIBRATED_FRAMEWORK
onboarding_docs_sent,BM-023,Goal Gradient,APP-00328,EV-a7b202dbe4ea,joined_late,False,MODEL_APPLIED_FROM_CALIBRATED_FRAMEWORK
screened,BM-001,Status Quo Bias,APP-00331,EV-bced98711c2c,joined_late,False,MODEL_APPLIED_FROM_CALIBRATED_FRAMEWORK
submitted,BM-023,Goal Gradient,APP-00331,EV-40ab20fa17a7,joined_late,False,MODEL_APPLIED_FROM_CALIBRATED_FRAMEWORK
offer_accepted,BM-001,Status Quo Bias,APP-00331,EV-efbb8b082f74,joined_late,False,MODEL_APPLIED_FROM_CALIBRATED_FRAMEWORK
onboarding_docs_sent,BM-023,Goal Gradient,APP-00331,EV-fbf792f398f3,joined_late,False,MODEL_APPLIED_FROM_CALIBRATED_FRAMEWORK
submitted,BM-011,Reciprocity,APP-00332,EV-696d257b530e,joined_late,False,MODEL_APPLIED_FROM_CALIBRATED_FRAMEWORK
submitted,BM-029,Uncertainty / Ambiguity Aversion,APP-00333,EV-c37f0f542755,joined_late,False,MODEL_APPLIED_FROM_CALIBRATED_FRAMEWORK
offer_accepted,BM-029,Uncertainty / Ambiguity Aversion,APP-00333,EV-4092d2385f31,joined_late,False,MODEL_APPLIED_FROM_CALIBRATED_FRAMEWORK
offer_accepted,BM-029,Uncertainty / Ambiguity Aversion,APP-00333,EV-1c79b9663d1e,joined_late,False,MODEL_APPLIED_FROM_CALIBRATED_FRAMEWORK
offer_accepted,BM-029,Uncertainty / Ambiguity Aversion,APP-00333,EV-57bfd547e2bd,joined_late,False,MODEL_APPLIED_FROM_CALIBRATED_FRAMEWORK
screened,BM-001,Status Quo Bias,APP-00334,EV-d06d5d0698e5,withdrew_post_acceptance,True,MODEL_APPLIED_FROM_CALIBRATED_FRAMEWORK
screened,BM-029,Uncertainty / Ambiguity Aversion,APP-00334,EV-65056abacdd3,withdrew_post_acceptance,True,MODEL_APPLIED_FROM_CALIBRATED_FRAMEWORK
submitted,BM-001,Status Quo Bias,APP-00334,EV-d7b0639875b2,withdrew_post_acceptance,True,MODEL_APPLIED_FROM_CALIBRATED_FRAMEWORK
submitted,BM-001,Status Quo Bias,APP-00334,EV-1918b62c8064,withdrew_post_acceptance,True,MODEL_APPLIED_FROM_CALIBRATED_FRAMEWORK
submitted,BM-029,Uncertainty / Ambiguity Aversion,APP-00334,EV-82b3cc1fc0ec,withdrew_post_acceptance,True,MODEL_APPLIED_FROM_CALIBRATED_FRAMEWORK
submitted,BM-029,Uncertainty / Ambiguity Aversion,APP-00334,EV-4d113fae2ff0,withdrew_post_acceptance,True,MODEL_APPLIED_FROM_CALIBRATED_FRAMEWORK
submitted,BM-001,Status Quo Bias,APP-00334,EV-43caa3aa1531,withdrew_post_acceptance,True,MODEL_APPLIED_FROM_CALIBRATED_FRAMEWORK
offer_accepted,BM-001,Status Quo Bias,APP-00334,EV-ceb52eedf307,withdrew_post_acceptance,True,MODEL_APPLIED_FROM_CALIBRATED_FRAMEWORK
offer_accepted,BM-001,Status Quo Bias,APP-00334,EV-e56c493d92c1,withdrew_post_acceptance,True,MODEL_APPLIED_FROM_CALIBRATED_FRAMEWORK
offer_accepted,BM-001,Status Quo Bias,APP-00334,EV-1b91e7e03282,withdrew_post_acceptance,True,MODEL_APPLIED_FROM_CALIBRATED_FRAMEWORK
offer_extended,BM-006,Friction,APP-00335,EV-1acce45b960c,joined_on_time,False,MODEL_APPLIED_FROM_CALIBRATED_FRAMEWORK
client_interview_1,BM-011,Reciprocity,APP-00340,EV-90bbad0e4610,joined_late,False,MODEL_APPLIED_FROM_CALIBRATED_FRAMEWORK
offer_accepted,BM-011,Reciprocity,APP-00340,EV-899c6f2c4d55,joined_late,False,MODEL_APPLIED_FROM_CALIBRATED_FRAMEWORK
onboarding_docs_sent,BM-011,Reciprocity,APP-00340,EV-a3b9db55b47b,joined_late,False,MODEL_APPLIED_FROM_CALIBRATED_FRAMEWORK
unknown,BM-006,Friction,APP-00342,EV-b5587d8e4fce,accepted_no_show,True,MODEL_APPLIED_FROM_CALIBRATED_FRAMEWORK
unknown,BM-006,Friction,APP-00342,EV-aa3f2d9f84ed,accepted_no_show,True,MODEL_APPLIED_FROM_CALIBRATED_FRAMEWORK
unknown,BM-006,Friction,APP-00342,EV-1382254efde8,accepted_no_show,True,MODEL_APPLIED_FROM_CALIBRATED_FRAMEWORK
client_interview_1,BM-006,Friction,APP-00342,EV-051c7d51e6d6,accepted_no_show,True,MODEL_APPLIED_FROM_CALIBRATED_FRAMEWORK
submitted,BM-006,Friction,APP-00342,EV-1c6a5a92ca4f,accepted_no_show,True,MODEL_APPLIED_FROM_CALIBRATED_FRAMEWORK
submitted,BM-006,Friction,APP-00342,EV-183e6c92e954,accepted_no_show,True,MODEL_APPLIED_FROM_CALIBRATED_FRAMEWORK
submitted,BM-006,Friction,APP-00342,EV-4e52a03e50c3,accepted_no_show,True,MODEL_APPLIED_FROM_CALIBRATED_FRAMEWORK
client_interview_2,BM-006,Friction,APP-00342,EV-12cdba7c1f14,accepted_no_show,True,HUMAN_REVIEWED
offer_extended,BM-006,Friction,APP-00342,EV-44c47a3a0300,accepted_no_show,True,MODEL_APPLIED_FROM_CALIBRATED_FRAMEWORK
offer_accepted,BM-006,Friction,APP-00342,EV-0f26012d89b1,accepted_no_show,True,MODEL_APPLIED_FROM_CALIBRATED_FRAMEWORK
screened,BM-006,Friction,APP-00348,EV-07c142dd03f9,joined_late,False,MODEL_APPLIED_FROM_CALIBRATED_FRAMEWORK
screened,BM-006,Friction,APP-00348,EV-25b65e93080e,joined_late,False,MODEL_APPLIED_FROM_CALIBRATED_FRAMEWORK
client_interview_1,BM-006,Friction,APP-00348,EV-4a3f61a202bd,joined_late,False,MODEL_APPLIED_FROM_CALIBRATED_FRAMEWORK
offer_extended,BM-006,Friction,APP-00348,EV-d08dae545777,joined_late,False,MODEL_APPLIED_FROM_CALIBRATED_FRAMEWORK
offer_accepted,BM-006,Friction,APP-00348,EV-c2bd4ebfbf15,joined_late,False,MODEL_APPLIED_FROM_CALIBRATED_FRAMEWORK
onboarding_docs_sent,BM-006,Friction,APP-00348,EV-3440679d8759,joined_late,False,MODEL_APPLIED_FROM_CALIBRATED_FRAMEWORK
onboarding_docs_sent,BM-006,Friction,APP-00348,EV-80def9488fee,joined_late,False,MODEL_APPLIED_FROM_CALIBRATED_FRAMEWORK
onboarding_docs_sent,BM-006,Friction,APP-00348,EV-bde6fe65e352,joined_late,False,HUMAN_REVIEWED
screened,BM-002,Loss Aversion,APP-00351,EV-a4f87b6b103e,accepted_no_show,True,MODEL_APPLIED_FROM_CALIBRATED_FRAMEWORK
submitted,BM-002,Loss Aversion,APP-00351,EV-651350d8becf,accepted_no_show,True,MODEL_APPLIED_FROM_CALIBRATED_FRAMEWORK
client_interview_2,BM-002,Loss Aversion,APP-00351,EV-9d4308e54e25,accepted_no_show,True,MODEL_APPLIED_FROM_CALIBRATED_FRAMEWORK
offer_extended,BM-001,Status Quo Bias,APP-00351,EV-94a985d2aa96,accepted_no_show,True,MODEL_APPLIED_FROM_CALIBRATED_FRAMEWORK
offer_extended,BM-029,Uncertainty / Ambiguity Aversion,APP-00351,EV-9cdf1854cd2c,accepted_no_show,True,MODEL_APPLIED_FROM_CALIBRATED_FRAMEWORK
offer_extended,BM-029,Uncertainty / Ambiguity Aversion,APP-00351,EV-8b3a29641501,accepted_no_show,True,MODEL_APPLIED_FROM_CALIBRATED_FRAMEWORK
offer_accepted,BM-001,Status Quo Bias,APP-00351,EV-e8f4d19155e0,accepted_no_show,True,MODEL_APPLIED_FROM_CALIBRATED_FRAMEWORK
onboarding_docs_sent,BM-001,Status Quo Bias,APP-00351,EV-b5c5ada792ad,accepted_no_show,True,MODEL_APPLIED_FROM_CALIBRATED_FRAMEWORK
submitted,BM-023,Goal Gradient,APP-00354,EV-51120d90fd4d,joined_on_time,False,MODEL_APPLIED_FROM_CALIBRATED_FRAMEWORK
background_check,BM-023,Goal Gradient,APP-00354,EV-6c26a778ca3a,joined_on_time,False,MODEL_APPLIED_FROM_CALIBRATED_FRAMEWORK
submitted,BM-001,Status Quo Bias,APP-00358,EV-b99aad7815ed,accepted_no_show,True,MODEL_APPLIED_FROM_CALIBRATED_FRAMEWORK
submitted,BM-001,Status Quo Bias,APP-00358,EV-6f69b73fb0dd,accepted_no_show,True,MODEL_APPLIED_FROM_CALIBRATED_FRAMEWORK
client_interview_1,BM-001,Status Quo Bias,APP-00358,EV-7e73757db374,accepted_no_show,True,MODEL_APPLIED_FROM_CALIBRATED_FRAMEWORK
offer_accepted,BM-001,Status Quo Bias,APP-00358,EV-76847d8e17d0,accepted_no_show,True,MODEL_APPLIED_FROM_CALIBRATED_FRAMEWORK
background_check,BM-001,Status Quo Bias,APP-00358,EV-93d2538c4a6d,accepted_no_show,True,MODEL_APPLIED_FROM_CALIBRATED_FRAMEWORK
background_check,BM-001,Status Quo Bias,APP-00358,EV-b846737d8963,accepted_no_show,True,MODEL_APPLIED_FROM_CALIBRATED_FRAMEWORK
submitted,BM-029,Uncertainty / Ambiguity Aversion,APP-00361,EV-e78aa3bb7fca,declined_offer,True,MODEL_APPLIED_FROM_CALIBRATED_FRAMEWORK
submitted,BM-029,Uncertainty / Ambiguity Aversion,APP-00361,EV-4b7b66aa2ed2,declined_offer,True,MODEL_APPLIED_FROM_CALIBRATED_FRAMEWORK
screened,BM-001,Status Quo Bias,APP-00363,EV-b3d1add3782d,joined_on_time,False,MODEL_APPLIED_FROM_CALIBRATED_FRAMEWORK
screened,BM-014,Confirmation Bias,APP-00363,EV-d015f17db710,joined_on_time,False,MODEL_APPLIED_FROM_CALIBRATED_FRAMEWORK
submitted,BM-001,Status Quo Bias,APP-00363,EV-3541f33f7f73,joined_on_time,False,MODEL_APPLIED_FROM_CALIBRATED_FRAMEWORK
submitted,BM-001,Status Quo Bias,APP-00363,EV-62db3f5b3dda,joined_on_time,False,MODEL_APPLIED_FROM_CALIBRATED_FRAMEWORK
client_interview_1,BM-001,Status Quo Bias,APP-00363,EV-3906be1758dc,joined_on_time,False,MODEL_APPLIED_FROM_CALIBRATED_FRAMEWORK
onboarding_docs_sent,BM-001,Status Quo Bias,APP-00363,EV-2c4d8b2ebe41,joined_on_time,False,MODEL_APPLIED_FROM_CALIBRATED_FRAMEWORK
onboarding_docs_sent,BM-014,Confirmation Bias,APP-00363,EV-b1c84514bb81,joined_on_time,False,MODEL_APPLIED_FROM_CALIBRATED_FRAMEWORK
unknown,BM-002,Loss Aversion,APP-00364,EV-7a8e0df47bf0,declined_offer,True,MODEL_APPLIED_FROM_CALIBRATED_FRAMEWORK
unknown,BM-029,Uncertainty / Ambiguity Aversion,APP-00364,EV-c9e2d62b33d5,declined_offer,True,MODEL_APPLIED_FROM_CALIBRATED_FRAMEWORK
submitted,BM-029,Uncertainty / Ambiguity Aversion,APP-00364,EV-a44701a903b3,declined_offer,True,MODEL_APPLIED_FROM_CALIBRATED_FRAMEWORK
submitted,BM-029,Uncertainty / Ambiguity Aversion,APP-00364,EV-b94709076682,declined_offer,True,MODEL_APPLIED_FROM_CALIBRATED_FRAMEWORK
client_interview_1,BM-002,Loss Aversion,APP-00364,EV-71d935e878c8,declined_offer,True,MODEL_APPLIED_FROM_CALIBRATED_FRAMEWORK
client_interview_1,BM-029,Uncertainty / Ambiguity Aversion,APP-00364,EV-f7ccd34bcf49,declined_offer,True,MODEL_APPLIED_FROM_CALIBRATED_FRAMEWORK
client_interview_1,BM-029,Uncertainty / Ambiguity Aversion,APP-00364,EV-76a8d57897a7,declined_offer,True,MODEL_APPLIED_FROM_CALIBRATED_FRAMEWORK
client_interview_1,BM-029,Uncertainty / Ambiguity Aversion,APP-00364,EV-3a9259132ede,declined_offer,True,MODEL_APPLIED_FROM_CALIBRATED_FRAMEWORK
offer_accepted,BM-002,Loss Aversion,APP-00367,EV-d7caff7ad4dd,joined_late,False,MODEL_APPLIED_FROM_CALIBRATED_FRAMEWORK
background_check,BM-002,Loss Aversion,APP-00367,EV-22188c8fa446,joined_late,False,MODEL_APPLIED_FROM_CALIBRATED_FRAMEWORK
onboarding_docs_sent,BM-029,Uncertainty / Ambiguity Aversion,APP-00367,EV-3a20038a2872,joined_late,False,MODEL_APPLIED_FROM_CALIBRATED_FRAMEWORK
onboarding_docs_sent,BM-029,Uncertainty / Ambiguity Aversion,APP-00367,EV-d6aed02590b4,joined_late,False,MODEL_APPLIED_FROM_CALIBRATED_FRAMEWORK
screened,BM-006,Friction,APP-00369,EV-49fc1e096214,declined_offer,True,MODEL_APPLIED_FROM_CALIBRATED_FRAMEWORK
screened,BM-006,Friction,APP-00369,EV-06fd7b641f8b,declined_offer,True,MODEL_APPLIED_FROM_CALIBRATED_FRAMEWORK
submitted,BM-006,Friction,APP-00369,EV-aa44e110d32a,declined_offer,True,MODEL_APPLIED_FROM_CALIBRATED_FRAMEWORK
submitted,BM-006,Friction,APP-00369,EV-f4c0f095de50,declined_offer,True,MODEL_APPLIED_FROM_CALIBRATED_FRAMEWORK
client_interview_1,BM-006,Friction,APP-00369,EV-40bcda7bfd6b,declined_offer,True,MODEL_APPLIED_FROM_CALIBRATED_FRAMEWORK
client_interview_1,BM-006,Friction,APP-00369,EV-bfdb0dadecf6,declined_offer,True,MODEL_APPLIED_FROM_CALIBRATED_FRAMEWORK
client_interview_1,BM-006,Friction,APP-00369,EV-a7e93669a4be,declined_offer,True,MODEL_APPLIED_FROM_CALIBRATED_FRAMEWORK
client_interview_1,BM-029,Uncertainty / Ambiguity Aversion,APP-00370,EV-d5b3e03625c7,joined_on_time,False,MODEL_APPLIED_FROM_CALIBRATED_FRAMEWORK
client_interview_1,BM-029,Uncertainty / Ambiguity Aversion,APP-00370,EV-17ec39d85928,joined_on_time,False,MODEL_APPLIED_FROM_CALIBRATED_FRAMEWORK
client_interview_1,BM-029,Uncertainty / Ambiguity Aversion,APP-00370,EV-d74969883abb,joined_on_time,False,MODEL_APPLIED_FROM_CALIBRATED_FRAMEWORK
offer_accepted,BM-029,Uncertainty / Ambiguity Aversion,APP-00370,EV-4e85fecb57d7,joined_on_time,False,MODEL_APPLIED_FROM_CALIBRATED_FRAMEWORK
offer_accepted,BM-029,Uncertainty / Ambiguity Aversion,APP-00370,EV-97041b65e389,joined_on_time,False,MODEL_APPLIED_FROM_CALIBRATED_FRAMEWORK
client_interview_1,BM-029,Uncertainty / Ambiguity Aversion,APP-00371,EV-ca8c7116a7e4,joined_on_time,False,MODEL_APPLIED_FROM_CALIBRATED_FRAMEWORK
screened,BM-005,Choice Overload,APP-00372,EV-1fe326c0e324,accepted_no_show,True,MODEL_APPLIED_FROM_CALIBRATED_FRAMEWORK
client_interview_1,BM-005,Choice Overload,APP-00372,EV-cf5e18200086,accepted_no_show,True,MODEL_APPLIED_FROM_CALIBRATED_FRAMEWORK
client_interview_1,BM-005,Choice Overload,APP-00372,EV-b5511fee14ad,accepted_no_show,True,MODEL_APPLIED_FROM_CALIBRATED_FRAMEWORK
offer_accepted,BM-005,Choice Overload,APP-00372,EV-fef6330046c2,accepted_no_show,True,MODEL_APPLIED_FROM_CALIBRATED_FRAMEWORK
offer_accepted,BM-005,Choice Overload,APP-00372,EV-0069d8a78461,accepted_no_show,True,MODEL_APPLIED_FROM_CALIBRATED_FRAMEWORK
background_check,BM-005,Choice Overload,APP-00372,EV-210aa3c7e78c,accepted_no_show,True,MODEL_APPLIED_FROM_CALIBRATED_FRAMEWORK
screened,BM-014,Confirmation Bias,APP-00373,EV-f82dc9dc4d32,joined_on_time,False,MODEL_APPLIED_FROM_CALIBRATED_FRAMEWORK
client_interview_1,BM-001,Status Quo Bias,APP-00373,EV-97e019c25a10,joined_on_time,False,MODEL_APPLIED_FROM_CALIBRATED_FRAMEWORK
client_interview_1,BM-001,Status Quo Bias,APP-00373,EV-9d3041f0dc30,joined_on_time,False,MODEL_APPLIED_FROM_CALIBRATED_FRAMEWORK
client_interview_1,BM-014,Confirmation Bias,APP-00373,EV-13964b9e1151,joined_on_time,False,MODEL_APPLIED_FROM_CALIBRATED_FRAMEWORK
client_interview_1,BM-001,Status Quo Bias,APP-00373,EV-679b1b638736,joined_on_time,False,MODEL_APPLIED_FROM_CALIBRATED_FRAMEWORK
client_interview_1,BM-006,Friction,APP-00373,EV-a1153d574390,joined_on_time,False,HUMAN_REVIEWED
client_interview_1,BM-001,Status Quo Bias,APP-00373,EV-ed6a3b4e1eb0,joined_on_time,False,MODEL_APPLIED_FROM_CALIBRATED_FRAMEWORK
client_interview_1,BM-029,Uncertainty / Ambiguity Aversion,APP-00373,EV-d5c8f48c14fc,joined_on_time,False,HUMAN_REVIEWED
client_interview_1,BM-001,Status Quo Bias,APP-00373,EV-5a8536a6c7a8,joined_on_time,False,MODEL_APPLIED_FROM_CALIBRATED_FRAMEWORK
offer_accepted,BM-001,Status Quo Bias,APP-00373,EV-46104e150967,joined_on_time,False,MODEL_APPLIED_FROM_CALIBRATED_FRAMEWORK
onboarding_docs_sent,BM-001,Status Quo Bias,APP-00373,EV-47ba47a5f00b,joined_on_time,False,MODEL_APPLIED_FROM_CALIBRATED_FRAMEWORK
offer_accepted,BM-023,Goal Gradient,APP-00381,EV-98356a75d0f1,accepted_no_show,True,MODEL_APPLIED_FROM_CALIBRATED_FRAMEWORK
client_interview_2,BM-001,Status Quo Bias,APP-00383,EV-7d5a741b7dab,joined_on_time,False,MODEL_APPLIED_FROM_CALIBRATED_FRAMEWORK
client_interview_2,BM-029,Uncertainty / Ambiguity Aversion,APP-00383,EV-b02230dd2528,joined_on_time,False,MODEL_APPLIED_FROM_CALIBRATED_FRAMEWORK
client_interview_2,BM-001,Status Quo Bias,APP-00383,EV-d377b6de089b,joined_on_time,False,MODEL_APPLIED_FROM_CALIBRATED_FRAMEWORK
client_interview_2,BM-001,Status Quo Bias,APP-00383,EV-4b84a4510879,joined_on_time,False,MODEL_APPLIED_FROM_CALIBRATED_FRAMEWORK
offer_extended,BM-029,Uncertainty / Ambiguity Aversion,APP-00383,EV-f0b4e7f14eb3,joined_on_time,False,MODEL_APPLIED_FROM_CALIBRATED_FRAMEWORK
background_check,BM-001,Status Quo Bias,APP-00383,EV-73cafb108fcc,joined_on_time,False,MODEL_APPLIED_FROM_CALIBRATED_FRAMEWORK
submitted,BM-020,Commitment / Consistency,APP-00385,EV-2ed7979ee91e,declined_offer,True,MODEL_APPLIED_FROM_CALIBRATED_FRAMEWORK
client_interview_1,BM-029,Uncertainty / Ambiguity Aversion,APP-00388,EV-4cbf5dda0b6d,declined_offer,True,MODEL_APPLIED_FROM_CALIBRATED_FRAMEWORK
client_interview_1,BM-029,Uncertainty / Ambiguity Aversion,APP-00388,EV-3ad4c241e8a2,declined_offer,True,MODEL_APPLIED_FROM_CALIBRATED_FRAMEWORK
unknown,BM-006,Friction,APP-00389,EV-7792b4a1d296,joined_late,False,MODEL_APPLIED_FROM_CALIBRATED_FRAMEWORK
unknown,BM-006,Friction,APP-00389,EV-e93eca63431f,joined_late,False,MODEL_APPLIED_FROM_CALIBRATED_FRAMEWORK
background_check,BM-006,Friction,APP-00389,EV-4aee0be40376,joined_late,False,MODEL_APPLIED_FROM_CALIBRATED_FRAMEWORK
background_check,BM-006,Friction,APP-00389,EV-2e233ad02b94,joined_late,False,MODEL_APPLIED_FROM_CALIBRATED_FRAMEWORK
background_check,BM-029,Uncertainty / Ambiguity Aversion,APP-00389,EV-3ec83d328bf6,joined_late,False,MODEL_APPLIED_FROM_CALIBRATED_FRAMEWORK
background_check,BM-001,Status Quo Bias,APP-00389,EV-06cb366b4fdd,joined_late,False,HUMAN_REVIEWED
onboarding_docs_sent,BM-006,Friction,APP-00389,EV-f3534abe898d,joined_late,False,MODEL_APPLIED_FROM_CALIBRATED_FRAMEWORK
onboarding_docs_sent,BM-006,Friction,APP-00389,EV-805038392688,joined_late,False,MODEL_APPLIED_FROM_CALIBRATED_FRAMEWORK
submitted,BM-011,Reciprocity,APP-00390,EV-8bdb911a1584,rejected_by_client,True,MODEL_APPLIED_FROM_CALIBRATED_FRAMEWORK
client_interview_1,BM-011,Reciprocity,APP-00390,EV-ca82ae20216c,rejected_by_client,True,MODEL_APPLIED_FROM_CALIBRATED_FRAMEWORK
offer_extended,BM-011,Reciprocity,APP-00390,EV-c1286a3c64cb,rejected_by_client,True,MODEL_APPLIED_FROM_CALIBRATED_FRAMEWORK
submitted,BM-005,Choice Overload,APP-00391,EV-b2071da62d37,joined_on_time,False,MODEL_APPLIED_FROM_CALIBRATED_FRAMEWORK
background_check,BM-029,Uncertainty / Ambiguity Aversion,APP-00391,EV-46ab8226926e,joined_on_time,False,MODEL_APPLIED_FROM_CALIBRATED_FRAMEWORK
background_check,BM-005,Choice Overload,APP-00391,EV-8c2aae9e59fc,joined_on_time,False,MODEL_APPLIED_FROM_CALIBRATED_FRAMEWORK
submitted,BM-006,Friction,APP-00392,EV-2e83a27cbfca,joined_late,False,MODEL_APPLIED_FROM_CALIBRATED_FRAMEWORK
unknown,BM-006,Friction,APP-00393,EV-9a48df95755b,joined_on_time,False,MODEL_APPLIED_FROM_CALIBRATED_FRAMEWORK
submitted,BM-006,Friction,APP-00393,EV-b2870e020c93,joined_on_time,False,MODEL_APPLIED_FROM_CALIBRATED_FRAMEWORK
submitted,BM-023,Goal Gradient,APP-00393,EV-66d8529a5ae0,joined_on_time,False,MODEL_APPLIED_FROM_CALIBRATED_FRAMEWORK
offer_extended,BM-006,Friction,APP-00393,EV-95dd9664d5ab,joined_on_time,False,MODEL_APPLIED_FROM_CALIBRATED_FRAMEWORK
offer_accepted,BM-006,Friction,APP-00393,EV-47755aaf1d09,joined_on_time,False,MODEL_APPLIED_FROM_CALIBRATED_FRAMEWORK
client_interview_1,BM-020,Commitment / Consistency,APP-00394,EV-2c8188390e44,withdrew_post_acceptance,True,MODEL_APPLIED_FROM_CALIBRATED_FRAMEWORK
client_interview_1,BM-029,Uncertainty / Ambiguity Aversion,APP-00397,EV-4767c2b272b2,joined_late,False,MODEL_APPLIED_FROM_CALIBRATED_FRAMEWORK
client_interview_2,BM-029,Uncertainty / Ambiguity Aversion,APP-00397,EV-d89256a83a42,joined_late,False,MODEL_APPLIED_FROM_CALIBRATED_FRAMEWORK
client_interview_2,BM-029,Uncertainty / Ambiguity Aversion,APP-00397,EV-c2bbc7b87a06,joined_late,False,MODEL_APPLIED_FROM_CALIBRATED_FRAMEWORK
offer_accepted,BM-029,Uncertainty / Ambiguity Aversion,APP-00397,EV-25c56187988d,joined_late,False,MODEL_APPLIED_FROM_CALIBRATED_FRAMEWORK
client_interview_1,BM-006,Friction,APP-00398,EV-8c1dcba24d88,rejected_by_client,True,HUMAN_REVIEWED
background_check,BM-006,Friction,APP-00400,EV-128c51e39b36,joined_on_time,False,HUMAN_REVIEWED
client_interview_1,BM-023,Goal Gradient,APP-00401,EV-18233005bef9,declined_offer,True,MODEL_APPLIED_FROM_CALIBRATED_FRAMEWORK
client_interview_1,BM-023,Goal Gradient,APP-00401,EV-a2e7d853a028,declined_offer,True,MODEL_APPLIED_FROM_CALIBRATED_FRAMEWORK
client_interview_1,BM-006,Friction,APP-00402,EV-bd40a8f457ea,joined_on_time,False,MODEL_APPLIED_FROM_CALIBRATED_FRAMEWORK
background_check,BM-020,Commitment / Consistency,APP-00402,EV-4ae092ea29c3,joined_on_time,False,MODEL_APPLIED_FROM_CALIBRATED_FRAMEWORK
background_check,BM-020,Commitment / Consistency,APP-00402,EV-96b45a263d14,joined_on_time,False,MODEL_APPLIED_FROM_CALIBRATED_FRAMEWORK
client_interview_1,BM-029,Uncertainty / Ambiguity Aversion,APP-00403,EV-ec4a8609a8c0,accepted_no_show,True,MODEL_APPLIED_FROM_CALIBRATED_FRAMEWORK
background_check,BM-029,Uncertainty / Ambiguity Aversion,APP-00403,EV-3f39a5b702fc,accepted_no_show,True,MODEL_APPLIED_FROM_CALIBRATED_FRAMEWORK
background_check,BM-029,Uncertainty / Ambiguity Aversion,APP-00403,EV-dcdfa7fe7cf0,accepted_no_show,True,MODEL_APPLIED_FROM_CALIBRATED_FRAMEWORK
background_check,BM-029,Uncertainty / Ambiguity Aversion,APP-00403,EV-c2ed8da5560a,accepted_no_show,True,MODEL_APPLIED_FROM_CALIBRATED_FRAMEWORK
submitted,BM-014,Confirmation Bias,APP-00406,EV-34a6e0194203,joined_on_time,False,MODEL_APPLIED_FROM_CALIBRATED_FRAMEWORK
offer_extended,BM-014,Confirmation Bias,APP-00406,EV-c32b8bcf6e91,joined_on_time,False,MODEL_APPLIED_FROM_CALIBRATED_FRAMEWORK
offer_extended,BM-014,Confirmation Bias,APP-00406,EV-995b7b378b43,joined_on_time,False,MODEL_APPLIED_FROM_CALIBRATED_FRAMEWORK
background_check,BM-014,Confirmation Bias,APP-00406,EV-9ce5aa3e4f06,joined_on_time,False,MODEL_APPLIED_FROM_CALIBRATED_FRAMEWORK
background_check,BM-014,Confirmation Bias,APP-00406,EV-ae7ce94f53a4,joined_on_time,False,MODEL_APPLIED_FROM_CALIBRATED_FRAMEWORK
background_check,BM-014,Confirmation Bias,APP-00406,EV-84bfc783022d,joined_on_time,False,MODEL_APPLIED_FROM_CALIBRATED_FRAMEWORK
background_check,BM-014,Confirmation Bias,APP-00406,EV-f9a1d89e3a8d,joined_on_time,False,MODEL_APPLIED_FROM_CALIBRATED_FRAMEWORK
submitted,BM-001,Status Quo Bias,APP-00408,EV-e96661aaa17e,withdrew_post_acceptance,True,MODEL_APPLIED_FROM_CALIBRATED_FRAMEWORK
submitted,BM-001,Status Quo Bias,APP-00408,EV-b93a0bf4c7fa,withdrew_post_acceptance,True,MODEL_APPLIED_FROM_CALIBRATED_FRAMEWORK
client_interview_1,BM-001,Status Quo Bias,APP-00408,EV-b215752a93a1,withdrew_post_acceptance,True,MODEL_APPLIED_FROM_CALIBRATED_FRAMEWORK
client_interview_1,BM-001,Status Quo Bias,APP-00408,EV-ca63fadbdcc0,withdrew_post_acceptance,True,MODEL_APPLIED_FROM_CALIBRATED_FRAMEWORK
offer_extended,BM-001,Status Quo Bias,APP-00408,EV-1e2ebc9628ed,withdrew_post_acceptance,True,MODEL_APPLIED_FROM_CALIBRATED_FRAMEWORK
offer_accepted,BM-001,Status Quo Bias,APP-00408,EV-a8861cf0b9bd,withdrew_post_acceptance,True,MODEL_APPLIED_FROM_CALIBRATED_FRAMEWORK
background_check,BM-001,Status Quo Bias,APP-00408,EV-d77541a7279c,withdrew_post_acceptance,True,MODEL_APPLIED_FROM_CALIBRATED_FRAMEWORK
background_check,BM-029,Uncertainty / Ambiguity Aversion,APP-00409,EV-336b8c46b795,joined_on_time,False,MODEL_APPLIED_FROM_CALIBRATED_FRAMEWORK
unknown,BM-020,Commitment / Consistency,APP-00410,EV-286a221ef200,joined_on_time,False,MODEL_APPLIED_FROM_CALIBRATED_FRAMEWORK
screened,BM-020,Commitment / Consistency,APP-00410,EV-d278ab6d983b,joined_on_time,False,MODEL_APPLIED_FROM_CALIBRATED_FRAMEWORK
submitted,BM-011,Reciprocity,APP-00410,EV-d5c5975ee842,joined_on_time,False,MODEL_APPLIED_FROM_CALIBRATED_FRAMEWORK
submitted,BM-018,Identity Signaling,APP-00410,EV-f2aaa9f8d0fb,joined_on_time,False,MODEL_APPLIED_FROM_CALIBRATED_FRAMEWORK
offer_extended,BM-011,Reciprocity,APP-00410,EV-e066de316a47,joined_on_time,False,MODEL_APPLIED_FROM_CALIBRATED_FRAMEWORK
unknown,BM-011,Reciprocity,APP-00413,EV-c86bee45cf10,declined_offer,True,MODEL_APPLIED_FROM_CALIBRATED_FRAMEWORK
submitted,BM-029,Uncertainty / Ambiguity Aversion,APP-00414,EV-9d2b5b842168,withdrew_post_acceptance,True,MODEL_APPLIED_FROM_CALIBRATED_FRAMEWORK
client_interview_1,BM-029,Uncertainty / Ambiguity Aversion,APP-00414,EV-f47cf4a26eae,withdrew_post_acceptance,True,MODEL_APPLIED_FROM_CALIBRATED_FRAMEWORK
offer_accepted,BM-029,Uncertainty / Ambiguity Aversion,APP-00414,EV-b3f6def06116,withdrew_post_acceptance,True,MODEL_APPLIED_FROM_CALIBRATED_FRAMEWORK
background_check,BM-029,Uncertainty / Ambiguity Aversion,APP-00414,EV-73d495b67ba1,withdrew_post_acceptance,True,MODEL_APPLIED_FROM_CALIBRATED_FRAMEWORK
screened,BM-029,Uncertainty / Ambiguity Aversion,APP-00416,EV-4438f62977d2,rejected_by_client,True,MODEL_APPLIED_FROM_CALIBRATED_FRAMEWORK
screened,BM-029,Uncertainty / Ambiguity Aversion,APP-00416,EV-8c719ff75014,rejected_by_client,True,MODEL_APPLIED_FROM_CALIBRATED_FRAMEWORK
submitted,BM-001,Status Quo Bias,APP-00416,EV-03936dcb49d5,rejected_by_client,True,MODEL_APPLIED_FROM_CALIBRATED_FRAMEWORK
client_interview_1,BM-001,Status Quo Bias,APP-00416,EV-750c3116bb75,rejected_by_client,True,MODEL_APPLIED_FROM_CALIBRATED_FRAMEWORK
client_interview_1,BM-001,Status Quo Bias,APP-00416,EV-a38fa79f9908,rejected_by_client,True,MODEL_APPLIED_FROM_CALIBRATED_FRAMEWORK
client_interview_1,BM-005,Choice Overload,APP-00417,EV-68a75dd5dd52,joined_on_time,False,MODEL_APPLIED_FROM_CALIBRATED_FRAMEWORK
background_check,BM-005,Choice Overload,APP-00417,EV-07770f052761,joined_on_time,False,MODEL_APPLIED_FROM_CALIBRATED_FRAMEWORK
client_interview_1,BM-001,Status Quo Bias,APP-00419,EV-c5f9c1d76603,rejected_by_client,True,MODEL_APPLIED_FROM_CALIBRATED_FRAMEWORK
client_interview_1,BM-029,Uncertainty / Ambiguity Aversion,APP-00419,EV-3ef9a288e04a,rejected_by_client,True,MODEL_APPLIED_FROM_CALIBRATED_FRAMEWORK
client_interview_1,BM-029,Uncertainty / Ambiguity Aversion,APP-00420,EV-8bad8758e0be,joined_late,False,MODEL_APPLIED_FROM_CALIBRATED_FRAMEWORK
background_check,BM-029,Uncertainty / Ambiguity Aversion,APP-00420,EV-a882f1d87a92,joined_late,False,MODEL_APPLIED_FROM_CALIBRATED_FRAMEWORK
offer_extended,BM-029,Uncertainty / Ambiguity Aversion,APP-00422,EV-876529ca812e,joined_on_time,False,MODEL_APPLIED_FROM_CALIBRATED_FRAMEWORK
unknown,BM-006,Friction,APP-00429,EV-18d429043b5a,joined_on_time,False,MODEL_APPLIED_FROM_CALIBRATED_FRAMEWORK
unknown,BM-006,Friction,APP-00429,EV-d2983353dab1,joined_on_time,False,HUMAN_REVIEWED
submitted,BM-006,Friction,APP-00429,EV-9f68367b0a77,joined_on_time,False,MODEL_APPLIED_FROM_CALIBRATED_FRAMEWORK
submitted,BM-006,Friction,APP-00429,EV-264a627e0913,joined_on_time,False,MODEL_APPLIED_FROM_CALIBRATED_FRAMEWORK
client_interview_1,BM-006,Friction,APP-00429,EV-cc590db4b30a,joined_on_time,False,MODEL_APPLIED_FROM_CALIBRATED_FRAMEWORK
client_interview_1,BM-029,Uncertainty / Ambiguity Aversion,APP-00429,EV-f2aad87443df,joined_on_time,False,MODEL_APPLIED_FROM_CALIBRATED_FRAMEWORK
client_interview_1,BM-006,Friction,APP-00429,EV-aacaebaed7d4,joined_on_time,False,MODEL_APPLIED_FROM_CALIBRATED_FRAMEWORK
offer_accepted,BM-006,Friction,APP-00429,EV-369045366a99,joined_on_time,False,MODEL_APPLIED_FROM_CALIBRATED_FRAMEWORK
onboarding_docs_sent,BM-006,Friction,APP-00429,EV-155c4ea22b38,joined_on_time,False,MODEL_APPLIED_FROM_CALIBRATED_FRAMEWORK
client_interview_1,BM-006,Friction,APP-00430,EV-8ee71ef51478,accepted_no_show,True,MODEL_APPLIED_FROM_CALIBRATED_FRAMEWORK
client_interview_1,BM-006,Friction,APP-00430,EV-a981481dd7f7,accepted_no_show,True,MODEL_APPLIED_FROM_CALIBRATED_FRAMEWORK
client_interview_1,BM-006,Friction,APP-00430,EV-ef0fcf6ef0eb,accepted_no_show,True,MODEL_APPLIED_FROM_CALIBRATED_FRAMEWORK
background_check,BM-006,Friction,APP-00430,EV-9d03ee160bc5,accepted_no_show,True,MODEL_APPLIED_FROM_CALIBRATED_FRAMEWORK
background_check,BM-006,Friction,APP-00430,EV-3f35f2f735c1,accepted_no_show,True,MODEL_APPLIED_FROM_CALIBRATED_FRAMEWORK
background_check,BM-006,Friction,APP-00430,EV-525d5f5eb177,accepted_no_show,True,MODEL_APPLIED_FROM_CALIBRATED_FRAMEWORK
background_check,BM-006,Friction,APP-00430,EV-b9776a776b17,accepted_no_show,True,MODEL_APPLIED_FROM_CALIBRATED_FRAMEWORK
client_interview_1,BM-018,Identity Signaling,APP-00432,EV-27c12ba35578,joined_on_time,False,MODEL_APPLIED_FROM_CALIBRATED_FRAMEWORK
offer_accepted,BM-020,Commitment / Consistency,APP-00432,EV-3399e6f0c90f,joined_on_time,False,MODEL_APPLIED_FROM_CALIBRATED_FRAMEWORK
offer_accepted,BM-018,Identity Signaling,APP-00432,EV-e0871ca3e77a,joined_on_time,False,MODEL_APPLIED_FROM_CALIBRATED_FRAMEWORK
offer_accepted,BM-020,Commitment / Consistency,APP-00432,EV-f06c2af93572,joined_on_time,False,MODEL_APPLIED_FROM_CALIBRATED_FRAMEWORK
offer_accepted,BM-018,Identity Signaling,APP-00432,EV-acdbbf65cdd5,joined_on_time,False,MODEL_APPLIED_FROM_CALIBRATED_FRAMEWORK
offer_accepted,BM-020,Commitment / Consistency,APP-00432,EV-ebdcf75061c5,joined_on_time,False,MODEL_APPLIED_FROM_CALIBRATED_FRAMEWORK
offer_accepted,BM-018,Identity Signaling,APP-00432,EV-3ff1e109f65a,joined_on_time,False,MODEL_APPLIED_FROM_CALIBRATED_FRAMEWORK
offer_accepted,BM-029,Uncertainty / Ambiguity Aversion,APP-00433,EV-d97b84b99aa6,joined_late,False,MODEL_APPLIED_FROM_CALIBRATED_FRAMEWORK
client_interview_1,BM-018,Identity Signaling,APP-00435,EV-9cf19bde44e1,accepted_no_show,True,MODEL_APPLIED_FROM_CALIBRATED_FRAMEWORK
submitted,BM-011,Reciprocity,APP-00438,EV-e632ae3b69c5,joined_on_time,False,MODEL_APPLIED_FROM_CALIBRATED_FRAMEWORK
offer_extended,BM-001,Status Quo Bias,APP-00439,EV-ce17d86a106f,withdrew_post_acceptance,True,MODEL_APPLIED_FROM_CALIBRATED_FRAMEWORK
offer_extended,BM-001,Status Quo Bias,APP-00439,EV-4f12a434b31a,withdrew_post_acceptance,True,MODEL_APPLIED_FROM_CALIBRATED_FRAMEWORK
offer_extended,BM-014,Confirmation Bias,APP-00439,EV-9bd1640b641f,withdrew_post_acceptance,True,MODEL_APPLIED_FROM_CALIBRATED_FRAMEWORK
background_check,BM-006,Friction,APP-00439,EV-fe90ba113e1c,withdrew_post_acceptance,True,HUMAN_REVIEWED
offer_extended,BM-020,Commitment / Consistency,APP-00442,EV-5fcf79b9039a,joined_on_time,False,MODEL_APPLIED_FROM_CALIBRATED_FRAMEWORK
onboarding_docs_sent,BM-020,Commitment / Consistency,APP-00442,EV-945a060cd3e9,joined_on_time,False,MODEL_APPLIED_FROM_CALIBRATED_FRAMEWORK
submitted,BM-001,Status Quo Bias,APP-00444,EV-abcf44f43849,joined_on_time,False,MODEL_APPLIED_FROM_CALIBRATED_FRAMEWORK
submitted,BM-014,Confirmation Bias,APP-00444,EV-4acb1d756839,joined_on_time,False,MODEL_APPLIED_FROM_CALIBRATED_FRAMEWORK
submitted,BM-006,Friction,APP-00444,EV-213ac0235161,joined_on_time,False,HUMAN_REVIEWED
submitted,BM-001,Status Quo Bias,APP-00444,EV-7cf431636d56,joined_on_time,False,MODEL_APPLIED_FROM_CALIBRATED_FRAMEWORK
client_interview_1,BM-006,Friction,APP-00444,EV-f4c446b11884,joined_on_time,False,HUMAN_REVIEWED
client_interview_1,BM-001,Status Quo Bias,APP-00444,EV-1a1832096fd2,joined_on_time,False,MODEL_APPLIED_FROM_CALIBRATED_FRAMEWORK
client_interview_1,BM-014,Confirmation Bias,APP-00444,EV-d56b7e6984c6,joined_on_time,False,MODEL_APPLIED_FROM_CALIBRATED_FRAMEWORK
offer_extended,BM-001,Status Quo Bias,APP-00444,EV-157f4bb7adb7,joined_on_time,False,MODEL_APPLIED_FROM_CALIBRATED_FRAMEWORK
offer_accepted,BM-014,Confirmation Bias,APP-00444,EV-b8f478998384,joined_on_time,False,MODEL_APPLIED_FROM_CALIBRATED_FRAMEWORK
onboarding_docs_sent,BM-001,Status Quo Bias,APP-00444,EV-190662c8cded,joined_on_time,False,MODEL_APPLIED_FROM_CALIBRATED_FRAMEWORK
onboarding_docs_sent,BM-014,Confirmation Bias,APP-00444,EV-d508b03a3b79,joined_on_time,False,MODEL_APPLIED_FROM_CALIBRATED_FRAMEWORK
offer_accepted,BM-011,Reciprocity,APP-00445,EV-2e6f2c8e2be7,joined_on_time,False,MODEL_APPLIED_FROM_CALIBRATED_FRAMEWORK
offer_accepted,BM-011,Reciprocity,APP-00445,EV-63190589017d,joined_on_time,False,MODEL_APPLIED_FROM_CALIBRATED_FRAMEWORK
offer_extended,BM-002,Loss Aversion,APP-00446,EV-72413b1d4e67,declined_offer,True,MODEL_APPLIED_FROM_CALIBRATED_FRAMEWORK
screened,BM-005,Choice Overload,APP-00448,EV-5731db9586f5,declined_offer,True,MODEL_APPLIED_FROM_CALIBRATED_FRAMEWORK
submitted,BM-005,Choice Overload,APP-00448,EV-5f91b1e65566,declined_offer,True,MODEL_APPLIED_FROM_CALIBRATED_FRAMEWORK
screened,BM-020,Commitment / Consistency,APP-00450,EV-4a6efc31637f,joined_on_time,False,MODEL_APPLIED_FROM_CALIBRATED_FRAMEWORK
background_check,BM-006,Friction,APP-00450,EV-f80046f14e92,joined_on_time,False,MODEL_APPLIED_FROM_CALIBRATED_FRAMEWORK
background_check,BM-020,Commitment / Consistency,APP-00450,EV-69c7cd1da171,joined_on_time,False,MODEL_APPLIED_FROM_CALIBRATED_FRAMEWORK
unknown,BM-020,Commitment / Consistency,APP-00451,EV-3dc105ace9dd,declined_offer,True,MODEL_APPLIED_FROM_CALIBRATED_FRAMEWORK
unknown,BM-006,Friction,APP-00453,EV-1754563b482b,withdrew_post_acceptance,True,MODEL_APPLIED_FROM_CALIBRATED_FRAMEWORK
screened,BM-006,Friction,APP-00453,EV-220652264e1e,withdrew_post_acceptance,True,MODEL_APPLIED_FROM_CALIBRATED_FRAMEWORK
client_interview_2,BM-006,Friction,APP-00453,EV-f26b176d7dd3,withdrew_post_acceptance,True,MODEL_APPLIED_FROM_CALIBRATED_FRAMEWORK
offer_extended,BM-005,Choice Overload,APP-00455,EV-46d9a95b9eb3,joined_on_time,False,MODEL_APPLIED_FROM_CALIBRATED_FRAMEWORK
offer_accepted,BM-005,Choice Overload,APP-00455,EV-81839abe259f,joined_on_time,False,MODEL_APPLIED_FROM_CALIBRATED_FRAMEWORK
background_check,BM-005,Choice Overload,APP-00455,EV-580850155210,joined_on_time,False,MODEL_APPLIED_FROM_CALIBRATED_FRAMEWORK
background_check,BM-005,Choice Overload,APP-00455,EV-fd76116f9a25,joined_on_time,False,MODEL_APPLIED_FROM_CALIBRATED_FRAMEWORK
screened,BM-011,Reciprocity,APP-00456,EV-8aab2ffee5e1,joined_on_time,False,MODEL_APPLIED_FROM_CALIBRATED_FRAMEWORK
submitted,BM-020,Commitment / Consistency,APP-00456,EV-39a8b812cff7,joined_on_time,False,MODEL_APPLIED_FROM_CALIBRATED_FRAMEWORK
background_check,BM-011,Reciprocity,APP-00456,EV-007e31234e2d,joined_on_time,False,MODEL_APPLIED_FROM_CALIBRATED_FRAMEWORK
background_check,BM-018,Identity Signaling,APP-00456,EV-76c2d0903ff6,joined_on_time,False,MODEL_APPLIED_FROM_CALIBRATED_FRAMEWORK
offer_accepted,BM-006,Friction,APP-00457,EV-5d112d2b9010,joined_late,False,MODEL_APPLIED_FROM_CALIBRATED_FRAMEWORK
background_check,BM-006,Friction,APP-00457,EV-629dabfab24b,joined_late,False,MODEL_APPLIED_FROM_CALIBRATED_FRAMEWORK
background_check,BM-006,Friction,APP-00457,EV-04e6d2eaf9f4,joined_late,False,MODEL_APPLIED_FROM_CALIBRATED_FRAMEWORK
background_check,BM-023,Goal Gradient,APP-00457,EV-973113c1b3e1,joined_late,False,MODEL_APPLIED_FROM_CALIBRATED_FRAMEWORK
onboarding_docs_sent,BM-006,Friction,APP-00457,EV-e5e85aa91e3e,joined_late,False,MODEL_APPLIED_FROM_CALIBRATED_FRAMEWORK
client_interview_1,BM-002,Loss Aversion,APP-00459,EV-8e83140f1e60,declined_offer,True,MODEL_APPLIED_FROM_CALIBRATED_FRAMEWORK
client_interview_1,BM-029,Uncertainty / Ambiguity Aversion,APP-00459,EV-4c0c6b5f10a3,declined_offer,True,MODEL_APPLIED_FROM_CALIBRATED_FRAMEWORK
client_interview_1,BM-029,Uncertainty / Ambiguity Aversion,APP-00459,EV-82452f1f3652,declined_offer,True,MODEL_APPLIED_FROM_CALIBRATED_FRAMEWORK
screened,BM-005,Choice Overload,APP-00461,EV-df6679581609,declined_offer,True,MODEL_APPLIED_FROM_CALIBRATED_FRAMEWORK
submitted,BM-029,Uncertainty / Ambiguity Aversion,APP-00461,EV-87573262cb71,declined_offer,True,HUMAN_REVIEWED
submitted,BM-005,Choice Overload,APP-00461,EV-0aa2835ca14a,declined_offer,True,MODEL_APPLIED_FROM_CALIBRATED_FRAMEWORK
submitted,BM-029,Uncertainty / Ambiguity Aversion,APP-00461,EV-d4bf74a0cce1,declined_offer,True,MODEL_APPLIED_FROM_CALIBRATED_FRAMEWORK
submitted,BM-005,Choice Overload,APP-00461,EV-ccb1a69c2642,declined_offer,True,MODEL_APPLIED_FROM_CALIBRATED_FRAMEWORK
submitted,BM-005,Choice Overload,APP-00461,EV-3be82f9c35c9,declined_offer,True,MODEL_APPLIED_FROM_CALIBRATED_FRAMEWORK
submitted,BM-005,Choice Overload,APP-00461,EV-475eb46d272c,declined_offer,True,MODEL_APPLIED_FROM_CALIBRATED_FRAMEWORK
unknown,BM-011,Reciprocity,APP-00464,EV-f8374152cbf1,accepted_no_show,True,MODEL_APPLIED_FROM_CALIBRATED_FRAMEWORK
offer_extended,BM-006,Friction,APP-00464,EV-f58758444716,accepted_no_show,True,MODEL_APPLIED_FROM_CALIBRATED_FRAMEWORK
offer_extended,BM-011,Reciprocity,APP-00464,EV-102d317b49c9,accepted_no_show,True,MODEL_APPLIED_FROM_CALIBRATED_FRAMEWORK
offer_accepted,BM-006,Friction,APP-00464,EV-03cb10652d0d,accepted_no_show,True,MODEL_APPLIED_FROM_CALIBRATED_FRAMEWORK
offer_accepted,BM-006,Friction,APP-00464,EV-f8b0503b4205,accepted_no_show,True,MODEL_APPLIED_FROM_CALIBRATED_FRAMEWORK
offer_accepted,BM-006,Friction,APP-00464,EV-e4d9922f7377,accepted_no_show,True,MODEL_APPLIED_FROM_CALIBRATED_FRAMEWORK
submitted,BM-014,Confirmation Bias,APP-00465,EV-ceb9f52760a6,withdrew_post_acceptance,True,MODEL_APPLIED_FROM_CALIBRATED_FRAMEWORK
client_interview_1,BM-014,Confirmation Bias,APP-00465,EV-7a397c23de12,withdrew_post_acceptance,True,MODEL_APPLIED_FROM_CALIBRATED_FRAMEWORK
client_interview_1,BM-014,Confirmation Bias,APP-00465,EV-3a838f1b98fa,withdrew_post_acceptance,True,MODEL_APPLIED_FROM_CALIBRATED_FRAMEWORK
client_interview_1,BM-014,Confirmation Bias,APP-00465,EV-d2ce03c611fb,withdrew_post_acceptance,True,MODEL_APPLIED_FROM_CALIBRATED_FRAMEWORK
client_interview_1,BM-014,Confirmation Bias,APP-00465,EV-de1d0ee86942,withdrew_post_acceptance,True,MODEL_APPLIED_FROM_CALIBRATED_FRAMEWORK
client_interview_1,BM-029,Uncertainty / Ambiguity Aversion,APP-00466,EV-844e179ed08f,joined_on_time,False,MODEL_APPLIED_FROM_CALIBRATED_FRAMEWORK
client_interview_1,BM-023,Goal Gradient,APP-00466,EV-4f894599fac2,joined_on_time,False,MODEL_APPLIED_FROM_CALIBRATED_FRAMEWORK
client_interview_1,BM-023,Goal Gradient,APP-00466,EV-ad0e9b1e9231,joined_on_time,False,MODEL_APPLIED_FROM_CALIBRATED_FRAMEWORK
offer_accepted,BM-023,Goal Gradient,APP-00466,EV-ce2bef0774b7,joined_on_time,False,MODEL_APPLIED_FROM_CALIBRATED_FRAMEWORK
offer_accepted,BM-001,Status Quo Bias,APP-00466,EV-8b96c387affb,joined_on_time,False,MODEL_APPLIED_FROM_CALIBRATED_FRAMEWORK
offer_accepted,BM-023,Goal Gradient,APP-00466,EV-cf57c166d498,joined_on_time,False,MODEL_APPLIED_FROM_CALIBRATED_FRAMEWORK
unknown,BM-013,Anchoring,APP-00468,EV-3dbd348390ee,rejected_by_client,True,HUMAN_REVIEWED
screened,BM-002,Loss Aversion,APP-00468,EV-e64dfe2c1f12,rejected_by_client,True,MODEL_APPLIED_FROM_CALIBRATED_FRAMEWORK
client_interview_1,BM-006,Friction,APP-00472,EV-0bbb8a000adb,joined_on_time,False,MODEL_APPLIED_FROM_CALIBRATED_FRAMEWORK
client_interview_1,BM-006,Friction,APP-00472,EV-3a9e19984ca2,joined_on_time,False,MODEL_APPLIED_FROM_CALIBRATED_FRAMEWORK
background_check,BM-029,Uncertainty / Ambiguity Aversion,APP-00472,EV-a062e9eb1e1b,joined_on_time,False,MODEL_APPLIED_FROM_CALIBRATED_FRAMEWORK
background_check,BM-006,Friction,APP-00472,EV-58ada8283e8b,joined_on_time,False,MODEL_APPLIED_FROM_CALIBRATED_FRAMEWORK
submitted,BM-001,Status Quo Bias,APP-00475,EV-fd8b7bcaa150,declined_offer,True,MODEL_APPLIED_FROM_CALIBRATED_FRAMEWORK
client_interview_1,BM-001,Status Quo Bias,APP-00475,EV-3f2c56efa168,declined_offer,True,MODEL_APPLIED_FROM_CALIBRATED_FRAMEWORK
submitted,BM-005,Choice Overload,APP-00476,EV-43fcd3da5296,joined_on_time,False,MODEL_APPLIED_FROM_CALIBRATED_FRAMEWORK
client_interview_1,BM-029,Uncertainty / Ambiguity Aversion,APP-00476,EV-97e6f427e341,joined_on_time,False,MODEL_APPLIED_FROM_CALIBRATED_FRAMEWORK
client_interview_1,BM-005,Choice Overload,APP-00476,EV-05b0019863de,joined_on_time,False,MODEL_APPLIED_FROM_CALIBRATED_FRAMEWORK
background_check,BM-005,Choice Overload,APP-00476,EV-a1ea3089e3b5,joined_on_time,False,MODEL_APPLIED_FROM_CALIBRATED_FRAMEWORK
background_check,BM-029,Uncertainty / Ambiguity Aversion,APP-00476,EV-3025b9fa376e,joined_on_time,False,MODEL_APPLIED_FROM_CALIBRATED_FRAMEWORK
unknown,BM-023,Goal Gradient,APP-00479,EV-a520ef6495a1,withdrew_post_acceptance,True,MODEL_APPLIED_FROM_CALIBRATED_FRAMEWORK
unknown,BM-023,Goal Gradient,APP-00479,EV-9d81e6b5b541,withdrew_post_acceptance,True,MODEL_APPLIED_FROM_CALIBRATED_FRAMEWORK
offer_accepted,BM-002,Loss Aversion,APP-00479,EV-8c248e2a80e3,withdrew_post_acceptance,True,MODEL_APPLIED_FROM_CALIBRATED_FRAMEWORK
unknown,BM-029,Uncertainty / Ambiguity Aversion,APP-00481,EV-397d067e2392,withdrew_post_acceptance,True,MODEL_APPLIED_FROM_CALIBRATED_FRAMEWORK
submitted,BM-029,Uncertainty / Ambiguity Aversion,APP-00481,EV-0186f04648d1,withdrew_post_acceptance,True,MODEL_APPLIED_FROM_CALIBRATED_FRAMEWORK
submitted,BM-029,Uncertainty / Ambiguity Aversion,APP-00481,EV-b0db99719ca9,withdrew_post_acceptance,True,MODEL_APPLIED_FROM_CALIBRATED_FRAMEWORK
submitted,BM-029,Uncertainty / Ambiguity Aversion,APP-00481,EV-327c76ee0bf1,withdrew_post_acceptance,True,MODEL_APPLIED_FROM_CALIBRATED_FRAMEWORK
submitted,BM-029,Uncertainty / Ambiguity Aversion,APP-00481,EV-a251ab3ec133,withdrew_post_acceptance,True,MODEL_APPLIED_FROM_CALIBRATED_FRAMEWORK
offer_accepted,BM-029,Uncertainty / Ambiguity Aversion,APP-00481,EV-8333cd30d97a,withdrew_post_acceptance,True,MODEL_APPLIED_FROM_CALIBRATED_FRAMEWORK
offer_accepted,BM-023,Goal Gradient,APP-00484,EV-bacedebf3b67,withdrew_post_acceptance,True,MODEL_APPLIED_FROM_CALIBRATED_FRAMEWORK
background_check,BM-023,Goal Gradient,APP-00484,EV-6e9f9a050c9a,withdrew_post_acceptance,True,MODEL_APPLIED_FROM_CALIBRATED_FRAMEWORK
submitted,BM-029,Uncertainty / Ambiguity Aversion,APP-00485,EV-c08bca1edab0,joined_on_time,False,MODEL_APPLIED_FROM_CALIBRATED_FRAMEWORK
unknown,BM-001,Status Quo Bias,APP-00489,EV-a27fb7a9ca72,withdrew_post_acceptance,True,MODEL_APPLIED_FROM_CALIBRATED_FRAMEWORK
submitted,BM-001,Status Quo Bias,APP-00489,EV-c486e445f584,withdrew_post_acceptance,True,MODEL_APPLIED_FROM_CALIBRATED_FRAMEWORK
submitted,BM-014,Confirmation Bias,APP-00489,EV-16db9b23936f,withdrew_post_acceptance,True,MODEL_APPLIED_FROM_CALIBRATED_FRAMEWORK
submitted,BM-014,Confirmation Bias,APP-00489,EV-564d42381b54,withdrew_post_acceptance,True,MODEL_APPLIED_FROM_CALIBRATED_FRAMEWORK
submitted,BM-001,Status Quo Bias,APP-00489,EV-96a9c2772035,withdrew_post_acceptance,True,MODEL_APPLIED_FROM_CALIBRATED_FRAMEWORK
submitted,BM-014,Confirmation Bias,APP-00489,EV-3318b105c11e,withdrew_post_acceptance,True,MODEL_APPLIED_FROM_CALIBRATED_FRAMEWORK
submitted,BM-001,Status Quo Bias,APP-00489,EV-af857e156428,withdrew_post_acceptance,True,MODEL_APPLIED_FROM_CALIBRATED_FRAMEWORK
submitted,BM-014,Confirmation Bias,APP-00489,EV-d9a03154535a,withdrew_post_acceptance,True,MODEL_APPLIED_FROM_CALIBRATED_FRAMEWORK
submitted,BM-001,Status Quo Bias,APP-00489,EV-c509b63a600a,withdrew_post_acceptance,True,MODEL_APPLIED_FROM_CALIBRATED_FRAMEWORK
screened,BM-005,Choice Overload,APP-00490,EV-d4219bec48e3,withdrew_post_acceptance,True,MODEL_APPLIED_FROM_CALIBRATED_FRAMEWORK
submitted,BM-005,Choice Overload,APP-00490,EV-fb6a89648903,withdrew_post_acceptance,True,MODEL_APPLIED_FROM_CALIBRATED_FRAMEWORK
submitted,BM-005,Choice Overload,APP-00490,EV-736b0849c14b,withdrew_post_acceptance,True,MODEL_APPLIED_FROM_CALIBRATED_FRAMEWORK
submitted,BM-005,Choice Overload,APP-00490,EV-1713f37f055a,withdrew_post_acceptance,True,MODEL_APPLIED_FROM_CALIBRATED_FRAMEWORK
client_interview_1,BM-005,Choice Overload,APP-00490,EV-1ef52a546ed3,withdrew_post_acceptance,True,MODEL_APPLIED_FROM_CALIBRATED_FRAMEWORK
offer_accepted,BM-005,Choice Overload,APP-00490,EV-8764d557b1cb,withdrew_post_acceptance,True,MODEL_APPLIED_FROM_CALIBRATED_FRAMEWORK
background_check,BM-005,Choice Overload,APP-00490,EV-ee7fbb82d593,withdrew_post_acceptance,True,MODEL_APPLIED_FROM_CALIBRATED_FRAMEWORK
offer_extended,BM-006,Friction,APP-00491,EV-90aa6163893e,joined_on_time,False,MODEL_APPLIED_FROM_CALIBRATED_FRAMEWORK
screened,BM-006,Friction,APP-00492,EV-dc29343468cc,accepted_no_show,True,MODEL_APPLIED_FROM_CALIBRATED_FRAMEWORK
background_check,BM-006,Friction,APP-00492,EV-414609db2d06,accepted_no_show,True,MODEL_APPLIED_FROM_CALIBRATED_FRAMEWORK
client_interview_2,BM-006,Friction,APP-00494,EV-b7e632930079,joined_on_time,False,MODEL_APPLIED_FROM_CALIBRATED_FRAMEWORK
client_interview_2,BM-006,Friction,APP-00494,EV-0826ec85dc7b,joined_on_time,False,MODEL_APPLIED_FROM_CALIBRATED_FRAMEWORK
offer_extended,BM-006,Friction,APP-00494,EV-2d4f89d18882,joined_on_time,False,MODEL_APPLIED_FROM_CALIBRATED_FRAMEWORK
background_check,BM-006,Friction,APP-00494,EV-bb5e0cbca08a,joined_on_time,False,MODEL_APPLIED_FROM_CALIBRATED_FRAMEWORK
background_check,BM-006,Friction,APP-00494,EV-c1af70cf9f53,joined_on_time,False,MODEL_APPLIED_FROM_CALIBRATED_FRAMEWORK
background_check,BM-006,Friction,APP-00494,EV-091d3c3def96,joined_on_time,False,MODEL_APPLIED_FROM_CALIBRATED_FRAMEWORK
background_check,BM-006,Friction,APP-00494,EV-0aa19291e7c3,joined_on_time,False,MODEL_APPLIED_FROM_CALIBRATED_FRAMEWORK
client_interview_1,BM-023,Goal Gradient,APP-00495,EV-0dcfb0a7b7fa,joined_late,False,MODEL_APPLIED_FROM_CALIBRATED_FRAMEWORK
client_interview_1,BM-023,Goal Gradient,APP-00495,EV-756d0fc8875b,joined_late,False,MODEL_APPLIED_FROM_CALIBRATED_FRAMEWORK
background_check,BM-023,Goal Gradient,APP-00495,EV-48c4ae780c40,joined_late,False,MODEL_APPLIED_FROM_CALIBRATED_FRAMEWORK
background_check,BM-023,Goal Gradient,APP-00495,EV-7f349dfbadb7,joined_late,False,MODEL_APPLIED_FROM_CALIBRATED_FRAMEWORK
background_check,BM-023,Goal Gradient,APP-00495,EV-2aae1d116794,joined_late,False,MODEL_APPLIED_FROM_CALIBRATED_FRAMEWORK
screened,BM-011,Reciprocity,APP-00496,EV-a259854a7e34,declined_offer,True,MODEL_APPLIED_FROM_CALIBRATED_FRAMEWORK
submitted,BM-006,Friction,APP-00496,EV-db6ec5595534,declined_offer,True,MODEL_APPLIED_FROM_CALIBRATED_FRAMEWORK
submitted,BM-011,Reciprocity,APP-00496,EV-d8ccdf43f1f9,declined_offer,True,MODEL_APPLIED_FROM_CALIBRATED_FRAMEWORK
client_interview_1,BM-029,Uncertainty / Ambiguity Aversion,APP-00496,EV-9a1000233105,declined_offer,True,HUMAN_REVIEWED
client_interview_1,BM-006,Friction,APP-00497,EV-e1dcc3baba04,joined_on_time,False,MODEL_APPLIED_FROM_CALIBRATED_FRAMEWORK
onboarding_docs_sent,BM-020,Commitment / Consistency,APP-00497,EV-a4230586f763,joined_on_time,False,MODEL_APPLIED_FROM_CALIBRATED_FRAMEWORK
client_interview_1,BM-029,Uncertainty / Ambiguity Aversion,APP-00498,EV-b4740411b11d,joined_on_time,False,MODEL_APPLIED_FROM_CALIBRATED_FRAMEWORK
client_interview_1,BM-029,Uncertainty / Ambiguity Aversion,APP-00498,EV-7a320b965bb6,joined_on_time,False,MODEL_APPLIED_FROM_CALIBRATED_FRAMEWORK
offer_accepted,BM-029,Uncertainty / Ambiguity Aversion,APP-00498,EV-ddd2603a21b5,joined_on_time,False,MODEL_APPLIED_FROM_CALIBRATED_FRAMEWORK
offer_accepted,BM-029,Uncertainty / Ambiguity Aversion,APP-00498,EV-739bc2a44512,joined_on_time,False,MODEL_APPLIED_FROM_CALIBRATED_FRAMEWORK
offer_accepted,BM-029,Uncertainty / Ambiguity Aversion,APP-00498,EV-2f2169bd3e2a,joined_on_time,False,MODEL_APPLIED_FROM_CALIBRATED_FRAMEWORK
offer_accepted,BM-029,Uncertainty / Ambiguity Aversion,APP-00498,EV-e536918d866c,joined_on_time,False,MODEL_APPLIED_FROM_CALIBRATED_FRAMEWORK
background_check,BM-002,Loss Aversion,APP-00498,EV-1a53a719badc,joined_on_time,False,MODEL_APPLIED_FROM_CALIBRATED_FRAMEWORK
client_interview_2,BM-023,Goal Gradient,APP-00501,EV-720c5df1504c,accepted_no_show,True,MODEL_APPLIED_FROM_CALIBRATED_FRAMEWORK
client_interview_2,BM-023,Goal Gradient,APP-00501,EV-38b96c42f568,accepted_no_show,True,MODEL_APPLIED_FROM_CALIBRATED_FRAMEWORK
offer_accepted,BM-023,Goal Gradient,APP-00501,EV-ecb0bd427548,accepted_no_show,True,MODEL_APPLIED_FROM_CALIBRATED_FRAMEWORK
offer_accepted,BM-023,Goal Gradient,APP-00501,EV-97724a87ee13,accepted_no_show,True,MODEL_APPLIED_FROM_CALIBRATED_FRAMEWORK
submitted,BM-020,Commitment / Consistency,APP-00502,EV-11a34a10a3ac,joined_on_time,False,MODEL_APPLIED_FROM_CALIBRATED_FRAMEWORK
submitted,BM-018,Identity Signaling,APP-00502,EV-a2b300088a82,joined_on_time,False,MODEL_APPLIED_FROM_CALIBRATED_FRAMEWORK
submitted,BM-020,Commitment / Consistency,APP-00502,EV-f0e4d1b76b81,joined_on_time,False,MODEL_APPLIED_FROM_CALIBRATED_FRAMEWORK
submitted,BM-018,Identity Signaling,APP-00502,EV-03be5a7ee216,joined_on_time,False,MODEL_APPLIED_FROM_CALIBRATED_FRAMEWORK
offer_extended,BM-018,Identity Signaling,APP-00502,EV-da94a9b47bf4,joined_on_time,False,MODEL_APPLIED_FROM_CALIBRATED_FRAMEWORK
offer_accepted,BM-018,Identity Signaling,APP-00502,EV-4dc4f67c2f61,joined_on_time,False,MODEL_APPLIED_FROM_CALIBRATED_FRAMEWORK
unknown,BM-029,Uncertainty / Ambiguity Aversion,APP-00503,EV-e999a28457f9,joined_late,False,MODEL_APPLIED_FROM_CALIBRATED_FRAMEWORK
unknown,BM-029,Uncertainty / Ambiguity Aversion,APP-00503,EV-266bb26abdfe,joined_late,False,MODEL_APPLIED_FROM_CALIBRATED_FRAMEWORK
screened,BM-001,Status Quo Bias,APP-00503,EV-672a45e3b242,joined_late,False,MODEL_APPLIED_FROM_CALIBRATED_FRAMEWORK
client_interview_1,BM-029,Uncertainty / Ambiguity Aversion,APP-00503,EV-4e407a0494f9,joined_late,False,MODEL_APPLIED_FROM_CALIBRATED_FRAMEWORK
client_interview_1,BM-029,Uncertainty / Ambiguity Aversion,APP-00503,EV-c0644e82bd85,joined_late,False,MODEL_APPLIED_FROM_CALIBRATED_FRAMEWORK
background_check,BM-001,Status Quo Bias,APP-00503,EV-536893023f16,joined_late,False,MODEL_APPLIED_FROM_CALIBRATED_FRAMEWORK
background_check,BM-001,Status Quo Bias,APP-00503,EV-19bb394faebb,joined_late,False,MODEL_APPLIED_FROM_CALIBRATED_FRAMEWORK
onboarding_docs_sent,BM-001,Status Quo Bias,APP-00503,EV-35a03be092cf,joined_late,False,MODEL_APPLIED_FROM_CALIBRATED_FRAMEWORK
submitted,BM-011,Reciprocity,APP-00504,EV-a2f57ef39a43,declined_offer,True,MODEL_APPLIED_FROM_CALIBRATED_FRAMEWORK
submitted,BM-011,Reciprocity,APP-00507,EV-f98a7e2292d6,joined_on_time,False,MODEL_APPLIED_FROM_CALIBRATED_FRAMEWORK
submitted,BM-011,Reciprocity,APP-00507,EV-689d80d3a01f,joined_on_time,False,MODEL_APPLIED_FROM_CALIBRATED_FRAMEWORK
client_interview_1,BM-029,Uncertainty / Ambiguity Aversion,APP-00507,EV-92b74a5d5354,joined_on_time,False,HUMAN_REVIEWED
background_check,BM-011,Reciprocity,APP-00507,EV-7fbb82f2f71c,joined_on_time,False,MODEL_APPLIED_FROM_CALIBRATED_FRAMEWORK
onboarding_docs_sent,BM-011,Reciprocity,APP-00507,EV-101bbd0e287d,joined_on_time,False,MODEL_APPLIED_FROM_CALIBRATED_FRAMEWORK
onboarding_docs_sent,BM-011,Reciprocity,APP-00507,EV-cb8945905e18,joined_on_time,False,MODEL_APPLIED_FROM_CALIBRATED_FRAMEWORK
offer_accepted,BM-020,Commitment / Consistency,APP-00508,EV-787afb6f3613,joined_on_time,False,MODEL_APPLIED_FROM_CALIBRATED_FRAMEWORK
offer_accepted,BM-011,Reciprocity,APP-00510,EV-b461ef934163,joined_on_time,False,MODEL_APPLIED_FROM_CALIBRATED_FRAMEWORK
background_check,BM-020,Commitment / Consistency,APP-00511,EV-4b486da028ef,joined_on_time,False,MODEL_APPLIED_FROM_CALIBRATED_FRAMEWORK
screened,BM-029,Uncertainty / Ambiguity Aversion,APP-00512,EV-3dab9da414a3,declined_offer,True,MODEL_APPLIED_FROM_CALIBRATED_FRAMEWORK
submitted,BM-029,Uncertainty / Ambiguity Aversion,APP-00512,EV-4bce339de75d,declined_offer,True,MODEL_APPLIED_FROM_CALIBRATED_FRAMEWORK
submitted,BM-029,Uncertainty / Ambiguity Aversion,APP-00512,EV-3a7c68b10f0e,declined_offer,True,MODEL_APPLIED_FROM_CALIBRATED_FRAMEWORK
submitted,BM-002,Loss Aversion,APP-00512,EV-7de41a18d764,declined_offer,True,MODEL_APPLIED_FROM_CALIBRATED_FRAMEWORK
submitted,BM-029,Uncertainty / Ambiguity Aversion,APP-00512,EV-ca9888f544e8,declined_offer,True,MODEL_APPLIED_FROM_CALIBRATED_FRAMEWORK
client_interview_1,BM-002,Loss Aversion,APP-00512,EV-52de4ce9d8d4,declined_offer,True,MODEL_APPLIED_FROM_CALIBRATED_FRAMEWORK
onboarding_docs_sent,BM-029,Uncertainty / Ambiguity Aversion,APP-00514,EV-8bab5c3240c0,joined_late,False,MODEL_APPLIED_FROM_CALIBRATED_FRAMEWORK
onboarding_docs_sent,BM-029,Uncertainty / Ambiguity Aversion,APP-00514,EV-e6d7ab9a9cfc,joined_late,False,MODEL_APPLIED_FROM_CALIBRATED_FRAMEWORK
onboarding_docs_sent,BM-029,Uncertainty / Ambiguity Aversion,APP-00514,EV-3d61d6c21ca6,joined_late,False,MODEL_APPLIED_FROM_CALIBRATED_FRAMEWORK
onboarding_docs_sent,BM-029,Uncertainty / Ambiguity Aversion,APP-00514,EV-54addaeb705d,joined_late,False,MODEL_APPLIED_FROM_CALIBRATED_FRAMEWORK
submitted,BM-001,Status Quo Bias,APP-00516,EV-a40845ceea37,withdrew_post_acceptance,True,MODEL_APPLIED_FROM_CALIBRATED_FRAMEWORK
client_interview_1,BM-029,Uncertainty / Ambiguity Aversion,APP-00516,EV-682ce4b2fe00,withdrew_post_acceptance,True,MODEL_APPLIED_FROM_CALIBRATED_FRAMEWORK
offer_extended,BM-001,Status Quo Bias,APP-00516,EV-caaeeea83de9,withdrew_post_acceptance,True,MODEL_APPLIED_FROM_CALIBRATED_FRAMEWORK
offer_accepted,BM-011,Reciprocity,APP-00517,EV-7e8af6f9e5e6,joined_on_time,False,MODEL_APPLIED_FROM_CALIBRATED_FRAMEWORK
screened,BM-005,Choice Overload,APP-00520,EV-01d13555f6bc,declined_offer,True,MODEL_APPLIED_FROM_CALIBRATED_FRAMEWORK
screened,BM-005,Choice Overload,APP-00520,EV-61d2fa7d4afc,declined_offer,True,MODEL_APPLIED_FROM_CALIBRATED_FRAMEWORK
submitted,BM-005,Choice Overload,APP-00520,EV-ed3671ce3b41,declined_offer,True,MODEL_APPLIED_FROM_CALIBRATED_FRAMEWORK
submitted,BM-005,Choice Overload,APP-00520,EV-d48e50754683,declined_offer,True,MODEL_APPLIED_FROM_CALIBRATED_FRAMEWORK
submitted,BM-005,Choice Overload,APP-00520,EV-b47a3998bd56,declined_offer,True,MODEL_APPLIED_FROM_CALIBRATED_FRAMEWORK
submitted,BM-005,Choice Overload,APP-00520,EV-05b82992db51,declined_offer,True,MODEL_APPLIED_FROM_CALIBRATED_FRAMEWORK
submitted,BM-005,Choice Overload,APP-00520,EV-db9f14435d3a,declined_offer,True,MODEL_APPLIED_FROM_CALIBRATED_FRAMEWORK
submitted,BM-005,Choice Overload,APP-00520,EV-e170378325df,declined_offer,True,MODEL_APPLIED_FROM_CALIBRATED_FRAMEWORK
client_interview_1,BM-005,Choice Overload,APP-00520,EV-28db967dfa76,declined_offer,True,MODEL_APPLIED_FROM_CALIBRATED_FRAMEWORK
client_interview_1,BM-029,Uncertainty / Ambiguity Aversion,APP-00520,EV-7bcc6ad8debb,declined_offer,True,MODEL_APPLIED_FROM_CALIBRATED_FRAMEWORK
client_interview_1,BM-005,Choice Overload,APP-00520,EV-1cc2067aadcc,declined_offer,True,MODEL_APPLIED_FROM_CALIBRATED_FRAMEWORK
client_interview_1,BM-005,Choice Overload,APP-00520,EV-c98e56ef2645,declined_offer,True,MODEL_APPLIED_FROM_CALIBRATED_FRAMEWORK
client_interview_1,BM-011,Reciprocity,APP-00521,EV-be50f0642b26,joined_on_time,False,MODEL_APPLIED_FROM_CALIBRATED_FRAMEWORK
client_interview_1,BM-018,Identity Signaling,APP-00521,EV-1d95896f7867,joined_on_time,False,MODEL_APPLIED_FROM_CALIBRATED_FRAMEWORK
offer_extended,BM-006,Friction,APP-00522,EV-36172794ce3f,joined_on_time,False,MODEL_APPLIED_FROM_CALIBRATED_FRAMEWORK
background_check,BM-002,Loss Aversion,APP-00523,EV-69d5711cdd21,withdrew_post_acceptance,True,MODEL_APPLIED_FROM_CALIBRATED_FRAMEWORK
submitted,BM-006,Friction,APP-00524,EV-26fbf4b6c36a,joined_on_time,False,MODEL_APPLIED_FROM_CALIBRATED_FRAMEWORK
submitted,BM-006,Friction,APP-00524,EV-197e0a7205b1,joined_on_time,False,MODEL_APPLIED_FROM_CALIBRATED_FRAMEWORK
submitted,BM-006,Friction,APP-00524,EV-379a27775ee4,joined_on_time,False,MODEL_APPLIED_FROM_CALIBRATED_FRAMEWORK
submitted,BM-006,Friction,APP-00524,EV-b75ace46482f,joined_on_time,False,MODEL_APPLIED_FROM_CALIBRATED_FRAMEWORK
submitted,BM-006,Friction,APP-00524,EV-2dd0b18b5941,joined_on_time,False,HUMAN_REVIEWED
submitted,BM-006,Friction,APP-00524,EV-aed3e6573cc9,joined_on_time,False,MODEL_APPLIED_FROM_CALIBRATED_FRAMEWORK
offer_extended,BM-006,Friction,APP-00524,EV-a7c5ac397d60,joined_on_time,False,MODEL_APPLIED_FROM_CALIBRATED_FRAMEWORK
offer_extended,BM-006,Friction,APP-00524,EV-faf1969265fb,joined_on_time,False,MODEL_APPLIED_FROM_CALIBRATED_FRAMEWORK
offer_accepted,BM-006,Friction,APP-00524,EV-bb9e82e3c057,joined_on_time,False,MODEL_APPLIED_FROM_CALIBRATED_FRAMEWORK
submitted,BM-001,Status Quo Bias,APP-00529,EV-bd5be7181ba9,declined_offer,True,MODEL_APPLIED_FROM_CALIBRATED_FRAMEWORK
client_interview_1,BM-029,Uncertainty / Ambiguity Aversion,APP-00529,EV-e3ac23578bce,declined_offer,True,MODEL_APPLIED_FROM_CALIBRATED_FRAMEWORK
client_interview_1,BM-002,Loss Aversion,APP-00530,EV-c54ff7d4b210,withdrew_post_acceptance,True,MODEL_APPLIED_FROM_CALIBRATED_FRAMEWORK
background_check,BM-020,Commitment / Consistency,APP-00531,EV-d2c71749bcfb,joined_late,False,MODEL_APPLIED_FROM_CALIBRATED_FRAMEWORK
background_check,BM-020,Commitment / Consistency,APP-00531,EV-8b315637ea94,joined_late,False,MODEL_APPLIED_FROM_CALIBRATED_FRAMEWORK
offer_accepted,BM-029,Uncertainty / Ambiguity Aversion,APP-00532,EV-f2a491a1abae,joined_on_time,False,MODEL_APPLIED_FROM_CALIBRATED_FRAMEWORK
offer_accepted,BM-029,Uncertainty / Ambiguity Aversion,APP-00532,EV-56c9b82d9abf,joined_on_time,False,MODEL_APPLIED_FROM_CALIBRATED_FRAMEWORK
offer_accepted,BM-029,Uncertainty / Ambiguity Aversion,APP-00532,EV-0f36587b5f52,joined_on_time,False,MODEL_APPLIED_FROM_CALIBRATED_FRAMEWORK
client_interview_1,BM-029,Uncertainty / Ambiguity Aversion,APP-00534,EV-e0923b03e7a1,declined_offer,True,MODEL_APPLIED_FROM_CALIBRATED_FRAMEWORK
screened,BM-006,Friction,APP-00537,EV-e43996f834a6,rejected_by_client,True,MODEL_APPLIED_FROM_CALIBRATED_FRAMEWORK
screened,BM-011,Reciprocity,APP-00537,EV-d1d2e6047a85,rejected_by_client,True,MODEL_APPLIED_FROM_CALIBRATED_FRAMEWORK
submitted,BM-006,Friction,APP-00537,EV-fdac55836fbf,rejected_by_client,True,MODEL_APPLIED_FROM_CALIBRATED_FRAMEWORK
submitted,BM-006,Friction,APP-00537,EV-b14d890771dc,rejected_by_client,True,MODEL_APPLIED_FROM_CALIBRATED_FRAMEWORK
submitted,BM-006,Friction,APP-00537,EV-f4650dcdc275,rejected_by_client,True,MODEL_APPLIED_FROM_CALIBRATED_FRAMEWORK
submitted,BM-006,Friction,APP-00537,EV-cf84992a4254,rejected_by_client,True,MODEL_APPLIED_FROM_CALIBRATED_FRAMEWORK
submitted,BM-006,Friction,APP-00537,EV-95034ca4fcc6,rejected_by_client,True,MODEL_APPLIED_FROM_CALIBRATED_FRAMEWORK
submitted,BM-011,Reciprocity,APP-00537,EV-3e9ca48924da,rejected_by_client,True,MODEL_APPLIED_FROM_CALIBRATED_FRAMEWORK
submitted,BM-006,Friction,APP-00537,EV-585c5e53fc34,rejected_by_client,True,MODEL_APPLIED_FROM_CALIBRATED_FRAMEWORK
submitted,BM-006,Friction,APP-00537,EV-5b9dc5a9aa9b,rejected_by_client,True,MODEL_APPLIED_FROM_CALIBRATED_FRAMEWORK
submitted,BM-011,Reciprocity,APP-00537,EV-9b05d72bf763,rejected_by_client,True,MODEL_APPLIED_FROM_CALIBRATED_FRAMEWORK
client_interview_1,BM-006,Friction,APP-00537,EV-823dc24ba270,rejected_by_client,True,MODEL_APPLIED_FROM_CALIBRATED_FRAMEWORK
client_interview_1,BM-006,Friction,APP-00537,EV-d1612bfeeb1b,rejected_by_client,True,MODEL_APPLIED_FROM_CALIBRATED_FRAMEWORK
screened,BM-006,Friction,APP-00539,EV-bbe9f1a162fb,accepted_no_show,True,MODEL_APPLIED_FROM_CALIBRATED_FRAMEWORK
screened,BM-006,Friction,APP-00539,EV-e98311076134,accepted_no_show,True,MODEL_APPLIED_FROM_CALIBRATED_FRAMEWORK
client_interview_1,BM-006,Friction,APP-00539,EV-d1e5385b3bd5,accepted_no_show,True,MODEL_APPLIED_FROM_CALIBRATED_FRAMEWORK
offer_extended,BM-006,Friction,APP-00539,EV-03d541066748,accepted_no_show,True,MODEL_APPLIED_FROM_CALIBRATED_FRAMEWORK
screened,BM-011,Reciprocity,APP-00540,EV-06c1e1e11050,joined_late,False,MODEL_APPLIED_FROM_CALIBRATED_FRAMEWORK
onboarding_docs_sent,BM-011,Reciprocity,APP-00540,EV-32f0a779d3d4,joined_late,False,MODEL_APPLIED_FROM_CALIBRATED_FRAMEWORK
onboarding_docs_sent,BM-011,Reciprocity,APP-00540,EV-31f37b105ca7,joined_late,False,MODEL_APPLIED_FROM_CALIBRATED_FRAMEWORK
onboarding_docs_sent,BM-011,Reciprocity,APP-00540,EV-4de7dcc799cc,joined_late,False,MODEL_APPLIED_FROM_CALIBRATED_FRAMEWORK
client_interview_1,BM-011,Reciprocity,APP-00543,EV-3450514c0521,joined_on_time,False,MODEL_APPLIED_FROM_CALIBRATED_FRAMEWORK
offer_extended,BM-023,Goal Gradient,APP-00543,EV-68e3a0883e8f,joined_on_time,False,MODEL_APPLIED_FROM_CALIBRATED_FRAMEWORK
offer_accepted,BM-023,Goal Gradient,APP-00543,EV-56a2260d9e54,joined_on_time,False,MODEL_APPLIED_FROM_CALIBRATED_FRAMEWORK
offer_accepted,BM-011,Reciprocity,APP-00543,EV-7f41eca44167,joined_on_time,False,MODEL_APPLIED_FROM_CALIBRATED_FRAMEWORK
onboarding_docs_sent,BM-023,Goal Gradient,APP-00543,EV-872987c9a5d0,joined_on_time,False,MODEL_APPLIED_FROM_CALIBRATED_FRAMEWORK
submitted,BM-006,Friction,APP-00544,EV-99711aebb28d,accepted_no_show,True,MODEL_APPLIED_FROM_CALIBRATED_FRAMEWORK
submitted,BM-006,Friction,APP-00544,EV-b2440d9cb200,accepted_no_show,True,MODEL_APPLIED_FROM_CALIBRATED_FRAMEWORK
submitted,BM-029,Uncertainty / Ambiguity Aversion,APP-00544,EV-91da69b23a23,accepted_no_show,True,MODEL_APPLIED_FROM_CALIBRATED_FRAMEWORK
submitted,BM-006,Friction,APP-00544,EV-48c98a34403a,accepted_no_show,True,MODEL_APPLIED_FROM_CALIBRATED_FRAMEWORK
submitted,BM-006,Friction,APP-00544,EV-6c8a246ad905,accepted_no_show,True,MODEL_APPLIED_FROM_CALIBRATED_FRAMEWORK
submitted,BM-006,Friction,APP-00544,EV-591859bc31d9,accepted_no_show,True,MODEL_APPLIED_FROM_CALIBRATED_FRAMEWORK
background_check,BM-006,Friction,APP-00544,EV-b156de9487df,accepted_no_show,True,MODEL_APPLIED_FROM_CALIBRATED_FRAMEWORK
screened,BM-023,Goal Gradient,APP-00547,EV-911c845f626e,withdrew_post_acceptance,True,MODEL_APPLIED_FROM_CALIBRATED_FRAMEWORK
submitted,BM-023,Goal Gradient,APP-00547,EV-a1663570d9e5,withdrew_post_acceptance,True,MODEL_APPLIED_FROM_CALIBRATED_FRAMEWORK
client_interview_1,BM-023,Goal Gradient,APP-00547,EV-59db99fc0622,withdrew_post_acceptance,True,MODEL_APPLIED_FROM_CALIBRATED_FRAMEWORK
background_check,BM-002,Loss Aversion,APP-00547,EV-0470a6d7c78b,withdrew_post_acceptance,True,MODEL_APPLIED_FROM_CALIBRATED_FRAMEWORK
submitted,BM-029,Uncertainty / Ambiguity Aversion,APP-00548,EV-f88e49991609,joined_on_time,False,HUMAN_REVIEWED
submitted,BM-023,Goal Gradient,APP-00548,EV-544851b36e2a,joined_on_time,False,MODEL_APPLIED_FROM_CALIBRATED_FRAMEWORK
offer_accepted,BM-023,Goal Gradient,APP-00548,EV-9cc9a8e5702a,joined_on_time,False,MODEL_APPLIED_FROM_CALIBRATED_FRAMEWORK
background_check,BM-023,Goal Gradient,APP-00550,EV-7e5c8126ab85,joined_on_time,False,MODEL_APPLIED_FROM_CALIBRATED_FRAMEWORK
screened,BM-001,Status Quo Bias,APP-00551,EV-366fb804ee6f,joined_on_time,False,MODEL_APPLIED_FROM_CALIBRATED_FRAMEWORK
submitted,BM-001,Status Quo Bias,APP-00551,EV-b3fef01af9ee,joined_on_time,False,MODEL_APPLIED_FROM_CALIBRATED_FRAMEWORK
submitted,BM-001,Status Quo Bias,APP-00551,EV-fc717a157b1c,joined_on_time,False,MODEL_APPLIED_FROM_CALIBRATED_FRAMEWORK
submitted,BM-001,Status Quo Bias,APP-00551,EV-e53a119cad1c,joined_on_time,False,MODEL_APPLIED_FROM_CALIBRATED_FRAMEWORK
background_check,BM-001,Status Quo Bias,APP-00551,EV-6f8386349a96,joined_on_time,False,MODEL_APPLIED_FROM_CALIBRATED_FRAMEWORK
background_check,BM-029,Uncertainty / Ambiguity Aversion,APP-00551,EV-818e9090cdc1,joined_on_time,False,MODEL_APPLIED_FROM_CALIBRATED_FRAMEWORK
client_interview_1,BM-011,Reciprocity,APP-00552,EV-a2ca39c3fb79,declined_offer,True,MODEL_APPLIED_FROM_CALIBRATED_FRAMEWORK
offer_extended,BM-011,Reciprocity,APP-00552,EV-5201fb84d71c,declined_offer,True,MODEL_APPLIED_FROM_CALIBRATED_FRAMEWORK
offer_extended,BM-011,Reciprocity,APP-00552,EV-33ee0d75dd9b,declined_offer,True,MODEL_APPLIED_FROM_CALIBRATED_FRAMEWORK
screened,BM-006,Friction,APP-00554,EV-eb8511a10505,declined_offer,True,MODEL_APPLIED_FROM_CALIBRATED_FRAMEWORK
submitted,BM-020,Commitment / Consistency,APP-00554,EV-55f9352f5da9,declined_offer,True,MODEL_APPLIED_FROM_CALIBRATED_FRAMEWORK
screened,BM-029,Uncertainty / Ambiguity Aversion,APP-00555,EV-fc91b34859fc,declined_offer,True,MODEL_APPLIED_FROM_CALIBRATED_FRAMEWORK
submitted,BM-029,Uncertainty / Ambiguity Aversion,APP-00555,EV-e1628609ab89,declined_offer,True,MODEL_APPLIED_FROM_CALIBRATED_FRAMEWORK
client_interview_1,BM-029,Uncertainty / Ambiguity Aversion,APP-00555,EV-cefee78e7b23,declined_offer,True,MODEL_APPLIED_FROM_CALIBRATED_FRAMEWORK
unknown,BM-006,Friction,APP-00556,EV-dee62dba6cc3,joined_late,False,MODEL_APPLIED_FROM_CALIBRATED_FRAMEWORK
submitted,BM-023,Goal Gradient,APP-00556,EV-008e275ca26a,joined_late,False,MODEL_APPLIED_FROM_CALIBRATED_FRAMEWORK
client_interview_1,BM-006,Friction,APP-00556,EV-47608520687d,joined_late,False,MODEL_APPLIED_FROM_CALIBRATED_FRAMEWORK
client_interview_1,BM-006,Friction,APP-00556,EV-0eb1a6c7c5f9,joined_late,False,MODEL_APPLIED_FROM_CALIBRATED_FRAMEWORK
offer_accepted,BM-006,Friction,APP-00556,EV-677a9bd47302,joined_late,False,MODEL_APPLIED_FROM_CALIBRATED_FRAMEWORK
background_check,BM-006,Friction,APP-00556,EV-56a81c448923,joined_late,False,MODEL_APPLIED_FROM_CALIBRATED_FRAMEWORK
submitted,BM-006,Friction,APP-00559,EV-21d448f603f6,joined_on_time,False,MODEL_APPLIED_FROM_CALIBRATED_FRAMEWORK
submitted,BM-006,Friction,APP-00559,EV-edf3360c4285,joined_on_time,False,MODEL_APPLIED_FROM_CALIBRATED_FRAMEWORK
submitted,BM-006,Friction,APP-00559,EV-a77531ea3e1d,joined_on_time,False,MODEL_APPLIED_FROM_CALIBRATED_FRAMEWORK
submitted,BM-006,Friction,APP-00559,EV-43376176eea8,joined_on_time,False,MODEL_APPLIED_FROM_CALIBRATED_FRAMEWORK
client_interview_1,BM-006,Friction,APP-00559,EV-ebfdcacfc92b,joined_on_time,False,MODEL_APPLIED_FROM_CALIBRATED_FRAMEWORK
offer_extended,BM-006,Friction,APP-00559,EV-e123a7d6657b,joined_on_time,False,MODEL_APPLIED_FROM_CALIBRATED_FRAMEWORK
offer_accepted,BM-006,Friction,APP-00559,EV-bcbdc5ded329,joined_on_time,False,MODEL_APPLIED_FROM_CALIBRATED_FRAMEWORK
background_check,BM-006,Friction,APP-00559,EV-301922c5e9fe,joined_on_time,False,MODEL_APPLIED_FROM_CALIBRATED_FRAMEWORK
background_check,BM-006,Friction,APP-00559,EV-0865f98a6ad2,joined_on_time,False,MODEL_APPLIED_FROM_CALIBRATED_FRAMEWORK
background_check,BM-006,Friction,APP-00559,EV-92cf21f6b711,joined_on_time,False,MODEL_APPLIED_FROM_CALIBRATED_FRAMEWORK
onboarding_docs_sent,BM-006,Friction,APP-00559,EV-fd5a894ed85f,joined_on_time,False,MODEL_APPLIED_FROM_CALIBRATED_FRAMEWORK
onboarding_docs_sent,BM-006,Friction,APP-00559,EV-77c8b1e4c216,joined_on_time,False,MODEL_APPLIED_FROM_CALIBRATED_FRAMEWORK
client_interview_1,BM-029,Uncertainty / Ambiguity Aversion,APP-00562,EV-d2790c0ddb6b,withdrew_post_acceptance,True,MODEL_APPLIED_FROM_CALIBRATED_FRAMEWORK
client_interview_1,BM-029,Uncertainty / Ambiguity Aversion,APP-00562,EV-5bb0d6bd7443,withdrew_post_acceptance,True,MODEL_APPLIED_FROM_CALIBRATED_FRAMEWORK
client_interview_1,BM-001,Status Quo Bias,APP-00562,EV-e58ae2d0f271,withdrew_post_acceptance,True,HUMAN_REVIEWED
offer_extended,BM-029,Uncertainty / Ambiguity Aversion,APP-00562,EV-edcbf2f67fa3,withdrew_post_acceptance,True,HUMAN_REVIEWED
offer_accepted,BM-029,Uncertainty / Ambiguity Aversion,APP-00562,EV-4eb50b4334f5,withdrew_post_acceptance,True,MODEL_APPLIED_FROM_CALIBRATED_FRAMEWORK
submitted,BM-029,Uncertainty / Ambiguity Aversion,APP-00563,EV-30e9ff5e9176,joined_late,False,MODEL_APPLIED_FROM_CALIBRATED_FRAMEWORK
offer_accepted,BM-029,Uncertainty / Ambiguity Aversion,APP-00563,EV-fff5c22537af,joined_late,False,MODEL_APPLIED_FROM_CALIBRATED_FRAMEWORK
unknown,BM-023,Goal Gradient,APP-00565,EV-a83796a02f28,rejected_by_client,True,MODEL_APPLIED_FROM_CALIBRATED_FRAMEWORK
client_interview_1,BM-006,Friction,APP-00565,EV-6f4d8ce06f62,rejected_by_client,True,HUMAN_REVIEWED
client_interview_1,BM-011,Reciprocity,APP-00565,EV-0be04b411fac,rejected_by_client,True,MODEL_APPLIED_FROM_CALIBRATED_FRAMEWORK
client_interview_1,BM-023,Goal Gradient,APP-00565,EV-0ebce3d3cb5e,rejected_by_client,True,MODEL_APPLIED_FROM_CALIBRATED_FRAMEWORK
offer_accepted,BM-023,Goal Gradient,APP-00565,EV-067ad7e01a9d,rejected_by_client,True,MODEL_APPLIED_FROM_CALIBRATED_FRAMEWORK
client_interview_1,BM-011,Reciprocity,APP-00568,EV-e852e7238dec,joined_late,False,MODEL_APPLIED_FROM_CALIBRATED_FRAMEWORK
client_interview_1,BM-011,Reciprocity,APP-00568,EV-3a83a19d3555,joined_late,False,MODEL_APPLIED_FROM_CALIBRATED_FRAMEWORK
background_check,BM-011,Reciprocity,APP-00568,EV-1c2915f3db1b,joined_late,False,MODEL_APPLIED_FROM_CALIBRATED_FRAMEWORK
background_check,BM-011,Reciprocity,APP-00569,EV-caf09ee3e076,joined_on_time,False,MODEL_APPLIED_FROM_CALIBRATED_FRAMEWORK
background_check,BM-018,Identity Signaling,APP-00569,EV-fd19c8e8386c,joined_on_time,False,MODEL_APPLIED_FROM_CALIBRATED_FRAMEWORK
screened,BM-023,Goal Gradient,APP-00570,EV-cbb3ce3b47ff,accepted_no_show,True,MODEL_APPLIED_FROM_CALIBRATED_FRAMEWORK
submitted,BM-005,Choice Overload,APP-00571,EV-f26a86bcd830,joined_late,False,MODEL_APPLIED_FROM_CALIBRATED_FRAMEWORK
submitted,BM-029,Uncertainty / Ambiguity Aversion,APP-00571,EV-a758578130f1,joined_late,False,MODEL_APPLIED_FROM_CALIBRATED_FRAMEWORK
submitted,BM-005,Choice Overload,APP-00571,EV-ab3af6157fc7,joined_late,False,MODEL_APPLIED_FROM_CALIBRATED_FRAMEWORK
background_check,BM-005,Choice Overload,APP-00571,EV-649e400d36fc,joined_late,False,MODEL_APPLIED_FROM_CALIBRATED_FRAMEWORK
background_check,BM-005,Choice Overload,APP-00571,EV-4b7c6ab8ee28,joined_late,False,MODEL_APPLIED_FROM_CALIBRATED_FRAMEWORK
onboarding_docs_sent,BM-005,Choice Overload,APP-00571,EV-54e9ae03cbef,joined_late,False,MODEL_APPLIED_FROM_CALIBRATED_FRAMEWORK
unknown,BM-023,Goal Gradient,APP-00575,EV-57986f72ee69,declined_offer,True,MODEL_APPLIED_FROM_CALIBRATED_FRAMEWORK
submitted,BM-023,Goal Gradient,APP-00575,EV-1272c4ba3711,declined_offer,True,MODEL_APPLIED_FROM_CALIBRATED_FRAMEWORK
submitted,BM-023,Goal Gradient,APP-00575,EV-5ccd814098b8,declined_offer,True,MODEL_APPLIED_FROM_CALIBRATED_FRAMEWORK
client_interview_2,BM-023,Goal Gradient,APP-00575,EV-d74fbd0ea56f,declined_offer,True,MODEL_APPLIED_FROM_CALIBRATED_FRAMEWORK
client_interview_2,BM-023,Goal Gradient,APP-00575,EV-578eeb2b6ae3,declined_offer,True,MODEL_APPLIED_FROM_CALIBRATED_FRAMEWORK
offer_extended,BM-023,Goal Gradient,APP-00575,EV-cc4051b0ef50,declined_offer,True,MODEL_APPLIED_FROM_CALIBRATED_FRAMEWORK
submitted,BM-018,Identity Signaling,APP-00576,EV-3601673a3c24,joined_on_time,False,MODEL_APPLIED_FROM_CALIBRATED_FRAMEWORK
client_interview_1,BM-020,Commitment / Consistency,APP-00576,EV-3de878614f78,joined_on_time,False,MODEL_APPLIED_FROM_CALIBRATED_FRAMEWORK
submitted,BM-011,Reciprocity,APP-00577,EV-86f3585bbf55,withdrew_post_acceptance,True,MODEL_APPLIED_FROM_CALIBRATED_FRAMEWORK
submitted,BM-011,Reciprocity,APP-00577,EV-219337347160,withdrew_post_acceptance,True,MODEL_APPLIED_FROM_CALIBRATED_FRAMEWORK
client_interview_1,BM-011,Reciprocity,APP-00577,EV-6fdcc076b533,withdrew_post_acceptance,True,MODEL_APPLIED_FROM_CALIBRATED_FRAMEWORK
offer_extended,BM-011,Reciprocity,APP-00577,EV-f0360e2fd83d,withdrew_post_acceptance,True,MODEL_APPLIED_FROM_CALIBRATED_FRAMEWORK
submitted,BM-001,Status Quo Bias,APP-00578,EV-7aec656ebc02,joined_on_time,False,MODEL_APPLIED_FROM_CALIBRATED_FRAMEWORK
submitted,BM-029,Uncertainty / Ambiguity Aversion,APP-00578,EV-3f0f5b436228,joined_on_time,False,MODEL_APPLIED_FROM_CALIBRATED_FRAMEWORK
submitted,BM-029,Uncertainty / Ambiguity Aversion,APP-00578,EV-afea80a6c7ae,joined_on_time,False,MODEL_APPLIED_FROM_CALIBRATED_FRAMEWORK
offer_extended,BM-001,Status Quo Bias,APP-00578,EV-e682e99d15df,joined_on_time,False,MODEL_APPLIED_FROM_CALIBRATED_FRAMEWORK
offer_extended,BM-001,Status Quo Bias,APP-00578,EV-901f1256e5f4,joined_on_time,False,MODEL_APPLIED_FROM_CALIBRATED_FRAMEWORK
offer_extended,BM-029,Uncertainty / Ambiguity Aversion,APP-00578,EV-c5b34c0335cb,joined_on_time,False,MODEL_APPLIED_FROM_CALIBRATED_FRAMEWORK
offer_extended,BM-001,Status Quo Bias,APP-00578,EV-3e64cdacb8a4,joined_on_time,False,HUMAN_REVIEWED
background_check,BM-001,Status Quo Bias,APP-00578,EV-7d8873818219,joined_on_time,False,MODEL_APPLIED_FROM_CALIBRATED_FRAMEWORK
onboarding_docs_sent,BM-001,Status Quo Bias,APP-00578,EV-3cc3960438ad,joined_on_time,False,MODEL_APPLIED_FROM_CALIBRATED_FRAMEWORK
submitted,BM-011,Reciprocity,APP-00580,EV-7e13541d4d22,joined_on_time,False,MODEL_APPLIED_FROM_CALIBRATED_FRAMEWORK
submitted,BM-011,Reciprocity,APP-00580,EV-3506fc91a29d,joined_on_time,False,MODEL_APPLIED_FROM_CALIBRATED_FRAMEWORK
submitted,BM-011,Reciprocity,APP-00580,EV-1f83ccf13b98,joined_on_time,False,MODEL_APPLIED_FROM_CALIBRATED_FRAMEWORK
offer_extended,BM-011,Reciprocity,APP-00580,EV-9249603483a5,joined_on_time,False,MODEL_APPLIED_FROM_CALIBRATED_FRAMEWORK
submitted,BM-014,Confirmation Bias,APP-00582,EV-c7580b842745,joined_late,False,MODEL_APPLIED_FROM_CALIBRATED_FRAMEWORK
background_check,BM-014,Confirmation Bias,APP-00582,EV-a30222949a21,joined_late,False,MODEL_APPLIED_FROM_CALIBRATED_FRAMEWORK
background_check,BM-014,Confirmation Bias,APP-00582,EV-b95f3ecd6957,joined_late,False,MODEL_APPLIED_FROM_CALIBRATED_FRAMEWORK
submitted,BM-006,Friction,APP-00584,EV-be90d725a917,joined_on_time,False,MODEL_APPLIED_FROM_CALIBRATED_FRAMEWORK
submitted,BM-006,Friction,APP-00584,EV-b05c26ceca12,joined_on_time,False,MODEL_APPLIED_FROM_CALIBRATED_FRAMEWORK
client_interview_1,BM-006,Friction,APP-00584,EV-079c491d8194,joined_on_time,False,MODEL_APPLIED_FROM_CALIBRATED_FRAMEWORK
client_interview_1,BM-023,Goal Gradient,APP-00584,EV-78976bddbacc,joined_on_time,False,MODEL_APPLIED_FROM_CALIBRATED_FRAMEWORK
offer_accepted,BM-023,Goal Gradient,APP-00584,EV-c46900ccd7dc,joined_on_time,False,MODEL_APPLIED_FROM_CALIBRATED_FRAMEWORK
offer_accepted,BM-006,Friction,APP-00584,EV-be793aba4525,joined_on_time,False,MODEL_APPLIED_FROM_CALIBRATED_FRAMEWORK
offer_accepted,BM-023,Goal Gradient,APP-00584,EV-f0cd9bd28538,joined_on_time,False,MODEL_APPLIED_FROM_CALIBRATED_FRAMEWORK
offer_accepted,BM-006,Friction,APP-00584,EV-0a7ca5823c3f,joined_on_time,False,MODEL_APPLIED_FROM_CALIBRATED_FRAMEWORK
client_interview_1,BM-006,Friction,APP-00585,EV-d0f1e034252b,declined_offer,True,MODEL_APPLIED_FROM_CALIBRATED_FRAMEWORK
client_interview_1,BM-006,Friction,APP-00585,EV-e29ee42643cb,declined_offer,True,MODEL_APPLIED_FROM_CALIBRATED_FRAMEWORK
client_interview_1,BM-006,Friction,APP-00585,EV-b7f05711a5c6,declined_offer,True,MODEL_APPLIED_FROM_CALIBRATED_FRAMEWORK
offer_extended,BM-006,Friction,APP-00585,EV-89731281e805,declined_offer,True,MODEL_APPLIED_FROM_CALIBRATED_FRAMEWORK
offer_extended,BM-006,Friction,APP-00585,EV-e35e2d21f7f8,declined_offer,True,MODEL_APPLIED_FROM_CALIBRATED_FRAMEWORK
offer_extended,BM-006,Friction,APP-00585,EV-dedea01ec04b,declined_offer,True,MODEL_APPLIED_FROM_CALIBRATED_FRAMEWORK
offer_extended,BM-002,Loss Aversion,APP-00585,EV-8f6995ec099d,declined_offer,True,MODEL_APPLIED_FROM_CALIBRATED_FRAMEWORK
submitted,BM-029,Uncertainty / Ambiguity Aversion,APP-00586,EV-ba2088b4e891,declined_offer,True,MODEL_APPLIED_FROM_CALIBRATED_FRAMEWORK
client_interview_1,BM-029,Uncertainty / Ambiguity Aversion,APP-00586,EV-8b8425c15440,declined_offer,True,MODEL_APPLIED_FROM_CALIBRATED_FRAMEWORK
offer_extended,BM-029,Uncertainty / Ambiguity Aversion,APP-00586,EV-a94e9a0a69bb,declined_offer,True,MODEL_APPLIED_FROM_CALIBRATED_FRAMEWORK
screened,BM-001,Status Quo Bias,APP-00587,EV-328855d4338e,joined_on_time,False,MODEL_APPLIED_FROM_CALIBRATED_FRAMEWORK
screened,BM-014,Confirmation Bias,APP-00587,EV-9af18464d82b,joined_on_time,False,MODEL_APPLIED_FROM_CALIBRATED_FRAMEWORK
screened,BM-001,Status Quo Bias,APP-00587,EV-ad361994e203,joined_on_time,False,MODEL_APPLIED_FROM_CALIBRATED_FRAMEWORK
screened,BM-014,Confirmation Bias,APP-00587,EV-16479fb6515a,joined_on_time,False,MODEL_APPLIED_FROM_CALIBRATED_FRAMEWORK
unknown,BM-006,Friction,APP-00589,EV-95e02843e496,joined_on_time,False,MODEL_APPLIED_FROM_CALIBRATED_FRAMEWORK
unknown,BM-006,Friction,APP-00589,EV-5f2008ba49c1,joined_on_time,False,MODEL_APPLIED_FROM_CALIBRATED_FRAMEWORK
submitted,BM-006,Friction,APP-00589,EV-de2660e86a3d,joined_on_time,False,MODEL_APPLIED_FROM_CALIBRATED_FRAMEWORK
client_interview_1,BM-023,Goal Gradient,APP-00589,EV-9ecee805fc1f,joined_on_time,False,MODEL_APPLIED_FROM_CALIBRATED_FRAMEWORK
offer_extended,BM-006,Friction,APP-00589,EV-c957b19611ce,joined_on_time,False,MODEL_APPLIED_FROM_CALIBRATED_FRAMEWORK
offer_extended,BM-006,Friction,APP-00589,EV-41636a13c682,joined_on_time,False,MODEL_APPLIED_FROM_CALIBRATED_FRAMEWORK
background_check,BM-006,Friction,APP-00589,EV-67db98b27fb9,joined_on_time,False,MODEL_APPLIED_FROM_CALIBRATED_FRAMEWORK
onboarding_docs_sent,BM-006,Friction,APP-00589,EV-1229c1e299f6,joined_on_time,False,MODEL_APPLIED_FROM_CALIBRATED_FRAMEWORK
screened,BM-006,Friction,APP-00590,EV-5e2ae1ebeafa,joined_on_time,False,MODEL_APPLIED_FROM_CALIBRATED_FRAMEWORK
client_interview_1,BM-006,Friction,APP-00590,EV-41a04c808cff,joined_on_time,False,MODEL_APPLIED_FROM_CALIBRATED_FRAMEWORK
submitted,BM-001,Status Quo Bias,APP-00591,EV-f013fd8d5291,joined_on_time,False,MODEL_APPLIED_FROM_CALIBRATED_FRAMEWORK
client_interview_1,BM-001,Status Quo Bias,APP-00591,EV-d17aca967588,joined_on_time,False,MODEL_APPLIED_FROM_CALIBRATED_FRAMEWORK
background_check,BM-029,Uncertainty / Ambiguity Aversion,APP-00591,EV-b39ecff4a07b,joined_on_time,False,MODEL_APPLIED_FROM_CALIBRATED_FRAMEWORK
background_check,BM-001,Status Quo Bias,APP-00591,EV-85fc231d55e1,joined_on_time,False,MODEL_APPLIED_FROM_CALIBRATED_FRAMEWORK
background_check,BM-001,Status Quo Bias,APP-00591,EV-16041b5b005c,joined_on_time,False,MODEL_APPLIED_FROM_CALIBRATED_FRAMEWORK
background_check,BM-029,Uncertainty / Ambiguity Aversion,APP-00591,EV-7059640b03d9,joined_on_time,False,MODEL_APPLIED_FROM_CALIBRATED_FRAMEWORK
screened,BM-001,Status Quo Bias,APP-00595,EV-118f31ff6cc0,joined_on_time,False,MODEL_APPLIED_FROM_CALIBRATED_FRAMEWORK
screened,BM-001,Status Quo Bias,APP-00595,EV-391485a187cf,joined_on_time,False,MODEL_APPLIED_FROM_CALIBRATED_FRAMEWORK
screened,BM-014,Confirmation Bias,APP-00595,EV-beee231e876c,joined_on_time,False,MODEL_APPLIED_FROM_CALIBRATED_FRAMEWORK
submitted,BM-001,Status Quo Bias,APP-00595,EV-22337e2d9e25,joined_on_time,False,MODEL_APPLIED_FROM_CALIBRATED_FRAMEWORK
submitted,BM-014,Confirmation Bias,APP-00595,EV-7acceefa30d2,joined_on_time,False,MODEL_APPLIED_FROM_CALIBRATED_FRAMEWORK
submitted,BM-001,Status Quo Bias,APP-00595,EV-815c8cc29bc0,joined_on_time,False,MODEL_APPLIED_FROM_CALIBRATED_FRAMEWORK
submitted,BM-014,Confirmation Bias,APP-00595,EV-a42969788e97,joined_on_time,False,MODEL_APPLIED_FROM_CALIBRATED_FRAMEWORK
submitted,BM-001,Status Quo Bias,APP-00595,EV-183ad5b5e64a,joined_on_time,False,MODEL_APPLIED_FROM_CALIBRATED_FRAMEWORK
submitted,BM-014,Confirmation Bias,APP-00595,EV-1be4eeb78764,joined_on_time,False,MODEL_APPLIED_FROM_CALIBRATED_FRAMEWORK
background_check,BM-006,Friction,APP-00595,EV-26d4a67db490,joined_on_time,False,HUMAN_REVIEWED
background_check,BM-001,Status Quo Bias,APP-00595,EV-5b65dea7e132,joined_on_time,False,MODEL_APPLIED_FROM_CALIBRATED_FRAMEWORK
client_interview_1,BM-005,Choice Overload,APP-00596,EV-f630a983a2f0,joined_on_time,False,MODEL_APPLIED_FROM_CALIBRATED_FRAMEWORK
background_check,BM-005,Choice Overload,APP-00596,EV-1cd364320744,joined_on_time,False,MODEL_APPLIED_FROM_CALIBRATED_FRAMEWORK
background_check,BM-029,Uncertainty / Ambiguity Aversion,APP-00596,EV-0a1f994b4e63,joined_on_time,False,MODEL_APPLIED_FROM_CALIBRATED_FRAMEWORK
submitted,BM-023,Goal Gradient,APP-00598,EV-23bdcf2984a0,withdrew_post_acceptance,True,MODEL_APPLIED_FROM_CALIBRATED_FRAMEWORK
client_interview_1,BM-023,Goal Gradient,APP-00598,EV-33b683f33a34,withdrew_post_acceptance,True,MODEL_APPLIED_FROM_CALIBRATED_FRAMEWORK
client_interview_1,BM-002,Loss Aversion,APP-00598,EV-6f0a90fe1c64,withdrew_post_acceptance,True,MODEL_APPLIED_FROM_CALIBRATED_FRAMEWORK
offer_accepted,BM-005,Choice Overload,APP-00599,EV-4824689147d8,withdrew_post_acceptance,True,MODEL_APPLIED_FROM_CALIBRATED_FRAMEWORK
offer_accepted,BM-005,Choice Overload,APP-00599,EV-310ad871d931,withdrew_post_acceptance,True,MODEL_APPLIED_FROM_CALIBRATED_FRAMEWORK
background_check,BM-020,Commitment / Consistency,APP-00599,EV-d650ce76d0f0,withdrew_post_acceptance,True,MODEL_APPLIED_FROM_CALIBRATED_FRAMEWORK
submitted,BM-001,Status Quo Bias,APP-00600,EV-f5aa7d457936,withdrew_post_acceptance,True,MODEL_APPLIED_FROM_CALIBRATED_FRAMEWORK
client_interview_1,BM-001,Status Quo Bias,APP-00600,EV-b125743b21ba,withdrew_post_acceptance,True,MODEL_APPLIED_FROM_CALIBRATED_FRAMEWORK
client_interview_1,BM-001,Status Quo Bias,APP-00600,EV-ecb8d2b7b493,withdrew_post_acceptance,True,MODEL_APPLIED_FROM_CALIBRATED_FRAMEWORK
background_check,BM-001,Status Quo Bias,APP-00600,EV-580f8cf97818,withdrew_post_acceptance,True,MODEL_APPLIED_FROM_CALIBRATED_FRAMEWORK
background_check,BM-001,Status Quo Bias,APP-00600,EV-1d4b76a3c8b8,withdrew_post_acceptance,True,MODEL_APPLIED_FROM_CALIBRATED_FRAMEWORK
background_check,BM-001,Status Quo Bias,APP-00600,EV-6ed5dbdf9ff9,withdrew_post_acceptance,True,MODEL_APPLIED_FROM_CALIBRATED_FRAMEWORK
background_check,BM-001,Status Quo Bias,APP-00600,EV-f2017ea951ec,withdrew_post_acceptance,True,MODEL_APPLIED_FROM_CALIBRATED_FRAMEWORK
submitted,BM-006,Friction,APP-00601,EV-33c3f2dfd6b3,joined_on_time,False,MODEL_APPLIED_FROM_CALIBRATED_FRAMEWORK
unknown,BM-011,Reciprocity,APP-00602,EV-1d5295d9fe84,rejected_by_client,True,MODEL_APPLIED_FROM_CALIBRATED_FRAMEWORK
unknown,BM-018,Identity Signaling,APP-00602,EV-ec8d4245d2d5,rejected_by_client,True,MODEL_APPLIED_FROM_CALIBRATED_FRAMEWORK
offer_extended,BM-020,Commitment / Consistency,APP-00602,EV-fc99cdbb15da,rejected_by_client,True,MODEL_APPLIED_FROM_CALIBRATED_FRAMEWORK
submitted,BM-006,Friction,APP-00603,EV-9f155f44cc48,joined_on_time,False,MODEL_APPLIED_FROM_CALIBRATED_FRAMEWORK
submitted,BM-006,Friction,APP-00603,EV-acf9214677df,joined_on_time,False,MODEL_APPLIED_FROM_CALIBRATED_FRAMEWORK
submitted,BM-006,Friction,APP-00603,EV-e4dbed46b6a2,joined_on_time,False,MODEL_APPLIED_FROM_CALIBRATED_FRAMEWORK
submitted,BM-006,Friction,APP-00603,EV-588286a248f1,joined_on_time,False,MODEL_APPLIED_FROM_CALIBRATED_FRAMEWORK
client_interview_1,BM-023,Goal Gradient,APP-00603,EV-7f119873f781,joined_on_time,False,MODEL_APPLIED_FROM_CALIBRATED_FRAMEWORK
client_interview_1,BM-006,Friction,APP-00603,EV-07a0d1fee0c6,joined_on_time,False,HUMAN_REVIEWED
background_check,BM-006,Friction,APP-00603,EV-90c0fda32f26,joined_on_time,False,MODEL_APPLIED_FROM_CALIBRATED_FRAMEWORK
background_check,BM-006,Friction,APP-00603,EV-f57733994fb5,joined_on_time,False,MODEL_APPLIED_FROM_CALIBRATED_FRAMEWORK
background_check,BM-006,Friction,APP-00603,EV-09393427c939,joined_on_time,False,MODEL_APPLIED_FROM_CALIBRATED_FRAMEWORK
client_interview_1,BM-001,Status Quo Bias,APP-00604,EV-fbaeecc625d4,withdrew_post_acceptance,True,MODEL_APPLIED_FROM_CALIBRATED_FRAMEWORK
client_interview_1,BM-014,Confirmation Bias,APP-00604,EV-d84665811b2a,withdrew_post_acceptance,True,MODEL_APPLIED_FROM_CALIBRATED_FRAMEWORK
background_check,BM-001,Status Quo Bias,APP-00604,EV-d9c08fa0a761,withdrew_post_acceptance,True,MODEL_APPLIED_FROM_CALIBRATED_FRAMEWORK
client_interview_1,BM-006,Friction,APP-00609,EV-f57d13e50f75,joined_late,False,MODEL_APPLIED_FROM_CALIBRATED_FRAMEWORK
client_interview_1,BM-011,Reciprocity,APP-00609,EV-a807495f68a2,joined_late,False,MODEL_APPLIED_FROM_CALIBRATED_FRAMEWORK
client_interview_1,BM-006,Friction,APP-00609,EV-45d30da32079,joined_late,False,MODEL_APPLIED_FROM_CALIBRATED_FRAMEWORK
client_interview_1,BM-006,Friction,APP-00609,EV-1bcb1a558a2f,joined_late,False,MODEL_APPLIED_FROM_CALIBRATED_FRAMEWORK
client_interview_1,BM-006,Friction,APP-00609,EV-2c2ae3396168,joined_late,False,MODEL_APPLIED_FROM_CALIBRATED_FRAMEWORK
background_check,BM-006,Friction,APP-00609,EV-28b7f02d0ec9,joined_late,False,MODEL_APPLIED_FROM_CALIBRATED_FRAMEWORK
background_check,BM-006,Friction,APP-00609,EV-87fad82cd5b5,joined_late,False,MODEL_APPLIED_FROM_CALIBRATED_FRAMEWORK
background_check,BM-006,Friction,APP-00609,EV-553014a0ecad,joined_late,False,MODEL_APPLIED_FROM_CALIBRATED_FRAMEWORK
submitted,BM-029,Uncertainty / Ambiguity Aversion,APP-00611,EV-4746b1db13e0,withdrew_post_acceptance,True,HUMAN_REVIEWED
client_interview_1,BM-029,Uncertainty / Ambiguity Aversion,APP-00611,EV-90dd8dc988e6,withdrew_post_acceptance,True,MODEL_APPLIED_FROM_CALIBRATED_FRAMEWORK
offer_accepted,BM-029,Uncertainty / Ambiguity Aversion,APP-00611,EV-9807dbceda37,withdrew_post_acceptance,True,MODEL_APPLIED_FROM_CALIBRATED_FRAMEWORK
screened,BM-001,Status Quo Bias,APP-00614,EV-a0d95668213a,joined_late,False,MODEL_APPLIED_FROM_CALIBRATED_FRAMEWORK
client_interview_2,BM-001,Status Quo Bias,APP-00614,EV-09644ba4f805,joined_late,False,MODEL_APPLIED_FROM_CALIBRATED_FRAMEWORK
offer_accepted,BM-001,Status Quo Bias,APP-00614,EV-a014904d1bb1,joined_late,False,MODEL_APPLIED_FROM_CALIBRATED_FRAMEWORK
offer_accepted,BM-001,Status Quo Bias,APP-00614,EV-7a43437ef61d,joined_late,False,MODEL_APPLIED_FROM_CALIBRATED_FRAMEWORK
offer_accepted,BM-001,Status Quo Bias,APP-00614,EV-65593f98c8ee,joined_late,False,MODEL_APPLIED_FROM_CALIBRATED_FRAMEWORK
offer_accepted,BM-014,Confirmation Bias,APP-00614,EV-4c3aea8e0f5c,joined_late,False,MODEL_APPLIED_FROM_CALIBRATED_FRAMEWORK
offer_accepted,BM-001,Status Quo Bias,APP-00614,EV-e8d1df3a9116,joined_late,False,MODEL_APPLIED_FROM_CALIBRATED_FRAMEWORK
offer_accepted,BM-014,Confirmation Bias,APP-00614,EV-de42f0eadfe0,joined_late,False,MODEL_APPLIED_FROM_CALIBRATED_FRAMEWORK
onboarding_docs_sent,BM-001,Status Quo Bias,APP-00614,EV-a8794ac114d5,joined_late,False,MODEL_APPLIED_FROM_CALIBRATED_FRAMEWORK
onboarding_docs_sent,BM-014,Confirmation Bias,APP-00614,EV-6e87c157ce75,joined_late,False,MODEL_APPLIED_FROM_CALIBRATED_FRAMEWORK
screened,BM-011,Reciprocity,APP-00615,EV-8a7aa28d6a75,joined_on_time,False,MODEL_APPLIED_FROM_CALIBRATED_FRAMEWORK
screened,BM-018,Identity Signaling,APP-00615,EV-1171118c3a4b,joined_on_time,False,MODEL_APPLIED_FROM_CALIBRATED_FRAMEWORK
offer_accepted,BM-011,Reciprocity,APP-00615,EV-14ff8baff958,joined_on_time,False,MODEL_APPLIED_FROM_CALIBRATED_FRAMEWORK
offer_accepted,BM-018,Identity Signaling,APP-00615,EV-a199e04683f2,joined_on_time,False,MODEL_APPLIED_FROM_CALIBRATED_FRAMEWORK
unknown,BM-011,Reciprocity,APP-00618,EV-b62d7f2caf54,withdrew_post_acceptance,True,MODEL_APPLIED_FROM_CALIBRATED_FRAMEWORK
unknown,BM-011,Reciprocity,APP-00618,EV-2cdc0ccd4cff,withdrew_post_acceptance,True,MODEL_APPLIED_FROM_CALIBRATED_FRAMEWORK
submitted,BM-011,Reciprocity,APP-00618,EV-0a0a168c6e2b,withdrew_post_acceptance,True,MODEL_APPLIED_FROM_CALIBRATED_FRAMEWORK
submitted,BM-011,Reciprocity,APP-00618,EV-0c996119b7db,withdrew_post_acceptance,True,MODEL_APPLIED_FROM_CALIBRATED_FRAMEWORK
submitted,BM-011,Reciprocity,APP-00618,EV-4ad7b6580145,withdrew_post_acceptance,True,MODEL_APPLIED_FROM_CALIBRATED_FRAMEWORK
client_interview_1,BM-029,Uncertainty / Ambiguity Aversion,APP-00621,EV-440f459c6e93,joined_on_time,False,MODEL_APPLIED_FROM_CALIBRATED_FRAMEWORK
client_interview_1,BM-029,Uncertainty / Ambiguity Aversion,APP-00621,EV-79e07e419879,joined_on_time,False,MODEL_APPLIED_FROM_CALIBRATED_FRAMEWORK
client_interview_1,BM-002,Loss Aversion,APP-00621,EV-6dc235d3b327,joined_on_time,False,MODEL_APPLIED_FROM_CALIBRATED_FRAMEWORK
offer_extended,BM-029,Uncertainty / Ambiguity Aversion,APP-00621,EV-6dcc0c7773cd,joined_on_time,False,MODEL_APPLIED_FROM_CALIBRATED_FRAMEWORK
offer_extended,BM-029,Uncertainty / Ambiguity Aversion,APP-00621,EV-b96f617a71b3,joined_on_time,False,MODEL_APPLIED_FROM_CALIBRATED_FRAMEWORK
client_interview_2,BM-014,Confirmation Bias,APP-00626,EV-7433f678ad5b,accepted_no_show,True,MODEL_APPLIED_FROM_CALIBRATED_FRAMEWORK
background_check,BM-014,Confirmation Bias,APP-00626,EV-47e3e96babc5,accepted_no_show,True,MODEL_APPLIED_FROM_CALIBRATED_FRAMEWORK
background_check,BM-023,Goal Gradient,APP-00632,EV-144008e954fe,joined_late,False,MODEL_APPLIED_FROM_CALIBRATED_FRAMEWORK
background_check,BM-001,Status Quo Bias,APP-00632,EV-fd02872b1234,joined_late,False,MODEL_APPLIED_FROM_CALIBRATED_FRAMEWORK
onboarding_docs_sent,BM-006,Friction,APP-00633,EV-dfe60b6142ca,joined_on_time,False,MODEL_APPLIED_FROM_CALIBRATED_FRAMEWORK
screened,BM-006,Friction,APP-00635,EV-4bf1598fbcec,joined_on_time,False,MODEL_APPLIED_FROM_CALIBRATED_FRAMEWORK
screened,BM-006,Friction,APP-00635,EV-1b4dfa959d3c,joined_on_time,False,MODEL_APPLIED_FROM_CALIBRATED_FRAMEWORK
offer_accepted,BM-006,Friction,APP-00635,EV-07646e953214,joined_on_time,False,MODEL_APPLIED_FROM_CALIBRATED_FRAMEWORK
offer_accepted,BM-006,Friction,APP-00635,EV-fcebb683dd76,joined_on_time,False,MODEL_APPLIED_FROM_CALIBRATED_FRAMEWORK
submitted,BM-011,Reciprocity,APP-00639,EV-f3ec73384d27,declined_offer,True,MODEL_APPLIED_FROM_CALIBRATED_FRAMEWORK
submitted,BM-023,Goal Gradient,APP-00639,EV-15b20d4a338c,declined_offer,True,MODEL_APPLIED_FROM_CALIBRATED_FRAMEWORK
unknown,BM-029,Uncertainty / Ambiguity Aversion,APP-00640,EV-fc0122dd9f8c,withdrew_post_acceptance,True,HUMAN_REVIEWED
screened,BM-029,Uncertainty / Ambiguity Aversion,APP-00640,EV-83097d891436,withdrew_post_acceptance,True,MODEL_APPLIED_FROM_CALIBRATED_FRAMEWORK
submitted,BM-029,Uncertainty / Ambiguity Aversion,APP-00640,EV-c9fd7e395ed7,withdrew_post_acceptance,True,MODEL_APPLIED_FROM_CALIBRATED_FRAMEWORK
submitted,BM-029,Uncertainty / Ambiguity Aversion,APP-00640,EV-c0152c31c81b,withdrew_post_acceptance,True,MODEL_APPLIED_FROM_CALIBRATED_FRAMEWORK
offer_accepted,BM-029,Uncertainty / Ambiguity Aversion,APP-00640,EV-50257bad97a0,withdrew_post_acceptance,True,MODEL_APPLIED_FROM_CALIBRATED_FRAMEWORK
offer_accepted,BM-006,Friction,APP-00641,EV-1a7385cba69b,joined_on_time,False,MODEL_APPLIED_FROM_CALIBRATED_FRAMEWORK
client_interview_1,BM-006,Friction,APP-00643,EV-d0be7f0ca54e,joined_on_time,False,MODEL_APPLIED_FROM_CALIBRATED_FRAMEWORK
client_interview_2,BM-006,Friction,APP-00643,EV-cc1a8386470c,joined_on_time,False,MODEL_APPLIED_FROM_CALIBRATED_FRAMEWORK
offer_accepted,BM-020,Commitment / Consistency,APP-00643,EV-331d3828f3b9,joined_on_time,False,MODEL_APPLIED_FROM_CALIBRATED_FRAMEWORK
offer_accepted,BM-020,Commitment / Consistency,APP-00643,EV-4a697412eff6,joined_on_time,False,MODEL_APPLIED_FROM_CALIBRATED_FRAMEWORK
screened,BM-014,Confirmation Bias,APP-00645,EV-c11d2a724e0d,declined_offer,True,MODEL_APPLIED_FROM_CALIBRATED_FRAMEWORK
submitted,BM-029,Uncertainty / Ambiguity Aversion,APP-00645,EV-807b224fdc62,declined_offer,True,HUMAN_REVIEWED
submitted,BM-014,Confirmation Bias,APP-00645,EV-adb70019a2f8,declined_offer,True,MODEL_APPLIED_FROM_CALIBRATED_FRAMEWORK
submitted,BM-014,Confirmation Bias,APP-00645,EV-e9743d1d1485,declined_offer,True,MODEL_APPLIED_FROM_CALIBRATED_FRAMEWORK
client_interview_1,BM-014,Confirmation Bias,APP-00645,EV-1a671d32fb8a,declined_offer,True,MODEL_APPLIED_FROM_CALIBRATED_FRAMEWORK
client_interview_1,BM-014,Confirmation Bias,APP-00645,EV-0f974a41c789,declined_offer,True,MODEL_APPLIED_FROM_CALIBRATED_FRAMEWORK
screened,BM-011,Reciprocity,APP-00646,EV-0723a2d97d19,declined_offer,True,MODEL_APPLIED_FROM_CALIBRATED_FRAMEWORK
client_interview_1,BM-011,Reciprocity,APP-00646,EV-e051d8b3552f,declined_offer,True,MODEL_APPLIED_FROM_CALIBRATED_FRAMEWORK
client_interview_1,BM-011,Reciprocity,APP-00646,EV-f96b9736bf70,declined_offer,True,MODEL_APPLIED_FROM_CALIBRATED_FRAMEWORK
client_interview_1,BM-011,Reciprocity,APP-00646,EV-be3f76f0dbcd,declined_offer,True,MODEL_APPLIED_FROM_CALIBRATED_FRAMEWORK
client_interview_1,BM-011,Reciprocity,APP-00646,EV-9c323fea22ba,declined_offer,True,MODEL_APPLIED_FROM_CALIBRATED_FRAMEWORK
client_interview_1,BM-011,Reciprocity,APP-00646,EV-e8d190169376,declined_offer,True,MODEL_APPLIED_FROM_CALIBRATED_FRAMEWORK
submitted,BM-006,Friction,APP-00648,EV-dc5243f80831,joined_on_time,False,MODEL_APPLIED_FROM_CALIBRATED_FRAMEWORK
client_interview_1,BM-006,Friction,APP-00648,EV-5aec34bab709,joined_on_time,False,MODEL_APPLIED_FROM_CALIBRATED_FRAMEWORK
client_interview_1,BM-006,Friction,APP-00648,EV-0897ea04ef65,joined_on_time,False,MODEL_APPLIED_FROM_CALIBRATED_FRAMEWORK
client_interview_1,BM-029,Uncertainty / Ambiguity Aversion,APP-00648,EV-b0287edad8e4,joined_on_time,False,MODEL_APPLIED_FROM_CALIBRATED_FRAMEWORK
client_interview_1,BM-006,Friction,APP-00648,EV-dd06cba5fbf7,joined_on_time,False,MODEL_APPLIED_FROM_CALIBRATED_FRAMEWORK
background_check,BM-006,Friction,APP-00648,EV-91ba38e23bd0,joined_on_time,False,MODEL_APPLIED_FROM_CALIBRATED_FRAMEWORK
client_interview_2,BM-001,Status Quo Bias,APP-00650,EV-a09c83a5c9f0,withdrew_post_acceptance,True,MODEL_APPLIED_FROM_CALIBRATED_FRAMEWORK
background_check,BM-001,Status Quo Bias,APP-00650,EV-5623c6749031,withdrew_post_acceptance,True,MODEL_APPLIED_FROM_CALIBRATED_FRAMEWORK
submitted,BM-020,Commitment / Consistency,APP-00651,EV-4262b044388c,joined_on_time,False,MODEL_APPLIED_FROM_CALIBRATED_FRAMEWORK
background_check,BM-006,Friction,APP-00651,EV-b0c765640435,joined_on_time,False,MODEL_APPLIED_FROM_CALIBRATED_FRAMEWORK
screened,BM-001,Status Quo Bias,APP-00652,EV-1161ade9778a,joined_on_time,False,MODEL_APPLIED_FROM_CALIBRATED_FRAMEWORK
screened,BM-014,Confirmation Bias,APP-00652,EV-deee813be0ff,joined_on_time,False,MODEL_APPLIED_FROM_CALIBRATED_FRAMEWORK
submitted,BM-001,Status Quo Bias,APP-00652,EV-c7d285757c48,joined_on_time,False,MODEL_APPLIED_FROM_CALIBRATED_FRAMEWORK
submitted,BM-014,Confirmation Bias,APP-00652,EV-98434cc72a10,joined_on_time,False,MODEL_APPLIED_FROM_CALIBRATED_FRAMEWORK
client_interview_1,BM-001,Status Quo Bias,APP-00652,EV-810075a5b936,joined_on_time,False,MODEL_APPLIED_FROM_CALIBRATED_FRAMEWORK
client_interview_1,BM-001,Status Quo Bias,APP-00652,EV-b4c30c62d7c1,joined_on_time,False,MODEL_APPLIED_FROM_CALIBRATED_FRAMEWORK
client_interview_1,BM-014,Confirmation Bias,APP-00652,EV-c530532f9abc,joined_on_time,False,MODEL_APPLIED_FROM_CALIBRATED_FRAMEWORK
background_check,BM-001,Status Quo Bias,APP-00652,EV-703b4f228953,joined_on_time,False,MODEL_APPLIED_FROM_CALIBRATED_FRAMEWORK
background_check,BM-006,Friction,APP-00652,EV-e9de5dce3b64,joined_on_time,False,HUMAN_REVIEWED
screened,BM-006,Friction,APP-00653,EV-bb68e19dac60,joined_on_time,False,MODEL_APPLIED_FROM_CALIBRATED_FRAMEWORK
unknown,BM-001,Status Quo Bias,APP-00655,EV-ce600b3829c3,declined_offer,True,MODEL_APPLIED_FROM_CALIBRATED_FRAMEWORK
submitted,BM-001,Status Quo Bias,APP-00655,EV-ccc35d202c63,declined_offer,True,MODEL_APPLIED_FROM_CALIBRATED_FRAMEWORK
submitted,BM-029,Uncertainty / Ambiguity Aversion,APP-00655,EV-079c1ca7623a,declined_offer,True,MODEL_APPLIED_FROM_CALIBRATED_FRAMEWORK
submitted,BM-001,Status Quo Bias,APP-00655,EV-a3d4dc7aafa2,declined_offer,True,MODEL_APPLIED_FROM_CALIBRATED_FRAMEWORK
submitted,BM-029,Uncertainty / Ambiguity Aversion,APP-00655,EV-a6d2a37cc939,declined_offer,True,MODEL_APPLIED_FROM_CALIBRATED_FRAMEWORK
client_interview_2,BM-001,Status Quo Bias,APP-00655,EV-904eda8b7d23,declined_offer,True,MODEL_APPLIED_FROM_CALIBRATED_FRAMEWORK
client_interview_2,BM-029,Uncertainty / Ambiguity Aversion,APP-00655,EV-47528db3a675,declined_offer,True,MODEL_APPLIED_FROM_CALIBRATED_FRAMEWORK
client_interview_2,BM-001,Status Quo Bias,APP-00655,EV-f20a83b54a5b,declined_offer,True,MODEL_APPLIED_FROM_CALIBRATED_FRAMEWORK
background_check,BM-006,Friction,APP-00656,EV-fc8fad44c8c7,joined_on_time,False,MODEL_APPLIED_FROM_CALIBRATED_FRAMEWORK
screened,BM-001,Status Quo Bias,APP-00658,EV-c28d0f124731,declined_offer,True,MODEL_APPLIED_FROM_CALIBRATED_FRAMEWORK
screened,BM-001,Status Quo Bias,APP-00658,EV-89a27bb25200,declined_offer,True,MODEL_APPLIED_FROM_CALIBRATED_FRAMEWORK
screened,BM-014,Confirmation Bias,APP-00658,EV-694b7240a9d4,declined_offer,True,MODEL_APPLIED_FROM_CALIBRATED_FRAMEWORK
submitted,BM-001,Status Quo Bias,APP-00658,EV-26a8e8282ab4,declined_offer,True,MODEL_APPLIED_FROM_CALIBRATED_FRAMEWORK
submitted,BM-014,Confirmation Bias,APP-00658,EV-7bb3a6ce2f5f,declined_offer,True,MODEL_APPLIED_FROM_CALIBRATED_FRAMEWORK
submitted,BM-001,Status Quo Bias,APP-00658,EV-02a110318fd6,declined_offer,True,MODEL_APPLIED_FROM_CALIBRATED_FRAMEWORK
submitted,BM-014,Confirmation Bias,APP-00658,EV-a173c67642ed,declined_offer,True,MODEL_APPLIED_FROM_CALIBRATED_FRAMEWORK
submitted,BM-001,Status Quo Bias,APP-00658,EV-2a912fc172c0,declined_offer,True,MODEL_APPLIED_FROM_CALIBRATED_FRAMEWORK
submitted,BM-014,Confirmation Bias,APP-00658,EV-2009582dc065,declined_offer,True,MODEL_APPLIED_FROM_CALIBRATED_FRAMEWORK
submitted,BM-001,Status Quo Bias,APP-00658,EV-82a5fd090e77,declined_offer,True,MODEL_APPLIED_FROM_CALIBRATED_FRAMEWORK
submitted,BM-001,Status Quo Bias,APP-00658,EV-6ca3f7c750ac,declined_offer,True,MODEL_APPLIED_FROM_CALIBRATED_FRAMEWORK
submitted,BM-014,Confirmation Bias,APP-00658,EV-a0f55c379c4a,declined_offer,True,MODEL_APPLIED_FROM_CALIBRATED_FRAMEWORK
submitted,BM-001,Status Quo Bias,APP-00658,EV-dea663695a4a,declined_offer,True,MODEL_APPLIED_FROM_CALIBRATED_FRAMEWORK
submitted,BM-014,Confirmation Bias,APP-00658,EV-c516e4a2d938,declined_offer,True,MODEL_APPLIED_FROM_CALIBRATED_FRAMEWORK
submitted,BM-001,Status Quo Bias,APP-00658,EV-cd3ae2b8da4b,declined_offer,True,MODEL_APPLIED_FROM_CALIBRATED_FRAMEWORK
submitted,BM-001,Status Quo Bias,APP-00658,EV-5ad742413da8,declined_offer,True,MODEL_APPLIED_FROM_CALIBRATED_FRAMEWORK
submitted,BM-014,Confirmation Bias,APP-00658,EV-01b1655c1a02,declined_offer,True,MODEL_APPLIED_FROM_CALIBRATED_FRAMEWORK
submitted,BM-001,Status Quo Bias,APP-00658,EV-998a827a2e10,declined_offer,True,MODEL_APPLIED_FROM_CALIBRATED_FRAMEWORK
submitted,BM-001,Status Quo Bias,APP-00658,EV-d9d402ae1dad,declined_offer,True,MODEL_APPLIED_FROM_CALIBRATED_FRAMEWORK
submitted,BM-014,Confirmation Bias,APP-00658,EV-c59395831384,declined_offer,True,MODEL_APPLIED_FROM_CALIBRATED_FRAMEWORK
submitted,BM-001,Status Quo Bias,APP-00658,EV-7e5fa8be89f5,declined_offer,True,MODEL_APPLIED_FROM_CALIBRATED_FRAMEWORK
submitted,BM-001,Status Quo Bias,APP-00658,EV-cd5226d8558a,declined_offer,True,MODEL_APPLIED_FROM_CALIBRATED_FRAMEWORK
submitted,BM-014,Confirmation Bias,APP-00658,EV-4ef0c13a4a48,declined_offer,True,MODEL_APPLIED_FROM_CALIBRATED_FRAMEWORK
offer_extended,BM-001,Status Quo Bias,APP-00658,EV-01b390b71a3c,declined_offer,True,MODEL_APPLIED_FROM_CALIBRATED_FRAMEWORK
offer_extended,BM-002,Loss Aversion,APP-00658,EV-319547ab459f,declined_offer,True,MODEL_APPLIED_FROM_CALIBRATED_FRAMEWORK
background_check,BM-001,Status Quo Bias,APP-00659,EV-389161c6e636,joined_on_time,False,MODEL_APPLIED_FROM_CALIBRATED_FRAMEWORK
unknown,BM-001,Status Quo Bias,APP-00661,EV-49eca4d40387,joined_on_time,False,MODEL_APPLIED_FROM_CALIBRATED_FRAMEWORK
screened,BM-001,Status Quo Bias,APP-00661,EV-95da406178fe,joined_on_time,False,MODEL_APPLIED_FROM_CALIBRATED_FRAMEWORK
screened,BM-029,Uncertainty / Ambiguity Aversion,APP-00661,EV-ed98cfb33d65,joined_on_time,False,MODEL_APPLIED_FROM_CALIBRATED_FRAMEWORK
submitted,BM-001,Status Quo Bias,APP-00661,EV-79ff039785bd,joined_on_time,False,MODEL_APPLIED_FROM_CALIBRATED_FRAMEWORK
client_interview_2,BM-001,Status Quo Bias,APP-00661,EV-5708de6393b7,joined_on_time,False,MODEL_APPLIED_FROM_CALIBRATED_FRAMEWORK
offer_extended,BM-029,Uncertainty / Ambiguity Aversion,APP-00661,EV-47e06056cedb,joined_on_time,False,MODEL_APPLIED_FROM_CALIBRATED_FRAMEWORK
offer_extended,BM-029,Uncertainty / Ambiguity Aversion,APP-00661,EV-486a7cd2db14,joined_on_time,False,MODEL_APPLIED_FROM_CALIBRATED_FRAMEWORK
submitted,BM-020,Commitment / Consistency,APP-00663,EV-893adf0dc23c,joined_on_time,False,MODEL_APPLIED_FROM_CALIBRATED_FRAMEWORK
submitted,BM-018,Identity Signaling,APP-00663,EV-ddd048e6b37e,joined_on_time,False,MODEL_APPLIED_FROM_CALIBRATED_FRAMEWORK
submitted,BM-001,Status Quo Bias,APP-00664,EV-2cc39443fe94,withdrew_post_acceptance,True,MODEL_APPLIED_FROM_CALIBRATED_FRAMEWORK
submitted,BM-001,Status Quo Bias,APP-00664,EV-a698130ac811,withdrew_post_acceptance,True,MODEL_APPLIED_FROM_CALIBRATED_FRAMEWORK
submitted,BM-001,Status Quo Bias,APP-00664,EV-8f1523f3f6dd,withdrew_post_acceptance,True,MODEL_APPLIED_FROM_CALIBRATED_FRAMEWORK
client_interview_1,BM-001,Status Quo Bias,APP-00664,EV-319f4cf8be9a,withdrew_post_acceptance,True,MODEL_APPLIED_FROM_CALIBRATED_FRAMEWORK
client_interview_2,BM-029,Uncertainty / Ambiguity Aversion,APP-00665,EV-ceb82cddd778,joined_on_time,False,MODEL_APPLIED_FROM_CALIBRATED_FRAMEWORK
client_interview_2,BM-029,Uncertainty / Ambiguity Aversion,APP-00665,EV-d97968772c4f,joined_on_time,False,MODEL_APPLIED_FROM_CALIBRATED_FRAMEWORK
background_check,BM-001,Status Quo Bias,APP-00665,EV-3c9aa223b128,joined_on_time,False,MODEL_APPLIED_FROM_CALIBRATED_FRAMEWORK
background_check,BM-029,Uncertainty / Ambiguity Aversion,APP-00665,EV-89aa747fb4c0,joined_on_time,False,MODEL_APPLIED_FROM_CALIBRATED_FRAMEWORK
client_interview_2,BM-020,Commitment / Consistency,APP-00668,EV-1c9195a27a8d,joined_late,False,MODEL_APPLIED_FROM_CALIBRATED_FRAMEWORK
background_check,BM-006,Friction,APP-00668,EV-b6629d3192b1,joined_late,False,MODEL_APPLIED_FROM_CALIBRATED_FRAMEWORK
screened,BM-006,Friction,APP-00669,EV-d467d3345387,joined_late,False,MODEL_APPLIED_FROM_CALIBRATED_FRAMEWORK
submitted,BM-006,Friction,APP-00669,EV-a6148a0cb9d2,joined_late,False,MODEL_APPLIED_FROM_CALIBRATED_FRAMEWORK
submitted,BM-006,Friction,APP-00669,EV-547e3c78c7a3,joined_late,False,MODEL_APPLIED_FROM_CALIBRATED_FRAMEWORK
offer_extended,BM-006,Friction,APP-00669,EV-32829717ab7a,joined_late,False,MODEL_APPLIED_FROM_CALIBRATED_FRAMEWORK
offer_accepted,BM-006,Friction,APP-00669,EV-fb2524d14972,joined_late,False,MODEL_APPLIED_FROM_CALIBRATED_FRAMEWORK
offer_accepted,BM-020,Commitment / Consistency,APP-00672,EV-f42b2cbc024e,joined_on_time,False,MODEL_APPLIED_FROM_CALIBRATED_FRAMEWORK
onboarding_docs_sent,BM-006,Friction,APP-00672,EV-2d5fe064435f,joined_on_time,False,MODEL_APPLIED_FROM_CALIBRATED_FRAMEWORK
unknown,BM-001,Status Quo Bias,APP-00674,EV-45e1fbbc0463,declined_offer,True,MODEL_APPLIED_FROM_CALIBRATED_FRAMEWORK
client_interview_1,BM-001,Status Quo Bias,APP-00674,EV-c2e55214a07a,declined_offer,True,MODEL_APPLIED_FROM_CALIBRATED_FRAMEWORK
submitted,BM-011,Reciprocity,APP-00681,EV-e1a1e9594954,withdrew_post_acceptance,True,MODEL_APPLIED_FROM_CALIBRATED_FRAMEWORK
background_check,BM-011,Reciprocity,APP-00681,EV-cbba31b277cb,withdrew_post_acceptance,True,MODEL_APPLIED_FROM_CALIBRATED_FRAMEWORK
background_check,BM-011,Reciprocity,APP-00681,EV-ab509d31f0e8,withdrew_post_acceptance,True,MODEL_APPLIED_FROM_CALIBRATED_FRAMEWORK
offer_extended,BM-029,Uncertainty / Ambiguity Aversion,APP-00682,EV-06eb18c21844,accepted_no_show,True,MODEL_APPLIED_FROM_CALIBRATED_FRAMEWORK
background_check,BM-029,Uncertainty / Ambiguity Aversion,APP-00682,EV-ab486e90529b,accepted_no_show,True,MODEL_APPLIED_FROM_CALIBRATED_FRAMEWORK
background_check,BM-029,Uncertainty / Ambiguity Aversion,APP-00682,EV-61628dcf1e38,accepted_no_show,True,MODEL_APPLIED_FROM_CALIBRATED_FRAMEWORK
unknown,BM-014,Confirmation Bias,APP-00688,EV-870fe3ad61a9,joined_on_time,False,MODEL_APPLIED_FROM_CALIBRATED_FRAMEWORK
screened,BM-001,Status Quo Bias,APP-00688,EV-fb6482351baf,joined_on_time,False,MODEL_APPLIED_FROM_CALIBRATED_FRAMEWORK
screened,BM-014,Confirmation Bias,APP-00688,EV-1de1d7632db9,joined_on_time,False,MODEL_APPLIED_FROM_CALIBRATED_FRAMEWORK
screened,BM-001,Status Quo Bias,APP-00688,EV-95b4a1586f1b,joined_on_time,False,MODEL_APPLIED_FROM_CALIBRATED_FRAMEWORK
client_interview_1,BM-001,Status Quo Bias,APP-00688,EV-e9ef3de7be3f,joined_on_time,False,MODEL_APPLIED_FROM_CALIBRATED_FRAMEWORK
client_interview_1,BM-001,Status Quo Bias,APP-00688,EV-e796667a62b2,joined_on_time,False,MODEL_APPLIED_FROM_CALIBRATED_FRAMEWORK
client_interview_1,BM-014,Confirmation Bias,APP-00688,EV-ef473a413b33,joined_on_time,False,MODEL_APPLIED_FROM_CALIBRATED_FRAMEWORK
offer_accepted,BM-001,Status Quo Bias,APP-00688,EV-fa6e74fc2922,joined_on_time,False,MODEL_APPLIED_FROM_CALIBRATED_FRAMEWORK
offer_accepted,BM-014,Confirmation Bias,APP-00688,EV-1b7935d554f2,joined_on_time,False,MODEL_APPLIED_FROM_CALIBRATED_FRAMEWORK
submitted,BM-020,Commitment / Consistency,APP-00692,EV-730a8da7f39d,joined_on_time,False,MODEL_APPLIED_FROM_CALIBRATED_FRAMEWORK
client_interview_1,BM-020,Commitment / Consistency,APP-00692,EV-a8c78afb799a,joined_on_time,False,MODEL_APPLIED_FROM_CALIBRATED_FRAMEWORK
onboarding_docs_sent,BM-020,Commitment / Consistency,APP-00692,EV-78758f3e30fb,joined_on_time,False,MODEL_APPLIED_FROM_CALIBRATED_FRAMEWORK
submitted,BM-001,Status Quo Bias,APP-00693,EV-04d00680c5cc,declined_offer,True,MODEL_APPLIED_FROM_CALIBRATED_FRAMEWORK
submitted,BM-029,Uncertainty / Ambiguity Aversion,APP-00693,EV-ba873a63c580,declined_offer,True,MODEL_APPLIED_FROM_CALIBRATED_FRAMEWORK
submitted,BM-029,Uncertainty / Ambiguity Aversion,APP-00693,EV-8e2aab52a547,declined_offer,True,MODEL_APPLIED_FROM_CALIBRATED_FRAMEWORK
submitted,BM-001,Status Quo Bias,APP-00693,EV-8f3fc4269cca,declined_offer,True,MODEL_APPLIED_FROM_CALIBRATED_FRAMEWORK
offer_extended,BM-001,Status Quo Bias,APP-00693,EV-fcdb3b245c58,declined_offer,True,MODEL_APPLIED_FROM_CALIBRATED_FRAMEWORK
screened,BM-020,Commitment / Consistency,APP-00694,EV-c54ac1a68fda,joined_on_time,False,MODEL_APPLIED_FROM_CALIBRATED_FRAMEWORK
screened,BM-018,Identity Signaling,APP-00694,EV-39847817967c,joined_on_time,False,MODEL_APPLIED_FROM_CALIBRATED_FRAMEWORK
submitted,BM-018,Identity Signaling,APP-00694,EV-e73620fe77df,joined_on_time,False,MODEL_APPLIED_FROM_CALIBRATED_FRAMEWORK
submitted,BM-002,Loss Aversion,APP-00696,EV-370da8d06530,declined_offer,True,MODEL_APPLIED_FROM_CALIBRATED_FRAMEWORK
submitted,BM-029,Uncertainty / Ambiguity Aversion,APP-00696,EV-895fca3f7dcd,declined_offer,True,MODEL_APPLIED_FROM_CALIBRATED_FRAMEWORK
submitted,BM-029,Uncertainty / Ambiguity Aversion,APP-00696,EV-832fee56ef82,declined_offer,True,MODEL_APPLIED_FROM_CALIBRATED_FRAMEWORK
submitted,BM-002,Loss Aversion,APP-00696,EV-1711feaadaf5,declined_offer,True,MODEL_APPLIED_FROM_CALIBRATED_FRAMEWORK
client_interview_1,BM-029,Uncertainty / Ambiguity Aversion,APP-00696,EV-8839626fea61,declined_offer,True,MODEL_APPLIED_FROM_CALIBRATED_FRAMEWORK
client_interview_1,BM-029,Uncertainty / Ambiguity Aversion,APP-00696,EV-93d676d4fa1b,declined_offer,True,MODEL_APPLIED_FROM_CALIBRATED_FRAMEWORK
unknown,BM-006,Friction,APP-00698,EV-da1669c0a328,joined_late,False,HUMAN_REVIEWED
unknown,BM-006,Friction,APP-00698,EV-fb588efa9348,joined_late,False,MODEL_APPLIED_FROM_CALIBRATED_FRAMEWORK
unknown,BM-011,Reciprocity,APP-00698,EV-40062290ef3f,joined_late,False,MODEL_APPLIED_FROM_CALIBRATED_FRAMEWORK
submitted,BM-006,Friction,APP-00698,EV-be0b834bb951,joined_late,False,MODEL_APPLIED_FROM_CALIBRATED_FRAMEWORK
submitted,BM-006,Friction,APP-00698,EV-c96c722ac4c7,joined_late,False,MODEL_APPLIED_FROM_CALIBRATED_FRAMEWORK
client_interview_1,BM-006,Friction,APP-00698,EV-eea1a247b124,joined_late,False,MODEL_APPLIED_FROM_CALIBRATED_FRAMEWORK
client_interview_1,BM-006,Friction,APP-00698,EV-46d2605e6608,joined_late,False,MODEL_APPLIED_FROM_CALIBRATED_FRAMEWORK
client_interview_1,BM-006,Friction,APP-00698,EV-694a285b21bb,joined_late,False,MODEL_APPLIED_FROM_CALIBRATED_FRAMEWORK
client_interview_1,BM-006,Friction,APP-00698,EV-29ef40c0a181,joined_late,False,MODEL_APPLIED_FROM_CALIBRATED_FRAMEWORK
client_interview_1,BM-006,Friction,APP-00698,EV-0f07be6e1122,joined_late,False,MODEL_APPLIED_FROM_CALIBRATED_FRAMEWORK
background_check,BM-011,Reciprocity,APP-00698,EV-964ed80d0527,joined_late,False,MODEL_APPLIED_FROM_CALIBRATED_FRAMEWORK
background_check,BM-006,Friction,APP-00698,EV-f80254e60224,joined_late,False,MODEL_APPLIED_FROM_CALIBRATED_FRAMEWORK
background_check,BM-011,Reciprocity,APP-00698,EV-5a3ecd56642f,joined_late,False,MODEL_APPLIED_FROM_CALIBRATED_FRAMEWORK
background_check,BM-006,Friction,APP-00698,EV-001b5d45f190,joined_late,False,MODEL_APPLIED_FROM_CALIBRATED_FRAMEWORK
background_check,BM-006,Friction,APP-00698,EV-5732a306195f,joined_late,False,MODEL_APPLIED_FROM_CALIBRATED_FRAMEWORK
background_check,BM-011,Reciprocity,APP-00698,EV-2eba088f47f1,joined_late,False,MODEL_APPLIED_FROM_CALIBRATED_FRAMEWORK
background_check,BM-006,Friction,APP-00698,EV-696a6695ee34,joined_late,False,MODEL_APPLIED_FROM_CALIBRATED_FRAMEWORK
background_check,BM-011,Reciprocity,APP-00698,EV-a8b3be703dda,joined_late,False,MODEL_APPLIED_FROM_CALIBRATED_FRAMEWORK
client_interview_1,BM-006,Friction,APP-00699,EV-28454d3091e9,joined_late,False,MODEL_APPLIED_FROM_CALIBRATED_FRAMEWORK
client_interview_1,BM-006,Friction,APP-00699,EV-76c00d01732a,joined_late,False,MODEL_APPLIED_FROM_CALIBRATED_FRAMEWORK
client_interview_1,BM-006,Friction,APP-00699,EV-e8870435f2a4,joined_late,False,MODEL_APPLIED_FROM_CALIBRATED_FRAMEWORK
client_interview_1,BM-006,Friction,APP-00699,EV-ccea06ceab39,joined_late,False,MODEL_APPLIED_FROM_CALIBRATED_FRAMEWORK
client_interview_1,BM-006,Friction,APP-00699,EV-772800cd343e,joined_late,False,MODEL_APPLIED_FROM_CALIBRATED_FRAMEWORK
client_interview_1,BM-006,Friction,APP-00699,EV-2f80a67321c4,joined_late,False,MODEL_APPLIED_FROM_CALIBRATED_FRAMEWORK
offer_accepted,BM-006,Friction,APP-00699,EV-f8fdaf665951,joined_late,False,MODEL_APPLIED_FROM_CALIBRATED_FRAMEWORK
background_check,BM-006,Friction,APP-00699,EV-61cfbe7c1c83,joined_late,False,MODEL_APPLIED_FROM_CALIBRATED_FRAMEWORK
background_check,BM-006,Friction,APP-00699,EV-1d7a50a75bb0,joined_late,False,MODEL_APPLIED_FROM_CALIBRATED_FRAMEWORK
background_check,BM-006,Friction,APP-00699,EV-18a7df90781e,joined_late,False,MODEL_APPLIED_FROM_CALIBRATED_FRAMEWORK
submitted,BM-023,Goal Gradient,APP-00702,EV-d74d79733feb,joined_late,False,MODEL_APPLIED_FROM_CALIBRATED_FRAMEWORK
client_interview_1,BM-023,Goal Gradient,APP-00702,EV-9cf7303d4237,joined_late,False,MODEL_APPLIED_FROM_CALIBRATED_FRAMEWORK
client_interview_1,BM-023,Goal Gradient,APP-00702,EV-32227fec5030,joined_late,False,MODEL_APPLIED_FROM_CALIBRATED_FRAMEWORK
offer_extended,BM-023,Goal Gradient,APP-00702,EV-1543f9bb6e4c,joined_late,False,MODEL_APPLIED_FROM_CALIBRATED_FRAMEWORK
background_check,BM-029,Uncertainty / Ambiguity Aversion,APP-00702,EV-04eec378ebd3,joined_late,False,HUMAN_REVIEWED
background_check,BM-023,Goal Gradient,APP-00702,EV-37651778c7b8,joined_late,False,MODEL_APPLIED_FROM_CALIBRATED_FRAMEWORK
background_check,BM-023,Goal Gradient,APP-00702,EV-5ae4dd91c8eb,joined_late,False,MODEL_APPLIED_FROM_CALIBRATED_FRAMEWORK
background_check,BM-023,Goal Gradient,APP-00702,EV-0b0083442b2c,joined_late,False,MODEL_APPLIED_FROM_CALIBRATED_FRAMEWORK
background_check,BM-023,Goal Gradient,APP-00702,EV-2e2e2c90b899,joined_late,False,MODEL_APPLIED_FROM_CALIBRATED_FRAMEWORK
unknown,BM-006,Friction,APP-00706,EV-06d2b09cc900,joined_on_time,False,MODEL_APPLIED_FROM_CALIBRATED_FRAMEWORK
screened,BM-006,Friction,APP-00706,EV-a0e5c73e3633,joined_on_time,False,MODEL_APPLIED_FROM_CALIBRATED_FRAMEWORK
submitted,BM-006,Friction,APP-00706,EV-13e454612196,joined_on_time,False,MODEL_APPLIED_FROM_CALIBRATED_FRAMEWORK
client_interview_1,BM-006,Friction,APP-00706,EV-6885d52b4387,joined_on_time,False,MODEL_APPLIED_FROM_CALIBRATED_FRAMEWORK
client_interview_1,BM-006,Friction,APP-00706,EV-024acc2fdc34,joined_on_time,False,MODEL_APPLIED_FROM_CALIBRATED_FRAMEWORK
client_interview_1,BM-006,Friction,APP-00706,EV-91fad791d372,joined_on_time,False,MODEL_APPLIED_FROM_CALIBRATED_FRAMEWORK
client_interview_1,BM-006,Friction,APP-00706,EV-84dc1b202584,joined_on_time,False,MODEL_APPLIED_FROM_CALIBRATED_FRAMEWORK
offer_extended,BM-006,Friction,APP-00706,EV-bdce6b8d9aaa,joined_on_time,False,HUMAN_REVIEWED
background_check,BM-006,Friction,APP-00706,EV-8681e971c8dd,joined_on_time,False,MODEL_APPLIED_FROM_CALIBRATED_FRAMEWORK
background_check,BM-006,Friction,APP-00706,EV-99473a59fcd4,joined_on_time,False,MODEL_APPLIED_FROM_CALIBRATED_FRAMEWORK
onboarding_docs_sent,BM-006,Friction,APP-00706,EV-b83d17f003ee,joined_on_time,False,MODEL_APPLIED_FROM_CALIBRATED_FRAMEWORK
unknown,BM-006,Friction,APP-00708,EV-bccf768486eb,joined_on_time,False,MODEL_APPLIED_FROM_CALIBRATED_FRAMEWORK
background_check,BM-020,Commitment / Consistency,APP-00708,EV-af697c1e9a88,joined_on_time,False,MODEL_APPLIED_FROM_CALIBRATED_FRAMEWORK
submitted,BM-023,Goal Gradient,APP-00709,EV-ab509e3f683e,withdrew_post_acceptance,True,MODEL_APPLIED_FROM_CALIBRATED_FRAMEWORK
client_interview_1,BM-001,Status Quo Bias,APP-00709,EV-ffb12eedacfe,withdrew_post_acceptance,True,MODEL_APPLIED_FROM_CALIBRATED_FRAMEWORK
client_interview_2,BM-029,Uncertainty / Ambiguity Aversion,APP-00709,EV-2549218486d3,withdrew_post_acceptance,True,MODEL_APPLIED_FROM_CALIBRATED_FRAMEWORK
client_interview_2,BM-023,Goal Gradient,APP-00709,EV-e974dd45c15f,withdrew_post_acceptance,True,MODEL_APPLIED_FROM_CALIBRATED_FRAMEWORK
background_check,BM-001,Status Quo Bias,APP-00709,EV-38ced7eb33bb,withdrew_post_acceptance,True,MODEL_APPLIED_FROM_CALIBRATED_FRAMEWORK
background_check,BM-001,Status Quo Bias,APP-00709,EV-f4953481ec75,withdrew_post_acceptance,True,MODEL_APPLIED_FROM_CALIBRATED_FRAMEWORK
background_check,BM-001,Status Quo Bias,APP-00709,EV-999c3f218096,withdrew_post_acceptance,True,MODEL_APPLIED_FROM_CALIBRATED_FRAMEWORK
background_check,BM-001,Status Quo Bias,APP-00709,EV-2911d67ee078,withdrew_post_acceptance,True,MODEL_APPLIED_FROM_CALIBRATED_FRAMEWORK
background_check,BM-023,Goal Gradient,APP-00709,EV-13a496abf537,withdrew_post_acceptance,True,MODEL_APPLIED_FROM_CALIBRATED_FRAMEWORK
background_check,BM-001,Status Quo Bias,APP-00709,EV-4b91f0047c2b,withdrew_post_acceptance,True,MODEL_APPLIED_FROM_CALIBRATED_FRAMEWORK
client_interview_1,BM-023,Goal Gradient,APP-00712,EV-46986befb2e1,withdrew_post_acceptance,True,MODEL_APPLIED_FROM_CALIBRATED_FRAMEWORK
client_interview_2,BM-011,Reciprocity,APP-00713,EV-00d2ef3041a0,joined_late,False,MODEL_APPLIED_FROM_CALIBRATED_FRAMEWORK
client_interview_2,BM-018,Identity Signaling,APP-00713,EV-b620744e949d,joined_late,False,MODEL_APPLIED_FROM_CALIBRATED_FRAMEWORK
background_check,BM-002,Loss Aversion,APP-00714,EV-942057c8560d,withdrew_post_acceptance,True,MODEL_APPLIED_FROM_CALIBRATED_FRAMEWORK
screened,BM-023,Goal Gradient,APP-00716,EV-cc1096d156ab,accepted_no_show,True,MODEL_APPLIED_FROM_CALIBRATED_FRAMEWORK
screened,BM-023,Goal Gradient,APP-00716,EV-d6cbb3b56b5c,accepted_no_show,True,MODEL_APPLIED_FROM_CALIBRATED_FRAMEWORK
client_interview_1,BM-029,Uncertainty / Ambiguity Aversion,APP-00716,EV-71240829710b,accepted_no_show,True,HUMAN_REVIEWED
client_interview_1,BM-023,Goal Gradient,APP-00716,EV-ca613dcf9b7a,accepted_no_show,True,MODEL_APPLIED_FROM_CALIBRATED_FRAMEWORK
background_check,BM-023,Goal Gradient,APP-00716,EV-99702afb44eb,accepted_no_show,True,MODEL_APPLIED_FROM_CALIBRATED_FRAMEWORK
background_check,BM-023,Goal Gradient,APP-00716,EV-5c6cde58f29e,accepted_no_show,True,MODEL_APPLIED_FROM_CALIBRATED_FRAMEWORK
onboarding_docs_sent,BM-023,Goal Gradient,APP-00716,EV-35b907d24e5f,accepted_no_show,True,MODEL_APPLIED_FROM_CALIBRATED_FRAMEWORK
onboarding_docs_sent,BM-023,Goal Gradient,APP-00716,EV-3be34af03885,accepted_no_show,True,MODEL_APPLIED_FROM_CALIBRATED_FRAMEWORK
screened,BM-001,Status Quo Bias,APP-00717,EV-816724dfd3bd,accepted_no_show,True,MODEL_APPLIED_FROM_CALIBRATED_FRAMEWORK
client_interview_1,BM-001,Status Quo Bias,APP-00717,EV-87c32f3ff969,accepted_no_show,True,MODEL_APPLIED_FROM_CALIBRATED_FRAMEWORK
offer_extended,BM-001,Status Quo Bias,APP-00717,EV-fb027124a250,accepted_no_show,True,MODEL_APPLIED_FROM_CALIBRATED_FRAMEWORK
offer_accepted,BM-001,Status Quo Bias,APP-00717,EV-a3ac90ce5751,accepted_no_show,True,MODEL_APPLIED_FROM_CALIBRATED_FRAMEWORK
offer_accepted,BM-023,Goal Gradient,APP-00717,EV-6626cd3559b6,accepted_no_show,True,MODEL_APPLIED_FROM_CALIBRATED_FRAMEWORK
offer_accepted,BM-023,Goal Gradient,APP-00717,EV-3567200c6410,accepted_no_show,True,MODEL_APPLIED_FROM_CALIBRATED_FRAMEWORK
offer_accepted,BM-023,Goal Gradient,APP-00718,EV-043268e57ce3,joined_on_time,False,MODEL_APPLIED_FROM_CALIBRATED_FRAMEWORK
offer_accepted,BM-023,Goal Gradient,APP-00718,EV-49da4d24e3d5,joined_on_time,False,MODEL_APPLIED_FROM_CALIBRATED_FRAMEWORK
offer_accepted,BM-023,Goal Gradient,APP-00718,EV-66ca30634c00,joined_on_time,False,MODEL_APPLIED_FROM_CALIBRATED_FRAMEWORK
offer_extended,BM-001,Status Quo Bias,APP-00721,EV-e9b82f01b214,joined_late,False,MODEL_APPLIED_FROM_CALIBRATED_FRAMEWORK
offer_extended,BM-014,Confirmation Bias,APP-00721,EV-49ed0ff6482e,joined_late,False,MODEL_APPLIED_FROM_CALIBRATED_FRAMEWORK
offer_accepted,BM-001,Status Quo Bias,APP-00721,EV-fd7df9fe9542,joined_late,False,MODEL_APPLIED_FROM_CALIBRATED_FRAMEWORK
offer_accepted,BM-014,Confirmation Bias,APP-00721,EV-2602034173d4,joined_late,False,MODEL_APPLIED_FROM_CALIBRATED_FRAMEWORK
screened,BM-011,Reciprocity,APP-00722,EV-c72daeca2cc2,joined_late,False,MODEL_APPLIED_FROM_CALIBRATED_FRAMEWORK
client_interview_2,BM-002,Loss Aversion,APP-00723,EV-9941b416d581,joined_on_time,False,MODEL_APPLIED_FROM_CALIBRATED_FRAMEWORK
client_interview_2,BM-029,Uncertainty / Ambiguity Aversion,APP-00723,EV-f08d33a5c15d,joined_on_time,False,MODEL_APPLIED_FROM_CALIBRATED_FRAMEWORK
client_interview_2,BM-029,Uncertainty / Ambiguity Aversion,APP-00723,EV-8ea5f02c56d7,joined_on_time,False,MODEL_APPLIED_FROM_CALIBRATED_FRAMEWORK
client_interview_2,BM-002,Loss Aversion,APP-00723,EV-95ff591f9a1b,joined_on_time,False,MODEL_APPLIED_FROM_CALIBRATED_FRAMEWORK
onboarding_docs_sent,BM-029,Uncertainty / Ambiguity Aversion,APP-00723,EV-25b9a85589ee,joined_on_time,False,MODEL_APPLIED_FROM_CALIBRATED_FRAMEWORK
onboarding_docs_sent,BM-029,Uncertainty / Ambiguity Aversion,APP-00723,EV-661c5cd43881,joined_on_time,False,MODEL_APPLIED_FROM_CALIBRATED_FRAMEWORK
onboarding_docs_sent,BM-002,Loss Aversion,APP-00723,EV-22b8fd190b3c,joined_on_time,False,MODEL_APPLIED_FROM_CALIBRATED_FRAMEWORK
client_interview_1,BM-005,Choice Overload,APP-00727,EV-65e9162c6d82,joined_on_time,False,MODEL_APPLIED_FROM_CALIBRATED_FRAMEWORK
submitted,BM-029,Uncertainty / Ambiguity Aversion,APP-00730,EV-b6b2a6e822b1,joined_on_time,False,MODEL_APPLIED_FROM_CALIBRATED_FRAMEWORK
submitted,BM-029,Uncertainty / Ambiguity Aversion,APP-00730,EV-e6125c29bd46,joined_on_time,False,MODEL_APPLIED_FROM_CALIBRATED_FRAMEWORK
background_check,BM-029,Uncertainty / Ambiguity Aversion,APP-00730,EV-358892cfdc6a,joined_on_time,False,MODEL_APPLIED_FROM_CALIBRATED_FRAMEWORK
onboarding_docs_sent,BM-029,Uncertainty / Ambiguity Aversion,APP-00730,EV-4bacb755ebf9,joined_on_time,False,MODEL_APPLIED_FROM_CALIBRATED_FRAMEWORK
onboarding_docs_sent,BM-020,Commitment / Consistency,APP-00731,EV-a9f4edd0d992,joined_on_time,False,MODEL_APPLIED_FROM_CALIBRATED_FRAMEWORK
offer_accepted,BM-001,Status Quo Bias,APP-00733,EV-730763f65632,joined_on_time,False,MODEL_APPLIED_FROM_CALIBRATED_FRAMEWORK
offer_accepted,BM-014,Confirmation Bias,APP-00733,EV-f5d896d95f8e,joined_on_time,False,MODEL_APPLIED_FROM_CALIBRATED_FRAMEWORK
offer_accepted,BM-001,Status Quo Bias,APP-00733,EV-01eff0b522d5,joined_on_time,False,MODEL_APPLIED_FROM_CALIBRATED_FRAMEWORK
background_check,BM-001,Status Quo Bias,APP-00733,EV-b49bdb8cb7c6,joined_on_time,False,MODEL_APPLIED_FROM_CALIBRATED_FRAMEWORK
background_check,BM-001,Status Quo Bias,APP-00733,EV-490f20230814,joined_on_time,False,MODEL_APPLIED_FROM_CALIBRATED_FRAMEWORK
background_check,BM-001,Status Quo Bias,APP-00733,EV-5f5338a61744,joined_on_time,False,MODEL_APPLIED_FROM_CALIBRATED_FRAMEWORK
background_check,BM-014,Confirmation Bias,APP-00733,EV-4b23e90f3e5a,joined_on_time,False,MODEL_APPLIED_FROM_CALIBRATED_FRAMEWORK
background_check,BM-001,Status Quo Bias,APP-00733,EV-22e921eed820,joined_on_time,False,MODEL_APPLIED_FROM_CALIBRATED_FRAMEWORK
background_check,BM-001,Status Quo Bias,APP-00733,EV-c64e13fc7c8c,joined_on_time,False,MODEL_APPLIED_FROM_CALIBRATED_FRAMEWORK
onboarding_docs_sent,BM-014,Confirmation Bias,APP-00733,EV-6f88173793ba,joined_on_time,False,MODEL_APPLIED_FROM_CALIBRATED_FRAMEWORK
submitted,BM-029,Uncertainty / Ambiguity Aversion,APP-00736,EV-a36975f8380f,joined_on_time,False,MODEL_APPLIED_FROM_CALIBRATED_FRAMEWORK
submitted,BM-029,Uncertainty / Ambiguity Aversion,APP-00736,EV-4010fbd54375,joined_on_time,False,MODEL_APPLIED_FROM_CALIBRATED_FRAMEWORK
client_interview_1,BM-029,Uncertainty / Ambiguity Aversion,APP-00736,EV-61e5c4cf1c2e,joined_on_time,False,MODEL_APPLIED_FROM_CALIBRATED_FRAMEWORK
client_interview_1,BM-029,Uncertainty / Ambiguity Aversion,APP-00736,EV-ceb1a6bbbe9a,joined_on_time,False,HUMAN_REVIEWED
offer_accepted,BM-029,Uncertainty / Ambiguity Aversion,APP-00736,EV-393b21799c3e,joined_on_time,False,MODEL_APPLIED_FROM_CALIBRATED_FRAMEWORK
submitted,BM-001,Status Quo Bias,APP-00737,EV-dd4c7f38ea8c,withdrew_post_acceptance,True,MODEL_APPLIED_FROM_CALIBRATED_FRAMEWORK
client_interview_1,BM-001,Status Quo Bias,APP-00737,EV-67aec5eb3d63,withdrew_post_acceptance,True,MODEL_APPLIED_FROM_CALIBRATED_FRAMEWORK
client_interview_1,BM-029,Uncertainty / Ambiguity Aversion,APP-00737,EV-77a8a9a311fc,withdrew_post_acceptance,True,MODEL_APPLIED_FROM_CALIBRATED_FRAMEWORK
offer_extended,BM-001,Status Quo Bias,APP-00737,EV-5807e18a70fd,withdrew_post_acceptance,True,MODEL_APPLIED_FROM_CALIBRATED_FRAMEWORK
background_check,BM-001,Status Quo Bias,APP-00737,EV-08576050e342,withdrew_post_acceptance,True,MODEL_APPLIED_FROM_CALIBRATED_FRAMEWORK
background_check,BM-001,Status Quo Bias,APP-00737,EV-a45161d52778,withdrew_post_acceptance,True,MODEL_APPLIED_FROM_CALIBRATED_FRAMEWORK
background_check,BM-001,Status Quo Bias,APP-00737,EV-e4a26e68b09d,withdrew_post_acceptance,True,MODEL_APPLIED_FROM_CALIBRATED_FRAMEWORK
unknown,BM-001,Status Quo Bias,APP-00738,EV-37ce6b0d450e,declined_offer,True,MODEL_APPLIED_FROM_CALIBRATED_FRAMEWORK
client_interview_1,BM-001,Status Quo Bias,APP-00738,EV-3d6d543cacd0,declined_offer,True,MODEL_APPLIED_FROM_CALIBRATED_FRAMEWORK
client_interview_1,BM-029,Uncertainty / Ambiguity Aversion,APP-00738,EV-3f0ae327bd77,declined_offer,True,MODEL_APPLIED_FROM_CALIBRATED_FRAMEWORK
submitted,BM-001,Status Quo Bias,APP-00738,EV-165cceca24ec,declined_offer,True,MODEL_APPLIED_FROM_CALIBRATED_FRAMEWORK
submitted,BM-001,Status Quo Bias,APP-00738,EV-7f2cdea57f9f,declined_offer,True,MODEL_APPLIED_FROM_CALIBRATED_FRAMEWORK
offer_extended,BM-001,Status Quo Bias,APP-00738,EV-26b0cf73a363,declined_offer,True,MODEL_APPLIED_FROM_CALIBRATED_FRAMEWORK
client_interview_2,BM-011,Reciprocity,APP-00740,EV-7aa2b492e5c3,joined_on_time,False,MODEL_APPLIED_FROM_CALIBRATED_FRAMEWORK
client_interview_2,BM-018,Identity Signaling,APP-00740,EV-e03fee2e4a53,joined_on_time,False,MODEL_APPLIED_FROM_CALIBRATED_FRAMEWORK
screened,BM-001,Status Quo Bias,APP-00741,EV-a5e52b1c7b4c,withdrew_post_acceptance,True,HUMAN_REVIEWED
submitted,BM-029,Uncertainty / Ambiguity Aversion,APP-00741,EV-650aa1fab015,withdrew_post_acceptance,True,MODEL_APPLIED_FROM_CALIBRATED_FRAMEWORK
submitted,BM-006,Friction,APP-00741,EV-ae7ca84b1284,withdrew_post_acceptance,True,MODEL_APPLIED_FROM_CALIBRATED_FRAMEWORK
submitted,BM-006,Friction,APP-00741,EV-cfb06d14ea1d,withdrew_post_acceptance,True,MODEL_APPLIED_FROM_CALIBRATED_FRAMEWORK
submitted,BM-006,Friction,APP-00741,EV-8c39caff805c,withdrew_post_acceptance,True,MODEL_APPLIED_FROM_CALIBRATED_FRAMEWORK
client_interview_1,BM-006,Friction,APP-00741,EV-dd101d9a5a88,withdrew_post_acceptance,True,MODEL_APPLIED_FROM_CALIBRATED_FRAMEWORK
client_interview_1,BM-006,Friction,APP-00741,EV-475c96a8da36,withdrew_post_acceptance,True,MODEL_APPLIED_FROM_CALIBRATED_FRAMEWORK
client_interview_1,BM-029,Uncertainty / Ambiguity Aversion,APP-00741,EV-097807e1bc09,withdrew_post_acceptance,True,MODEL_APPLIED_FROM_CALIBRATED_FRAMEWORK
client_interview_1,BM-006,Friction,APP-00741,EV-756ddce5bcfe,withdrew_post_acceptance,True,MODEL_APPLIED_FROM_CALIBRATED_FRAMEWORK
client_interview_1,BM-006,Friction,APP-00741,EV-9a55b5ac11ff,withdrew_post_acceptance,True,MODEL_APPLIED_FROM_CALIBRATED_FRAMEWORK
background_check,BM-001,Status Quo Bias,APP-00741,EV-4a720b4828d4,withdrew_post_acceptance,True,HUMAN_REVIEWED
background_check,BM-006,Friction,APP-00741,EV-98512d03be3e,withdrew_post_acceptance,True,MODEL_APPLIED_FROM_CALIBRATED_FRAMEWORK
onboarding_docs_sent,BM-020,Commitment / Consistency,APP-00743,EV-1ddd520a8f0f,joined_on_time,False,MODEL_APPLIED_FROM_CALIBRATED_FRAMEWORK
unknown,BM-001,Status Quo Bias,APP-00751,EV-f8d9306e7eaa,declined_offer,True,MODEL_APPLIED_FROM_CALIBRATED_FRAMEWORK
unknown,BM-029,Uncertainty / Ambiguity Aversion,APP-00751,EV-dc35e5a3abe9,declined_offer,True,MODEL_APPLIED_FROM_CALIBRATED_FRAMEWORK
submitted,BM-001,Status Quo Bias,APP-00751,EV-e1a984aa5a4a,declined_offer,True,MODEL_APPLIED_FROM_CALIBRATED_FRAMEWORK
submitted,BM-001,Status Quo Bias,APP-00751,EV-271ec59781ec,declined_offer,True,MODEL_APPLIED_FROM_CALIBRATED_FRAMEWORK
submitted,BM-001,Status Quo Bias,APP-00751,EV-01121c59f1d8,declined_offer,True,MODEL_APPLIED_FROM_CALIBRATED_FRAMEWORK
submitted,BM-029,Uncertainty / Ambiguity Aversion,APP-00751,EV-7d9464795b20,declined_offer,True,MODEL_APPLIED_FROM_CALIBRATED_FRAMEWORK
client_interview_1,BM-001,Status Quo Bias,APP-00751,EV-1e466333ee03,declined_offer,True,MODEL_APPLIED_FROM_CALIBRATED_FRAMEWORK
background_check,BM-006,Friction,APP-00757,EV-fabbab15155f,joined_on_time,False,MODEL_APPLIED_FROM_CALIBRATED_FRAMEWORK
onboarding_docs_sent,BM-006,Friction,APP-00757,EV-32a8446b810f,joined_on_time,False,MODEL_APPLIED_FROM_CALIBRATED_FRAMEWORK
onboarding_docs_sent,BM-023,Goal Gradient,APP-00757,EV-06fa38abd197,joined_on_time,False,MODEL_APPLIED_FROM_CALIBRATED_FRAMEWORK
unknown,BM-006,Friction,APP-00759,EV-84012b5cc659,withdrew_post_acceptance,True,MODEL_APPLIED_FROM_CALIBRATED_FRAMEWORK
client_interview_1,BM-006,Friction,APP-00759,EV-809311d7a07e,withdrew_post_acceptance,True,MODEL_APPLIED_FROM_CALIBRATED_FRAMEWORK
client_interview_2,BM-006,Friction,APP-00759,EV-7eeee7fc51fb,withdrew_post_acceptance,True,HUMAN_REVIEWED
client_interview_2,BM-006,Friction,APP-00759,EV-b8ecef36fd3d,withdrew_post_acceptance,True,MODEL_APPLIED_FROM_CALIBRATED_FRAMEWORK
client_interview_2,BM-023,Goal Gradient,APP-00759,EV-5d4ead8e0591,withdrew_post_acceptance,True,MODEL_APPLIED_FROM_CALIBRATED_FRAMEWORK
client_interview_2,BM-023,Goal Gradient,APP-00759,EV-8a1a40ad2856,withdrew_post_acceptance,True,MODEL_APPLIED_FROM_CALIBRATED_FRAMEWORK
client_interview_2,BM-023,Goal Gradient,APP-00759,EV-ec29d4db07c7,withdrew_post_acceptance,True,MODEL_APPLIED_FROM_CALIBRATED_FRAMEWORK
offer_accepted,BM-006,Friction,APP-00759,EV-8c9963819491,withdrew_post_acceptance,True,MODEL_APPLIED_FROM_CALIBRATED_FRAMEWORK
offer_accepted,BM-006,Friction,APP-00759,EV-49c42c44eb0c,withdrew_post_acceptance,True,MODEL_APPLIED_FROM_CALIBRATED_FRAMEWORK
background_check,BM-006,Friction,APP-00759,EV-f4405276a307,withdrew_post_acceptance,True,MODEL_APPLIED_FROM_CALIBRATED_FRAMEWORK
background_check,BM-006,Friction,APP-00759,EV-09b5249f17ae,withdrew_post_acceptance,True,MODEL_APPLIED_FROM_CALIBRATED_FRAMEWORK
background_check,BM-006,Friction,APP-00759,EV-c8dd6ed348eb,withdrew_post_acceptance,True,MODEL_APPLIED_FROM_CALIBRATED_FRAMEWORK
background_check,BM-029,Uncertainty / Ambiguity Aversion,APP-00760,EV-88fd98b42af2,withdrew_post_acceptance,True,MODEL_APPLIED_FROM_CALIBRATED_FRAMEWORK
background_check,BM-029,Uncertainty / Ambiguity Aversion,APP-00760,EV-d786cae91fdd,withdrew_post_acceptance,True,MODEL_APPLIED_FROM_CALIBRATED_FRAMEWORK
background_check,BM-029,Uncertainty / Ambiguity Aversion,APP-00760,EV-971ed3f0b67c,withdrew_post_acceptance,True,MODEL_APPLIED_FROM_CALIBRATED_FRAMEWORK
unknown,BM-023,Goal Gradient,APP-00761,EV-da9817df7845,declined_offer,True,MODEL_APPLIED_FROM_CALIBRATED_FRAMEWORK
screened,BM-001,Status Quo Bias,APP-00762,EV-6ab4325b56a2,declined_offer,True,HUMAN_REVIEWED
submitted,BM-029,Uncertainty / Ambiguity Aversion,APP-00762,EV-cdc904bf05aa,declined_offer,True,MODEL_APPLIED_FROM_CALIBRATED_FRAMEWORK
submitted,BM-029,Uncertainty / Ambiguity Aversion,APP-00762,EV-6b257b7f6d5b,declined_offer,True,MODEL_APPLIED_FROM_CALIBRATED_FRAMEWORK
submitted,BM-029,Uncertainty / Ambiguity Aversion,APP-00762,EV-b912ed4bc625,declined_offer,True,MODEL_APPLIED_FROM_CALIBRATED_FRAMEWORK
submitted,BM-001,Status Quo Bias,APP-00762,EV-82da5b758600,declined_offer,True,MODEL_APPLIED_FROM_CALIBRATED_FRAMEWORK
client_interview_1,BM-001,Status Quo Bias,APP-00762,EV-6a4ea872eea2,declined_offer,True,MODEL_APPLIED_FROM_CALIBRATED_FRAMEWORK
client_interview_1,BM-001,Status Quo Bias,APP-00762,EV-6f2e7b8674a9,declined_offer,True,MODEL_APPLIED_FROM_CALIBRATED_FRAMEWORK
client_interview_1,BM-001,Status Quo Bias,APP-00762,EV-7c263ae4310e,declined_offer,True,MODEL_APPLIED_FROM_CALIBRATED_FRAMEWORK
client_interview_1,BM-001,Status Quo Bias,APP-00762,EV-7d2877d6cc9d,declined_offer,True,MODEL_APPLIED_FROM_CALIBRATED_FRAMEWORK
client_interview_1,BM-001,Status Quo Bias,APP-00762,EV-1d0d3abf1c7a,declined_offer,True,MODEL_APPLIED_FROM_CALIBRATED_FRAMEWORK
client_interview_1,BM-001,Status Quo Bias,APP-00762,EV-5fc305f576e9,declined_offer,True,MODEL_APPLIED_FROM_CALIBRATED_FRAMEWORK
offer_extended,BM-001,Status Quo Bias,APP-00762,EV-0498a33b46ef,declined_offer,True,MODEL_APPLIED_FROM_CALIBRATED_FRAMEWORK
submitted,BM-006,Friction,APP-00763,EV-64d39ab6f994,joined_on_time,False,MODEL_APPLIED_FROM_CALIBRATED_FRAMEWORK
client_interview_1,BM-006,Friction,APP-00763,EV-e06c2d854c30,joined_on_time,False,MODEL_APPLIED_FROM_CALIBRATED_FRAMEWORK
offer_extended,BM-006,Friction,APP-00763,EV-2940fc4551d3,joined_on_time,False,MODEL_APPLIED_FROM_CALIBRATED_FRAMEWORK
offer_extended,BM-006,Friction,APP-00763,EV-d1b7f11eb568,joined_on_time,False,MODEL_APPLIED_FROM_CALIBRATED_FRAMEWORK
offer_accepted,BM-006,Friction,APP-00763,EV-9d896c11ee11,joined_on_time,False,MODEL_APPLIED_FROM_CALIBRATED_FRAMEWORK
background_check,BM-006,Friction,APP-00763,EV-a470e2ae29be,joined_on_time,False,MODEL_APPLIED_FROM_CALIBRATED_FRAMEWORK
background_check,BM-006,Friction,APP-00763,EV-5a71ef434234,joined_on_time,False,MODEL_APPLIED_FROM_CALIBRATED_FRAMEWORK
background_check,BM-006,Friction,APP-00763,EV-25fa85a7f840,joined_on_time,False,MODEL_APPLIED_FROM_CALIBRATED_FRAMEWORK
background_check,BM-006,Friction,APP-00763,EV-47ebcc4da745,joined_on_time,False,MODEL_APPLIED_FROM_CALIBRATED_FRAMEWORK
background_check,BM-006,Friction,APP-00763,EV-11c332d732d9,joined_on_time,False,MODEL_APPLIED_FROM_CALIBRATED_FRAMEWORK
background_check,BM-006,Friction,APP-00763,EV-a35fe0cf9313,joined_on_time,False,MODEL_APPLIED_FROM_CALIBRATED_FRAMEWORK
onboarding_docs_sent,BM-006,Friction,APP-00763,EV-34019de27c8f,joined_on_time,False,MODEL_APPLIED_FROM_CALIBRATED_FRAMEWORK
submitted,BM-011,Reciprocity,APP-00764,EV-f8066626dbab,accepted_no_show,True,MODEL_APPLIED_FROM_CALIBRATED_FRAMEWORK
unknown,BM-001,Status Quo Bias,APP-00767,EV-42efe9b2e733,withdrew_post_acceptance,True,MODEL_APPLIED_FROM_CALIBRATED_FRAMEWORK
client_interview_1,BM-001,Status Quo Bias,APP-00767,EV-6117ee8955cc,withdrew_post_acceptance,True,MODEL_APPLIED_FROM_CALIBRATED_FRAMEWORK
unknown,BM-001,Status Quo Bias,APP-00769,EV-072798be61e8,declined_offer,True,MODEL_APPLIED_FROM_CALIBRATED_FRAMEWORK
screened,BM-001,Status Quo Bias,APP-00769,EV-e084844317b1,declined_offer,True,MODEL_APPLIED_FROM_CALIBRATED_FRAMEWORK
submitted,BM-029,Uncertainty / Ambiguity Aversion,APP-00769,EV-4cbcd61cd86c,declined_offer,True,MODEL_APPLIED_FROM_CALIBRATED_FRAMEWORK
client_interview_1,BM-001,Status Quo Bias,APP-00769,EV-84519a812b13,declined_offer,True,MODEL_APPLIED_FROM_CALIBRATED_FRAMEWORK
client_interview_1,BM-029,Uncertainty / Ambiguity Aversion,APP-00769,EV-ceb3b3ba022a,declined_offer,True,MODEL_APPLIED_FROM_CALIBRATED_FRAMEWORK
client_interview_2,BM-001,Status Quo Bias,APP-00769,EV-14005ea0931b,declined_offer,True,MODEL_APPLIED_FROM_CALIBRATED_FRAMEWORK
unknown,BM-001,Status Quo Bias,APP-00770,EV-badbf0c67817,declined_offer,True,MODEL_APPLIED_FROM_CALIBRATED_FRAMEWORK
screened,BM-001,Status Quo Bias,APP-00770,EV-67c51dd5fd37,declined_offer,True,MODEL_APPLIED_FROM_CALIBRATED_FRAMEWORK
screened,BM-014,Confirmation Bias,APP-00770,EV-ef435d147dee,declined_offer,True,MODEL_APPLIED_FROM_CALIBRATED_FRAMEWORK
screened,BM-001,Status Quo Bias,APP-00770,EV-548571f9eb77,declined_offer,True,MODEL_APPLIED_FROM_CALIBRATED_FRAMEWORK
screened,BM-014,Confirmation Bias,APP-00770,EV-e365e2727630,declined_offer,True,MODEL_APPLIED_FROM_CALIBRATED_FRAMEWORK
submitted,BM-001,Status Quo Bias,APP-00770,EV-c36aef95389f,declined_offer,True,MODEL_APPLIED_FROM_CALIBRATED_FRAMEWORK
submitted,BM-001,Status Quo Bias,APP-00770,EV-75ef42190c22,declined_offer,True,MODEL_APPLIED_FROM_CALIBRATED_FRAMEWORK
submitted,BM-014,Confirmation Bias,APP-00770,EV-e9c5ef1733e6,declined_offer,True,MODEL_APPLIED_FROM_CALIBRATED_FRAMEWORK
client_interview_1,BM-001,Status Quo Bias,APP-00770,EV-dfcb810fbe40,declined_offer,True,MODEL_APPLIED_FROM_CALIBRATED_FRAMEWORK
client_interview_1,BM-029,Uncertainty / Ambiguity Aversion,APP-00770,EV-19d7e65f7b36,declined_offer,True,HUMAN_REVIEWED
client_interview_1,BM-001,Status Quo Bias,APP-00770,EV-ba5d95fed58a,declined_offer,True,MODEL_APPLIED_FROM_CALIBRATED_FRAMEWORK
client_interview_1,BM-001,Status Quo Bias,APP-00770,EV-26ebb61f56e9,declined_offer,True,MODEL_APPLIED_FROM_CALIBRATED_FRAMEWORK
client_interview_1,BM-001,Status Quo Bias,APP-00770,EV-201283d53012,declined_offer,True,MODEL_APPLIED_FROM_CALIBRATED_FRAMEWORK
client_interview_1,BM-001,Status Quo Bias,APP-00770,EV-4c77a633dcd2,declined_offer,True,MODEL_APPLIED_FROM_CALIBRATED_FRAMEWORK
client_interview_1,BM-001,Status Quo Bias,APP-00770,EV-a2b904cd9dcf,declined_offer,True,MODEL_APPLIED_FROM_CALIBRATED_FRAMEWORK
client_interview_1,BM-002,Loss Aversion,APP-00770,EV-4f96cd3e6b29,declined_offer,True,MODEL_APPLIED_FROM_CALIBRATED_FRAMEWORK
submitted,BM-005,Choice Overload,APP-00776,EV-8a7761e63f5d,withdrew_post_acceptance,True,MODEL_APPLIED_FROM_CALIBRATED_FRAMEWORK
client_interview_1,BM-005,Choice Overload,APP-00776,EV-ff4de0503779,withdrew_post_acceptance,True,MODEL_APPLIED_FROM_CALIBRATED_FRAMEWORK
offer_accepted,BM-005,Choice Overload,APP-00776,EV-df4d2a62291d,withdrew_post_acceptance,True,MODEL_APPLIED_FROM_CALIBRATED_FRAMEWORK
offer_accepted,BM-020,Commitment / Consistency,APP-00776,EV-67506de0d393,withdrew_post_acceptance,True,MODEL_APPLIED_FROM_CALIBRATED_FRAMEWORK
screened,BM-006,Friction,APP-00779,EV-7d299415ef99,withdrew_post_acceptance,True,MODEL_APPLIED_FROM_CALIBRATED_FRAMEWORK
client_interview_1,BM-006,Friction,APP-00779,EV-a1ee6d99eb3d,withdrew_post_acceptance,True,MODEL_APPLIED_FROM_CALIBRATED_FRAMEWORK
client_interview_1,BM-006,Friction,APP-00779,EV-b55287133f0e,withdrew_post_acceptance,True,MODEL_APPLIED_FROM_CALIBRATED_FRAMEWORK
offer_extended,BM-006,Friction,APP-00779,EV-2026c03b5e27,withdrew_post_acceptance,True,MODEL_APPLIED_FROM_CALIBRATED_FRAMEWORK
offer_extended,BM-006,Friction,APP-00779,EV-f0114190d1ad,withdrew_post_acceptance,True,MODEL_APPLIED_FROM_CALIBRATED_FRAMEWORK
offer_accepted,BM-006,Friction,APP-00779,EV-6482f87182db,withdrew_post_acceptance,True,MODEL_APPLIED_FROM_CALIBRATED_FRAMEWORK
offer_accepted,BM-006,Friction,APP-00779,EV-ee00c70c583c,withdrew_post_acceptance,True,MODEL_APPLIED_FROM_CALIBRATED_FRAMEWORK
unknown,BM-006,Friction,APP-00780,EV-8f93cfc9c4b1,rejected_by_client,True,MODEL_APPLIED_FROM_CALIBRATED_FRAMEWORK
submitted,BM-006,Friction,APP-00780,EV-d4c842231f59,rejected_by_client,True,MODEL_APPLIED_FROM_CALIBRATED_FRAMEWORK
offer_accepted,BM-006,Friction,APP-00780,EV-dbf3f1279472,rejected_by_client,True,MODEL_APPLIED_FROM_CALIBRATED_FRAMEWORK
offer_accepted,BM-006,Friction,APP-00780,EV-726fa8542a7e,rejected_by_client,True,MODEL_APPLIED_FROM_CALIBRATED_FRAMEWORK
offer_accepted,BM-006,Friction,APP-00780,EV-dfc77f9cf158,rejected_by_client,True,MODEL_APPLIED_FROM_CALIBRATED_FRAMEWORK
offer_accepted,BM-011,Reciprocity,APP-00780,EV-89d350791c9f,rejected_by_client,True,MODEL_APPLIED_FROM_CALIBRATED_FRAMEWORK
background_check,BM-006,Friction,APP-00780,EV-a59cdf2372fe,rejected_by_client,True,MODEL_APPLIED_FROM_CALIBRATED_FRAMEWORK
screened,BM-011,Reciprocity,APP-00784,EV-82c327ae560d,declined_offer,True,MODEL_APPLIED_FROM_CALIBRATED_FRAMEWORK
unknown,BM-001,Status Quo Bias,APP-00787,EV-4c7352cb1b47,joined_on_time,False,MODEL_APPLIED_FROM_CALIBRATED_FRAMEWORK
submitted,BM-001,Status Quo Bias,APP-00787,EV-4cbe6c4fc4e7,joined_on_time,False,MODEL_APPLIED_FROM_CALIBRATED_FRAMEWORK
client_interview_1,BM-001,Status Quo Bias,APP-00787,EV-577c526df676,joined_on_time,False,MODEL_APPLIED_FROM_CALIBRATED_FRAMEWORK
client_interview_1,BM-014,Confirmation Bias,APP-00787,EV-630ed4ea1308,joined_on_time,False,MODEL_APPLIED_FROM_CALIBRATED_FRAMEWORK
client_interview_1,BM-001,Status Quo Bias,APP-00787,EV-39da764fd4c9,joined_on_time,False,MODEL_APPLIED_FROM_CALIBRATED_FRAMEWORK
client_interview_1,BM-014,Confirmation Bias,APP-00787,EV-74fa59886cd8,joined_on_time,False,MODEL_APPLIED_FROM_CALIBRATED_FRAMEWORK
offer_extended,BM-001,Status Quo Bias,APP-00787,EV-226910c5abd9,joined_on_time,False,MODEL_APPLIED_FROM_CALIBRATED_FRAMEWORK
offer_accepted,BM-001,Status Quo Bias,APP-00787,EV-863e627a643e,joined_on_time,False,MODEL_APPLIED_FROM_CALIBRATED_FRAMEWORK
offer_accepted,BM-001,Status Quo Bias,APP-00787,EV-fc5fcd7167ea,joined_on_time,False,MODEL_APPLIED_FROM_CALIBRATED_FRAMEWORK
offer_accepted,BM-014,Confirmation Bias,APP-00787,EV-d1965eb0829f,joined_on_time,False,MODEL_APPLIED_FROM_CALIBRATED_FRAMEWORK
offer_accepted,BM-001,Status Quo Bias,APP-00787,EV-298de59774cc,joined_on_time,False,MODEL_APPLIED_FROM_CALIBRATED_FRAMEWORK
onboarding_docs_sent,BM-001,Status Quo Bias,APP-00787,EV-9bbc4114912b,joined_on_time,False,MODEL_APPLIED_FROM_CALIBRATED_FRAMEWORK
submitted,BM-006,Friction,APP-00789,EV-29c781be0f05,joined_on_time,False,HUMAN_REVIEWED
client_interview_2,BM-001,Status Quo Bias,APP-00789,EV-ab2bd8a4529d,joined_on_time,False,MODEL_APPLIED_FROM_CALIBRATED_FRAMEWORK
client_interview_2,BM-001,Status Quo Bias,APP-00789,EV-8773ebdd5a12,joined_on_time,False,MODEL_APPLIED_FROM_CALIBRATED_FRAMEWORK
client_interview_2,BM-014,Confirmation Bias,APP-00789,EV-6334594f6d05,joined_on_time,False,MODEL_APPLIED_FROM_CALIBRATED_FRAMEWORK
offer_extended,BM-001,Status Quo Bias,APP-00789,EV-5d07648edc6e,joined_on_time,False,MODEL_APPLIED_FROM_CALIBRATED_FRAMEWORK
offer_accepted,BM-001,Status Quo Bias,APP-00789,EV-4c41c095098e,joined_on_time,False,MODEL_APPLIED_FROM_CALIBRATED_FRAMEWORK
offer_accepted,BM-014,Confirmation Bias,APP-00789,EV-1efaad0ea688,joined_on_time,False,MODEL_APPLIED_FROM_CALIBRATED_FRAMEWORK
background_check,BM-001,Status Quo Bias,APP-00789,EV-39c130e7fd58,joined_on_time,False,MODEL_APPLIED_FROM_CALIBRATED_FRAMEWORK
background_check,BM-006,Friction,APP-00789,EV-233aa84248aa,joined_on_time,False,HUMAN_REVIEWED
offer_accepted,BM-002,Loss Aversion,APP-00794,EV-18cea05c41cd,withdrew_post_acceptance,True,MODEL_APPLIED_FROM_CALIBRATED_FRAMEWORK
submitted,BM-001,Status Quo Bias,APP-00796,EV-a52515664d0d,joined_on_time,False,MODEL_APPLIED_FROM_CALIBRATED_FRAMEWORK
submitted,BM-014,Confirmation Bias,APP-00796,EV-2dbd2424cf66,joined_on_time,False,MODEL_APPLIED_FROM_CALIBRATED_FRAMEWORK
client_interview_1,BM-001,Status Quo Bias,APP-00796,EV-c4db2c5dacb2,joined_on_time,False,MODEL_APPLIED_FROM_CALIBRATED_FRAMEWORK
client_interview_1,BM-014,Confirmation Bias,APP-00796,EV-328a62caa772,joined_on_time,False,MODEL_APPLIED_FROM_CALIBRATED_FRAMEWORK
offer_accepted,BM-014,Confirmation Bias,APP-00796,EV-ab5fb409fbaf,joined_on_time,False,MODEL_APPLIED_FROM_CALIBRATED_FRAMEWORK
offer_accepted,BM-001,Status Quo Bias,APP-00796,EV-11f007ab7960,joined_on_time,False,MODEL_APPLIED_FROM_CALIBRATED_FRAMEWORK
offer_accepted,BM-014,Confirmation Bias,APP-00796,EV-5b5a20284583,joined_on_time,False,MODEL_APPLIED_FROM_CALIBRATED_FRAMEWORK
offer_accepted,BM-001,Status Quo Bias,APP-00796,EV-5853b30dfe4a,joined_on_time,False,MODEL_APPLIED_FROM_CALIBRATED_FRAMEWORK
offer_accepted,BM-001,Status Quo Bias,APP-00796,EV-0069eebb6afe,joined_on_time,False,MODEL_APPLIED_FROM_CALIBRATED_FRAMEWORK
offer_accepted,BM-014,Confirmation Bias,APP-00796,EV-3bba2a365c6a,joined_on_time,False,MODEL_APPLIED_FROM_CALIBRATED_FRAMEWORK
submitted,BM-029,Uncertainty / Ambiguity Aversion,APP-00797,EV-5ee9ce473812,joined_on_time,False,MODEL_APPLIED_FROM_CALIBRATED_FRAMEWORK
submitted,BM-029,Uncertainty / Ambiguity Aversion,APP-00797,EV-8cf78608c17d,joined_on_time,False,MODEL_APPLIED_FROM_CALIBRATED_FRAMEWORK
client_interview_1,BM-029,Uncertainty / Ambiguity Aversion,APP-00797,EV-cac8a4d9bad7,joined_on_time,False,MODEL_APPLIED_FROM_CALIBRATED_FRAMEWORK
background_check,BM-029,Uncertainty / Ambiguity Aversion,APP-00797,EV-8c9f792e886f,joined_on_time,False,HUMAN_REVIEWED
background_check,BM-029,Uncertainty / Ambiguity Aversion,APP-00797,EV-39e3bf93b6e6,joined_on_time,False,MODEL_APPLIED_FROM_CALIBRATED_FRAMEWORK
unknown,BM-029,Uncertainty / Ambiguity Aversion,APP-00798,EV-a083c71b69ae,rejected_by_client,True,MODEL_APPLIED_FROM_CALIBRATED_FRAMEWORK
unknown,BM-029,Uncertainty / Ambiguity Aversion,APP-00798,EV-fde6335a674b,rejected_by_client,True,MODEL_APPLIED_FROM_CALIBRATED_FRAMEWORK
submitted,BM-002,Loss Aversion,APP-00798,EV-9951aaa4926f,rejected_by_client,True,MODEL_APPLIED_FROM_CALIBRATED_FRAMEWORK
offer_accepted,BM-029,Uncertainty / Ambiguity Aversion,APP-00798,EV-4ede6d37f3ad,rejected_by_client,True,MODEL_APPLIED_FROM_CALIBRATED_FRAMEWORK
offer_accepted,BM-029,Uncertainty / Ambiguity Aversion,APP-00798,EV-2e0df483bf3c,rejected_by_client,True,MODEL_APPLIED_FROM_CALIBRATED_FRAMEWORK
submitted,BM-020,Commitment / Consistency,APP-00799,EV-58b219ca7909,joined_on_time,False,MODEL_APPLIED_FROM_CALIBRATED_FRAMEWORK
submitted,BM-020,Commitment / Consistency,APP-00799,EV-c28fb4063d8a,joined_on_time,False,MODEL_APPLIED_FROM_CALIBRATED_FRAMEWORK
submitted,BM-011,Reciprocity,APP-00799,EV-8dee62412e32,joined_on_time,False,MODEL_APPLIED_FROM_CALIBRATED_FRAMEWORK
submitted,BM-018,Identity Signaling,APP-00799,EV-78453a2193c4,joined_on_time,False,MODEL_APPLIED_FROM_CALIBRATED_FRAMEWORK
background_check,BM-011,Reciprocity,APP-00802,EV-d2410aa4e7a8,joined_on_time,False,MODEL_APPLIED_FROM_CALIBRATED_FRAMEWORK
submitted,BM-020,Commitment / Consistency,APP-00803,EV-08e0a79fe01a,joined_on_time,False,MODEL_APPLIED_FROM_CALIBRATED_FRAMEWORK
submitted,BM-018,Identity Signaling,APP-00803,EV-a1b9b65aa6b7,joined_on_time,False,MODEL_APPLIED_FROM_CALIBRATED_FRAMEWORK
offer_extended,BM-020,Commitment / Consistency,APP-00803,EV-adf6912a8fda,joined_on_time,False,MODEL_APPLIED_FROM_CALIBRATED_FRAMEWORK
offer_extended,BM-018,Identity Signaling,APP-00803,EV-594f6cff4bbe,joined_on_time,False,MODEL_APPLIED_FROM_CALIBRATED_FRAMEWORK
offer_accepted,BM-018,Identity Signaling,APP-00803,EV-510834a52ce5,joined_on_time,False,MODEL_APPLIED_FROM_CALIBRATED_FRAMEWORK
offer_accepted,BM-020,Commitment / Consistency,APP-00803,EV-9ddfa17c451d,joined_on_time,False,MODEL_APPLIED_FROM_CALIBRATED_FRAMEWORK
onboarding_docs_sent,BM-018,Identity Signaling,APP-00803,EV-827c646aa520,joined_on_time,False,MODEL_APPLIED_FROM_CALIBRATED_FRAMEWORK
onboarding_docs_sent,BM-020,Commitment / Consistency,APP-00803,EV-a0e362a6b778,joined_on_time,False,MODEL_APPLIED_FROM_CALIBRATED_FRAMEWORK
onboarding_docs_sent,BM-018,Identity Signaling,APP-00803,EV-98fea94183d3,joined_on_time,False,MODEL_APPLIED_FROM_CALIBRATED_FRAMEWORK
client_interview_2,BM-006,Friction,APP-00804,EV-5107b5727b01,joined_on_time,False,MODEL_APPLIED_FROM_CALIBRATED_FRAMEWORK
onboarding_docs_sent,BM-020,Commitment / Consistency,APP-00804,EV-f41cf7c247d0,joined_on_time,False,MODEL_APPLIED_FROM_CALIBRATED_FRAMEWORK
offer_extended,BM-023,Goal Gradient,APP-00805,EV-182c65032b68,joined_late,False,MODEL_APPLIED_FROM_CALIBRATED_FRAMEWORK
background_check,BM-023,Goal Gradient,APP-00805,EV-49c7cbc9f9cd,joined_late,False,MODEL_APPLIED_FROM_CALIBRATED_FRAMEWORK
background_check,BM-023,Goal Gradient,APP-00805,EV-8a3941f677b0,joined_late,False,MODEL_APPLIED_FROM_CALIBRATED_FRAMEWORK
onboarding_docs_sent,BM-023,Goal Gradient,APP-00805,EV-f5bd409907d1,joined_late,False,MODEL_APPLIED_FROM_CALIBRATED_FRAMEWORK
onboarding_docs_sent,BM-023,Goal Gradient,APP-00805,EV-90565d30c22b,joined_late,False,MODEL_APPLIED_FROM_CALIBRATED_FRAMEWORK
screened,BM-020,Commitment / Consistency,APP-00807,EV-f82fe4b68c49,joined_on_time,False,MODEL_APPLIED_FROM_CALIBRATED_FRAMEWORK
screened,BM-018,Identity Signaling,APP-00807,EV-0fd49c1b6411,joined_on_time,False,MODEL_APPLIED_FROM_CALIBRATED_FRAMEWORK
offer_extended,BM-006,Friction,APP-00810,EV-ac520dd320f1,joined_on_time,False,MODEL_APPLIED_FROM_CALIBRATED_FRAMEWORK
offer_accepted,BM-020,Commitment / Consistency,APP-00810,EV-0edc79cd7fd6,joined_on_time,False,MODEL_APPLIED_FROM_CALIBRATED_FRAMEWORK
client_interview_1,BM-023,Goal Gradient,APP-00812,EV-778d20587944,joined_late,False,MODEL_APPLIED_FROM_CALIBRATED_FRAMEWORK
background_check,BM-023,Goal Gradient,APP-00812,EV-142cac6c1042,joined_late,False,MODEL_APPLIED_FROM_CALIBRATED_FRAMEWORK
offer_accepted,BM-020,Commitment / Consistency,APP-00814,EV-e28bf831cc02,joined_on_time,False,MODEL_APPLIED_FROM_CALIBRATED_FRAMEWORK
client_interview_1,BM-006,Friction,APP-00816,EV-1e92ab15d2a3,joined_late,False,MODEL_APPLIED_FROM_CALIBRATED_FRAMEWORK
offer_accepted,BM-006,Friction,APP-00816,EV-7fb80298277a,joined_late,False,MODEL_APPLIED_FROM_CALIBRATED_FRAMEWORK
onboarding_docs_sent,BM-006,Friction,APP-00816,EV-387816875c33,joined_late,False,MODEL_APPLIED_FROM_CALIBRATED_FRAMEWORK
onboarding_docs_sent,BM-006,Friction,APP-00816,EV-04d499b4ad56,joined_late,False,MODEL_APPLIED_FROM_CALIBRATED_FRAMEWORK
unknown,BM-029,Uncertainty / Ambiguity Aversion,APP-00818,EV-43f48008fcb3,declined_offer,True,MODEL_APPLIED_FROM_CALIBRATED_FRAMEWORK
submitted,BM-018,Identity Signaling,APP-00825,EV-8cc04b861936,joined_on_time,False,MODEL_APPLIED_FROM_CALIBRATED_FRAMEWORK
unknown,BM-006,Friction,APP-00826,EV-2b878c34fa61,joined_on_time,False,MODEL_APPLIED_FROM_CALIBRATED_FRAMEWORK
screened,BM-006,Friction,APP-00826,EV-009b542c9b14,joined_on_time,False,MODEL_APPLIED_FROM_CALIBRATED_FRAMEWORK
submitted,BM-006,Friction,APP-00826,EV-5e6b4c6aa3e2,joined_on_time,False,MODEL_APPLIED_FROM_CALIBRATED_FRAMEWORK
client_interview_1,BM-006,Friction,APP-00826,EV-feccef4aae16,joined_on_time,False,MODEL_APPLIED_FROM_CALIBRATED_FRAMEWORK
client_interview_1,BM-023,Goal Gradient,APP-00826,EV-12c8e5172243,joined_on_time,False,MODEL_APPLIED_FROM_CALIBRATED_FRAMEWORK
submitted,BM-006,Friction,APP-00828,EV-57845a14a710,joined_late,False,MODEL_APPLIED_FROM_CALIBRATED_FRAMEWORK
submitted,BM-006,Friction,APP-00828,EV-6352973f10a0,joined_late,False,HUMAN_REVIEWED
submitted,BM-006,Friction,APP-00828,EV-caf56dff01d1,joined_late,False,HUMAN_REVIEWED
submitted,BM-006,Friction,APP-00828,EV-06bc98b13c1c,joined_late,False,MODEL_APPLIED_FROM_CALIBRATED_FRAMEWORK
client_interview_1,BM-006,Friction,APP-00828,EV-e8d66b32c6b0,joined_late,False,MODEL_APPLIED_FROM_CALIBRATED_FRAMEWORK
offer_accepted,BM-006,Friction,APP-00828,EV-c770ac185938,joined_late,False,MODEL_APPLIED_FROM_CALIBRATED_FRAMEWORK
background_check,BM-006,Friction,APP-00828,EV-59ba41906100,joined_late,False,MODEL_APPLIED_FROM_CALIBRATED_FRAMEWORK
background_check,BM-006,Friction,APP-00828,EV-fdbc7404dcd2,joined_late,False,MODEL_APPLIED_FROM_CALIBRATED_FRAMEWORK
background_check,BM-006,Friction,APP-00828,EV-d1b7f0afc56f,joined_late,False,MODEL_APPLIED_FROM_CALIBRATED_FRAMEWORK
background_check,BM-006,Friction,APP-00828,EV-7fb2bc6126fb,joined_late,False,MODEL_APPLIED_FROM_CALIBRATED_FRAMEWORK
background_check,BM-006,Friction,APP-00828,EV-1b9500c32f52,joined_late,False,MODEL_APPLIED_FROM_CALIBRATED_FRAMEWORK
background_check,BM-006,Friction,APP-00828,EV-c61c5108e2be,joined_late,False,MODEL_APPLIED_FROM_CALIBRATED_FRAMEWORK
background_check,BM-006,Friction,APP-00828,EV-81a32ca241a7,joined_late,False,MODEL_APPLIED_FROM_CALIBRATED_FRAMEWORK
submitted,BM-006,Friction,APP-00829,EV-4330e67a9be2,joined_late,False,MODEL_APPLIED_FROM_CALIBRATED_FRAMEWORK
submitted,BM-006,Friction,APP-00829,EV-e42a6f710804,joined_late,False,MODEL_APPLIED_FROM_CALIBRATED_FRAMEWORK
offer_accepted,BM-006,Friction,APP-00829,EV-765651c06932,joined_late,False,MODEL_APPLIED_FROM_CALIBRATED_FRAMEWORK
offer_accepted,BM-006,Friction,APP-00829,EV-a5b862f75c53,joined_late,False,MODEL_APPLIED_FROM_CALIBRATED_FRAMEWORK
offer_accepted,BM-006,Friction,APP-00829,EV-ef232dd0f496,joined_late,False,MODEL_APPLIED_FROM_CALIBRATED_FRAMEWORK
offer_accepted,BM-006,Friction,APP-00829,EV-472dab5f0d7c,joined_late,False,MODEL_APPLIED_FROM_CALIBRATED_FRAMEWORK
offer_accepted,BM-006,Friction,APP-00829,EV-55e4f1841f16,joined_late,False,MODEL_APPLIED_FROM_CALIBRATED_FRAMEWORK
offer_accepted,BM-006,Friction,APP-00829,EV-00ead4f30dde,joined_late,False,MODEL_APPLIED_FROM_CALIBRATED_FRAMEWORK
submitted,BM-014,Confirmation Bias,APP-00832,EV-4865081fd41b,joined_on_time,False,MODEL_APPLIED_FROM_CALIBRATED_FRAMEWORK
submitted,BM-014,Confirmation Bias,APP-00832,EV-14f7f5884281,joined_on_time,False,MODEL_APPLIED_FROM_CALIBRATED_FRAMEWORK
submitted,BM-014,Confirmation Bias,APP-00832,EV-4a40c6017103,joined_on_time,False,MODEL_APPLIED_FROM_CALIBRATED_FRAMEWORK
client_interview_1,BM-014,Confirmation Bias,APP-00832,EV-581096a14920,joined_on_time,False,MODEL_APPLIED_FROM_CALIBRATED_FRAMEWORK
background_check,BM-014,Confirmation Bias,APP-00832,EV-1b1a3c25dc93,joined_on_time,False,MODEL_APPLIED_FROM_CALIBRATED_FRAMEWORK
client_interview_1,BM-011,Reciprocity,APP-00836,EV-68d16bf63fc9,accepted_no_show,True,MODEL_APPLIED_FROM_CALIBRATED_FRAMEWORK
offer_accepted,BM-011,Reciprocity,APP-00836,EV-3afa9b648f6d,accepted_no_show,True,MODEL_APPLIED_FROM_CALIBRATED_FRAMEWORK
background_check,BM-011,Reciprocity,APP-00836,EV-6d167eef3fc7,accepted_no_show,True,MODEL_APPLIED_FROM_CALIBRATED_FRAMEWORK
background_check,BM-011,Reciprocity,APP-00836,EV-ac74587b2997,accepted_no_show,True,MODEL_APPLIED_FROM_CALIBRATED_FRAMEWORK
background_check,BM-011,Reciprocity,APP-00836,EV-25150e33f494,accepted_no_show,True,MODEL_APPLIED_FROM_CALIBRATED_FRAMEWORK
submitted,BM-029,Uncertainty / Ambiguity Aversion,APP-00838,EV-5c5d2fbf480a,accepted_no_show,True,MODEL_APPLIED_FROM_CALIBRATED_FRAMEWORK
submitted,BM-029,Uncertainty / Ambiguity Aversion,APP-00838,EV-e09b90643848,accepted_no_show,True,MODEL_APPLIED_FROM_CALIBRATED_FRAMEWORK
submitted,BM-002,Loss Aversion,APP-00838,EV-fd9c1d1d8247,accepted_no_show,True,MODEL_APPLIED_FROM_CALIBRATED_FRAMEWORK
client_interview_1,BM-029,Uncertainty / Ambiguity Aversion,APP-00838,EV-32ba347c025f,accepted_no_show,True,MODEL_APPLIED_FROM_CALIBRATED_FRAMEWORK
client_interview_1,BM-029,Uncertainty / Ambiguity Aversion,APP-00838,EV-847b5d02f4aa,accepted_no_show,True,MODEL_APPLIED_FROM_CALIBRATED_FRAMEWORK
client_interview_2,BM-029,Uncertainty / Ambiguity Aversion,APP-00838,EV-ce66c5c2d99c,accepted_no_show,True,MODEL_APPLIED_FROM_CALIBRATED_FRAMEWORK
client_interview_2,BM-029,Uncertainty / Ambiguity Aversion,APP-00838,EV-814bf22c40ed,accepted_no_show,True,MODEL_APPLIED_FROM_CALIBRATED_FRAMEWORK
background_check,BM-029,Uncertainty / Ambiguity Aversion,APP-00838,EV-acdf07a28b82,accepted_no_show,True,MODEL_APPLIED_FROM_CALIBRATED_FRAMEWORK
background_check,BM-029,Uncertainty / Ambiguity Aversion,APP-00838,EV-bfcc434e0b25,accepted_no_show,True,MODEL_APPLIED_FROM_CALIBRATED_FRAMEWORK
background_check,BM-002,Loss Aversion,APP-00838,EV-d3da2ddd3a53,accepted_no_show,True,MODEL_APPLIED_FROM_CALIBRATED_FRAMEWORK
background_check,BM-002,Loss Aversion,APP-00838,EV-4f67c7cfc98d,accepted_no_show,True,MODEL_APPLIED_FROM_CALIBRATED_FRAMEWORK
offer_extended,BM-020,Commitment / Consistency,APP-00839,EV-c4179c7ba571,joined_late,False,MODEL_APPLIED_FROM_CALIBRATED_FRAMEWORK
offer_extended,BM-018,Identity Signaling,APP-00839,EV-e33714e6946d,joined_late,False,MODEL_APPLIED_FROM_CALIBRATED_FRAMEWORK
background_check,BM-018,Identity Signaling,APP-00839,EV-56d0f71683e0,joined_late,False,MODEL_APPLIED_FROM_CALIBRATED_FRAMEWORK
background_check,BM-020,Commitment / Consistency,APP-00839,EV-c01b48b5271e,joined_late,False,MODEL_APPLIED_FROM_CALIBRATED_FRAMEWORK
background_check,BM-018,Identity Signaling,APP-00839,EV-9f97d8c9ccd2,joined_late,False,MODEL_APPLIED_FROM_CALIBRATED_FRAMEWORK
background_check,BM-020,Commitment / Consistency,APP-00839,EV-68f0c0b97d45,joined_late,False,MODEL_APPLIED_FROM_CALIBRATED_FRAMEWORK
background_check,BM-018,Identity Signaling,APP-00839,EV-11d348a1ec6e,joined_late,False,MODEL_APPLIED_FROM_CALIBRATED_FRAMEWORK
submitted,BM-029,Uncertainty / Ambiguity Aversion,APP-00840,EV-227e27185040,joined_on_time,False,MODEL_APPLIED_FROM_CALIBRATED_FRAMEWORK
submitted,BM-023,Goal Gradient,APP-00840,EV-c7e525eba36a,joined_on_time,False,MODEL_APPLIED_FROM_CALIBRATED_FRAMEWORK
submitted,BM-001,Status Quo Bias,APP-00840,EV-a7c98166286b,joined_on_time,False,MODEL_APPLIED_FROM_CALIBRATED_FRAMEWORK
client_interview_1,BM-023,Goal Gradient,APP-00840,EV-f5268eb8a4ca,joined_on_time,False,MODEL_APPLIED_FROM_CALIBRATED_FRAMEWORK
background_check,BM-001,Status Quo Bias,APP-00840,EV-0b76a4f599da,joined_on_time,False,MODEL_APPLIED_FROM_CALIBRATED_FRAMEWORK
client_interview_1,BM-023,Goal Gradient,APP-00841,EV-e2b384400b9c,joined_on_time,False,MODEL_APPLIED_FROM_CALIBRATED_FRAMEWORK
client_interview_1,BM-011,Reciprocity,APP-00841,EV-5d51981545d2,joined_on_time,False,MODEL_APPLIED_FROM_CALIBRATED_FRAMEWORK
client_interview_1,BM-023,Goal Gradient,APP-00842,EV-d293cdea557d,joined_on_time,False,MODEL_APPLIED_FROM_CALIBRATED_FRAMEWORK
offer_accepted,BM-023,Goal Gradient,APP-00842,EV-9dd28bdad2ae,joined_on_time,False,MODEL_APPLIED_FROM_CALIBRATED_FRAMEWORK
offer_accepted,BM-023,Goal Gradient,APP-00842,EV-baf3675564ec,joined_on_time,False,MODEL_APPLIED_FROM_CALIBRATED_FRAMEWORK
offer_accepted,BM-023,Goal Gradient,APP-00842,EV-451bb47e9bb5,joined_on_time,False,MODEL_APPLIED_FROM_CALIBRATED_FRAMEWORK
offer_accepted,BM-023,Goal Gradient,APP-00842,EV-7d1429ae9a06,joined_on_time,False,MODEL_APPLIED_FROM_CALIBRATED_FRAMEWORK
onboarding_docs_sent,BM-023,Goal Gradient,APP-00842,EV-dcdff27edc1f,joined_on_time,False,MODEL_APPLIED_FROM_CALIBRATED_FRAMEWORK
offer_accepted,BM-020,Commitment / Consistency,APP-00847,EV-098ebc03328b,joined_late,False,MODEL_APPLIED_FROM_CALIBRATED_FRAMEWORK
background_check,BM-020,Commitment / Consistency,APP-00847,EV-16446766723c,joined_late,False,MODEL_APPLIED_FROM_CALIBRATED_FRAMEWORK
background_check,BM-020,Commitment / Consistency,APP-00847,EV-5ea3ec037292,joined_late,False,MODEL_APPLIED_FROM_CALIBRATED_FRAMEWORK
unknown,BM-006,Friction,APP-00848,EV-39c677bcd85c,rejected_by_client,True,MODEL_APPLIED_FROM_CALIBRATED_FRAMEWORK
submitted,BM-006,Friction,APP-00848,EV-82a1d567d210,rejected_by_client,True,MODEL_APPLIED_FROM_CALIBRATED_FRAMEWORK
submitted,BM-006,Friction,APP-00848,EV-7ab41507d59f,rejected_by_client,True,MODEL_APPLIED_FROM_CALIBRATED_FRAMEWORK
submitted,BM-006,Friction,APP-00848,EV-dc1f43cd3cd6,rejected_by_client,True,MODEL_APPLIED_FROM_CALIBRATED_FRAMEWORK
submitted,BM-006,Friction,APP-00848,EV-6923c014d82a,rejected_by_client,True,MODEL_APPLIED_FROM_CALIBRATED_FRAMEWORK
submitted,BM-006,Friction,APP-00848,EV-734b34173f01,rejected_by_client,True,MODEL_APPLIED_FROM_CALIBRATED_FRAMEWORK
submitted,BM-011,Reciprocity,APP-00848,EV-18d7a3fb97d2,rejected_by_client,True,MODEL_APPLIED_FROM_CALIBRATED_FRAMEWORK
submitted,BM-006,Friction,APP-00848,EV-0948734cc0d5,rejected_by_client,True,MODEL_APPLIED_FROM_CALIBRATED_FRAMEWORK
client_interview_1,BM-006,Friction,APP-00848,EV-60eb109b01b3,rejected_by_client,True,MODEL_APPLIED_FROM_CALIBRATED_FRAMEWORK
client_interview_1,BM-006,Friction,APP-00848,EV-f6e2aae50fdd,rejected_by_client,True,MODEL_APPLIED_FROM_CALIBRATED_FRAMEWORK
client_interview_1,BM-011,Reciprocity,APP-00848,EV-f5979b4aa2cd,rejected_by_client,True,MODEL_APPLIED_FROM_CALIBRATED_FRAMEWORK
offer_accepted,BM-006,Friction,APP-00848,EV-2a1c5aeb48dd,rejected_by_client,True,MODEL_APPLIED_FROM_CALIBRATED_FRAMEWORK
unknown,BM-002,Loss Aversion,APP-00849,EV-fbdb34becbed,accepted_no_show,True,MODEL_APPLIED_FROM_CALIBRATED_FRAMEWORK
background_check,BM-002,Loss Aversion,APP-00849,EV-a22dafb7ebee,accepted_no_show,True,MODEL_APPLIED_FROM_CALIBRATED_FRAMEWORK
submitted,BM-001,Status Quo Bias,APP-00851,EV-a35402d53c2e,joined_on_time,False,MODEL_APPLIED_FROM_CALIBRATED_FRAMEWORK
submitted,BM-014,Confirmation Bias,APP-00851,EV-1272c0bc5221,joined_on_time,False,MODEL_APPLIED_FROM_CALIBRATED_FRAMEWORK
client_interview_1,BM-001,Status Quo Bias,APP-00851,EV-18854471e954,joined_on_time,False,MODEL_APPLIED_FROM_CALIBRATED_FRAMEWORK
client_interview_1,BM-014,Confirmation Bias,APP-00851,EV-1a0cc5b1d658,joined_on_time,False,MODEL_APPLIED_FROM_CALIBRATED_FRAMEWORK
offer_accepted,BM-001,Status Quo Bias,APP-00851,EV-a34d7a9ebaec,joined_on_time,False,MODEL_APPLIED_FROM_CALIBRATED_FRAMEWORK
offer_accepted,BM-001,Status Quo Bias,APP-00851,EV-9f6541ba485d,joined_on_time,False,MODEL_APPLIED_FROM_CALIBRATED_FRAMEWORK
offer_accepted,BM-014,Confirmation Bias,APP-00851,EV-db25e59b6634,joined_on_time,False,MODEL_APPLIED_FROM_CALIBRATED_FRAMEWORK
unknown,BM-005,Choice Overload,APP-00857,EV-4de2663f71ce,rejected_by_client,True,MODEL_APPLIED_FROM_CALIBRATED_FRAMEWORK
screened,BM-005,Choice Overload,APP-00857,EV-9a91e82a0654,rejected_by_client,True,MODEL_APPLIED_FROM_CALIBRATED_FRAMEWORK
screened,BM-029,Uncertainty / Ambiguity Aversion,APP-00857,EV-7e87f7f9287f,rejected_by_client,True,MODEL_APPLIED_FROM_CALIBRATED_FRAMEWORK
screened,BM-005,Choice Overload,APP-00857,EV-d86e1a1e4fed,rejected_by_client,True,MODEL_APPLIED_FROM_CALIBRATED_FRAMEWORK
screened,BM-005,Choice Overload,APP-00857,EV-fa2f9c909415,rejected_by_client,True,MODEL_APPLIED_FROM_CALIBRATED_FRAMEWORK
screened,BM-005,Choice Overload,APP-00857,EV-23246b9a3e33,rejected_by_client,True,MODEL_APPLIED_FROM_CALIBRATED_FRAMEWORK
client_interview_1,BM-005,Choice Overload,APP-00857,EV-c2d010334200,rejected_by_client,True,MODEL_APPLIED_FROM_CALIBRATED_FRAMEWORK
client_interview_1,BM-005,Choice Overload,APP-00857,EV-27d06816aa72,rejected_by_client,True,MODEL_APPLIED_FROM_CALIBRATED_FRAMEWORK
offer_accepted,BM-029,Uncertainty / Ambiguity Aversion,APP-00857,EV-8e16f20d771b,rejected_by_client,True,MODEL_APPLIED_FROM_CALIBRATED_FRAMEWORK
screened,BM-029,Uncertainty / Ambiguity Aversion,APP-00859,EV-068b9512f4fb,joined_on_time,False,MODEL_APPLIED_FROM_CALIBRATED_FRAMEWORK
submitted,BM-006,Friction,APP-00860,EV-b94066cff4e5,joined_on_time,False,MODEL_APPLIED_FROM_CALIBRATED_FRAMEWORK
client_interview_1,BM-023,Goal Gradient,APP-00863,EV-b94fa6bf83ad,joined_late,False,MODEL_APPLIED_FROM_CALIBRATED_FRAMEWORK
client_interview_1,BM-023,Goal Gradient,APP-00863,EV-1383cd0218f6,joined_late,False,MODEL_APPLIED_FROM_CALIBRATED_FRAMEWORK
offer_extended,BM-023,Goal Gradient,APP-00863,EV-caead49ccb64,joined_late,False,MODEL_APPLIED_FROM_CALIBRATED_FRAMEWORK
offer_accepted,BM-001,Status Quo Bias,APP-00863,EV-0eeeeee50449,joined_late,False,MODEL_APPLIED_FROM_CALIBRATED_FRAMEWORK
offer_accepted,BM-001,Status Quo Bias,APP-00863,EV-b6aba177bb67,joined_late,False,MODEL_APPLIED_FROM_CALIBRATED_FRAMEWORK
offer_accepted,BM-023,Goal Gradient,APP-00863,EV-bb176f36b1dc,joined_late,False,MODEL_APPLIED_FROM_CALIBRATED_FRAMEWORK
background_check,BM-001,Status Quo Bias,APP-00863,EV-3617e38316ed,joined_late,False,MODEL_APPLIED_FROM_CALIBRATED_FRAMEWORK
background_check,BM-001,Status Quo Bias,APP-00863,EV-30b9238c3ed7,joined_late,False,MODEL_APPLIED_FROM_CALIBRATED_FRAMEWORK
background_check,BM-001,Status Quo Bias,APP-00863,EV-d96fbbecffbe,joined_late,False,MODEL_APPLIED_FROM_CALIBRATED_FRAMEWORK
background_check,BM-001,Status Quo Bias,APP-00863,EV-0d0fd46e3d41,joined_late,False,MODEL_APPLIED_FROM_CALIBRATED_FRAMEWORK
background_check,BM-002,Loss Aversion,APP-00864,EV-69f8d61c7c6f,withdrew_post_acceptance,True,MODEL_APPLIED_FROM_CALIBRATED_FRAMEWORK
unknown,BM-006,Friction,APP-00867,EV-191cf8975511,joined_on_time,False,MODEL_APPLIED_FROM_CALIBRATED_FRAMEWORK
submitted,BM-023,Goal Gradient,APP-00867,EV-7a056eeb0ef5,joined_on_time,False,MODEL_APPLIED_FROM_CALIBRATED_FRAMEWORK
client_interview_1,BM-006,Friction,APP-00867,EV-ccbde23fe0d4,joined_on_time,False,MODEL_APPLIED_FROM_CALIBRATED_FRAMEWORK
client_interview_1,BM-006,Friction,APP-00867,EV-2acffd1a4972,joined_on_time,False,MODEL_APPLIED_FROM_CALIBRATED_FRAMEWORK
offer_accepted,BM-006,Friction,APP-00870,EV-d2b074542936,withdrew_post_acceptance,True,MODEL_APPLIED_FROM_CALIBRATED_FRAMEWORK
unknown,BM-023,Goal Gradient,APP-00871,EV-72fc9f82e27c,joined_on_time,False,MODEL_APPLIED_FROM_CALIBRATED_FRAMEWORK
submitted,BM-023,Goal Gradient,APP-00871,EV-ede67931880d,joined_on_time,False,MODEL_APPLIED_FROM_CALIBRATED_FRAMEWORK
submitted,BM-023,Goal Gradient,APP-00871,EV-fd05dbc0346a,joined_on_time,False,MODEL_APPLIED_FROM_CALIBRATED_FRAMEWORK
background_check,BM-023,Goal Gradient,APP-00871,EV-d278b5b861d5,joined_on_time,False,MODEL_APPLIED_FROM_CALIBRATED_FRAMEWORK
background_check,BM-023,Goal Gradient,APP-00871,EV-0a3478536829,joined_on_time,False,MODEL_APPLIED_FROM_CALIBRATED_FRAMEWORK
background_check,BM-023,Goal Gradient,APP-00871,EV-aa09591b858e,joined_on_time,False,MODEL_APPLIED_FROM_CALIBRATED_FRAMEWORK
submitted,BM-029,Uncertainty / Ambiguity Aversion,APP-00872,EV-2b0b41f7ad0f,joined_on_time,False,MODEL_APPLIED_FROM_CALIBRATED_FRAMEWORK
submitted,BM-029,Uncertainty / Ambiguity Aversion,APP-00872,EV-23f7cc0ebe51,joined_on_time,False,MODEL_APPLIED_FROM_CALIBRATED_FRAMEWORK
background_check,BM-029,Uncertainty / Ambiguity Aversion,APP-00872,EV-47d107226552,joined_on_time,False,MODEL_APPLIED_FROM_CALIBRATED_FRAMEWORK
background_check,BM-029,Uncertainty / Ambiguity Aversion,APP-00872,EV-aa0bcce4e3da,joined_on_time,False,MODEL_APPLIED_FROM_CALIBRATED_FRAMEWORK
client_interview_2,BM-011,Reciprocity,APP-00873,EV-116b2917f21c,joined_on_time,False,MODEL_APPLIED_FROM_CALIBRATED_FRAMEWORK
client_interview_2,BM-020,Commitment / Consistency,APP-00873,EV-ac396fe8bb8f,joined_on_time,False,MODEL_APPLIED_FROM_CALIBRATED_FRAMEWORK
offer_accepted,BM-011,Reciprocity,APP-00873,EV-a29700d05662,joined_on_time,False,MODEL_APPLIED_FROM_CALIBRATED_FRAMEWORK
offer_accepted,BM-018,Identity Signaling,APP-00873,EV-fd64894b597f,joined_on_time,False,MODEL_APPLIED_FROM_CALIBRATED_FRAMEWORK
background_check,BM-018,Identity Signaling,APP-00873,EV-e8c1d439cb90,joined_on_time,False,MODEL_APPLIED_FROM_CALIBRATED_FRAMEWORK
screened,BM-020,Commitment / Consistency,APP-00875,EV-ec4ed4ed5cbc,declined_offer,True,MODEL_APPLIED_FROM_CALIBRATED_FRAMEWORK
screened,BM-018,Identity Signaling,APP-00875,EV-eb645276640d,declined_offer,True,MODEL_APPLIED_FROM_CALIBRATED_FRAMEWORK
submitted,BM-020,Commitment / Consistency,APP-00875,EV-3a0aebbf5f0f,declined_offer,True,MODEL_APPLIED_FROM_CALIBRATED_FRAMEWORK
background_check,BM-023,Goal Gradient,APP-00879,EV-57022b107734,accepted_no_show,True,MODEL_APPLIED_FROM_CALIBRATED_FRAMEWORK
submitted,BM-020,Commitment / Consistency,APP-00882,EV-6e35c5b772ab,joined_on_time,False,MODEL_APPLIED_FROM_CALIBRATED_FRAMEWORK
submitted,BM-018,Identity Signaling,APP-00882,EV-0d9bec02debd,joined_on_time,False,MODEL_APPLIED_FROM_CALIBRATED_FRAMEWORK
background_check,BM-020,Commitment / Consistency,APP-00882,EV-b9e75f2702dc,joined_on_time,False,MODEL_APPLIED_FROM_CALIBRATED_FRAMEWORK
background_check,BM-018,Identity Signaling,APP-00882,EV-0b276b349a44,joined_on_time,False,MODEL_APPLIED_FROM_CALIBRATED_FRAMEWORK
background_check,BM-020,Commitment / Consistency,APP-00882,EV-960a05821092,joined_on_time,False,MODEL_APPLIED_FROM_CALIBRATED_FRAMEWORK
background_check,BM-018,Identity Signaling,APP-00882,EV-92b162132a0c,joined_on_time,False,MODEL_APPLIED_FROM_CALIBRATED_FRAMEWORK
screened,BM-001,Status Quo Bias,APP-00883,EV-5eda456200d6,joined_on_time,False,MODEL_APPLIED_FROM_CALIBRATED_FRAMEWORK
screened,BM-001,Status Quo Bias,APP-00883,EV-7d175e367df6,joined_on_time,False,MODEL_APPLIED_FROM_CALIBRATED_FRAMEWORK
screened,BM-014,Confirmation Bias,APP-00883,EV-bbaf11cd53c5,joined_on_time,False,MODEL_APPLIED_FROM_CALIBRATED_FRAMEWORK
submitted,BM-001,Status Quo Bias,APP-00883,EV-8a4ffa3560c3,joined_on_time,False,MODEL_APPLIED_FROM_CALIBRATED_FRAMEWORK
background_check,BM-001,Status Quo Bias,APP-00883,EV-8067fb76cc80,joined_on_time,False,MODEL_APPLIED_FROM_CALIBRATED_FRAMEWORK
background_check,BM-014,Confirmation Bias,APP-00883,EV-e8a8b9d5b306,joined_on_time,False,MODEL_APPLIED_FROM_CALIBRATED_FRAMEWORK
background_check,BM-001,Status Quo Bias,APP-00883,EV-0e2f0195221b,joined_on_time,False,MODEL_APPLIED_FROM_CALIBRATED_FRAMEWORK
background_check,BM-014,Confirmation Bias,APP-00883,EV-2f2a3973a0d0,joined_on_time,False,MODEL_APPLIED_FROM_CALIBRATED_FRAMEWORK
background_check,BM-001,Status Quo Bias,APP-00883,EV-376646885e40,joined_on_time,False,MODEL_APPLIED_FROM_CALIBRATED_FRAMEWORK
background_check,BM-001,Status Quo Bias,APP-00883,EV-1055b60645a9,joined_on_time,False,MODEL_APPLIED_FROM_CALIBRATED_FRAMEWORK
background_check,BM-001,Status Quo Bias,APP-00883,EV-bb7dacc35da7,joined_on_time,False,MODEL_APPLIED_FROM_CALIBRATED_FRAMEWORK
background_check,BM-001,Status Quo Bias,APP-00883,EV-3d775be554bc,joined_on_time,False,MODEL_APPLIED_FROM_CALIBRATED_FRAMEWORK
background_check,BM-001,Status Quo Bias,APP-00883,EV-00bf3fef389b,joined_on_time,False,MODEL_APPLIED_FROM_CALIBRATED_FRAMEWORK
background_check,BM-014,Confirmation Bias,APP-00883,EV-78347345862b,joined_on_time,False,MODEL_APPLIED_FROM_CALIBRATED_FRAMEWORK
onboarding_docs_sent,BM-014,Confirmation Bias,APP-00883,EV-3cc1e452e6ad,joined_on_time,False,MODEL_APPLIED_FROM_CALIBRATED_FRAMEWORK
background_check,BM-029,Uncertainty / Ambiguity Aversion,APP-00884,EV-5a696a350147,joined_on_time,False,MODEL_APPLIED_FROM_CALIBRATED_FRAMEWORK
background_check,BM-029,Uncertainty / Ambiguity Aversion,APP-00884,EV-774e5c397a68,joined_on_time,False,MODEL_APPLIED_FROM_CALIBRATED_FRAMEWORK
offer_accepted,BM-011,Reciprocity,APP-00885,EV-ad7b6b8a5a9c,accepted_no_show,True,MODEL_APPLIED_FROM_CALIBRATED_FRAMEWORK
offer_accepted,BM-018,Identity Signaling,APP-00885,EV-9b568d96329a,accepted_no_show,True,MODEL_APPLIED_FROM_CALIBRATED_FRAMEWORK
background_check,BM-011,Reciprocity,APP-00885,EV-2a85c02d6991,accepted_no_show,True,MODEL_APPLIED_FROM_CALIBRATED_FRAMEWORK
background_check,BM-018,Identity Signaling,APP-00885,EV-da9688f7591a,accepted_no_show,True,MODEL_APPLIED_FROM_CALIBRATED_FRAMEWORK
background_check,BM-020,Commitment / Consistency,APP-00885,EV-52397bbd1f60,accepted_no_show,True,MODEL_APPLIED_FROM_CALIBRATED_FRAMEWORK
onboarding_docs_sent,BM-020,Commitment / Consistency,APP-00885,EV-122b20d2d46c,accepted_no_show,True,MODEL_APPLIED_FROM_CALIBRATED_FRAMEWORK
offer_extended,BM-029,Uncertainty / Ambiguity Aversion,APP-00887,EV-b1b181c10443,accepted_no_show,True,MODEL_APPLIED_FROM_CALIBRATED_FRAMEWORK
offer_accepted,BM-029,Uncertainty / Ambiguity Aversion,APP-00887,EV-aad7fb20fcbf,accepted_no_show,True,MODEL_APPLIED_FROM_CALIBRATED_FRAMEWORK
onboarding_docs_sent,BM-029,Uncertainty / Ambiguity Aversion,APP-00887,EV-df45e60329d8,accepted_no_show,True,MODEL_APPLIED_FROM_CALIBRATED_FRAMEWORK
unknown,BM-006,Friction,APP-00888,EV-f6e6d5f5d911,joined_on_time,False,MODEL_APPLIED_FROM_CALIBRATED_FRAMEWORK
screened,BM-006,Friction,APP-00888,EV-8429ea968692,joined_on_time,False,MODEL_APPLIED_FROM_CALIBRATED_FRAMEWORK
client_interview_1,BM-006,Friction,APP-00888,EV-e2fe8951a3aa,joined_on_time,False,MODEL_APPLIED_FROM_CALIBRATED_FRAMEWORK
client_interview_1,BM-006,Friction,APP-00888,EV-a167479b43c2,joined_on_time,False,MODEL_APPLIED_FROM_CALIBRATED_FRAMEWORK
client_interview_1,BM-006,Friction,APP-00888,EV-3dba61a72c29,joined_on_time,False,MODEL_APPLIED_FROM_CALIBRATED_FRAMEWORK
background_check,BM-006,Friction,APP-00888,EV-b28bac710e0f,joined_on_time,False,MODEL_APPLIED_FROM_CALIBRATED_FRAMEWORK
submitted,BM-011,Reciprocity,APP-00889,EV-a1428c1c80ee,declined_offer,True,MODEL_APPLIED_FROM_CALIBRATED_FRAMEWORK
submitted,BM-011,Reciprocity,APP-00889,EV-e4f059e71c82,declined_offer,True,MODEL_APPLIED_FROM_CALIBRATED_FRAMEWORK
submitted,BM-029,Uncertainty / Ambiguity Aversion,APP-00889,EV-9259747dcf6f,declined_offer,True,HUMAN_REVIEWED
client_interview_1,BM-011,Reciprocity,APP-00889,EV-a6cd12afcd57,declined_offer,True,MODEL_APPLIED_FROM_CALIBRATED_FRAMEWORK
client_interview_1,BM-011,Reciprocity,APP-00889,EV-4ee1c0fe804c,declined_offer,True,MODEL_APPLIED_FROM_CALIBRATED_FRAMEWORK
offer_extended,BM-011,Reciprocity,APP-00889,EV-47526491c179,declined_offer,True,MODEL_APPLIED_FROM_CALIBRATED_FRAMEWORK
screened,BM-006,Friction,APP-00890,EV-6b0894b0f5c0,declined_offer,True,MODEL_APPLIED_FROM_CALIBRATED_FRAMEWORK
screened,BM-029,Uncertainty / Ambiguity Aversion,APP-00890,EV-bafa018c9749,declined_offer,True,MODEL_APPLIED_FROM_CALIBRATED_FRAMEWORK
screened,BM-006,Friction,APP-00890,EV-1330cdc45dcc,declined_offer,True,MODEL_APPLIED_FROM_CALIBRATED_FRAMEWORK
client_interview_1,BM-006,Friction,APP-00890,EV-e21193c1f966,declined_offer,True,MODEL_APPLIED_FROM_CALIBRATED_FRAMEWORK
client_interview_1,BM-029,Uncertainty / Ambiguity Aversion,APP-00890,EV-d8ae649cc01b,declined_offer,True,MODEL_APPLIED_FROM_CALIBRATED_FRAMEWORK
client_interview_1,BM-006,Friction,APP-00890,EV-16846ceac487,declined_offer,True,MODEL_APPLIED_FROM_CALIBRATED_FRAMEWORK
client_interview_1,BM-006,Friction,APP-00890,EV-5b90b56a642d,declined_offer,True,MODEL_APPLIED_FROM_CALIBRATED_FRAMEWORK
client_interview_1,BM-001,Status Quo Bias,APP-00890,EV-e77785a00ce3,declined_offer,True,HUMAN_REVIEWED
client_interview_1,BM-006,Friction,APP-00890,EV-9e1275d02a96,declined_offer,True,MODEL_APPLIED_FROM_CALIBRATED_FRAMEWORK
client_interview_1,BM-006,Friction,APP-00890,EV-bcb1839e2f6e,declined_offer,True,MODEL_APPLIED_FROM_CALIBRATED_FRAMEWORK
client_interview_1,BM-006,Friction,APP-00890,EV-25989b28952a,declined_offer,True,MODEL_APPLIED_FROM_CALIBRATED_FRAMEWORK
client_interview_1,BM-006,Friction,APP-00890,EV-6fd7ae99d915,declined_offer,True,MODEL_APPLIED_FROM_CALIBRATED_FRAMEWORK
client_interview_1,BM-006,Friction,APP-00890,EV-4d8f048289e8,declined_offer,True,MODEL_APPLIED_FROM_CALIBRATED_FRAMEWORK
client_interview_1,BM-006,Friction,APP-00896,EV-d7db3d2c85a4,withdrew_post_acceptance,True,MODEL_APPLIED_FROM_CALIBRATED_FRAMEWORK
client_interview_1,BM-011,Reciprocity,APP-00896,EV-22432313e013,withdrew_post_acceptance,True,MODEL_APPLIED_FROM_CALIBRATED_FRAMEWORK
client_interview_1,BM-011,Reciprocity,APP-00896,EV-49b6d16b7442,withdrew_post_acceptance,True,MODEL_APPLIED_FROM_CALIBRATED_FRAMEWORK
client_interview_1,BM-006,Friction,APP-00896,EV-25627d117365,withdrew_post_acceptance,True,MODEL_APPLIED_FROM_CALIBRATED_FRAMEWORK
offer_extended,BM-006,Friction,APP-00896,EV-7c95ae88f397,withdrew_post_acceptance,True,MODEL_APPLIED_FROM_CALIBRATED_FRAMEWORK
background_check,BM-006,Friction,APP-00896,EV-9f50ecfc5005,withdrew_post_acceptance,True,MODEL_APPLIED_FROM_CALIBRATED_FRAMEWORK
background_check,BM-011,Reciprocity,APP-00896,EV-97da7e09a660,withdrew_post_acceptance,True,MODEL_APPLIED_FROM_CALIBRATED_FRAMEWORK
screened,BM-006,Friction,APP-00901,EV-1ad322c4321d,joined_on_time,False,MODEL_APPLIED_FROM_CALIBRATED_FRAMEWORK
submitted,BM-006,Friction,APP-00901,EV-2ba92ae38a05,joined_on_time,False,MODEL_APPLIED_FROM_CALIBRATED_FRAMEWORK
offer_accepted,BM-006,Friction,APP-00901,EV-0972c82cae83,joined_on_time,False,MODEL_APPLIED_FROM_CALIBRATED_FRAMEWORK
offer_accepted,BM-023,Goal Gradient,APP-00901,EV-ebebea1d74fc,joined_on_time,False,MODEL_APPLIED_FROM_CALIBRATED_FRAMEWORK
submitted,BM-002,Loss Aversion,APP-00902,EV-51fefe7b2cde,joined_on_time,False,MODEL_APPLIED_FROM_CALIBRATED_FRAMEWORK
background_check,BM-029,Uncertainty / Ambiguity Aversion,APP-00902,EV-002c7619e37b,joined_on_time,False,MODEL_APPLIED_FROM_CALIBRATED_FRAMEWORK
background_check,BM-029,Uncertainty / Ambiguity Aversion,APP-00902,EV-1803c700c55e,joined_on_time,False,MODEL_APPLIED_FROM_CALIBRATED_FRAMEWORK
unknown,BM-020,Commitment / Consistency,APP-00904,EV-b9f8aafa83a2,declined_offer,True,MODEL_APPLIED_FROM_CALIBRATED_FRAMEWORK
unknown,BM-018,Identity Signaling,APP-00904,EV-d01e1a9a2bf8,declined_offer,True,MODEL_APPLIED_FROM_CALIBRATED_FRAMEWORK
client_interview_1,BM-020,Commitment / Consistency,APP-00904,EV-c09a7cda8d49,declined_offer,True,MODEL_APPLIED_FROM_CALIBRATED_FRAMEWORK
client_interview_1,BM-018,Identity Signaling,APP-00904,EV-9f6855c63600,declined_offer,True,MODEL_APPLIED_FROM_CALIBRATED_FRAMEWORK
client_interview_1,BM-006,Friction,APP-00905,EV-a4af8b022415,joined_on_time,False,MODEL_APPLIED_FROM_CALIBRATED_FRAMEWORK
client_interview_1,BM-006,Friction,APP-00905,EV-f7a80fc5208b,joined_on_time,False,MODEL_APPLIED_FROM_CALIBRATED_FRAMEWORK
offer_accepted,BM-006,Friction,APP-00905,EV-cf3e041e8e9b,joined_on_time,False,MODEL_APPLIED_FROM_CALIBRATED_FRAMEWORK
screened,BM-014,Confirmation Bias,APP-00906,EV-24d92efafd9a,declined_offer,True,MODEL_APPLIED_FROM_CALIBRATED_FRAMEWORK
submitted,BM-014,Confirmation Bias,APP-00906,EV-77d2fa2862d6,declined_offer,True,MODEL_APPLIED_FROM_CALIBRATED_FRAMEWORK
submitted,BM-014,Confirmation Bias,APP-00906,EV-c4bff04f275f,declined_offer,True,MODEL_APPLIED_FROM_CALIBRATED_FRAMEWORK
submitted,BM-014,Confirmation Bias,APP-00906,EV-9ed09a8ce767,declined_offer,True,MODEL_APPLIED_FROM_CALIBRATED_FRAMEWORK
submitted,BM-014,Confirmation Bias,APP-00906,EV-af26e26198c9,declined_offer,True,MODEL_APPLIED_FROM_CALIBRATED_FRAMEWORK
client_interview_1,BM-014,Confirmation Bias,APP-00906,EV-d77281b7fbb4,declined_offer,True,MODEL_APPLIED_FROM_CALIBRATED_FRAMEWORK
offer_extended,BM-014,Confirmation Bias,APP-00906,EV-10284ff3b6cf,declined_offer,True,MODEL_APPLIED_FROM_CALIBRATED_FRAMEWORK
onboarding_docs_sent,BM-029,Uncertainty / Ambiguity Aversion,APP-00908,EV-36b8f5bacc47,joined_late,False,MODEL_APPLIED_FROM_CALIBRATED_FRAMEWORK
unknown,BM-023,Goal Gradient,APP-00910,EV-48ad188c3b6b,withdrew_post_acceptance,True,MODEL_APPLIED_FROM_CALIBRATED_FRAMEWORK
screened,BM-023,Goal Gradient,APP-00910,EV-f28f28167e98,withdrew_post_acceptance,True,MODEL_APPLIED_FROM_CALIBRATED_FRAMEWORK
screened,BM-023,Goal Gradient,APP-00910,EV-df451dd991a3,withdrew_post_acceptance,True,MODEL_APPLIED_FROM_CALIBRATED_FRAMEWORK
submitted,BM-023,Goal Gradient,APP-00910,EV-8c38a15f596f,withdrew_post_acceptance,True,MODEL_APPLIED_FROM_CALIBRATED_FRAMEWORK
submitted,BM-023,Goal Gradient,APP-00910,EV-aa2e18c4030b,withdrew_post_acceptance,True,MODEL_APPLIED_FROM_CALIBRATED_FRAMEWORK
submitted,BM-023,Goal Gradient,APP-00910,EV-fff7a64f28f2,withdrew_post_acceptance,True,MODEL_APPLIED_FROM_CALIBRATED_FRAMEWORK
client_interview_1,BM-023,Goal Gradient,APP-00910,EV-c46d80100883,withdrew_post_acceptance,True,MODEL_APPLIED_FROM_CALIBRATED_FRAMEWORK
offer_extended,BM-023,Goal Gradient,APP-00910,EV-867854ad3134,withdrew_post_acceptance,True,MODEL_APPLIED_FROM_CALIBRATED_FRAMEWORK
offer_extended,BM-002,Loss Aversion,APP-00910,EV-4af681674a92,withdrew_post_acceptance,True,MODEL_APPLIED_FROM_CALIBRATED_FRAMEWORK
submitted,BM-002,Loss Aversion,APP-00911,EV-78f626527294,declined_offer,True,MODEL_APPLIED_FROM_CALIBRATED_FRAMEWORK
submitted,BM-002,Loss Aversion,APP-00911,EV-d4146e6c3b81,declined_offer,True,MODEL_APPLIED_FROM_CALIBRATED_FRAMEWORK
submitted,BM-023,Goal Gradient,APP-00913,EV-0a3fac0f9278,joined_on_time,False,MODEL_APPLIED_FROM_CALIBRATED_FRAMEWORK
offer_extended,BM-023,Goal Gradient,APP-00913,EV-ab66a9ffad27,joined_on_time,False,MODEL_APPLIED_FROM_CALIBRATED_FRAMEWORK
unknown,BM-011,Reciprocity,APP-00917,EV-bf60d084cfa3,joined_on_time,False,MODEL_APPLIED_FROM_CALIBRATED_FRAMEWORK
unknown,BM-018,Identity Signaling,APP-00917,EV-42cc76b5f4e4,joined_on_time,False,MODEL_APPLIED_FROM_CALIBRATED_FRAMEWORK
unknown,BM-020,Commitment / Consistency,APP-00917,EV-44d3ec27bb17,joined_on_time,False,MODEL_APPLIED_FROM_CALIBRATED_FRAMEWORK
onboarding_docs_sent,BM-020,Commitment / Consistency,APP-00917,EV-ad94eb5c6bca,joined_on_time,False,MODEL_APPLIED_FROM_CALIBRATED_FRAMEWORK
submitted,BM-029,Uncertainty / Ambiguity Aversion,APP-00918,EV-7c94e87dffa4,declined_offer,True,MODEL_APPLIED_FROM_CALIBRATED_FRAMEWORK
submitted,BM-029,Uncertainty / Ambiguity Aversion,APP-00918,EV-f629f7e35926,declined_offer,True,MODEL_APPLIED_FROM_CALIBRATED_FRAMEWORK
submitted,BM-002,Loss Aversion,APP-00918,EV-58e9a6cf02b4,declined_offer,True,MODEL_APPLIED_FROM_CALIBRATED_FRAMEWORK
client_interview_1,BM-029,Uncertainty / Ambiguity Aversion,APP-00919,EV-c4a7340bbd1e,joined_on_time,False,MODEL_APPLIED_FROM_CALIBRATED_FRAMEWORK
client_interview_1,BM-006,Friction,APP-00919,EV-8b9240e8bd4e,joined_on_time,False,MODEL_APPLIED_FROM_CALIBRATED_FRAMEWORK
offer_extended,BM-006,Friction,APP-00919,EV-9e78c6af59bd,joined_on_time,False,MODEL_APPLIED_FROM_CALIBRATED_FRAMEWORK
offer_extended,BM-006,Friction,APP-00919,EV-3bbfaa85d2de,joined_on_time,False,MODEL_APPLIED_FROM_CALIBRATED_FRAMEWORK
offer_extended,BM-006,Friction,APP-00919,EV-5d07f9c6fc21,joined_on_time,False,MODEL_APPLIED_FROM_CALIBRATED_FRAMEWORK
onboarding_docs_sent,BM-006,Friction,APP-00919,EV-aaa8ca031971,joined_on_time,False,MODEL_APPLIED_FROM_CALIBRATED_FRAMEWORK
unknown,BM-020,Commitment / Consistency,APP-00920,EV-16e23ef3611d,joined_on_time,False,MODEL_APPLIED_FROM_CALIBRATED_FRAMEWORK
submitted,BM-020,Commitment / Consistency,APP-00920,EV-a6f09c6d97b0,joined_on_time,False,MODEL_APPLIED_FROM_CALIBRATED_FRAMEWORK
submitted,BM-011,Reciprocity,APP-00920,EV-e6e2d0a50119,joined_on_time,False,MODEL_APPLIED_FROM_CALIBRATED_FRAMEWORK
submitted,BM-018,Identity Signaling,APP-00920,EV-ebb1585e6d65,joined_on_time,False,MODEL_APPLIED_FROM_CALIBRATED_FRAMEWORK
onboarding_docs_sent,BM-011,Reciprocity,APP-00920,EV-ebbb5ddc51cc,joined_on_time,False,MODEL_APPLIED_FROM_CALIBRATED_FRAMEWORK
onboarding_docs_sent,BM-018,Identity Signaling,APP-00920,EV-cca355e5685f,joined_on_time,False,MODEL_APPLIED_FROM_CALIBRATED_FRAMEWORK
submitted,BM-029,Uncertainty / Ambiguity Aversion,APP-00922,EV-cf75b0a98316,withdrew_post_acceptance,True,MODEL_APPLIED_FROM_CALIBRATED_FRAMEWORK
client_interview_1,BM-029,Uncertainty / Ambiguity Aversion,APP-00922,EV-ea45e664ff8c,withdrew_post_acceptance,True,MODEL_APPLIED_FROM_CALIBRATED_FRAMEWORK
client_interview_1,BM-029,Uncertainty / Ambiguity Aversion,APP-00922,EV-fd6f32815793,withdrew_post_acceptance,True,MODEL_APPLIED_FROM_CALIBRATED_FRAMEWORK
offer_accepted,BM-029,Uncertainty / Ambiguity Aversion,APP-00922,EV-74e16da868a1,withdrew_post_acceptance,True,MODEL_APPLIED_FROM_CALIBRATED_FRAMEWORK
offer_accepted,BM-029,Uncertainty / Ambiguity Aversion,APP-00922,EV-cd59433bb08e,withdrew_post_acceptance,True,MODEL_APPLIED_FROM_CALIBRATED_FRAMEWORK
background_check,BM-029,Uncertainty / Ambiguity Aversion,APP-00922,EV-cff80acb9829,withdrew_post_acceptance,True,MODEL_APPLIED_FROM_CALIBRATED_FRAMEWORK
background_check,BM-029,Uncertainty / Ambiguity Aversion,APP-00922,EV-8641bec2dce0,withdrew_post_acceptance,True,MODEL_APPLIED_FROM_CALIBRATED_FRAMEWORK
background_check,BM-029,Uncertainty / Ambiguity Aversion,APP-00922,EV-f8a58c57455e,withdrew_post_acceptance,True,HUMAN_REVIEWED
background_check,BM-029,Uncertainty / Ambiguity Aversion,APP-00922,EV-3b7a9bf36602,withdrew_post_acceptance,True,MODEL_APPLIED_FROM_CALIBRATED_FRAMEWORK
background_check,BM-029,Uncertainty / Ambiguity Aversion,APP-00922,EV-8cb3ce6fb842,withdrew_post_acceptance,True,MODEL_APPLIED_FROM_CALIBRATED_FRAMEWORK
offer_accepted,BM-002,Loss Aversion,APP-00926,EV-a5d616ba3ab1,joined_on_time,False,MODEL_APPLIED_FROM_CALIBRATED_FRAMEWORK
onboarding_docs_sent,BM-029,Uncertainty / Ambiguity Aversion,APP-00926,EV-088ef6ca4622,joined_on_time,False,MODEL_APPLIED_FROM_CALIBRATED_FRAMEWORK
onboarding_docs_sent,BM-029,Uncertainty / Ambiguity Aversion,APP-00926,EV-437279c47b01,joined_on_time,False,MODEL_APPLIED_FROM_CALIBRATED_FRAMEWORK
submitted,BM-029,Uncertainty / Ambiguity Aversion,APP-00927,EV-c0cce55c08f2,joined_late,False,MODEL_APPLIED_FROM_CALIBRATED_FRAMEWORK
submitted,BM-023,Goal Gradient,APP-00927,EV-51c2dbd8e338,joined_late,False,MODEL_APPLIED_FROM_CALIBRATED_FRAMEWORK
client_interview_2,BM-001,Status Quo Bias,APP-00927,EV-659d99ba545a,joined_late,False,MODEL_APPLIED_FROM_CALIBRATED_FRAMEWORK
offer_extended,BM-001,Status Quo Bias,APP-00927,EV-443a7c4acfff,joined_late,False,MODEL_APPLIED_FROM_CALIBRATED_FRAMEWORK
background_check,BM-001,Status Quo Bias,APP-00927,EV-72482188af75,joined_late,False,MODEL_APPLIED_FROM_CALIBRATED_FRAMEWORK
background_check,BM-001,Status Quo Bias,APP-00927,EV-610ffb935228,joined_late,False,MODEL_APPLIED_FROM_CALIBRATED_FRAMEWORK
background_check,BM-001,Status Quo Bias,APP-00927,EV-d84dc2816740,joined_late,False,MODEL_APPLIED_FROM_CALIBRATED_FRAMEWORK
background_check,BM-029,Uncertainty / Ambiguity Aversion,APP-00927,EV-04a48025d804,joined_late,False,MODEL_APPLIED_FROM_CALIBRATED_FRAMEWORK
background_check,BM-023,Goal Gradient,APP-00927,EV-cae0e113de86,joined_late,False,MODEL_APPLIED_FROM_CALIBRATED_FRAMEWORK
submitted,BM-011,Reciprocity,APP-00928,EV-f0dd62c530fa,declined_offer,True,MODEL_APPLIED_FROM_CALIBRATED_FRAMEWORK
submitted,BM-011,Reciprocity,APP-00928,EV-f7718981600c,declined_offer,True,MODEL_APPLIED_FROM_CALIBRATED_FRAMEWORK
offer_extended,BM-011,Reciprocity,APP-00929,EV-8647d9d65b77,joined_late,False,MODEL_APPLIED_FROM_CALIBRATED_FRAMEWORK
offer_accepted,BM-011,Reciprocity,APP-00929,EV-0aac559bfff1,joined_late,False,MODEL_APPLIED_FROM_CALIBRATED_FRAMEWORK
offer_accepted,BM-018,Identity Signaling,APP-00929,EV-d176181a7e92,joined_late,False,MODEL_APPLIED_FROM_CALIBRATED_FRAMEWORK
unknown,BM-006,Friction,APP-00931,EV-01f560aa8f9a,joined_on_time,False,MODEL_APPLIED_FROM_CALIBRATED_FRAMEWORK
client_interview_1,BM-006,Friction,APP-00931,EV-9aea51822fff,joined_on_time,False,MODEL_APPLIED_FROM_CALIBRATED_FRAMEWORK
client_interview_1,BM-006,Friction,APP-00931,EV-282f03c557fc,joined_on_time,False,MODEL_APPLIED_FROM_CALIBRATED_FRAMEWORK
offer_extended,BM-006,Friction,APP-00931,EV-dd64175756a5,joined_on_time,False,MODEL_APPLIED_FROM_CALIBRATED_FRAMEWORK
background_check,BM-006,Friction,APP-00931,EV-00eb9cbc16a8,joined_on_time,False,MODEL_APPLIED_FROM_CALIBRATED_FRAMEWORK
background_check,BM-020,Commitment / Consistency,APP-00933,EV-190cba5f84d1,joined_on_time,False,MODEL_APPLIED_FROM_CALIBRATED_FRAMEWORK
submitted,BM-006,Friction,APP-00934,EV-e1ae391b2548,joined_late,False,MODEL_APPLIED_FROM_CALIBRATED_FRAMEWORK
submitted,BM-011,Reciprocity,APP-00934,EV-e591181fa99c,joined_late,False,MODEL_APPLIED_FROM_CALIBRATED_FRAMEWORK
client_interview_2,BM-006,Friction,APP-00934,EV-6f7e53495613,joined_late,False,MODEL_APPLIED_FROM_CALIBRATED_FRAMEWORK
client_interview_2,BM-006,Friction,APP-00934,EV-778b4e5353bd,joined_late,False,MODEL_APPLIED_FROM_CALIBRATED_FRAMEWORK
client_interview_2,BM-006,Friction,APP-00934,EV-d42e9c78e0b2,joined_late,False,MODEL_APPLIED_FROM_CALIBRATED_FRAMEWORK
client_interview_2,BM-006,Friction,APP-00934,EV-8de12d08eb8f,joined_late,False,MODEL_APPLIED_FROM_CALIBRATED_FRAMEWORK
client_interview_2,BM-006,Friction,APP-00934,EV-4981764ec8b2,joined_late,False,MODEL_APPLIED_FROM_CALIBRATED_FRAMEWORK
client_interview_2,BM-006,Friction,APP-00934,EV-72fb7647fe3a,joined_late,False,MODEL_APPLIED_FROM_CALIBRATED_FRAMEWORK
offer_accepted,BM-006,Friction,APP-00934,EV-d53bd58a2537,joined_late,False,MODEL_APPLIED_FROM_CALIBRATED_FRAMEWORK
onboarding_docs_sent,BM-006,Friction,APP-00934,EV-1a502bfe0644,joined_late,False,MODEL_APPLIED_FROM_CALIBRATED_FRAMEWORK
onboarding_docs_sent,BM-006,Friction,APP-00934,EV-ffe18e02ebd8,joined_late,False,MODEL_APPLIED_FROM_CALIBRATED_FRAMEWORK
onboarding_docs_sent,BM-006,Friction,APP-00934,EV-5cb19604fc1d,joined_late,False,MODEL_APPLIED_FROM_CALIBRATED_FRAMEWORK
onboarding_docs_sent,BM-006,Friction,APP-00934,EV-add1dc82c18d,joined_late,False,MODEL_APPLIED_FROM_CALIBRATED_FRAMEWORK
onboarding_docs_sent,BM-006,Friction,APP-00934,EV-f0116c9418db,joined_late,False,MODEL_APPLIED_FROM_CALIBRATED_FRAMEWORK
unknown,BM-029,Uncertainty / Ambiguity Aversion,APP-00936,EV-c8de1e59f090,rejected_by_client,True,MODEL_APPLIED_FROM_CALIBRATED_FRAMEWORK
unknown,BM-005,Choice Overload,APP-00936,EV-2a82cf32598a,rejected_by_client,True,MODEL_APPLIED_FROM_CALIBRATED_FRAMEWORK
submitted,BM-005,Choice Overload,APP-00936,EV-6e2b27fb04b5,rejected_by_client,True,MODEL_APPLIED_FROM_CALIBRATED_FRAMEWORK
submitted,BM-005,Choice Overload,APP-00936,EV-396f4675ab23,rejected_by_client,True,MODEL_APPLIED_FROM_CALIBRATED_FRAMEWORK
offer_extended,BM-005,Choice Overload,APP-00936,EV-036695ae5525,rejected_by_client,True,MODEL_APPLIED_FROM_CALIBRATED_FRAMEWORK
offer_accepted,BM-005,Choice Overload,APP-00936,EV-3dce5d99895c,rejected_by_client,True,MODEL_APPLIED_FROM_CALIBRATED_FRAMEWORK
offer_accepted,BM-005,Choice Overload,APP-00936,EV-ecc250989cc6,rejected_by_client,True,MODEL_APPLIED_FROM_CALIBRATED_FRAMEWORK
offer_accepted,BM-029,Uncertainty / Ambiguity Aversion,APP-00936,EV-7976f438731b,rejected_by_client,True,MODEL_APPLIED_FROM_CALIBRATED_FRAMEWORK
offer_accepted,BM-005,Choice Overload,APP-00936,EV-be43702d2634,rejected_by_client,True,MODEL_APPLIED_FROM_CALIBRATED_FRAMEWORK
submitted,BM-023,Goal Gradient,APP-00937,EV-7618622f1890,joined_on_time,False,MODEL_APPLIED_FROM_CALIBRATED_FRAMEWORK
offer_extended,BM-023,Goal Gradient,APP-00937,EV-5aab080d9874,joined_on_time,False,MODEL_APPLIED_FROM_CALIBRATED_FRAMEWORK
offer_accepted,BM-023,Goal Gradient,APP-00937,EV-e7e6ee000144,joined_on_time,False,MODEL_APPLIED_FROM_CALIBRATED_FRAMEWORK
offer_accepted,BM-023,Goal Gradient,APP-00937,EV-7cadbbce8ec0,joined_on_time,False,MODEL_APPLIED_FROM_CALIBRATED_FRAMEWORK
onboarding_docs_sent,BM-023,Goal Gradient,APP-00937,EV-b806a2c7c552,joined_on_time,False,MODEL_APPLIED_FROM_CALIBRATED_FRAMEWORK
screened,BM-029,Uncertainty / Ambiguity Aversion,APP-00938,EV-5add79ca0087,joined_on_time,False,MODEL_APPLIED_FROM_CALIBRATED_FRAMEWORK
client_interview_1,BM-029,Uncertainty / Ambiguity Aversion,APP-00938,EV-fb70cad8e70e,joined_on_time,False,MODEL_APPLIED_FROM_CALIBRATED_FRAMEWORK
offer_extended,BM-029,Uncertainty / Ambiguity Aversion,APP-00938,EV-3d34dc2dedcc,joined_on_time,False,MODEL_APPLIED_FROM_CALIBRATED_FRAMEWORK
client_interview_1,BM-018,Identity Signaling,APP-00939,EV-934486090927,joined_on_time,False,MODEL_APPLIED_FROM_CALIBRATED_FRAMEWORK
submitted,BM-020,Commitment / Consistency,APP-00939,EV-539ac020f7e7,joined_on_time,False,MODEL_APPLIED_FROM_CALIBRATED_FRAMEWORK
submitted,BM-018,Identity Signaling,APP-00939,EV-2eb8051ea38d,joined_on_time,False,MODEL_APPLIED_FROM_CALIBRATED_FRAMEWORK
submitted,BM-018,Identity Signaling,APP-00939,EV-161100e93254,joined_on_time,False,MODEL_APPLIED_FROM_CALIBRATED_FRAMEWORK
offer_accepted,BM-018,Identity Signaling,APP-00939,EV-68b394805071,joined_on_time,False,MODEL_APPLIED_FROM_CALIBRATED_FRAMEWORK
screened,BM-006,Friction,APP-00940,EV-7e668da917cc,joined_late,False,MODEL_APPLIED_FROM_CALIBRATED_FRAMEWORK
submitted,BM-006,Friction,APP-00940,EV-586682fc32be,joined_late,False,MODEL_APPLIED_FROM_CALIBRATED_FRAMEWORK
client_interview_1,BM-006,Friction,APP-00940,EV-ca6a6fd2dafd,joined_late,False,MODEL_APPLIED_FROM_CALIBRATED_FRAMEWORK
client_interview_1,BM-006,Friction,APP-00940,EV-d77c73a1f735,joined_late,False,MODEL_APPLIED_FROM_CALIBRATED_FRAMEWORK
client_interview_2,BM-006,Friction,APP-00940,EV-3e79b36343d4,joined_late,False,MODEL_APPLIED_FROM_CALIBRATED_FRAMEWORK
client_interview_2,BM-006,Friction,APP-00940,EV-b2e51f31a543,joined_late,False,MODEL_APPLIED_FROM_CALIBRATED_FRAMEWORK
client_interview_2,BM-006,Friction,APP-00940,EV-c18cd521c428,joined_late,False,MODEL_APPLIED_FROM_CALIBRATED_FRAMEWORK
client_interview_2,BM-006,Friction,APP-00940,EV-2d336d98f064,joined_late,False,MODEL_APPLIED_FROM_CALIBRATED_FRAMEWORK
background_check,BM-006,Friction,APP-00940,EV-16f1ed234aa8,joined_late,False,MODEL_APPLIED_FROM_CALIBRATED_FRAMEWORK
onboarding_docs_sent,BM-006,Friction,APP-00940,EV-acc7b5291b2f,joined_late,False,MODEL_APPLIED_FROM_CALIBRATED_FRAMEWORK
onboarding_docs_sent,BM-006,Friction,APP-00940,EV-4cc06aeb5fe0,joined_late,False,MODEL_APPLIED_FROM_CALIBRATED_FRAMEWORK
onboarding_docs_sent,BM-006,Friction,APP-00940,EV-9c39909de450,joined_late,False,MODEL_APPLIED_FROM_CALIBRATED_FRAMEWORK
onboarding_docs_sent,BM-006,Friction,APP-00940,EV-16430e2a0da7,joined_late,False,MODEL_APPLIED_FROM_CALIBRATED_FRAMEWORK
unknown,BM-001,Status Quo Bias,APP-00941,EV-8c21d6456328,declined_offer,True,MODEL_APPLIED_FROM_CALIBRATED_FRAMEWORK
unknown,BM-029,Uncertainty / Ambiguity Aversion,APP-00941,EV-7cca9e23a3f8,declined_offer,True,MODEL_APPLIED_FROM_CALIBRATED_FRAMEWORK
client_interview_1,BM-001,Status Quo Bias,APP-00941,EV-041f2a81ae2e,declined_offer,True,MODEL_APPLIED_FROM_CALIBRATED_FRAMEWORK
offer_extended,BM-029,Uncertainty / Ambiguity Aversion,APP-00941,EV-f993ffd64472,declined_offer,True,MODEL_APPLIED_FROM_CALIBRATED_FRAMEWORK
offer_extended,BM-001,Status Quo Bias,APP-00941,EV-d65e18054e7f,declined_offer,True,MODEL_APPLIED_FROM_CALIBRATED_FRAMEWORK
offer_extended,BM-001,Status Quo Bias,APP-00941,EV-99c41f2f337a,declined_offer,True,MODEL_APPLIED_FROM_CALIBRATED_FRAMEWORK
screened,BM-001,Status Quo Bias,APP-00942,EV-9496a9f3efe0,joined_on_time,False,MODEL_APPLIED_FROM_CALIBRATED_FRAMEWORK
offer_extended,BM-001,Status Quo Bias,APP-00942,EV-d2d86a67bef0,joined_on_time,False,MODEL_APPLIED_FROM_CALIBRATED_FRAMEWORK
offer_extended,BM-014,Confirmation Bias,APP-00942,EV-97ae9b295d39,joined_on_time,False,MODEL_APPLIED_FROM_CALIBRATED_FRAMEWORK
offer_accepted,BM-001,Status Quo Bias,APP-00942,EV-3c96930f1ee6,joined_on_time,False,MODEL_APPLIED_FROM_CALIBRATED_FRAMEWORK
offer_accepted,BM-014,Confirmation Bias,APP-00942,EV-49dcb8bc22dc,joined_on_time,False,MODEL_APPLIED_FROM_CALIBRATED_FRAMEWORK
client_interview_1,BM-006,Friction,APP-00943,EV-40f92a3c9b81,joined_late,False,MODEL_APPLIED_FROM_CALIBRATED_FRAMEWORK
screened,BM-023,Goal Gradient,APP-00948,EV-866d7f3a591a,rejected_by_client,True,MODEL_APPLIED_FROM_CALIBRATED_FRAMEWORK
offer_extended,BM-023,Goal Gradient,APP-00948,EV-aa7c119637c2,rejected_by_client,True,MODEL_APPLIED_FROM_CALIBRATED_FRAMEWORK
client_interview_1,BM-023,Goal Gradient,APP-00949,EV-60fd5419e840,declined_offer,True,MODEL_APPLIED_FROM_CALIBRATED_FRAMEWORK
screened,BM-006,Friction,APP-00953,EV-fca6c2e673a1,declined_offer,True,MODEL_APPLIED_FROM_CALIBRATED_FRAMEWORK
screened,BM-006,Friction,APP-00953,EV-79bb1d1fca0e,declined_offer,True,MODEL_APPLIED_FROM_CALIBRATED_FRAMEWORK
screened,BM-006,Friction,APP-00953,EV-ae9513e5dd9c,declined_offer,True,MODEL_APPLIED_FROM_CALIBRATED_FRAMEWORK
screened,BM-006,Friction,APP-00953,EV-86cecdfa57d5,declined_offer,True,MODEL_APPLIED_FROM_CALIBRATED_FRAMEWORK
submitted,BM-006,Friction,APP-00953,EV-1962996ce8b3,declined_offer,True,HUMAN_REVIEWED
submitted,BM-006,Friction,APP-00953,EV-46f9bc3a0714,declined_offer,True,MODEL_APPLIED_FROM_CALIBRATED_FRAMEWORK
submitted,BM-006,Friction,APP-00953,EV-49dbc472175f,declined_offer,True,MODEL_APPLIED_FROM_CALIBRATED_FRAMEWORK
client_interview_1,BM-023,Goal Gradient,APP-00953,EV-5bf74f7ca2ec,declined_offer,True,MODEL_APPLIED_FROM_CALIBRATED_FRAMEWORK
client_interview_1,BM-006,Friction,APP-00953,EV-eced001338ed,declined_offer,True,MODEL_APPLIED_FROM_CALIBRATED_FRAMEWORK
submitted,BM-029,Uncertainty / Ambiguity Aversion,APP-00955,EV-edebc421e499,declined_offer,True,MODEL_APPLIED_FROM_CALIBRATED_FRAMEWORK
submitted,BM-005,Choice Overload,APP-00957,EV-12cd62d044b5,joined_on_time,False,MODEL_APPLIED_FROM_CALIBRATED_FRAMEWORK
submitted,BM-005,Choice Overload,APP-00957,EV-0ea303754343,joined_on_time,False,MODEL_APPLIED_FROM_CALIBRATED_FRAMEWORK
client_interview_1,BM-029,Uncertainty / Ambiguity Aversion,APP-00957,EV-c18e7770c821,joined_on_time,False,MODEL_APPLIED_FROM_CALIBRATED_FRAMEWORK
client_interview_1,BM-005,Choice Overload,APP-00957,EV-602b3affb376,joined_on_time,False,MODEL_APPLIED_FROM_CALIBRATED_FRAMEWORK
client_interview_1,BM-029,Uncertainty / Ambiguity Aversion,APP-00957,EV-7885e86d667a,joined_on_time,False,MODEL_APPLIED_FROM_CALIBRATED_FRAMEWORK
client_interview_1,BM-005,Choice Overload,APP-00957,EV-52f4538bb0a5,joined_on_time,False,MODEL_APPLIED_FROM_CALIBRATED_FRAMEWORK
offer_extended,BM-005,Choice Overload,APP-00957,EV-925496ca042e,joined_on_time,False,MODEL_APPLIED_FROM_CALIBRATED_FRAMEWORK
background_check,BM-029,Uncertainty / Ambiguity Aversion,APP-00957,EV-addd8fde314e,joined_on_time,False,MODEL_APPLIED_FROM_CALIBRATED_FRAMEWORK
background_check,BM-005,Choice Overload,APP-00957,EV-d952aa48dfe9,joined_on_time,False,MODEL_APPLIED_FROM_CALIBRATED_FRAMEWORK
background_check,BM-005,Choice Overload,APP-00957,EV-2838f8688d24,joined_on_time,False,MODEL_APPLIED_FROM_CALIBRATED_FRAMEWORK
background_check,BM-005,Choice Overload,APP-00957,EV-c5db4e47dc44,joined_on_time,False,MODEL_APPLIED_FROM_CALIBRATED_FRAMEWORK
client_interview_1,BM-011,Reciprocity,APP-00959,EV-1eca79179793,joined_on_time,False,MODEL_APPLIED_FROM_CALIBRATED_FRAMEWORK
offer_accepted,BM-011,Reciprocity,APP-00959,EV-93f2ae17b9a8,joined_on_time,False,MODEL_APPLIED_FROM_CALIBRATED_FRAMEWORK
offer_accepted,BM-018,Identity Signaling,APP-00959,EV-26b77a667803,joined_on_time,False,MODEL_APPLIED_FROM_CALIBRATED_FRAMEWORK
background_check,BM-011,Reciprocity,APP-00959,EV-80200ba3b522,joined_on_time,False,MODEL_APPLIED_FROM_CALIBRATED_FRAMEWORK
background_check,BM-018,Identity Signaling,APP-00959,EV-32043c146ebb,joined_on_time,False,MODEL_APPLIED_FROM_CALIBRATED_FRAMEWORK
submitted,BM-029,Uncertainty / Ambiguity Aversion,APP-00960,EV-f5363f790dae,joined_on_time,False,MODEL_APPLIED_FROM_CALIBRATED_FRAMEWORK
offer_extended,BM-029,Uncertainty / Ambiguity Aversion,APP-00960,EV-c97443508e1a,joined_on_time,False,HUMAN_REVIEWED
offer_accepted,BM-029,Uncertainty / Ambiguity Aversion,APP-00960,EV-c53b112c4af5,joined_on_time,False,MODEL_APPLIED_FROM_CALIBRATED_FRAMEWORK
onboarding_docs_sent,BM-029,Uncertainty / Ambiguity Aversion,APP-00960,EV-e5377fbbe9e9,joined_on_time,False,MODEL_APPLIED_FROM_CALIBRATED_FRAMEWORK
screened,BM-001,Status Quo Bias,APP-00961,EV-09c6b4f6e968,withdrew_post_acceptance,True,MODEL_APPLIED_FROM_CALIBRATED_FRAMEWORK
unknown,BM-011,Reciprocity,APP-00965,EV-176aa88a1df4,joined_on_time,False,MODEL_APPLIED_FROM_CALIBRATED_FRAMEWORK
screened,BM-011,Reciprocity,APP-00965,EV-f2395ab1b02c,joined_on_time,False,MODEL_APPLIED_FROM_CALIBRATED_FRAMEWORK
client_interview_1,BM-011,Reciprocity,APP-00965,EV-8645c106e090,joined_on_time,False,MODEL_APPLIED_FROM_CALIBRATED_FRAMEWORK
offer_extended,BM-011,Reciprocity,APP-00965,EV-1413b5347779,joined_on_time,False,MODEL_APPLIED_FROM_CALIBRATED_FRAMEWORK
offer_accepted,BM-011,Reciprocity,APP-00965,EV-366b0faa0793,joined_on_time,False,MODEL_APPLIED_FROM_CALIBRATED_FRAMEWORK
screened,BM-001,Status Quo Bias,APP-00966,EV-780bdc7cecbf,withdrew_post_acceptance,True,MODEL_APPLIED_FROM_CALIBRATED_FRAMEWORK
screened,BM-014,Confirmation Bias,APP-00966,EV-1c715bbb2ae6,withdrew_post_acceptance,True,MODEL_APPLIED_FROM_CALIBRATED_FRAMEWORK
submitted,BM-001,Status Quo Bias,APP-00966,EV-f4e7b78c8c4c,withdrew_post_acceptance,True,MODEL_APPLIED_FROM_CALIBRATED_FRAMEWORK
submitted,BM-001,Status Quo Bias,APP-00966,EV-9fdcf64237fa,withdrew_post_acceptance,True,MODEL_APPLIED_FROM_CALIBRATED_FRAMEWORK
submitted,BM-001,Status Quo Bias,APP-00966,EV-577ca6ba8f53,withdrew_post_acceptance,True,MODEL_APPLIED_FROM_CALIBRATED_FRAMEWORK
offer_accepted,BM-014,Confirmation Bias,APP-00966,EV-3fa9bee8bbc7,withdrew_post_acceptance,True,MODEL_APPLIED_FROM_CALIBRATED_FRAMEWORK
background_check,BM-001,Status Quo Bias,APP-00966,EV-2b0b8badcace,withdrew_post_acceptance,True,MODEL_APPLIED_FROM_CALIBRATED_FRAMEWORK
client_interview_1,BM-023,Goal Gradient,APP-00967,EV-366a9fb87a3e,joined_on_time,False,MODEL_APPLIED_FROM_CALIBRATED_FRAMEWORK
offer_accepted,BM-023,Goal Gradient,APP-00967,EV-decd01658e50,joined_on_time,False,MODEL_APPLIED_FROM_CALIBRATED_FRAMEWORK
background_check,BM-023,Goal Gradient,APP-00967,EV-a768ac0226c5,joined_on_time,False,MODEL_APPLIED_FROM_CALIBRATED_FRAMEWORK
background_check,BM-001,Status Quo Bias,APP-00967,EV-2b72e5b5bdf1,joined_on_time,False,MODEL_APPLIED_FROM_CALIBRATED_FRAMEWORK
background_check,BM-001,Status Quo Bias,APP-00967,EV-f75dac7f1df5,joined_on_time,False,MODEL_APPLIED_FROM_CALIBRATED_FRAMEWORK
background_check,BM-029,Uncertainty / Ambiguity Aversion,APP-00968,EV-a9d1d5bdfb45,joined_on_time,False,MODEL_APPLIED_FROM_CALIBRATED_FRAMEWORK
background_check,BM-023,Goal Gradient,APP-00968,EV-f14d0fd8f1e6,joined_on_time,False,MODEL_APPLIED_FROM_CALIBRATED_FRAMEWORK
background_check,BM-001,Status Quo Bias,APP-00968,EV-2be940f8fbc2,joined_on_time,False,MODEL_APPLIED_FROM_CALIBRATED_FRAMEWORK
background_check,BM-001,Status Quo Bias,APP-00968,EV-8f5525229c11,joined_on_time,False,HUMAN_REVIEWED
screened,BM-001,Status Quo Bias,APP-00969,EV-ac80e7205223,declined_offer,True,MODEL_APPLIED_FROM_CALIBRATED_FRAMEWORK
screened,BM-001,Status Quo Bias,APP-00969,EV-be9e552c95e4,declined_offer,True,MODEL_APPLIED_FROM_CALIBRATED_FRAMEWORK
screened,BM-010,Endowment Effect,APP-00969,EV-d17478f6a097,declined_offer,True,HUMAN_REVIEWED
client_interview_1,BM-001,Status Quo Bias,APP-00969,EV-696178d01fd9,declined_offer,True,MODEL_APPLIED_FROM_CALIBRATED_FRAMEWORK
client_interview_1,BM-001,Status Quo Bias,APP-00969,EV-a5529594ed94,declined_offer,True,MODEL_APPLIED_FROM_CALIBRATED_FRAMEWORK
client_interview_1,BM-029,Uncertainty / Ambiguity Aversion,APP-00969,EV-de17770fb698,declined_offer,True,MODEL_APPLIED_FROM_CALIBRATED_FRAMEWORK
client_interview_1,BM-029,Uncertainty / Ambiguity Aversion,APP-00969,EV-fa7ada2537a3,declined_offer,True,MODEL_APPLIED_FROM_CALIBRATED_FRAMEWORK
client_interview_1,BM-001,Status Quo Bias,APP-00969,EV-e4835218537a,declined_offer,True,MODEL_APPLIED_FROM_CALIBRATED_FRAMEWORK
offer_accepted,BM-006,Friction,APP-00970,EV-92d7a972cf08,joined_on_time,False,MODEL_APPLIED_FROM_CALIBRATED_FRAMEWORK
onboarding_docs_sent,BM-006,Friction,APP-00970,EV-d23df8e38c61,joined_on_time,False,MODEL_APPLIED_FROM_CALIBRATED_FRAMEWORK
unknown,BM-001,Status Quo Bias,APP-00972,EV-ff2cc930c370,declined_offer,True,MODEL_APPLIED_FROM_CALIBRATED_FRAMEWORK
screened,BM-001,Status Quo Bias,APP-00972,EV-d3567a34a19c,declined_offer,True,MODEL_APPLIED_FROM_CALIBRATED_FRAMEWORK
submitted,BM-001,Status Quo Bias,APP-00972,EV-b4b70b2a6902,declined_offer,True,MODEL_APPLIED_FROM_CALIBRATED_FRAMEWORK
submitted,BM-001,Status Quo Bias,APP-00972,EV-a6d5fb5852f8,declined_offer,True,MODEL_APPLIED_FROM_CALIBRATED_FRAMEWORK
offer_extended,BM-001,Status Quo Bias,APP-00972,EV-94d045a7c5e9,declined_offer,True,MODEL_APPLIED_FROM_CALIBRATED_FRAMEWORK
unknown,BM-006,Friction,APP-00974,EV-5c36d04ad4fb,joined_on_time,False,MODEL_APPLIED_FROM_CALIBRATED_FRAMEWORK
offer_extended,BM-006,Friction,APP-00974,EV-ae363a0db7f9,joined_on_time,False,MODEL_APPLIED_FROM_CALIBRATED_FRAMEWORK
offer_accepted,BM-006,Friction,APP-00974,EV-c36e676ae297,joined_on_time,False,MODEL_APPLIED_FROM_CALIBRATED_FRAMEWORK
offer_accepted,BM-006,Friction,APP-00974,EV-97d691a629bb,joined_on_time,False,MODEL_APPLIED_FROM_CALIBRATED_FRAMEWORK
background_check,BM-006,Friction,APP-00974,EV-5a305013427f,joined_on_time,False,MODEL_APPLIED_FROM_CALIBRATED_FRAMEWORK
background_check,BM-006,Friction,APP-00974,EV-b092765d4836,joined_on_time,False,MODEL_APPLIED_FROM_CALIBRATED_FRAMEWORK
background_check,BM-006,Friction,APP-00974,EV-e1b6c456df15,joined_on_time,False,HUMAN_REVIEWED
onboarding_docs_sent,BM-006,Friction,APP-00974,EV-c7b693a1ada7,joined_on_time,False,MODEL_APPLIED_FROM_CALIBRATED_FRAMEWORK
onboarding_docs_sent,BM-006,Friction,APP-00974,EV-aa1660593f3c,joined_on_time,False,MODEL_APPLIED_FROM_CALIBRATED_FRAMEWORK
submitted,BM-001,Status Quo Bias,APP-00976,EV-4cdfd33872ca,withdrew_post_acceptance,True,MODEL_APPLIED_FROM_CALIBRATED_FRAMEWORK
client_interview_1,BM-001,Status Quo Bias,APP-00976,EV-c10945522b8e,withdrew_post_acceptance,True,MODEL_APPLIED_FROM_CALIBRATED_FRAMEWORK
client_interview_1,BM-001,Status Quo Bias,APP-00976,EV-3a0cbf553962,withdrew_post_acceptance,True,MODEL_APPLIED_FROM_CALIBRATED_FRAMEWORK
client_interview_1,BM-001,Status Quo Bias,APP-00976,EV-aa58e6fa7dd4,withdrew_post_acceptance,True,MODEL_APPLIED_FROM_CALIBRATED_FRAMEWORK
background_check,BM-029,Uncertainty / Ambiguity Aversion,APP-00976,EV-dbce8914263d,withdrew_post_acceptance,True,MODEL_APPLIED_FROM_CALIBRATED_FRAMEWORK
background_check,BM-029,Uncertainty / Ambiguity Aversion,APP-00976,EV-0a375816c524,withdrew_post_acceptance,True,MODEL_APPLIED_FROM_CALIBRATED_FRAMEWORK
submitted,BM-014,Confirmation Bias,APP-00979,EV-fefd2b73019d,withdrew_post_acceptance,True,MODEL_APPLIED_FROM_CALIBRATED_FRAMEWORK
submitted,BM-014,Confirmation Bias,APP-00979,EV-28567d83b2f3,withdrew_post_acceptance,True,MODEL_APPLIED_FROM_CALIBRATED_FRAMEWORK
submitted,BM-014,Confirmation Bias,APP-00979,EV-ba4120130fa0,withdrew_post_acceptance,True,MODEL_APPLIED_FROM_CALIBRATED_FRAMEWORK
submitted,BM-014,Confirmation Bias,APP-00979,EV-f9f763124278,withdrew_post_acceptance,True,MODEL_APPLIED_FROM_CALIBRATED_FRAMEWORK
offer_accepted,BM-023,Goal Gradient,APP-00980,EV-26626172cc84,accepted_no_show,True,MODEL_APPLIED_FROM_CALIBRATED_FRAMEWORK
background_check,BM-006,Friction,APP-00980,EV-01661b50f5c5,accepted_no_show,True,MODEL_APPLIED_FROM_CALIBRATED_FRAMEWORK
background_check,BM-006,Friction,APP-00980,EV-8a90d8633737,accepted_no_show,True,MODEL_APPLIED_FROM_CALIBRATED_FRAMEWORK
submitted,BM-029,Uncertainty / Ambiguity Aversion,APP-00982,EV-bac904c1229d,withdrew_post_acceptance,True,MODEL_APPLIED_FROM_CALIBRATED_FRAMEWORK
submitted,BM-029,Uncertainty / Ambiguity Aversion,APP-00982,EV-897f28e3d9d6,withdrew_post_acceptance,True,MODEL_APPLIED_FROM_CALIBRATED_FRAMEWORK
client_interview_1,BM-001,Status Quo Bias,APP-00982,EV-01ed9da4e4a9,withdrew_post_acceptance,True,MODEL_APPLIED_FROM_CALIBRATED_FRAMEWORK
background_check,BM-029,Uncertainty / Ambiguity Aversion,APP-00982,EV-b9aaf97389b8,withdrew_post_acceptance,True,MODEL_APPLIED_FROM_CALIBRATED_FRAMEWORK
background_check,BM-029,Uncertainty / Ambiguity Aversion,APP-00982,EV-57e82708d2f9,withdrew_post_acceptance,True,MODEL_APPLIED_FROM_CALIBRATED_FRAMEWORK
screened,BM-029,Uncertainty / Ambiguity Aversion,APP-00983,EV-043040992549,joined_on_time,False,MODEL_APPLIED_FROM_CALIBRATED_FRAMEWORK
screened,BM-005,Choice Overload,APP-00983,EV-6ad3cb41dc2e,joined_on_time,False,MODEL_APPLIED_FROM_CALIBRATED_FRAMEWORK
screened,BM-005,Choice Overload,APP-00983,EV-a1bb4de2ce98,joined_on_time,False,MODEL_APPLIED_FROM_CALIBRATED_FRAMEWORK
screened,BM-029,Uncertainty / Ambiguity Aversion,APP-00983,EV-e5259fcba6b4,joined_on_time,False,MODEL_APPLIED_FROM_CALIBRATED_FRAMEWORK
screened,BM-005,Choice Overload,APP-00983,EV-8262fb659357,joined_on_time,False,MODEL_APPLIED_FROM_CALIBRATED_FRAMEWORK
submitted,BM-005,Choice Overload,APP-00983,EV-0de25899d74a,joined_on_time,False,MODEL_APPLIED_FROM_CALIBRATED_FRAMEWORK
submitted,BM-029,Uncertainty / Ambiguity Aversion,APP-00983,EV-71db7f792a6b,joined_on_time,False,MODEL_APPLIED_FROM_CALIBRATED_FRAMEWORK
submitted,BM-005,Choice Overload,APP-00983,EV-c69efa7deee6,joined_on_time,False,MODEL_APPLIED_FROM_CALIBRATED_FRAMEWORK
submitted,BM-005,Choice Overload,APP-00983,EV-7a84665f26e3,joined_on_time,False,MODEL_APPLIED_FROM_CALIBRATED_FRAMEWORK
submitted,BM-029,Uncertainty / Ambiguity Aversion,APP-00983,EV-6f2e9c114adb,joined_on_time,False,MODEL_APPLIED_FROM_CALIBRATED_FRAMEWORK
offer_accepted,BM-005,Choice Overload,APP-00983,EV-d6f48f26b081,joined_on_time,False,MODEL_APPLIED_FROM_CALIBRATED_FRAMEWORK
screened,BM-005,Choice Overload,APP-00988,EV-019d75049044,withdrew_post_acceptance,True,MODEL_APPLIED_FROM_CALIBRATED_FRAMEWORK
screened,BM-005,Choice Overload,APP-00988,EV-8f1e33870c77,withdrew_post_acceptance,True,MODEL_APPLIED_FROM_CALIBRATED_FRAMEWORK
submitted,BM-005,Choice Overload,APP-00988,EV-777b708d2c07,withdrew_post_acceptance,True,MODEL_APPLIED_FROM_CALIBRATED_FRAMEWORK
submitted,BM-029,Uncertainty / Ambiguity Aversion,APP-00988,EV-babfe623fbd7,withdrew_post_acceptance,True,MODEL_APPLIED_FROM_CALIBRATED_FRAMEWORK
submitted,BM-005,Choice Overload,APP-00988,EV-663b746d7531,withdrew_post_acceptance,True,MODEL_APPLIED_FROM_CALIBRATED_FRAMEWORK
client_interview_1,BM-005,Choice Overload,APP-00988,EV-52582a76d1b2,withdrew_post_acceptance,True,MODEL_APPLIED_FROM_CALIBRATED_FRAMEWORK
client_interview_1,BM-005,Choice Overload,APP-00988,EV-b79884dbcc03,withdrew_post_acceptance,True,MODEL_APPLIED_FROM_CALIBRATED_FRAMEWORK
submitted,BM-001,Status Quo Bias,APP-00990,EV-fff422f6d7b0,declined_offer,True,MODEL_APPLIED_FROM_CALIBRATED_FRAMEWORK
submitted,BM-023,Goal Gradient,APP-00995,EV-e7b9887a8af8,joined_on_time,False,MODEL_APPLIED_FROM_CALIBRATED_FRAMEWORK
submitted,BM-006,Friction,APP-00995,EV-4d2573d57023,joined_on_time,False,MODEL_APPLIED_FROM_CALIBRATED_FRAMEWORK
submitted,BM-006,Friction,APP-00995,EV-0e8389db23cd,joined_on_time,False,MODEL_APPLIED_FROM_CALIBRATED_FRAMEWORK
submitted,BM-006,Friction,APP-00995,EV-d8e4466dcda9,joined_on_time,False,MODEL_APPLIED_FROM_CALIBRATED_FRAMEWORK
submitted,BM-006,Friction,APP-00995,EV-4ec69c10bc32,joined_on_time,False,MODEL_APPLIED_FROM_CALIBRATED_FRAMEWORK
client_interview_2,BM-006,Friction,APP-00995,EV-f8d5c61f6ef7,joined_on_time,False,MODEL_APPLIED_FROM_CALIBRATED_FRAMEWORK
offer_extended,BM-006,Friction,APP-00995,EV-b1c69a39af05,joined_on_time,False,MODEL_APPLIED_FROM_CALIBRATED_FRAMEWORK
background_check,BM-006,Friction,APP-00995,EV-f27f3c318c64,joined_on_time,False,MODEL_APPLIED_FROM_CALIBRATED_FRAMEWORK
background_check,BM-006,Friction,APP-00995,EV-ec403d40dc77,joined_on_time,False,MODEL_APPLIED_FROM_CALIBRATED_FRAMEWORK
offer_accepted,BM-002,Loss Aversion,APP-00996,EV-c92bd7daf619,withdrew_post_acceptance,True,MODEL_APPLIED_FROM_CALIBRATED_FRAMEWORK
offer_extended,BM-029,Uncertainty / Ambiguity Aversion,APP-00997,EV-46cf5658714c,withdrew_post_acceptance,True,MODEL_APPLIED_FROM_CALIBRATED_FRAMEWORK
offer_extended,BM-005,Choice Overload,APP-00997,EV-f26cfd12a4c7,withdrew_post_acceptance,True,MODEL_APPLIED_FROM_CALIBRATED_FRAMEWORK
offer_accepted,BM-005,Choice Overload,APP-00997,EV-db1bfcf14b2f,withdrew_post_acceptance,True,MODEL_APPLIED_FROM_CALIBRATED_FRAMEWORK
offer_accepted,BM-005,Choice Overload,APP-00997,EV-8a08de8e5764,withdrew_post_acceptance,True,MODEL_APPLIED_FROM_CALIBRATED_FRAMEWORK
offer_accepted,BM-020,Commitment / Consistency,APP-00997,EV-07c90c4a1c99,withdrew_post_acceptance,True,MODEL_APPLIED_FROM_CALIBRATED_FRAMEWORK
screened,BM-006,Friction,APP-01001,EV-4fffa6b839b7,rejected_by_client,True,MODEL_APPLIED_FROM_CALIBRATED_FRAMEWORK
screened,BM-006,Friction,APP-01001,EV-2e8aa1be2c93,rejected_by_client,True,MODEL_APPLIED_FROM_CALIBRATED_FRAMEWORK
screened,BM-011,Reciprocity,APP-01001,EV-54d649e7774c,rejected_by_client,True,MODEL_APPLIED_FROM_CALIBRATED_FRAMEWORK
offer_accepted,BM-006,Friction,APP-01001,EV-53128b4ed5d4,rejected_by_client,True,MODEL_APPLIED_FROM_CALIBRATED_FRAMEWORK
client_interview_1,BM-006,Friction,APP-01002,EV-88db4b4a67df,joined_on_time,False,MODEL_APPLIED_FROM_CALIBRATED_FRAMEWORK
offer_accepted,BM-006,Friction,APP-01002,EV-ccff0702a4fc,joined_on_time,False,MODEL_APPLIED_FROM_CALIBRATED_FRAMEWORK
submitted,BM-029,Uncertainty / Ambiguity Aversion,APP-01003,EV-e5b1c8398421,joined_late,False,MODEL_APPLIED_FROM_CALIBRATED_FRAMEWORK
submitted,BM-029,Uncertainty / Ambiguity Aversion,APP-01003,EV-2e3ae7b2c4b8,joined_late,False,MODEL_APPLIED_FROM_CALIBRATED_FRAMEWORK
client_interview_2,BM-001,Status Quo Bias,APP-01003,EV-93ec502c95f4,joined_late,False,MODEL_APPLIED_FROM_CALIBRATED_FRAMEWORK
client_interview_2,BM-029,Uncertainty / Ambiguity Aversion,APP-01003,EV-ed0811e959b7,joined_late,False,MODEL_APPLIED_FROM_CALIBRATED_FRAMEWORK
client_interview_2,BM-001,Status Quo Bias,APP-01003,EV-d726d2d44ae7,joined_late,False,MODEL_APPLIED_FROM_CALIBRATED_FRAMEWORK
offer_accepted,BM-001,Status Quo Bias,APP-01003,EV-4373d0825400,joined_late,False,MODEL_APPLIED_FROM_CALIBRATED_FRAMEWORK
offer_accepted,BM-029,Uncertainty / Ambiguity Aversion,APP-01003,EV-b8f19fadfbd9,joined_late,False,MODEL_APPLIED_FROM_CALIBRATED_FRAMEWORK
offer_accepted,BM-001,Status Quo Bias,APP-01003,EV-62a142645202,joined_late,False,MODEL_APPLIED_FROM_CALIBRATED_FRAMEWORK
onboarding_docs_sent,BM-001,Status Quo Bias,APP-01003,EV-5631fd162e25,joined_late,False,MODEL_APPLIED_FROM_CALIBRATED_FRAMEWORK
onboarding_docs_sent,BM-029,Uncertainty / Ambiguity Aversion,APP-01003,EV-838889252c97,joined_late,False,MODEL_APPLIED_FROM_CALIBRATED_FRAMEWORK
submitted,BM-020,Commitment / Consistency,APP-01006,EV-f24623f7d295,joined_on_time,False,MODEL_APPLIED_FROM_CALIBRATED_FRAMEWORK
submitted,BM-018,Identity Signaling,APP-01006,EV-e4f905921c1e,joined_on_time,False,MODEL_APPLIED_FROM_CALIBRATED_FRAMEWORK
offer_accepted,BM-020,Commitment / Consistency,APP-01006,EV-b2a83fd990da,joined_on_time,False,MODEL_APPLIED_FROM_CALIBRATED_FRAMEWORK
offer_accepted,BM-018,Identity Signaling,APP-01006,EV-181e58086d52,joined_on_time,False,MODEL_APPLIED_FROM_CALIBRATED_FRAMEWORK
offer_accepted,BM-018,Identity Signaling,APP-01006,EV-71acf3cc6242,joined_on_time,False,MODEL_APPLIED_FROM_CALIBRATED_FRAMEWORK
background_check,BM-018,Identity Signaling,APP-01006,EV-add6eed19328,joined_on_time,False,MODEL_APPLIED_FROM_CALIBRATED_FRAMEWORK
client_interview_1,BM-011,Reciprocity,APP-01007,EV-9856cfeef34a,accepted_no_show,True,MODEL_APPLIED_FROM_CALIBRATED_FRAMEWORK
client_interview_1,BM-011,Reciprocity,APP-01007,EV-be773887076c,accepted_no_show,True,MODEL_APPLIED_FROM_CALIBRATED_FRAMEWORK
screened,BM-029,Uncertainty / Ambiguity Aversion,APP-01008,EV-475879493902,declined_offer,True,MODEL_APPLIED_FROM_CALIBRATED_FRAMEWORK
client_interview_1,BM-029,Uncertainty / Ambiguity Aversion,APP-01008,EV-6e1e649d07d5,declined_offer,True,MODEL_APPLIED_FROM_CALIBRATED_FRAMEWORK
client_interview_1,BM-029,Uncertainty / Ambiguity Aversion,APP-01008,EV-b817623fd13a,declined_offer,True,MODEL_APPLIED_FROM_CALIBRATED_FRAMEWORK
submitted,BM-018,Identity Signaling,APP-01009,EV-d8644a57de29,joined_late,False,MODEL_APPLIED_FROM_CALIBRATED_FRAMEWORK
client_interview_1,BM-020,Commitment / Consistency,APP-01009,EV-2143d10738b7,joined_late,False,MODEL_APPLIED_FROM_CALIBRATED_FRAMEWORK
client_interview_1,BM-018,Identity Signaling,APP-01009,EV-9ef49f4383f9,joined_late,False,MODEL_APPLIED_FROM_CALIBRATED_FRAMEWORK
client_interview_1,BM-020,Commitment / Consistency,APP-01009,EV-9db2501309e0,joined_late,False,MODEL_APPLIED_FROM_CALIBRATED_FRAMEWORK
client_interview_1,BM-018,Identity Signaling,APP-01009,EV-48f20058b536,joined_late,False,MODEL_APPLIED_FROM_CALIBRATED_FRAMEWORK
submitted,BM-029,Uncertainty / Ambiguity Aversion,APP-01010,EV-7ebbb249e45b,accepted_no_show,True,MODEL_APPLIED_FROM_CALIBRATED_FRAMEWORK
client_interview_1,BM-002,Loss Aversion,APP-01010,EV-7d4a4478e2c0,accepted_no_show,True,MODEL_APPLIED_FROM_CALIBRATED_FRAMEWORK
background_check,BM-029,Uncertainty / Ambiguity Aversion,APP-01010,EV-625e56a2f1cf,accepted_no_show,True,MODEL_APPLIED_FROM_CALIBRATED_FRAMEWORK
background_check,BM-001,Status Quo Bias,APP-01010,EV-207037a924d1,accepted_no_show,True,MODEL_APPLIED_FROM_CALIBRATED_FRAMEWORK
background_check,BM-001,Status Quo Bias,APP-01010,EV-41c97b69589b,accepted_no_show,True,MODEL_APPLIED_FROM_CALIBRATED_FRAMEWORK
submitted,BM-023,Goal Gradient,APP-01013,EV-90f4a1bd89ed,accepted_no_show,True,MODEL_APPLIED_FROM_CALIBRATED_FRAMEWORK
client_interview_2,BM-023,Goal Gradient,APP-01013,EV-d2315e939b2f,accepted_no_show,True,MODEL_APPLIED_FROM_CALIBRATED_FRAMEWORK
client_interview_2,BM-023,Goal Gradient,APP-01013,EV-2f00dba2a0d8,accepted_no_show,True,MODEL_APPLIED_FROM_CALIBRATED_FRAMEWORK
offer_extended,BM-023,Goal Gradient,APP-01013,EV-5239e5054795,accepted_no_show,True,MODEL_APPLIED_FROM_CALIBRATED_FRAMEWORK
offer_accepted,BM-023,Goal Gradient,APP-01013,EV-0f17e492f0b6,accepted_no_show,True,MODEL_APPLIED_FROM_CALIBRATED_FRAMEWORK
background_check,BM-023,Goal Gradient,APP-01013,EV-bc3b6b947084,accepted_no_show,True,MODEL_APPLIED_FROM_CALIBRATED_FRAMEWORK
background_check,BM-023,Goal Gradient,APP-01013,EV-056b2f3ccff4,accepted_no_show,True,MODEL_APPLIED_FROM_CALIBRATED_FRAMEWORK
background_check,BM-023,Goal Gradient,APP-01013,EV-2a08f0f06256,accepted_no_show,True,MODEL_APPLIED_FROM_CALIBRATED_FRAMEWORK
onboarding_docs_sent,BM-023,Goal Gradient,APP-01013,EV-c3b6343b3561,accepted_no_show,True,MODEL_APPLIED_FROM_CALIBRATED_FRAMEWORK
submitted,BM-006,Friction,APP-01014,EV-33b8b5d0852b,joined_on_time,False,MODEL_APPLIED_FROM_CALIBRATED_FRAMEWORK
submitted,BM-006,Friction,APP-01014,EV-842ec19c488d,joined_on_time,False,MODEL_APPLIED_FROM_CALIBRATED_FRAMEWORK
client_interview_1,BM-020,Commitment / Consistency,APP-01014,EV-4498e07cd40d,joined_on_time,False,MODEL_APPLIED_FROM_CALIBRATED_FRAMEWORK
offer_accepted,BM-020,Commitment / Consistency,APP-01014,EV-bd88f9e39108,joined_on_time,False,MODEL_APPLIED_FROM_CALIBRATED_FRAMEWORK
submitted,BM-006,Friction,APP-01017,EV-2fc668bd6e63,joined_late,False,MODEL_APPLIED_FROM_CALIBRATED_FRAMEWORK
submitted,BM-006,Friction,APP-01017,EV-60dd8d5a36d0,joined_late,False,MODEL_APPLIED_FROM_CALIBRATED_FRAMEWORK
submitted,BM-011,Reciprocity,APP-01017,EV-6cef7961444b,joined_late,False,MODEL_APPLIED_FROM_CALIBRATED_FRAMEWORK
submitted,BM-006,Friction,APP-01017,EV-128aba9c0355,joined_late,False,HUMAN_REVIEWED
submitted,BM-011,Reciprocity,APP-01017,EV-b73392ad7a07,joined_late,False,MODEL_APPLIED_FROM_CALIBRATED_FRAMEWORK
submitted,BM-006,Friction,APP-01017,EV-f95aade5b795,joined_late,False,MODEL_APPLIED_FROM_CALIBRATED_FRAMEWORK
submitted,BM-011,Reciprocity,APP-01017,EV-4b9de75ea150,joined_late,False,MODEL_APPLIED_FROM_CALIBRATED_FRAMEWORK
offer_accepted,BM-006,Friction,APP-01017,EV-e0a7afa58b43,joined_late,False,MODEL_APPLIED_FROM_CALIBRATED_FRAMEWORK
offer_accepted,BM-011,Reciprocity,APP-01017,EV-5c82bfeabdf1,joined_late,False,MODEL_APPLIED_FROM_CALIBRATED_FRAMEWORK
offer_accepted,BM-011,Reciprocity,APP-01017,EV-8e680605af0b,joined_late,False,MODEL_APPLIED_FROM_CALIBRATED_FRAMEWORK
offer_accepted,BM-006,Friction,APP-01017,EV-e22a3088b691,joined_late,False,MODEL_APPLIED_FROM_CALIBRATED_FRAMEWORK
offer_accepted,BM-011,Reciprocity,APP-01017,EV-1432bac515d1,joined_late,False,MODEL_APPLIED_FROM_CALIBRATED_FRAMEWORK
onboarding_docs_sent,BM-006,Friction,APP-01017,EV-87d6cd1409d5,joined_late,False,MODEL_APPLIED_FROM_CALIBRATED_FRAMEWORK
onboarding_docs_sent,BM-006,Friction,APP-01017,EV-cb33a74102dc,joined_late,False,MODEL_APPLIED_FROM_CALIBRATED_FRAMEWORK
submitted,BM-006,Friction,APP-01018,EV-4972915b4035,withdrew_post_acceptance,True,MODEL_APPLIED_FROM_CALIBRATED_FRAMEWORK
submitted,BM-006,Friction,APP-01018,EV-b8102096b10d,withdrew_post_acceptance,True,MODEL_APPLIED_FROM_CALIBRATED_FRAMEWORK
submitted,BM-006,Friction,APP-01018,EV-ec4ea5459fb5,withdrew_post_acceptance,True,MODEL_APPLIED_FROM_CALIBRATED_FRAMEWORK
unknown,BM-006,Friction,APP-01020,EV-fe2c3ebc3038,withdrew_post_acceptance,True,MODEL_APPLIED_FROM_CALIBRATED_FRAMEWORK
client_interview_1,BM-006,Friction,APP-01020,EV-b55cf7466551,withdrew_post_acceptance,True,MODEL_APPLIED_FROM_CALIBRATED_FRAMEWORK
offer_extended,BM-006,Friction,APP-01020,EV-ed685191622d,withdrew_post_acceptance,True,MODEL_APPLIED_FROM_CALIBRATED_FRAMEWORK
offer_extended,BM-011,Reciprocity,APP-01020,EV-2af506c7293d,withdrew_post_acceptance,True,MODEL_APPLIED_FROM_CALIBRATED_FRAMEWORK
offer_extended,BM-011,Reciprocity,APP-01020,EV-ac4e3b562a6a,withdrew_post_acceptance,True,MODEL_APPLIED_FROM_CALIBRATED_FRAMEWORK
offer_accepted,BM-006,Friction,APP-01020,EV-d11e4d3f3314,withdrew_post_acceptance,True,MODEL_APPLIED_FROM_CALIBRATED_FRAMEWORK
offer_accepted,BM-006,Friction,APP-01020,EV-b252f0de8d0f,withdrew_post_acceptance,True,MODEL_APPLIED_FROM_CALIBRATED_FRAMEWORK
screened,BM-023,Goal Gradient,APP-01023,EV-3632396fef3c,joined_late,False,MODEL_APPLIED_FROM_CALIBRATED_FRAMEWORK
submitted,BM-001,Status Quo Bias,APP-01023,EV-aadfb473308f,joined_late,False,MODEL_APPLIED_FROM_CALIBRATED_FRAMEWORK
submitted,BM-023,Goal Gradient,APP-01023,EV-b31bc9cb13f3,joined_late,False,MODEL_APPLIED_FROM_CALIBRATED_FRAMEWORK
submitted,BM-029,Uncertainty / Ambiguity Aversion,APP-01023,EV-a005a4d187fe,joined_late,False,MODEL_APPLIED_FROM_CALIBRATED_FRAMEWORK
offer_extended,BM-023,Goal Gradient,APP-01023,EV-eaba421606b9,joined_late,False,MODEL_APPLIED_FROM_CALIBRATED_FRAMEWORK
client_interview_2,BM-029,Uncertainty / Ambiguity Aversion,APP-01024,EV-982ad7f690aa,joined_late,False,MODEL_APPLIED_FROM_CALIBRATED_FRAMEWORK
background_check,BM-029,Uncertainty / Ambiguity Aversion,APP-01024,EV-de79d9732602,joined_late,False,MODEL_APPLIED_FROM_CALIBRATED_FRAMEWORK
background_check,BM-029,Uncertainty / Ambiguity Aversion,APP-01024,EV-205b8b8c164d,joined_late,False,MODEL_APPLIED_FROM_CALIBRATED_FRAMEWORK
onboarding_docs_sent,BM-029,Uncertainty / Ambiguity Aversion,APP-01024,EV-94e43bc2095f,joined_late,False,MODEL_APPLIED_FROM_CALIBRATED_FRAMEWORK
submitted,BM-029,Uncertainty / Ambiguity Aversion,APP-01025,EV-093a7525c3fc,declined_offer,True,MODEL_APPLIED_FROM_CALIBRATED_FRAMEWORK
background_check,BM-020,Commitment / Consistency,APP-01027,EV-26a887b9e6c1,joined_on_time,False,MODEL_APPLIED_FROM_CALIBRATED_FRAMEWORK
background_check,BM-011,Reciprocity,APP-01027,EV-0b20d0cdd827,joined_on_time,False,MODEL_APPLIED_FROM_CALIBRATED_FRAMEWORK
background_check,BM-018,Identity Signaling,APP-01027,EV-0fb923aaf3e0,joined_on_time,False,MODEL_APPLIED_FROM_CALIBRATED_FRAMEWORK
unknown,BM-014,Confirmation Bias,APP-01028,EV-5a31860cf363,accepted_no_show,True,MODEL_APPLIED_FROM_CALIBRATED_FRAMEWORK
submitted,BM-014,Confirmation Bias,APP-01028,EV-2c811137d587,accepted_no_show,True,MODEL_APPLIED_FROM_CALIBRATED_FRAMEWORK
background_check,BM-014,Confirmation Bias,APP-01028,EV-3090466364a1,accepted_no_show,True,MODEL_APPLIED_FROM_CALIBRATED_FRAMEWORK
background_check,BM-014,Confirmation Bias,APP-01028,EV-041ff7116ce7,accepted_no_show,True,MODEL_APPLIED_FROM_CALIBRATED_FRAMEWORK
screened,BM-029,Uncertainty / Ambiguity Aversion,APP-01029,EV-763e62e8f573,withdrew_post_acceptance,True,MODEL_APPLIED_FROM_CALIBRATED_FRAMEWORK
submitted,BM-001,Status Quo Bias,APP-01029,EV-bb3ad994a0e1,withdrew_post_acceptance,True,MODEL_APPLIED_FROM_CALIBRATED_FRAMEWORK
client_interview_1,BM-029,Uncertainty / Ambiguity Aversion,APP-01029,EV-bbfda29a42f9,withdrew_post_acceptance,True,MODEL_APPLIED_FROM_CALIBRATED_FRAMEWORK
offer_accepted,BM-029,Uncertainty / Ambiguity Aversion,APP-01029,EV-effa15ce6ca7,withdrew_post_acceptance,True,MODEL_APPLIED_FROM_CALIBRATED_FRAMEWORK
offer_accepted,BM-029,Uncertainty / Ambiguity Aversion,APP-01029,EV-9e66b95de83e,withdrew_post_acceptance,True,HUMAN_REVIEWED
background_check,BM-001,Status Quo Bias,APP-01031,EV-aedfca1b6c0f,joined_on_time,False,MODEL_APPLIED_FROM_CALIBRATED_FRAMEWORK
background_check,BM-023,Goal Gradient,APP-01031,EV-d12e51b4ac4b,joined_on_time,False,MODEL_APPLIED_FROM_CALIBRATED_FRAMEWORK
submitted,BM-001,Status Quo Bias,APP-01032,EV-2fe358b04432,withdrew_post_acceptance,True,MODEL_APPLIED_FROM_CALIBRATED_FRAMEWORK
submitted,BM-029,Uncertainty / Ambiguity Aversion,APP-01032,EV-617c7bb8695a,withdrew_post_acceptance,True,MODEL_APPLIED_FROM_CALIBRATED_FRAMEWORK
submitted,BM-029,Uncertainty / Ambiguity Aversion,APP-01032,EV-76ad2602830d,withdrew_post_acceptance,True,MODEL_APPLIED_FROM_CALIBRATED_FRAMEWORK
submitted,BM-029,Uncertainty / Ambiguity Aversion,APP-01032,EV-d2bd5f0e411d,withdrew_post_acceptance,True,MODEL_APPLIED_FROM_CALIBRATED_FRAMEWORK
submitted,BM-002,Loss Aversion,APP-01032,EV-448f997644e3,withdrew_post_acceptance,True,MODEL_APPLIED_FROM_CALIBRATED_FRAMEWORK
client_interview_1,BM-029,Uncertainty / Ambiguity Aversion,APP-01032,EV-284dcb1be4ed,withdrew_post_acceptance,True,MODEL_APPLIED_FROM_CALIBRATED_FRAMEWORK
client_interview_1,BM-029,Uncertainty / Ambiguity Aversion,APP-01032,EV-4cd83f032055,withdrew_post_acceptance,True,MODEL_APPLIED_FROM_CALIBRATED_FRAMEWORK
offer_accepted,BM-029,Uncertainty / Ambiguity Aversion,APP-01032,EV-f7fde7a926fb,withdrew_post_acceptance,True,MODEL_APPLIED_FROM_CALIBRATED_FRAMEWORK
submitted,BM-014,Confirmation Bias,APP-01036,EV-9305eee5b6ea,declined_offer,True,MODEL_APPLIED_FROM_CALIBRATED_FRAMEWORK
submitted,BM-014,Confirmation Bias,APP-01036,EV-262713308abe,declined_offer,True,MODEL_APPLIED_FROM_CALIBRATED_FRAMEWORK
client_interview_2,BM-014,Confirmation Bias,APP-01036,EV-77772faa6e8c,declined_offer,True,MODEL_APPLIED_FROM_CALIBRATED_FRAMEWORK
client_interview_2,BM-014,Confirmation Bias,APP-01036,EV-41de0309a4af,declined_offer,True,MODEL_APPLIED_FROM_CALIBRATED_FRAMEWORK
submitted,BM-029,Uncertainty / Ambiguity Aversion,APP-01038,EV-0c3232b571a9,joined_on_time,False,MODEL_APPLIED_FROM_CALIBRATED_FRAMEWORK
submitted,BM-029,Uncertainty / Ambiguity Aversion,APP-01038,EV-6680e438b384,joined_on_time,False,MODEL_APPLIED_FROM_CALIBRATED_FRAMEWORK
background_check,BM-029,Uncertainty / Ambiguity Aversion,APP-01038,EV-5c9fbc829bae,joined_on_time,False,MODEL_APPLIED_FROM_CALIBRATED_FRAMEWORK
offer_accepted,BM-018,Identity Signaling,APP-01041,EV-f57e83f2bb42,joined_on_time,False,MODEL_APPLIED_FROM_CALIBRATED_FRAMEWORK
submitted,BM-029,Uncertainty / Ambiguity Aversion,APP-01042,EV-a4a09d773a25,joined_on_time,False,HUMAN_REVIEWED
background_check,BM-029,Uncertainty / Ambiguity Aversion,APP-01042,EV-25e1c8a37356,joined_on_time,False,MODEL_APPLIED_FROM_CALIBRATED_FRAMEWORK
background_check,BM-029,Uncertainty / Ambiguity Aversion,APP-01042,EV-d01d609c1ca6,joined_on_time,False,MODEL_APPLIED_FROM_CALIBRATED_FRAMEWORK
background_check,BM-029,Uncertainty / Ambiguity Aversion,APP-01043,EV-6bf4300ae832,joined_on_time,False,MODEL_APPLIED_FROM_CALIBRATED_FRAMEWORK
background_check,BM-011,Reciprocity,APP-01049,EV-0a5c4cc6f192,joined_on_time,False,MODEL_APPLIED_FROM_CALIBRATED_FRAMEWORK
unknown,BM-006,Friction,APP-01050,EV-a747d40260b5,joined_late,False,MODEL_APPLIED_FROM_CALIBRATED_FRAMEWORK
screened,BM-006,Friction,APP-01050,EV-a2a031842faf,joined_late,False,MODEL_APPLIED_FROM_CALIBRATED_FRAMEWORK
submitted,BM-006,Friction,APP-01050,EV-dd37abc07f32,joined_late,False,MODEL_APPLIED_FROM_CALIBRATED_FRAMEWORK
submitted,BM-006,Friction,APP-01050,EV-b4ce4452cdbe,joined_late,False,MODEL_APPLIED_FROM_CALIBRATED_FRAMEWORK
background_check,BM-006,Friction,APP-01050,EV-761eb7bc9e30,joined_late,False,MODEL_APPLIED_FROM_CALIBRATED_FRAMEWORK
background_check,BM-023,Goal Gradient,APP-01051,EV-580e775e1978,joined_on_time,False,MODEL_APPLIED_FROM_CALIBRATED_FRAMEWORK
client_interview_1,BM-001,Status Quo Bias,APP-01052,EV-8c89d93de8bb,joined_on_time,False,MODEL_APPLIED_FROM_CALIBRATED_FRAMEWORK
client_interview_1,BM-001,Status Quo Bias,APP-01052,EV-3ce979eafee3,joined_on_time,False,MODEL_APPLIED_FROM_CALIBRATED_FRAMEWORK
client_interview_1,BM-029,Uncertainty / Ambiguity Aversion,APP-01052,EV-ecd9851bc047,joined_on_time,False,MODEL_APPLIED_FROM_CALIBRATED_FRAMEWORK
client_interview_1,BM-029,Uncertainty / Ambiguity Aversion,APP-01052,EV-866f9386bf9a,joined_on_time,False,MODEL_APPLIED_FROM_CALIBRATED_FRAMEWORK
client_interview_1,BM-029,Uncertainty / Ambiguity Aversion,APP-01052,EV-dba817e11e10,joined_on_time,False,MODEL_APPLIED_FROM_CALIBRATED_FRAMEWORK
client_interview_1,BM-029,Uncertainty / Ambiguity Aversion,APP-01052,EV-d6e85c0e54e1,joined_on_time,False,MODEL_APPLIED_FROM_CALIBRATED_FRAMEWORK
client_interview_1,BM-029,Uncertainty / Ambiguity Aversion,APP-01052,EV-f71eb0ac2894,joined_on_time,False,MODEL_APPLIED_FROM_CALIBRATED_FRAMEWORK
background_check,BM-001,Status Quo Bias,APP-01052,EV-997afde22919,joined_on_time,False,MODEL_APPLIED_FROM_CALIBRATED_FRAMEWORK
onboarding_docs_sent,BM-001,Status Quo Bias,APP-01052,EV-9e494b45e6f2,joined_on_time,False,MODEL_APPLIED_FROM_CALIBRATED_FRAMEWORK
screened,BM-023,Goal Gradient,APP-01056,EV-c1169702c7b2,accepted_no_show,True,MODEL_APPLIED_FROM_CALIBRATED_FRAMEWORK
background_check,BM-023,Goal Gradient,APP-01056,EV-29a484a5f751,accepted_no_show,True,MODEL_APPLIED_FROM_CALIBRATED_FRAMEWORK
screened,BM-014,Confirmation Bias,APP-01057,EV-0a59f580d47d,rejected_by_client,True,MODEL_APPLIED_FROM_CALIBRATED_FRAMEWORK
screened,BM-014,Confirmation Bias,APP-01057,EV-ac398abf9bec,rejected_by_client,True,MODEL_APPLIED_FROM_CALIBRATED_FRAMEWORK
screened,BM-014,Confirmation Bias,APP-01057,EV-8c90bec5fb86,rejected_by_client,True,MODEL_APPLIED_FROM_CALIBRATED_FRAMEWORK
screened,BM-014,Confirmation Bias,APP-01057,EV-c11810e7d4e8,rejected_by_client,True,MODEL_APPLIED_FROM_CALIBRATED_FRAMEWORK
client_interview_1,BM-014,Confirmation Bias,APP-01057,EV-5e7e6a97f90d,rejected_by_client,True,MODEL_APPLIED_FROM_CALIBRATED_FRAMEWORK
client_interview_1,BM-014,Confirmation Bias,APP-01057,EV-b1ad38a79de3,rejected_by_client,True,MODEL_APPLIED_FROM_CALIBRATED_FRAMEWORK
client_interview_1,BM-014,Confirmation Bias,APP-01057,EV-4879e0920ba0,rejected_by_client,True,MODEL_APPLIED_FROM_CALIBRATED_FRAMEWORK
client_interview_1,BM-014,Confirmation Bias,APP-01057,EV-2098beb8297f,rejected_by_client,True,MODEL_APPLIED_FROM_CALIBRATED_FRAMEWORK
offer_extended,BM-014,Confirmation Bias,APP-01057,EV-93ca6ade197b,rejected_by_client,True,MODEL_APPLIED_FROM_CALIBRATED_FRAMEWORK
screened,BM-005,Choice Overload,APP-01059,EV-aea7d00a227a,withdrew_post_acceptance,True,MODEL_APPLIED_FROM_CALIBRATED_FRAMEWORK
submitted,BM-029,Uncertainty / Ambiguity Aversion,APP-01059,EV-a016d933a372,withdrew_post_acceptance,True,MODEL_APPLIED_FROM_CALIBRATED_FRAMEWORK
client_interview_1,BM-005,Choice Overload,APP-01059,EV-10580a3d06dd,withdrew_post_acceptance,True,MODEL_APPLIED_FROM_CALIBRATED_FRAMEWORK
client_interview_1,BM-005,Choice Overload,APP-01059,EV-5ad88dd11189,withdrew_post_acceptance,True,MODEL_APPLIED_FROM_CALIBRATED_FRAMEWORK
client_interview_1,BM-005,Choice Overload,APP-01063,EV-b7a7e3a1fa90,accepted_no_show,True,MODEL_APPLIED_FROM_CALIBRATED_FRAMEWORK
client_interview_1,BM-005,Choice Overload,APP-01063,EV-ae3de8b5852b,accepted_no_show,True,MODEL_APPLIED_FROM_CALIBRATED_FRAMEWORK
offer_accepted,BM-005,Choice Overload,APP-01063,EV-a64d1a7ca79c,accepted_no_show,True,MODEL_APPLIED_FROM_CALIBRATED_FRAMEWORK
background_check,BM-002,Loss Aversion,APP-01064,EV-3666cd48faf9,joined_on_time,False,MODEL_APPLIED_FROM_CALIBRATED_FRAMEWORK
submitted,BM-029,Uncertainty / Ambiguity Aversion,APP-01066,EV-46fa59a7b693,joined_on_time,False,MODEL_APPLIED_FROM_CALIBRATED_FRAMEWORK
submitted,BM-006,Friction,APP-01066,EV-f8a63fd37bc1,joined_on_time,False,MODEL_APPLIED_FROM_CALIBRATED_FRAMEWORK
offer_extended,BM-006,Friction,APP-01066,EV-ae412fa2a328,joined_on_time,False,MODEL_APPLIED_FROM_CALIBRATED_FRAMEWORK
submitted,BM-006,Friction,APP-01067,EV-c1634e370723,withdrew_post_acceptance,True,MODEL_APPLIED_FROM_CALIBRATED_FRAMEWORK
submitted,BM-006,Friction,APP-01067,EV-40d2c3bd2e5c,withdrew_post_acceptance,True,MODEL_APPLIED_FROM_CALIBRATED_FRAMEWORK
submitted,BM-029,Uncertainty / Ambiguity Aversion,APP-01067,EV-78f30d134669,withdrew_post_acceptance,True,MODEL_APPLIED_FROM_CALIBRATED_FRAMEWORK
submitted,BM-006,Friction,APP-01067,EV-023430b4e6ca,withdrew_post_acceptance,True,MODEL_APPLIED_FROM_CALIBRATED_FRAMEWORK
submitted,BM-006,Friction,APP-01067,EV-40013002ff70,withdrew_post_acceptance,True,MODEL_APPLIED_FROM_CALIBRATED_FRAMEWORK
submitted,BM-006,Friction,APP-01067,EV-32687b747f96,withdrew_post_acceptance,True,MODEL_APPLIED_FROM_CALIBRATED_FRAMEWORK
submitted,BM-006,Friction,APP-01067,EV-4f88b47accfb,withdrew_post_acceptance,True,MODEL_APPLIED_FROM_CALIBRATED_FRAMEWORK
offer_extended,BM-006,Friction,APP-01067,EV-a1d5a61b50ec,withdrew_post_acceptance,True,MODEL_APPLIED_FROM_CALIBRATED_FRAMEWORK
offer_extended,BM-006,Friction,APP-01067,EV-4ca334fa647a,withdrew_post_acceptance,True,MODEL_APPLIED_FROM_CALIBRATED_FRAMEWORK
offer_extended,BM-006,Friction,APP-01067,EV-61ff9b2676e8,withdrew_post_acceptance,True,MODEL_APPLIED_FROM_CALIBRATED_FRAMEWORK
offer_accepted,BM-029,Uncertainty / Ambiguity Aversion,APP-01067,EV-84f7a042906a,withdrew_post_acceptance,True,MODEL_APPLIED_FROM_CALIBRATED_FRAMEWORK
offer_accepted,BM-006,Friction,APP-01067,EV-de3993250998,withdrew_post_acceptance,True,MODEL_APPLIED_FROM_CALIBRATED_FRAMEWORK
offer_accepted,BM-006,Friction,APP-01067,EV-26b6e745f994,withdrew_post_acceptance,True,MODEL_APPLIED_FROM_CALIBRATED_FRAMEWORK
offer_accepted,BM-006,Friction,APP-01067,EV-d601291c76b6,withdrew_post_acceptance,True,MODEL_APPLIED_FROM_CALIBRATED_FRAMEWORK
offer_accepted,BM-006,Friction,APP-01067,EV-cc1106d85792,withdrew_post_acceptance,True,MODEL_APPLIED_FROM_CALIBRATED_FRAMEWORK
background_check,BM-020,Commitment / Consistency,APP-01068,EV-2c5e8e7a1c23,joined_on_time,False,MODEL_APPLIED_FROM_CALIBRATED_FRAMEWORK
background_check,BM-018,Identity Signaling,APP-01068,EV-070810b12353,joined_on_time,False,MODEL_APPLIED_FROM_CALIBRATED_FRAMEWORK
submitted,BM-001,Status Quo Bias,APP-01070,EV-4d1b7786c6c6,withdrew_post_acceptance,True,MODEL_APPLIED_FROM_CALIBRATED_FRAMEWORK
client_interview_2,BM-029,Uncertainty / Ambiguity Aversion,APP-01070,EV-80e26d3d5dcb,withdrew_post_acceptance,True,MODEL_APPLIED_FROM_CALIBRATED_FRAMEWORK
background_check,BM-001,Status Quo Bias,APP-01070,EV-f6b40ef99844,withdrew_post_acceptance,True,MODEL_APPLIED_FROM_CALIBRATED_FRAMEWORK
background_check,BM-029,Uncertainty / Ambiguity Aversion,APP-01070,EV-fed4045b4e29,withdrew_post_acceptance,True,MODEL_APPLIED_FROM_CALIBRATED_FRAMEWORK
background_check,BM-002,Loss Aversion,APP-01070,EV-15911452b91e,withdrew_post_acceptance,True,MODEL_APPLIED_FROM_CALIBRATED_FRAMEWORK
background_check,BM-029,Uncertainty / Ambiguity Aversion,APP-01070,EV-de94ff4c577b,withdrew_post_acceptance,True,MODEL_APPLIED_FROM_CALIBRATED_FRAMEWORK
background_check,BM-006,Friction,APP-01071,EV-c911c9d6be96,joined_on_time,False,MODEL_APPLIED_FROM_CALIBRATED_FRAMEWORK
submitted,BM-020,Commitment / Consistency,APP-01072,EV-fbb44cfbc9f7,joined_on_time,False,MODEL_APPLIED_FROM_CALIBRATED_FRAMEWORK
submitted,BM-018,Identity Signaling,APP-01072,EV-338b07d6a715,joined_on_time,False,MODEL_APPLIED_FROM_CALIBRATED_FRAMEWORK
submitted,BM-020,Commitment / Consistency,APP-01072,EV-9491f125cf9b,joined_on_time,False,MODEL_APPLIED_FROM_CALIBRATED_FRAMEWORK
submitted,BM-018,Identity Signaling,APP-01072,EV-10016b0066ec,joined_on_time,False,MODEL_APPLIED_FROM_CALIBRATED_FRAMEWORK
client_interview_1,BM-020,Commitment / Consistency,APP-01072,EV-a17aeef5e93c,joined_on_time,False,MODEL_APPLIED_FROM_CALIBRATED_FRAMEWORK
client_interview_1,BM-018,Identity Signaling,APP-01072,EV-1cd12d1a90cd,joined_on_time,False,MODEL_APPLIED_FROM_CALIBRATED_FRAMEWORK
offer_accepted,BM-020,Commitment / Consistency,APP-01072,EV-8002a5124ab4,joined_on_time,False,MODEL_APPLIED_FROM_CALIBRATED_FRAMEWORK
submitted,BM-029,Uncertainty / Ambiguity Aversion,APP-01073,EV-549ca51279da,joined_on_time,False,MODEL_APPLIED_FROM_CALIBRATED_FRAMEWORK
submitted,BM-005,Choice Overload,APP-01073,EV-83a66e6bfdec,joined_on_time,False,MODEL_APPLIED_FROM_CALIBRATED_FRAMEWORK
client_interview_2,BM-005,Choice Overload,APP-01073,EV-765614c2b2b5,joined_on_time,False,MODEL_APPLIED_FROM_CALIBRATED_FRAMEWORK
offer_extended,BM-005,Choice Overload,APP-01073,EV-628e455f5a64,joined_on_time,False,MODEL_APPLIED_FROM_CALIBRATED_FRAMEWORK
offer_extended,BM-005,Choice Overload,APP-01073,EV-0e20865282b8,joined_on_time,False,MODEL_APPLIED_FROM_CALIBRATED_FRAMEWORK
offer_accepted,BM-005,Choice Overload,APP-01073,EV-1ffd98412687,joined_on_time,False,MODEL_APPLIED_FROM_CALIBRATED_FRAMEWORK
offer_accepted,BM-005,Choice Overload,APP-01073,EV-14f45bd69a81,joined_on_time,False,MODEL_APPLIED_FROM_CALIBRATED_FRAMEWORK
screened,BM-006,Friction,APP-01075,EV-d302a5757664,joined_on_time,False,MODEL_APPLIED_FROM_CALIBRATED_FRAMEWORK
client_interview_1,BM-006,Friction,APP-01075,EV-7d765774cec9,joined_on_time,False,MODEL_APPLIED_FROM_CALIBRATED_FRAMEWORK
offer_accepted,BM-006,Friction,APP-01075,EV-45487ac00045,joined_on_time,False,MODEL_APPLIED_FROM_CALIBRATED_FRAMEWORK
background_check,BM-006,Friction,APP-01075,EV-026548428fe3,joined_on_time,False,MODEL_APPLIED_FROM_CALIBRATED_FRAMEWORK
background_check,BM-006,Friction,APP-01075,EV-29bfbc6ce5a6,joined_on_time,False,MODEL_APPLIED_FROM_CALIBRATED_FRAMEWORK
offer_accepted,BM-023,Goal Gradient,APP-01079,EV-f12ff97e5b4b,withdrew_post_acceptance,True,MODEL_APPLIED_FROM_CALIBRATED_FRAMEWORK
background_check,BM-023,Goal Gradient,APP-01079,EV-30f66b7eef34,withdrew_post_acceptance,True,MODEL_APPLIED_FROM_CALIBRATED_FRAMEWORK
background_check,BM-023,Goal Gradient,APP-01079,EV-3890d4805cf9,withdrew_post_acceptance,True,MODEL_APPLIED_FROM_CALIBRATED_FRAMEWORK
unknown,BM-029,Uncertainty / Ambiguity Aversion,APP-01080,EV-c1b7d5bb732a,joined_on_time,False,MODEL_APPLIED_FROM_CALIBRATED_FRAMEWORK
unknown,BM-029,Uncertainty / Ambiguity Aversion,APP-01080,EV-70c1b6f01000,joined_on_time,False,MODEL_APPLIED_FROM_CALIBRATED_FRAMEWORK
client_interview_1,BM-001,Status Quo Bias,APP-01082,EV-a82a4fb03dfa,declined_offer,True,MODEL_APPLIED_FROM_CALIBRATED_FRAMEWORK
offer_extended,BM-002,Loss Aversion,APP-01082,EV-2b7f10dcc077,declined_offer,True,MODEL_APPLIED_FROM_CALIBRATED_FRAMEWORK
submitted,BM-011,Reciprocity,APP-01085,EV-3a4644589728,joined_on_time,False,MODEL_APPLIED_FROM_CALIBRATED_FRAMEWORK
client_interview_2,BM-011,Reciprocity,APP-01085,EV-e24e78c33b8b,joined_on_time,False,MODEL_APPLIED_FROM_CALIBRATED_FRAMEWORK
offer_accepted,BM-011,Reciprocity,APP-01085,EV-8fb39dbb6c9d,joined_on_time,False,MODEL_APPLIED_FROM_CALIBRATED_FRAMEWORK
background_check,BM-011,Reciprocity,APP-01085,EV-9ba414929c1e,joined_on_time,False,MODEL_APPLIED_FROM_CALIBRATED_FRAMEWORK
background_check,BM-011,Reciprocity,APP-01085,EV-2d12add267e7,joined_on_time,False,MODEL_APPLIED_FROM_CALIBRATED_FRAMEWORK
onboarding_docs_sent,BM-011,Reciprocity,APP-01085,EV-380f3a545539,joined_on_time,False,MODEL_APPLIED_FROM_CALIBRATED_FRAMEWORK
onboarding_docs_sent,BM-011,Reciprocity,APP-01085,EV-521953de0157,joined_on_time,False,MODEL_APPLIED_FROM_CALIBRATED_FRAMEWORK
screened,BM-023,Goal Gradient,APP-01086,EV-d353746046be,declined_offer,True,MODEL_APPLIED_FROM_CALIBRATED_FRAMEWORK
offer_extended,BM-023,Goal Gradient,APP-01086,EV-d4f69ea98e18,declined_offer,True,MODEL_APPLIED_FROM_CALIBRATED_FRAMEWORK
offer_extended,BM-023,Goal Gradient,APP-01086,EV-495a1af44ffe,declined_offer,True,MODEL_APPLIED_FROM_CALIBRATED_FRAMEWORK
offer_extended,BM-023,Goal Gradient,APP-01086,EV-8cdf543aadea,declined_offer,True,MODEL_APPLIED_FROM_CALIBRATED_FRAMEWORK
offer_extended,BM-023,Goal Gradient,APP-01086,EV-2ef125389a92,declined_offer,True,MODEL_APPLIED_FROM_CALIBRATED_FRAMEWORK
submitted,BM-029,Uncertainty / Ambiguity Aversion,APP-01087,EV-218262318d54,joined_on_time,False,MODEL_APPLIED_FROM_CALIBRATED_FRAMEWORK
unknown,BM-006,Friction,APP-01088,EV-6b6004775fed,rejected_by_client,True,MODEL_APPLIED_FROM_CALIBRATED_FRAMEWORK
unknown,BM-006,Friction,APP-01088,EV-02af48b4374a,rejected_by_client,True,MODEL_APPLIED_FROM_CALIBRATED_FRAMEWORK
unknown,BM-006,Friction,APP-01088,EV-d93c505f25b4,rejected_by_client,True,MODEL_APPLIED_FROM_CALIBRATED_FRAMEWORK
screened,BM-011,Reciprocity,APP-01088,EV-d55d6a1e8468,rejected_by_client,True,MODEL_APPLIED_FROM_CALIBRATED_FRAMEWORK
submitted,BM-006,Friction,APP-01088,EV-f0ff79ad241f,rejected_by_client,True,HUMAN_REVIEWED
client_interview_1,BM-006,Friction,APP-01088,EV-7601f1877db6,rejected_by_client,True,MODEL_APPLIED_FROM_CALIBRATED_FRAMEWORK
client_interview_1,BM-006,Friction,APP-01088,EV-fb806c10e0b8,rejected_by_client,True,MODEL_APPLIED_FROM_CALIBRATED_FRAMEWORK
client_interview_1,BM-011,Reciprocity,APP-01088,EV-2210925d8158,rejected_by_client,True,MODEL_APPLIED_FROM_CALIBRATED_FRAMEWORK
client_interview_1,BM-011,Reciprocity,APP-01088,EV-0b62eb2b596e,rejected_by_client,True,MODEL_APPLIED_FROM_CALIBRATED_FRAMEWORK
offer_accepted,BM-011,Reciprocity,APP-01088,EV-9b2a7b3edf88,rejected_by_client,True,MODEL_APPLIED_FROM_CALIBRATED_FRAMEWORK
offer_accepted,BM-006,Friction,APP-01088,EV-3c8aa0a3aab2,rejected_by_client,True,MODEL_APPLIED_FROM_CALIBRATED_FRAMEWORK
offer_accepted,BM-011,Reciprocity,APP-01088,EV-c583350e29ca,rejected_by_client,True,MODEL_APPLIED_FROM_CALIBRATED_FRAMEWORK
offer_accepted,BM-006,Friction,APP-01088,EV-bce8aab28a91,rejected_by_client,True,MODEL_APPLIED_FROM_CALIBRATED_FRAMEWORK
offer_accepted,BM-006,Friction,APP-01088,EV-0cf29350a193,rejected_by_client,True,MODEL_APPLIED_FROM_CALIBRATED_FRAMEWORK
unknown,BM-006,Friction,APP-01089,EV-f6d134879894,joined_on_time,False,MODEL_APPLIED_FROM_CALIBRATED_FRAMEWORK
unknown,BM-006,Friction,APP-01089,EV-a79bb46b1d2a,joined_on_time,False,MODEL_APPLIED_FROM_CALIBRATED_FRAMEWORK
unknown,BM-029,Uncertainty / Ambiguity Aversion,APP-01089,EV-1053df4309e4,joined_on_time,False,MODEL_APPLIED_FROM_CALIBRATED_FRAMEWORK
unknown,BM-006,Friction,APP-01089,EV-1b7d8e6e9828,joined_on_time,False,MODEL_APPLIED_FROM_CALIBRATED_FRAMEWORK
unknown,BM-006,Friction,APP-01089,EV-11495f80b3d0,joined_on_time,False,MODEL_APPLIED_FROM_CALIBRATED_FRAMEWORK
screened,BM-006,Friction,APP-01089,EV-c021770b2e57,joined_on_time,False,MODEL_APPLIED_FROM_CALIBRATED_FRAMEWORK
submitted,BM-006,Friction,APP-01089,EV-afe82ec8daff,joined_on_time,False,MODEL_APPLIED_FROM_CALIBRATED_FRAMEWORK
submitted,BM-006,Friction,APP-01089,EV-91ac0a4446b8,joined_on_time,False,MODEL_APPLIED_FROM_CALIBRATED_FRAMEWORK
submitted,BM-006,Friction,APP-01089,EV-f351b2f0cfd2,joined_on_time,False,MODEL_APPLIED_FROM_CALIBRATED_FRAMEWORK
submitted,BM-006,Friction,APP-01089,EV-551c777d4e6c,joined_on_time,False,MODEL_APPLIED_FROM_CALIBRATED_FRAMEWORK
submitted,BM-006,Friction,APP-01089,EV-2f229cd311d2,joined_on_time,False,MODEL_APPLIED_FROM_CALIBRATED_FRAMEWORK
submitted,BM-006,Friction,APP-01089,EV-bf9bf62321a0,joined_on_time,False,MODEL_APPLIED_FROM_CALIBRATED_FRAMEWORK
client_interview_2,BM-006,Friction,APP-01089,EV-c6b44be74f61,joined_on_time,False,HUMAN_REVIEWED
client_interview_2,BM-006,Friction,APP-01089,EV-214d96a499f8,joined_on_time,False,MODEL_APPLIED_FROM_CALIBRATED_FRAMEWORK
offer_accepted,BM-006,Friction,APP-01089,EV-db064d848999,joined_on_time,False,MODEL_APPLIED_FROM_CALIBRATED_FRAMEWORK
offer_accepted,BM-006,Friction,APP-01089,EV-ecbf24aa296f,joined_on_time,False,MODEL_APPLIED_FROM_CALIBRATED_FRAMEWORK
client_interview_1,BM-020,Commitment / Consistency,APP-01090,EV-5ffff0c5a1e7,joined_on_time,False,MODEL_APPLIED_FROM_CALIBRATED_FRAMEWORK
client_interview_1,BM-018,Identity Signaling,APP-01090,EV-9cbd051197e8,joined_on_time,False,MODEL_APPLIED_FROM_CALIBRATED_FRAMEWORK
client_interview_1,BM-020,Commitment / Consistency,APP-01090,EV-1c983efbe547,joined_on_time,False,MODEL_APPLIED_FROM_CALIBRATED_FRAMEWORK
client_interview_1,BM-018,Identity Signaling,APP-01090,EV-c5e4ea5ba2a1,joined_on_time,False,MODEL_APPLIED_FROM_CALIBRATED_FRAMEWORK
background_check,BM-020,Commitment / Consistency,APP-01090,EV-847b2a653b2c,joined_on_time,False,MODEL_APPLIED_FROM_CALIBRATED_FRAMEWORK
background_check,BM-018,Identity Signaling,APP-01090,EV-475e6ed715c4,joined_on_time,False,MODEL_APPLIED_FROM_CALIBRATED_FRAMEWORK
background_check,BM-018,Identity Signaling,APP-01090,EV-5c538af079b4,joined_on_time,False,MODEL_APPLIED_FROM_CALIBRATED_FRAMEWORK
screened,BM-029,Uncertainty / Ambiguity Aversion,APP-01093,EV-f4ab53999ca7,withdrew_post_acceptance,True,MODEL_APPLIED_FROM_CALIBRATED_FRAMEWORK
screened,BM-029,Uncertainty / Ambiguity Aversion,APP-01093,EV-c68d7a58e35c,withdrew_post_acceptance,True,HUMAN_REVIEWED
background_check,BM-002,Loss Aversion,APP-01093,EV-e7e24a2e95b0,withdrew_post_acceptance,True,MODEL_APPLIED_FROM_CALIBRATED_FRAMEWORK
offer_extended,BM-014,Confirmation Bias,APP-01094,EV-5c2b3c918ecd,withdrew_post_acceptance,True,MODEL_APPLIED_FROM_CALIBRATED_FRAMEWORK
background_check,BM-014,Confirmation Bias,APP-01094,EV-8dd7b39a67f5,withdrew_post_acceptance,True,MODEL_APPLIED_FROM_CALIBRATED_FRAMEWORK
background_check,BM-014,Confirmation Bias,APP-01094,EV-5d062e0d0ec1,withdrew_post_acceptance,True,MODEL_APPLIED_FROM_CALIBRATED_FRAMEWORK
client_interview_1,BM-029,Uncertainty / Ambiguity Aversion,APP-01098,EV-5dfcbe23100c,declined_offer,True,MODEL_APPLIED_FROM_CALIBRATED_FRAMEWORK
client_interview_1,BM-029,Uncertainty / Ambiguity Aversion,APP-01098,EV-a2ee890e228e,declined_offer,True,MODEL_APPLIED_FROM_CALIBRATED_FRAMEWORK
offer_extended,BM-001,Status Quo Bias,APP-01098,EV-c42c02e54ea1,declined_offer,True,MODEL_APPLIED_FROM_CALIBRATED_FRAMEWORK
offer_extended,BM-001,Status Quo Bias,APP-01098,EV-1dc2ca54cede,declined_offer,True,MODEL_APPLIED_FROM_CALIBRATED_FRAMEWORK
offer_extended,BM-020,Commitment / Consistency,APP-01099,EV-4fca894bc1d0,joined_on_time,False,MODEL_APPLIED_FROM_CALIBRATED_FRAMEWORK
client_interview_1,BM-001,Status Quo Bias,APP-01102,EV-d1e88b906685,declined_offer,True,MODEL_APPLIED_FROM_CALIBRATED_FRAMEWORK
client_interview_2,BM-001,Status Quo Bias,APP-01102,EV-2ea3113d3385,declined_offer,True,MODEL_APPLIED_FROM_CALIBRATED_FRAMEWORK
client_interview_2,BM-001,Status Quo Bias,APP-01102,EV-b673d005aa96,declined_offer,True,MODEL_APPLIED_FROM_CALIBRATED_FRAMEWORK
client_interview_2,BM-014,Confirmation Bias,APP-01102,EV-a500d9114090,declined_offer,True,MODEL_APPLIED_FROM_CALIBRATED_FRAMEWORK
client_interview_2,BM-001,Status Quo Bias,APP-01102,EV-3b7da13c89db,declined_offer,True,MODEL_APPLIED_FROM_CALIBRATED_FRAMEWORK
client_interview_2,BM-014,Confirmation Bias,APP-01102,EV-b0eb8f5f2691,declined_offer,True,MODEL_APPLIED_FROM_CALIBRATED_FRAMEWORK
client_interview_2,BM-001,Status Quo Bias,APP-01102,EV-dfafd4dffe30,declined_offer,True,MODEL_APPLIED_FROM_CALIBRATED_FRAMEWORK
client_interview_2,BM-002,Loss Aversion,APP-01102,EV-a44532330e0d,declined_offer,True,MODEL_APPLIED_FROM_CALIBRATED_FRAMEWORK
submitted,BM-002,Loss Aversion,APP-01106,EV-28668a4bd17a,joined_on_time,False,MODEL_APPLIED_FROM_CALIBRATED_FRAMEWORK
submitted,BM-006,Friction,APP-01108,EV-a19f8965ce6f,joined_on_time,False,MODEL_APPLIED_FROM_CALIBRATED_FRAMEWORK
client_interview_1,BM-006,Friction,APP-01108,EV-e4fe502f4f13,joined_on_time,False,MODEL_APPLIED_FROM_CALIBRATED_FRAMEWORK
client_interview_1,BM-006,Friction,APP-01108,EV-a78bda6817f2,joined_on_time,False,MODEL_APPLIED_FROM_CALIBRATED_FRAMEWORK
offer_extended,BM-006,Friction,APP-01108,EV-eb802f2e38e3,joined_on_time,False,MODEL_APPLIED_FROM_CALIBRATED_FRAMEWORK
background_check,BM-006,Friction,APP-01108,EV-d95a363043ad,joined_on_time,False,MODEL_APPLIED_FROM_CALIBRATED_FRAMEWORK
background_check,BM-023,Goal Gradient,APP-01108,EV-3d2a56403414,joined_on_time,False,MODEL_APPLIED_FROM_CALIBRATED_FRAMEWORK
onboarding_docs_sent,BM-006,Friction,APP-01108,EV-a87fca302a1f,joined_on_time,False,MODEL_APPLIED_FROM_CALIBRATED_FRAMEWORK
submitted,BM-011,Reciprocity,APP-01109,EV-470caa4b430d,joined_on_time,False,MODEL_APPLIED_FROM_CALIBRATED_FRAMEWORK
background_check,BM-011,Reciprocity,APP-01111,EV-f5420b1cf734,joined_on_time,False,MODEL_APPLIED_FROM_CALIBRATED_FRAMEWORK
background_check,BM-011,Reciprocity,APP-01111,EV-279f053a33e3,joined_on_time,False,MODEL_APPLIED_FROM_CALIBRATED_FRAMEWORK
client_interview_1,BM-020,Commitment / Consistency,APP-01112,EV-68f21b3b86ad,joined_late,False,MODEL_APPLIED_FROM_CALIBRATED_FRAMEWORK
offer_extended,BM-011,Reciprocity,APP-01112,EV-3ef41c203d9d,joined_late,False,MODEL_APPLIED_FROM_CALIBRATED_FRAMEWORK
offer_extended,BM-018,Identity Signaling,APP-01112,EV-5e0f311a2a0b,joined_late,False,MODEL_APPLIED_FROM_CALIBRATED_FRAMEWORK
background_check,BM-011,Reciprocity,APP-01112,EV-8cc5f56a0fd0,joined_late,False,MODEL_APPLIED_FROM_CALIBRATED_FRAMEWORK
client_interview_1,BM-014,Confirmation Bias,APP-01114,EV-f200513e8749,withdrew_post_acceptance,True,MODEL_APPLIED_FROM_CALIBRATED_FRAMEWORK
client_interview_1,BM-014,Confirmation Bias,APP-01114,EV-ceae28471a28,withdrew_post_acceptance,True,MODEL_APPLIED_FROM_CALIBRATED_FRAMEWORK
offer_accepted,BM-014,Confirmation Bias,APP-01114,EV-c0b3a296ff61,withdrew_post_acceptance,True,MODEL_APPLIED_FROM_CALIBRATED_FRAMEWORK
offer_accepted,BM-014,Confirmation Bias,APP-01114,EV-82f8c14e6c32,withdrew_post_acceptance,True,MODEL_APPLIED_FROM_CALIBRATED_FRAMEWORK
offer_accepted,BM-014,Confirmation Bias,APP-01114,EV-7a2a4d58b105,withdrew_post_acceptance,True,MODEL_APPLIED_FROM_CALIBRATED_FRAMEWORK
client_interview_1,BM-001,Status Quo Bias,APP-01115,EV-b004f7866547,accepted_no_show,True,MODEL_APPLIED_FROM_CALIBRATED_FRAMEWORK
client_interview_1,BM-002,Loss Aversion,APP-01115,EV-a136cf09224f,accepted_no_show,True,MODEL_APPLIED_FROM_CALIBRATED_FRAMEWORK
submitted,BM-011,Reciprocity,APP-01120,EV-2678e7ef505d,withdrew_post_acceptance,True,MODEL_APPLIED_FROM_CALIBRATED_FRAMEWORK
background_check,BM-011,Reciprocity,APP-01120,EV-a19277caaffd,withdrew_post_acceptance,True,MODEL_APPLIED_FROM_CALIBRATED_FRAMEWORK
background_check,BM-029,Uncertainty / Ambiguity Aversion,APP-01120,EV-0a58168003c4,withdrew_post_acceptance,True,HUMAN_REVIEWED
background_check,BM-011,Reciprocity,APP-01120,EV-0744d6b83c45,withdrew_post_acceptance,True,MODEL_APPLIED_FROM_CALIBRATED_FRAMEWORK
screened,BM-006,Friction,APP-01121,EV-a91e3f8674b5,declined_offer,True,MODEL_APPLIED_FROM_CALIBRATED_FRAMEWORK
screened,BM-006,Friction,APP-01121,EV-c0a4a02ed3e3,declined_offer,True,MODEL_APPLIED_FROM_CALIBRATED_FRAMEWORK
submitted,BM-006,Friction,APP-01121,EV-bf897c308395,declined_offer,True,MODEL_APPLIED_FROM_CALIBRATED_FRAMEWORK
client_interview_1,BM-006,Friction,APP-01121,EV-08a18ef91b3f,declined_offer,True,MODEL_APPLIED_FROM_CALIBRATED_FRAMEWORK
client_interview_1,BM-006,Friction,APP-01121,EV-2e9050154b98,declined_offer,True,HUMAN_REVIEWED
offer_extended,BM-006,Friction,APP-01121,EV-d270bab6dc7c,declined_offer,True,MODEL_APPLIED_FROM_CALIBRATED_FRAMEWORK
offer_extended,BM-006,Friction,APP-01121,EV-e830f944382d,declined_offer,True,MODEL_APPLIED_FROM_CALIBRATED_FRAMEWORK
offer_extended,BM-006,Friction,APP-01121,EV-53dc1d1ce065,declined_offer,True,MODEL_APPLIED_FROM_CALIBRATED_FRAMEWORK
background_check,BM-002,Loss Aversion,APP-01122,EV-cdd90cee2d54,withdrew_post_acceptance,True,MODEL_APPLIED_FROM_CALIBRATED_FRAMEWORK
submitted,BM-029,Uncertainty / Ambiguity Aversion,APP-01123,EV-abd7e8a68b60,accepted_no_show,True,MODEL_APPLIED_FROM_CALIBRATED_FRAMEWORK
submitted,BM-029,Uncertainty / Ambiguity Aversion,APP-01123,EV-df0796cb8146,accepted_no_show,True,MODEL_APPLIED_FROM_CALIBRATED_FRAMEWORK
client_interview_1,BM-029,Uncertainty / Ambiguity Aversion,APP-01123,EV-13be6415331e,accepted_no_show,True,MODEL_APPLIED_FROM_CALIBRATED_FRAMEWORK
client_interview_1,BM-029,Uncertainty / Ambiguity Aversion,APP-01123,EV-4e7a17220cdc,accepted_no_show,True,MODEL_APPLIED_FROM_CALIBRATED_FRAMEWORK
client_interview_1,BM-029,Uncertainty / Ambiguity Aversion,APP-01123,EV-7fa6a207e232,accepted_no_show,True,MODEL_APPLIED_FROM_CALIBRATED_FRAMEWORK
client_interview_2,BM-029,Uncertainty / Ambiguity Aversion,APP-01123,EV-ae2481893496,accepted_no_show,True,MODEL_APPLIED_FROM_CALIBRATED_FRAMEWORK
client_interview_2,BM-029,Uncertainty / Ambiguity Aversion,APP-01123,EV-5a74946d7e0b,accepted_no_show,True,MODEL_APPLIED_FROM_CALIBRATED_FRAMEWORK
client_interview_2,BM-002,Loss Aversion,APP-01123,EV-f6c2a8c84f5f,accepted_no_show,True,MODEL_APPLIED_FROM_CALIBRATED_FRAMEWORK
background_check,BM-002,Loss Aversion,APP-01124,EV-60103e914aea,withdrew_post_acceptance,True,MODEL_APPLIED_FROM_CALIBRATED_FRAMEWORK
screened,BM-006,Friction,APP-01125,EV-3811312839e6,rejected_by_client,True,MODEL_APPLIED_FROM_CALIBRATED_FRAMEWORK
submitted,BM-006,Friction,APP-01125,EV-3427bbb7992b,rejected_by_client,True,MODEL_APPLIED_FROM_CALIBRATED_FRAMEWORK
submitted,BM-006,Friction,APP-01125,EV-e4ff4c79a585,rejected_by_client,True,MODEL_APPLIED_FROM_CALIBRATED_FRAMEWORK
client_interview_2,BM-006,Friction,APP-01125,EV-13753d8746c6,rejected_by_client,True,MODEL_APPLIED_FROM_CALIBRATED_FRAMEWORK
client_interview_2,BM-006,Friction,APP-01125,EV-37af4cab2de8,rejected_by_client,True,MODEL_APPLIED_FROM_CALIBRATED_FRAMEWORK
client_interview_2,BM-006,Friction,APP-01125,EV-6606ed9c6acd,rejected_by_client,True,MODEL_APPLIED_FROM_CALIBRATED_FRAMEWORK
offer_extended,BM-006,Friction,APP-01125,EV-44dd5c7b42cb,rejected_by_client,True,MODEL_APPLIED_FROM_CALIBRATED_FRAMEWORK
offer_extended,BM-023,Goal Gradient,APP-01125,EV-310b088c0e95,rejected_by_client,True,MODEL_APPLIED_FROM_CALIBRATED_FRAMEWORK
offer_accepted,BM-006,Friction,APP-01125,EV-cd8e5f38fe26,rejected_by_client,True,MODEL_APPLIED_FROM_CALIBRATED_FRAMEWORK
unknown,BM-011,Reciprocity,APP-01130,EV-ebdaa2cbfc4d,joined_on_time,False,MODEL_APPLIED_FROM_CALIBRATED_FRAMEWORK
submitted,BM-020,Commitment / Consistency,APP-01130,EV-5c511df5e993,joined_on_time,False,MODEL_APPLIED_FROM_CALIBRATED_FRAMEWORK
client_interview_1,BM-011,Reciprocity,APP-01130,EV-392bff316fdc,joined_on_time,False,MODEL_APPLIED_FROM_CALIBRATED_FRAMEWORK
offer_accepted,BM-011,Reciprocity,APP-01130,EV-04efd09791e5,joined_on_time,False,MODEL_APPLIED_FROM_CALIBRATED_FRAMEWORK
offer_accepted,BM-018,Identity Signaling,APP-01130,EV-7356b55d0c15,joined_on_time,False,MODEL_APPLIED_FROM_CALIBRATED_FRAMEWORK
background_check,BM-020,Commitment / Consistency,APP-01130,EV-f561695d900d,joined_on_time,False,MODEL_APPLIED_FROM_CALIBRATED_FRAMEWORK
onboarding_docs_sent,BM-006,Friction,APP-01132,EV-6fca1967ee50,joined_on_time,False,HUMAN_REVIEWED
client_interview_1,BM-006,Friction,APP-01133,EV-a2b448243ff3,joined_on_time,False,MODEL_APPLIED_FROM_CALIBRATED_FRAMEWORK
offer_extended,BM-029,Uncertainty / Ambiguity Aversion,APP-01133,EV-53eedb788c52,joined_on_time,False,MODEL_APPLIED_FROM_CALIBRATED_FRAMEWORK
offer_accepted,BM-006,Friction,APP-01133,EV-4f68be5225b9,joined_on_time,False,MODEL_APPLIED_FROM_CALIBRATED_FRAMEWORK
offer_accepted,BM-006,Friction,APP-01133,EV-f97caf20d3f4,joined_on_time,False,MODEL_APPLIED_FROM_CALIBRATED_FRAMEWORK
background_check,BM-006,Friction,APP-01133,EV-c90fa19bffc9,joined_on_time,False,MODEL_APPLIED_FROM_CALIBRATED_FRAMEWORK
background_check,BM-006,Friction,APP-01133,EV-356e28730399,joined_on_time,False,MODEL_APPLIED_FROM_CALIBRATED_FRAMEWORK
submitted,BM-005,Choice Overload,APP-01135,EV-f98d185fa5c4,declined_offer,True,MODEL_APPLIED_FROM_CALIBRATED_FRAMEWORK
client_interview_1,BM-029,Uncertainty / Ambiguity Aversion,APP-01135,EV-3233bdd41f2b,declined_offer,True,MODEL_APPLIED_FROM_CALIBRATED_FRAMEWORK
client_interview_1,BM-005,Choice Overload,APP-01135,EV-a73a4f49acb3,declined_offer,True,MODEL_APPLIED_FROM_CALIBRATED_FRAMEWORK
client_interview_2,BM-005,Choice Overload,APP-01135,EV-91cb09f337bf,declined_offer,True,MODEL_APPLIED_FROM_CALIBRATED_FRAMEWORK
client_interview_2,BM-005,Choice Overload,APP-01135,EV-041f69a52e39,declined_offer,True,MODEL_APPLIED_FROM_CALIBRATED_FRAMEWORK
unknown,BM-006,Friction,APP-01136,EV-454732eb343a,declined_offer,True,MODEL_APPLIED_FROM_CALIBRATED_FRAMEWORK
client_interview_1,BM-006,Friction,APP-01136,EV-b85d01e640a6,declined_offer,True,MODEL_APPLIED_FROM_CALIBRATED_FRAMEWORK
client_interview_1,BM-006,Friction,APP-01136,EV-968b96f975f5,declined_offer,True,MODEL_APPLIED_FROM_CALIBRATED_FRAMEWORK
client_interview_1,BM-002,Loss Aversion,APP-01136,EV-1b2065951775,declined_offer,True,MODEL_APPLIED_FROM_CALIBRATED_FRAMEWORK
screened,BM-006,Friction,APP-01140,EV-f92631f1379a,joined_on_time,False,MODEL_APPLIED_FROM_CALIBRATED_FRAMEWORK
submitted,BM-029,Uncertainty / Ambiguity Aversion,APP-01140,EV-8df4d64ce496,joined_on_time,False,MODEL_APPLIED_FROM_CALIBRATED_FRAMEWORK
submitted,BM-006,Friction,APP-01140,EV-b90984b9aeb0,joined_on_time,False,MODEL_APPLIED_FROM_CALIBRATED_FRAMEWORK
client_interview_1,BM-006,Friction,APP-01140,EV-89012dde9483,joined_on_time,False,MODEL_APPLIED_FROM_CALIBRATED_FRAMEWORK
client_interview_1,BM-006,Friction,APP-01140,EV-36da3816a00a,joined_on_time,False,MODEL_APPLIED_FROM_CALIBRATED_FRAMEWORK
client_interview_1,BM-006,Friction,APP-01140,EV-c49e35761989,joined_on_time,False,MODEL_APPLIED_FROM_CALIBRATED_FRAMEWORK
client_interview_1,BM-006,Friction,APP-01140,EV-38f18e759bac,joined_on_time,False,MODEL_APPLIED_FROM_CALIBRATED_FRAMEWORK
client_interview_2,BM-006,Friction,APP-01140,EV-2d6c197f475d,joined_on_time,False,MODEL_APPLIED_FROM_CALIBRATED_FRAMEWORK
offer_extended,BM-006,Friction,APP-01140,EV-b37be6617f46,joined_on_time,False,MODEL_APPLIED_FROM_CALIBRATED_FRAMEWORK
background_check,BM-006,Friction,APP-01140,EV-ce623fe35178,joined_on_time,False,MODEL_APPLIED_FROM_CALIBRATED_FRAMEWORK
unknown,BM-001,Status Quo Bias,APP-01141,EV-bd164a18d3ad,declined_offer,True,MODEL_APPLIED_FROM_CALIBRATED_FRAMEWORK
unknown,BM-014,Confirmation Bias,APP-01141,EV-28ec29d1f2e9,declined_offer,True,MODEL_APPLIED_FROM_CALIBRATED_FRAMEWORK
unknown,BM-001,Status Quo Bias,APP-01141,EV-4bba2b701f58,declined_offer,True,MODEL_APPLIED_FROM_CALIBRATED_FRAMEWORK
unknown,BM-014,Confirmation Bias,APP-01141,EV-4d262ea32f7a,declined_offer,True,MODEL_APPLIED_FROM_CALIBRATED_FRAMEWORK
screened,BM-001,Status Quo Bias,APP-01141,EV-0a5af3dd2fdd,declined_offer,True,MODEL_APPLIED_FROM_CALIBRATED_FRAMEWORK
screened,BM-014,Confirmation Bias,APP-01141,EV-f6ec49dbf722,declined_offer,True,MODEL_APPLIED_FROM_CALIBRATED_FRAMEWORK
screened,BM-001,Status Quo Bias,APP-01141,EV-35e23de3cbf8,declined_offer,True,MODEL_APPLIED_FROM_CALIBRATED_FRAMEWORK
screened,BM-014,Confirmation Bias,APP-01141,EV-6ec480400170,declined_offer,True,MODEL_APPLIED_FROM_CALIBRATED_FRAMEWORK
client_interview_1,BM-001,Status Quo Bias,APP-01141,EV-ed580b74797b,declined_offer,True,MODEL_APPLIED_FROM_CALIBRATED_FRAMEWORK
client_interview_1,BM-029,Uncertainty / Ambiguity Aversion,APP-01141,EV-545a18a642a3,declined_offer,True,HUMAN_REVIEWED
client_interview_1,BM-001,Status Quo Bias,APP-01141,EV-4ae623a9c945,declined_offer,True,MODEL_APPLIED_FROM_CALIBRATED_FRAMEWORK
client_interview_1,BM-001,Status Quo Bias,APP-01141,EV-80f1d01d9100,declined_offer,True,MODEL_APPLIED_FROM_CALIBRATED_FRAMEWORK
offer_extended,BM-001,Status Quo Bias,APP-01141,EV-89d0b9301edd,declined_offer,True,MODEL_APPLIED_FROM_CALIBRATED_FRAMEWORK
offer_extended,BM-014,Confirmation Bias,APP-01141,EV-9a8fdd5329b0,declined_offer,True,MODEL_APPLIED_FROM_CALIBRATED_FRAMEWORK
offer_extended,BM-001,Status Quo Bias,APP-01141,EV-1eb44cc3c505,declined_offer,True,MODEL_APPLIED_FROM_CALIBRATED_FRAMEWORK
offer_extended,BM-014,Confirmation Bias,APP-01141,EV-8c148880011a,declined_offer,True,MODEL_APPLIED_FROM_CALIBRATED_FRAMEWORK
offer_extended,BM-002,Loss Aversion,APP-01141,EV-bffae8857467,declined_offer,True,MODEL_APPLIED_FROM_CALIBRATED_FRAMEWORK
screened,BM-023,Goal Gradient,APP-01143,EV-1a45bead9e83,withdrew_post_acceptance,True,MODEL_APPLIED_FROM_CALIBRATED_FRAMEWORK
submitted,BM-023,Goal Gradient,APP-01143,EV-21ac4ce5ce0f,withdrew_post_acceptance,True,MODEL_APPLIED_FROM_CALIBRATED_FRAMEWORK
submitted,BM-023,Goal Gradient,APP-01143,EV-de15d41ff436,withdrew_post_acceptance,True,MODEL_APPLIED_FROM_CALIBRATED_FRAMEWORK
background_check,BM-001,Status Quo Bias,APP-01144,EV-c4ce7a815cbb,joined_late,False,MODEL_APPLIED_FROM_CALIBRATED_FRAMEWORK
background_check,BM-023,Goal Gradient,APP-01144,EV-d8299da1e9d8,joined_late,False,MODEL_APPLIED_FROM_CALIBRATED_FRAMEWORK
background_check,BM-001,Status Quo Bias,APP-01144,EV-99feadda3359,joined_late,False,MODEL_APPLIED_FROM_CALIBRATED_FRAMEWORK
onboarding_docs_sent,BM-023,Goal Gradient,APP-01144,EV-37ea40eadb29,joined_late,False,MODEL_APPLIED_FROM_CALIBRATED_FRAMEWORK
onboarding_docs_sent,BM-001,Status Quo Bias,APP-01144,EV-a04a9947f624,joined_late,False,MODEL_APPLIED_FROM_CALIBRATED_FRAMEWORK
submitted,BM-029,Uncertainty / Ambiguity Aversion,APP-01146,EV-aac6bc57e9cf,withdrew_post_acceptance,True,MODEL_APPLIED_FROM_CALIBRATED_FRAMEWORK
submitted,BM-006,Friction,APP-01146,EV-ca0591bae60d,withdrew_post_acceptance,True,MODEL_APPLIED_FROM_CALIBRATED_FRAMEWORK
submitted,BM-006,Friction,APP-01146,EV-e4577b4184ac,withdrew_post_acceptance,True,MODEL_APPLIED_FROM_CALIBRATED_FRAMEWORK
submitted,BM-006,Friction,APP-01146,EV-db17b5c6921d,withdrew_post_acceptance,True,MODEL_APPLIED_FROM_CALIBRATED_FRAMEWORK
submitted,BM-029,Uncertainty / Ambiguity Aversion,APP-01146,EV-e359f8be60fc,withdrew_post_acceptance,True,MODEL_APPLIED_FROM_CALIBRATED_FRAMEWORK
submitted,BM-006,Friction,APP-01146,EV-a958d6f1f7e3,withdrew_post_acceptance,True,MODEL_APPLIED_FROM_CALIBRATED_FRAMEWORK
client_interview_1,BM-029,Uncertainty / Ambiguity Aversion,APP-01146,EV-3072180315af,withdrew_post_acceptance,True,MODEL_APPLIED_FROM_CALIBRATED_FRAMEWORK
client_interview_1,BM-001,Status Quo Bias,APP-01146,EV-cda0dcb23d58,withdrew_post_acceptance,True,HUMAN_REVIEWED
client_interview_1,BM-006,Friction,APP-01146,EV-fd3e70cc13a2,withdrew_post_acceptance,True,MODEL_APPLIED_FROM_CALIBRATED_FRAMEWORK
client_interview_1,BM-006,Friction,APP-01146,EV-e4e77d5f8480,withdrew_post_acceptance,True,MODEL_APPLIED_FROM_CALIBRATED_FRAMEWORK
offer_extended,BM-006,Friction,APP-01146,EV-67b9e179fd80,withdrew_post_acceptance,True,MODEL_APPLIED_FROM_CALIBRATED_FRAMEWORK
offer_extended,BM-006,Friction,APP-01146,EV-9533dec787f3,withdrew_post_acceptance,True,MODEL_APPLIED_FROM_CALIBRATED_FRAMEWORK
offer_extended,BM-006,Friction,APP-01146,EV-9e4d22a16537,withdrew_post_acceptance,True,MODEL_APPLIED_FROM_CALIBRATED_FRAMEWORK
offer_extended,BM-006,Friction,APP-01146,EV-0ea218146d97,withdrew_post_acceptance,True,MODEL_APPLIED_FROM_CALIBRATED_FRAMEWORK
offer_accepted,BM-006,Friction,APP-01146,EV-3f665358a327,withdrew_post_acceptance,True,MODEL_APPLIED_FROM_CALIBRATED_FRAMEWORK
offer_accepted,BM-002,Loss Aversion,APP-01146,EV-dc459cf2fad3,withdrew_post_acceptance,True,MODEL_APPLIED_FROM_CALIBRATED_FRAMEWORK
client_interview_1,BM-006,Friction,APP-01147,EV-0b7dd9c4bfe4,joined_on_time,False,MODEL_APPLIED_FROM_CALIBRATED_FRAMEWORK
client_interview_1,BM-006,Friction,APP-01147,EV-4c6016a490df,joined_on_time,False,MODEL_APPLIED_FROM_CALIBRATED_FRAMEWORK
client_interview_1,BM-006,Friction,APP-01147,EV-d8fc0917e0bc,joined_on_time,False,MODEL_APPLIED_FROM_CALIBRATED_FRAMEWORK
background_check,BM-006,Friction,APP-01147,EV-1d20d7c2e985,joined_on_time,False,MODEL_APPLIED_FROM_CALIBRATED_FRAMEWORK
screened,BM-006,Friction,APP-01148,EV-5d583cf9cf99,withdrew_post_acceptance,True,MODEL_APPLIED_FROM_CALIBRATED_FRAMEWORK
screened,BM-006,Friction,APP-01148,EV-35359e863f4a,withdrew_post_acceptance,True,MODEL_APPLIED_FROM_CALIBRATED_FRAMEWORK
submitted,BM-006,Friction,APP-01148,EV-3ebb4902ed9a,withdrew_post_acceptance,True,HUMAN_REVIEWED
submitted,BM-006,Friction,APP-01148,EV-b163b3c5b5bc,withdrew_post_acceptance,True,MODEL_APPLIED_FROM_CALIBRATED_FRAMEWORK
client_interview_2,BM-006,Friction,APP-01148,EV-de2ac16bece7,withdrew_post_acceptance,True,MODEL_APPLIED_FROM_CALIBRATED_FRAMEWORK
client_interview_2,BM-006,Friction,APP-01148,EV-76da056f97e3,withdrew_post_acceptance,True,MODEL_APPLIED_FROM_CALIBRATED_FRAMEWORK
submitted,BM-001,Status Quo Bias,APP-01150,EV-366d14e8e733,joined_on_time,False,MODEL_APPLIED_FROM_CALIBRATED_FRAMEWORK
client_interview_1,BM-029,Uncertainty / Ambiguity Aversion,APP-01150,EV-48da62017ed3,joined_on_time,False,MODEL_APPLIED_FROM_CALIBRATED_FRAMEWORK
offer_accepted,BM-001,Status Quo Bias,APP-01150,EV-e343f5220b63,joined_on_time,False,MODEL_APPLIED_FROM_CALIBRATED_FRAMEWORK
background_check,BM-001,Status Quo Bias,APP-01150,EV-9b2a8eb495d7,joined_on_time,False,MODEL_APPLIED_FROM_CALIBRATED_FRAMEWORK
background_check,BM-029,Uncertainty / Ambiguity Aversion,APP-01150,EV-0c2f3b1111d3,joined_on_time,False,MODEL_APPLIED_FROM_CALIBRATED_FRAMEWORK
screened,BM-029,Uncertainty / Ambiguity Aversion,APP-01151,EV-47fd0e05a93e,joined_on_time,False,MODEL_APPLIED_FROM_CALIBRATED_FRAMEWORK
client_interview_1,BM-029,Uncertainty / Ambiguity Aversion,APP-01151,EV-3bd72afa14f8,joined_on_time,False,HUMAN_REVIEWED
client_interview_1,BM-029,Uncertainty / Ambiguity Aversion,APP-01151,EV-5f5811ac0dc3,joined_on_time,False,MODEL_APPLIED_FROM_CALIBRATED_FRAMEWORK
background_check,BM-029,Uncertainty / Ambiguity Aversion,APP-01151,EV-1d0d43ec119f,joined_on_time,False,MODEL_APPLIED_FROM_CALIBRATED_FRAMEWORK
background_check,BM-029,Uncertainty / Ambiguity Aversion,APP-01151,EV-4b80535fde75,joined_on_time,False,MODEL_APPLIED_FROM_CALIBRATED_FRAMEWORK
onboarding_docs_sent,BM-029,Uncertainty / Ambiguity Aversion,APP-01151,EV-eff8f3502733,joined_on_time,False,MODEL_APPLIED_FROM_CALIBRATED_FRAMEWORK
onboarding_docs_sent,BM-029,Uncertainty / Ambiguity Aversion,APP-01151,EV-390637df2c2d,joined_on_time,False,MODEL_APPLIED_FROM_CALIBRATED_FRAMEWORK
onboarding_docs_sent,BM-029,Uncertainty / Ambiguity Aversion,APP-01151,EV-f63a545a5411,joined_on_time,False,MODEL_APPLIED_FROM_CALIBRATED_FRAMEWORK
submitted,BM-011,Reciprocity,APP-01152,EV-27d81997f7ed,joined_late,False,MODEL_APPLIED_FROM_CALIBRATED_FRAMEWORK
screened,BM-029,Uncertainty / Ambiguity Aversion,APP-01155,EV-d87c66d78608,withdrew_post_acceptance,True,MODEL_APPLIED_FROM_CALIBRATED_FRAMEWORK
submitted,BM-029,Uncertainty / Ambiguity Aversion,APP-01155,EV-3d713b178a15,withdrew_post_acceptance,True,MODEL_APPLIED_FROM_CALIBRATED_FRAMEWORK
submitted,BM-029,Uncertainty / Ambiguity Aversion,APP-01155,EV-244d757c42c8,withdrew_post_acceptance,True,MODEL_APPLIED_FROM_CALIBRATED_FRAMEWORK
client_interview_2,BM-029,Uncertainty / Ambiguity Aversion,APP-01155,EV-4103616d36b9,withdrew_post_acceptance,True,MODEL_APPLIED_FROM_CALIBRATED_FRAMEWORK
client_interview_2,BM-029,Uncertainty / Ambiguity Aversion,APP-01155,EV-4c4a45f2ca34,withdrew_post_acceptance,True,MODEL_APPLIED_FROM_CALIBRATED_FRAMEWORK
client_interview_2,BM-029,Uncertainty / Ambiguity Aversion,APP-01155,EV-f64895f5cd69,withdrew_post_acceptance,True,MODEL_APPLIED_FROM_CALIBRATED_FRAMEWORK
submitted,BM-005,Choice Overload,APP-01157,EV-2ec272d1e77e,declined_offer,True,MODEL_APPLIED_FROM_CALIBRATED_FRAMEWORK
submitted,BM-005,Choice Overload,APP-01157,EV-d7f110752e11,declined_offer,True,MODEL_APPLIED_FROM_CALIBRATED_FRAMEWORK
submitted,BM-029,Uncertainty / Ambiguity Aversion,APP-01157,EV-bbdc1d3104d9,declined_offer,True,MODEL_APPLIED_FROM_CALIBRATED_FRAMEWORK
submitted,BM-005,Choice Overload,APP-01157,EV-2a29e732c5ba,declined_offer,True,MODEL_APPLIED_FROM_CALIBRATED_FRAMEWORK
submitted,BM-005,Choice Overload,APP-01157,EV-147fc2991a09,declined_offer,True,MODEL_APPLIED_FROM_CALIBRATED_FRAMEWORK
client_interview_1,BM-005,Choice Overload,APP-01157,EV-302694be806b,declined_offer,True,MODEL_APPLIED_FROM_CALIBRATED_FRAMEWORK
client_interview_1,BM-005,Choice Overload,APP-01157,EV-0889f60d757f,declined_offer,True,MODEL_APPLIED_FROM_CALIBRATED_FRAMEWORK
client_interview_1,BM-029,Uncertainty / Ambiguity Aversion,APP-01157,EV-c84ce88c76fb,declined_offer,True,MODEL_APPLIED_FROM_CALIBRATED_FRAMEWORK
client_interview_1,BM-005,Choice Overload,APP-01157,EV-638523dd036b,declined_offer,True,MODEL_APPLIED_FROM_CALIBRATED_FRAMEWORK
screened,BM-001,Status Quo Bias,APP-01158,EV-232e5a9892a3,joined_on_time,False,MODEL_APPLIED_FROM_CALIBRATED_FRAMEWORK
submitted,BM-001,Status Quo Bias,APP-01158,EV-5c6f4f5ab91c,joined_on_time,False,MODEL_APPLIED_FROM_CALIBRATED_FRAMEWORK
offer_extended,BM-001,Status Quo Bias,APP-01158,EV-5b7267f44d3f,joined_on_time,False,MODEL_APPLIED_FROM_CALIBRATED_FRAMEWORK
offer_extended,BM-029,Uncertainty / Ambiguity Aversion,APP-01158,EV-df7921428131,joined_on_time,False,MODEL_APPLIED_FROM_CALIBRATED_FRAMEWORK
offer_accepted,BM-001,Status Quo Bias,APP-01158,EV-4bf6870af5ae,joined_on_time,False,MODEL_APPLIED_FROM_CALIBRATED_FRAMEWORK
screened,BM-006,Friction,APP-01161,EV-b4625f079731,joined_on_time,False,MODEL_APPLIED_FROM_CALIBRATED_FRAMEWORK
submitted,BM-006,Friction,APP-01161,EV-a61e15b21e9a,joined_on_time,False,MODEL_APPLIED_FROM_CALIBRATED_FRAMEWORK
submitted,BM-006,Friction,APP-01161,EV-05da564316c9,joined_on_time,False,HUMAN_REVIEWED
submitted,BM-006,Friction,APP-01161,EV-006b140ebccc,joined_on_time,False,MODEL_APPLIED_FROM_CALIBRATED_FRAMEWORK
submitted,BM-006,Friction,APP-01161,EV-21dfc9b70625,joined_on_time,False,MODEL_APPLIED_FROM_CALIBRATED_FRAMEWORK
offer_accepted,BM-006,Friction,APP-01161,EV-3d0d728fc3b0,joined_on_time,False,MODEL_APPLIED_FROM_CALIBRATED_FRAMEWORK
offer_accepted,BM-006,Friction,APP-01161,EV-5211128cb6a8,joined_on_time,False,MODEL_APPLIED_FROM_CALIBRATED_FRAMEWORK
background_check,BM-006,Friction,APP-01161,EV-61176bf0c505,joined_on_time,False,MODEL_APPLIED_FROM_CALIBRATED_FRAMEWORK
background_check,BM-006,Friction,APP-01161,EV-4f90b0b2bc80,joined_on_time,False,MODEL_APPLIED_FROM_CALIBRATED_FRAMEWORK
background_check,BM-006,Friction,APP-01161,EV-0771026c254a,joined_on_time,False,MODEL_APPLIED_FROM_CALIBRATED_FRAMEWORK
client_interview_1,BM-001,Status Quo Bias,APP-01165,EV-b31ebb4fe214,withdrew_post_acceptance,True,MODEL_APPLIED_FROM_CALIBRATED_FRAMEWORK
offer_accepted,BM-001,Status Quo Bias,APP-01165,EV-4fbc414c3063,withdrew_post_acceptance,True,MODEL_APPLIED_FROM_CALIBRATED_FRAMEWORK
offer_accepted,BM-001,Status Quo Bias,APP-01165,EV-d841445115e1,withdrew_post_acceptance,True,MODEL_APPLIED_FROM_CALIBRATED_FRAMEWORK
offer_accepted,BM-001,Status Quo Bias,APP-01165,EV-503e39a01466,withdrew_post_acceptance,True,MODEL_APPLIED_FROM_CALIBRATED_FRAMEWORK
submitted,BM-029,Uncertainty / Ambiguity Aversion,APP-01166,EV-2117267e74c5,withdrew_post_acceptance,True,MODEL_APPLIED_FROM_CALIBRATED_FRAMEWORK
submitted,BM-029,Uncertainty / Ambiguity Aversion,APP-01166,EV-f8e4c1200b21,withdrew_post_acceptance,True,MODEL_APPLIED_FROM_CALIBRATED_FRAMEWORK
submitted,BM-029,Uncertainty / Ambiguity Aversion,APP-01166,EV-9646081edd59,withdrew_post_acceptance,True,MODEL_APPLIED_FROM_CALIBRATED_FRAMEWORK
submitted,BM-029,Uncertainty / Ambiguity Aversion,APP-01166,EV-e114f76acb72,withdrew_post_acceptance,True,MODEL_APPLIED_FROM_CALIBRATED_FRAMEWORK
screened,BM-006,Friction,APP-01167,EV-d6d8d3f0846f,joined_on_time,False,MODEL_APPLIED_FROM_CALIBRATED_FRAMEWORK
client_interview_2,BM-029,Uncertainty / Ambiguity Aversion,APP-01168,EV-b99e5231c3e0,withdrew_post_acceptance,True,MODEL_APPLIED_FROM_CALIBRATED_FRAMEWORK
client_interview_2,BM-029,Uncertainty / Ambiguity Aversion,APP-01168,EV-5d6098a3ddb1,withdrew_post_acceptance,True,MODEL_APPLIED_FROM_CALIBRATED_FRAMEWORK
offer_accepted,BM-029,Uncertainty / Ambiguity Aversion,APP-01168,EV-eb54359693d3,withdrew_post_acceptance,True,MODEL_APPLIED_FROM_CALIBRATED_FRAMEWORK
offer_accepted,BM-029,Uncertainty / Ambiguity Aversion,APP-01168,EV-c2289edce816,withdrew_post_acceptance,True,MODEL_APPLIED_FROM_CALIBRATED_FRAMEWORK
submitted,BM-029,Uncertainty / Ambiguity Aversion,APP-01170,EV-53f12c562b93,declined_offer,True,MODEL_APPLIED_FROM_CALIBRATED_FRAMEWORK
offer_extended,BM-029,Uncertainty / Ambiguity Aversion,APP-01171,EV-185b5bdaf85a,rejected_by_client,True,HUMAN_REVIEWED
submitted,BM-011,Reciprocity,APP-01172,EV-16e29911f6e8,joined_on_time,False,MODEL_APPLIED_FROM_CALIBRATED_FRAMEWORK
unknown,BM-002,Loss Aversion,APP-01175,EV-30842ca13549,accepted_no_show,True,MODEL_APPLIED_FROM_CALIBRATED_FRAMEWORK
offer_extended,BM-029,Uncertainty / Ambiguity Aversion,APP-01175,EV-68ff1034894c,accepted_no_show,True,MODEL_APPLIED_FROM_CALIBRATED_FRAMEWORK
offer_extended,BM-029,Uncertainty / Ambiguity Aversion,APP-01175,EV-9f1617ee7e0d,accepted_no_show,True,MODEL_APPLIED_FROM_CALIBRATED_FRAMEWORK
onboarding_docs_sent,BM-029,Uncertainty / Ambiguity Aversion,APP-01175,EV-b29b0818087d,accepted_no_show,True,MODEL_APPLIED_FROM_CALIBRATED_FRAMEWORK
submitted,BM-023,Goal Gradient,APP-01176,EV-a5b721f7168b,joined_late,False,MODEL_APPLIED_FROM_CALIBRATED_FRAMEWORK
offer_accepted,BM-023,Goal Gradient,APP-01176,EV-a7b2ac04d7aa,joined_late,False,MODEL_APPLIED_FROM_CALIBRATED_FRAMEWORK
screened,BM-006,Friction,APP-01178,EV-5f413e462e85,joined_on_time,False,MODEL_APPLIED_FROM_CALIBRATED_FRAMEWORK
client_interview_2,BM-020,Commitment / Consistency,APP-01178,EV-5a4638fb390d,joined_on_time,False,MODEL_APPLIED_FROM_CALIBRATED_FRAMEWORK
background_check,BM-006,Friction,APP-01178,EV-812831f8aff6,joined_on_time,False,MODEL_APPLIED_FROM_CALIBRATED_FRAMEWORK
background_check,BM-006,Friction,APP-01178,EV-5fbbd609878a,joined_on_time,False,MODEL_APPLIED_FROM_CALIBRATED_FRAMEWORK
client_interview_2,BM-029,Uncertainty / Ambiguity Aversion,APP-01179,EV-df8554a7c4df,joined_late,False,MODEL_APPLIED_FROM_CALIBRATED_FRAMEWORK
client_interview_2,BM-029,Uncertainty / Ambiguity Aversion,APP-01179,EV-569fadd92b81,joined_late,False,MODEL_APPLIED_FROM_CALIBRATED_FRAMEWORK
onboarding_docs_sent,BM-029,Uncertainty / Ambiguity Aversion,APP-01179,EV-6c9e056fd9f1,joined_late,False,MODEL_APPLIED_FROM_CALIBRATED_FRAMEWORK
onboarding_docs_sent,BM-029,Uncertainty / Ambiguity Aversion,APP-01179,EV-d00f5a1ce792,joined_late,False,MODEL_APPLIED_FROM_CALIBRATED_FRAMEWORK
background_check,BM-029,Uncertainty / Ambiguity Aversion,APP-01181,EV-1c599c256e57,joined_on_time,False,MODEL_APPLIED_FROM_CALIBRATED_FRAMEWORK
background_check,BM-029,Uncertainty / Ambiguity Aversion,APP-01181,EV-9888d8c270b5,joined_on_time,False,MODEL_APPLIED_FROM_CALIBRATED_FRAMEWORK
submitted,BM-011,Reciprocity,APP-01182,EV-9967405eb0c6,joined_on_time,False,MODEL_APPLIED_FROM_CALIBRATED_FRAMEWORK
submitted,BM-018,Identity Signaling,APP-01182,EV-21d81f6e900e,joined_on_time,False,MODEL_APPLIED_FROM_CALIBRATED_FRAMEWORK
submitted,BM-020,Commitment / Consistency,APP-01182,EV-69b967f33c30,joined_on_time,False,MODEL_APPLIED_FROM_CALIBRATED_FRAMEWORK
offer_extended,BM-011,Reciprocity,APP-01182,EV-2a1653d52cee,joined_on_time,False,MODEL_APPLIED_FROM_CALIBRATED_FRAMEWORK
submitted,BM-006,Friction,APP-01183,EV-3ea81c11c059,joined_on_time,False,MODEL_APPLIED_FROM_CALIBRATED_FRAMEWORK
submitted,BM-006,Friction,APP-01183,EV-463711712b0b,joined_on_time,False,MODEL_APPLIED_FROM_CALIBRATED_FRAMEWORK
offer_accepted,BM-006,Friction,APP-01183,EV-ee78075a6d69,joined_on_time,False,MODEL_APPLIED_FROM_CALIBRATED_FRAMEWORK
offer_accepted,BM-006,Friction,APP-01183,EV-df67ff86758b,joined_on_time,False,MODEL_APPLIED_FROM_CALIBRATED_FRAMEWORK
offer_accepted,BM-006,Friction,APP-01183,EV-43ddb4955934,joined_on_time,False,MODEL_APPLIED_FROM_CALIBRATED_FRAMEWORK
offer_accepted,BM-006,Friction,APP-01183,EV-a7b6ac6b7b25,joined_on_time,False,MODEL_APPLIED_FROM_CALIBRATED_FRAMEWORK
client_interview_1,BM-001,Status Quo Bias,APP-01184,EV-4991830bcd5c,joined_late,False,MODEL_APPLIED_FROM_CALIBRATED_FRAMEWORK
offer_accepted,BM-001,Status Quo Bias,APP-01184,EV-3e50317500ce,joined_late,False,MODEL_APPLIED_FROM_CALIBRATED_FRAMEWORK
background_check,BM-029,Uncertainty / Ambiguity Aversion,APP-01184,EV-24eb7f9c016a,joined_late,False,MODEL_APPLIED_FROM_CALIBRATED_FRAMEWORK
onboarding_docs_sent,BM-023,Goal Gradient,APP-01184,EV-c9f6d0d02392,joined_late,False,MODEL_APPLIED_FROM_CALIBRATED_FRAMEWORK
background_check,BM-006,Friction,APP-01188,EV-adc930dd4792,joined_on_time,False,MODEL_APPLIED_FROM_CALIBRATED_FRAMEWORK
background_check,BM-006,Friction,APP-01188,EV-6cb996cc7498,joined_on_time,False,MODEL_APPLIED_FROM_CALIBRATED_FRAMEWORK
background_check,BM-002,Loss Aversion,APP-01189,EV-2bb8a057547e,joined_on_time,False,MODEL_APPLIED_FROM_CALIBRATED_FRAMEWORK
submitted,BM-029,Uncertainty / Ambiguity Aversion,APP-01197,EV-666b56ee83bf,declined_offer,True,MODEL_APPLIED_FROM_CALIBRATED_FRAMEWORK
client_interview_1,BM-029,Uncertainty / Ambiguity Aversion,APP-01197,EV-69b457c902c3,declined_offer,True,MODEL_APPLIED_FROM_CALIBRATED_FRAMEWORK
offer_accepted,BM-020,Commitment / Consistency,APP-01203,EV-f224a0093490,joined_on_time,False,MODEL_APPLIED_FROM_CALIBRATED_FRAMEWORK
offer_accepted,BM-018,Identity Signaling,APP-01203,EV-aee551c5d364,joined_on_time,False,MODEL_APPLIED_FROM_CALIBRATED_FRAMEWORK
submitted,BM-023,Goal Gradient,APP-01204,EV-7de7a615196b,joined_on_time,False,MODEL_APPLIED_FROM_CALIBRATED_FRAMEWORK
client_interview_2,BM-023,Goal Gradient,APP-01204,EV-393681d049ef,joined_on_time,False,MODEL_APPLIED_FROM_CALIBRATED_FRAMEWORK
offer_accepted,BM-023,Goal Gradient,APP-01204,EV-2393a328239f,joined_on_time,False,MODEL_APPLIED_FROM_CALIBRATED_FRAMEWORK
background_check,BM-029,Uncertainty / Ambiguity Aversion,APP-01204,EV-b6f2ba1d05f9,joined_on_time,False,HUMAN_REVIEWED
submitted,BM-002,Loss Aversion,APP-01205,EV-8ee1f0b9b22c,declined_offer,True,MODEL_APPLIED_FROM_CALIBRATED_FRAMEWORK
submitted,BM-002,Loss Aversion,APP-01205,EV-13905e73d824,declined_offer,True,MODEL_APPLIED_FROM_CALIBRATED_FRAMEWORK
client_interview_1,BM-002,Loss Aversion,APP-01205,EV-9ab81b6b29c3,declined_offer,True,MODEL_APPLIED_FROM_CALIBRATED_FRAMEWORK
client_interview_1,BM-029,Uncertainty / Ambiguity Aversion,APP-01205,EV-374233c1a62f,declined_offer,True,MODEL_APPLIED_FROM_CALIBRATED_FRAMEWORK
client_interview_1,BM-029,Uncertainty / Ambiguity Aversion,APP-01205,EV-874ede6a24ea,declined_offer,True,MODEL_APPLIED_FROM_CALIBRATED_FRAMEWORK
unknown,BM-029,Uncertainty / Ambiguity Aversion,APP-01209,EV-17ddfaf9a9f8,accepted_no_show,True,HUMAN_REVIEWED
background_check,BM-023,Goal Gradient,APP-01209,EV-88f34ab3d7fe,accepted_no_show,True,MODEL_APPLIED_FROM_CALIBRATED_FRAMEWORK
background_check,BM-023,Goal Gradient,APP-01209,EV-bd7eb3ba37d1,accepted_no_show,True,MODEL_APPLIED_FROM_CALIBRATED_FRAMEWORK
background_check,BM-023,Goal Gradient,APP-01209,EV-e41467587f5d,accepted_no_show,True,MODEL_APPLIED_FROM_CALIBRATED_FRAMEWORK
onboarding_docs_sent,BM-023,Goal Gradient,APP-01209,EV-3b8bd1660bbf,accepted_no_show,True,MODEL_APPLIED_FROM_CALIBRATED_FRAMEWORK
onboarding_docs_sent,BM-023,Goal Gradient,APP-01209,EV-30a6f9a4bee4,accepted_no_show,True,MODEL_APPLIED_FROM_CALIBRATED_FRAMEWORK
screened,BM-006,Friction,APP-01210,EV-02dc2d65f4ae,withdrew_post_acceptance,True,MODEL_APPLIED_FROM_CALIBRATED_FRAMEWORK
screened,BM-006,Friction,APP-01210,EV-448f92746022,withdrew_post_acceptance,True,MODEL_APPLIED_FROM_CALIBRATED_FRAMEWORK
client_interview_1,BM-006,Friction,APP-01210,EV-75f057517e08,withdrew_post_acceptance,True,MODEL_APPLIED_FROM_CALIBRATED_FRAMEWORK
client_interview_2,BM-006,Friction,APP-01210,EV-6479189e586f,withdrew_post_acceptance,True,MODEL_APPLIED_FROM_CALIBRATED_FRAMEWORK
client_interview_2,BM-006,Friction,APP-01210,EV-80ac22ede308,withdrew_post_acceptance,True,MODEL_APPLIED_FROM_CALIBRATED_FRAMEWORK
offer_extended,BM-006,Friction,APP-01210,EV-848ebd990625,withdrew_post_acceptance,True,MODEL_APPLIED_FROM_CALIBRATED_FRAMEWORK
offer_accepted,BM-006,Friction,APP-01210,EV-2f407ce29690,withdrew_post_acceptance,True,MODEL_APPLIED_FROM_CALIBRATED_FRAMEWORK
submitted,BM-001,Status Quo Bias,APP-01212,EV-0d0c29954350,joined_on_time,False,MODEL_APPLIED_FROM_CALIBRATED_FRAMEWORK
submitted,BM-014,Confirmation Bias,APP-01212,EV-55071997d7d8,joined_on_time,False,MODEL_APPLIED_FROM_CALIBRATED_FRAMEWORK
submitted,BM-001,Status Quo Bias,APP-01212,EV-977e9100944a,joined_on_time,False,MODEL_APPLIED_FROM_CALIBRATED_FRAMEWORK
submitted,BM-001,Status Quo Bias,APP-01212,EV-11248328bfa7,joined_on_time,False,MODEL_APPLIED_FROM_CALIBRATED_FRAMEWORK
client_interview_1,BM-001,Status Quo Bias,APP-01212,EV-d490fa046591,joined_on_time,False,MODEL_APPLIED_FROM_CALIBRATED_FRAMEWORK
client_interview_1,BM-014,Confirmation Bias,APP-01212,EV-1b341b9254b6,joined_on_time,False,MODEL_APPLIED_FROM_CALIBRATED_FRAMEWORK
client_interview_1,BM-001,Status Quo Bias,APP-01212,EV-9d30e1a73cf8,joined_on_time,False,MODEL_APPLIED_FROM_CALIBRATED_FRAMEWORK
client_interview_1,BM-014,Confirmation Bias,APP-01212,EV-00366de63fb7,joined_on_time,False,MODEL_APPLIED_FROM_CALIBRATED_FRAMEWORK
client_interview_1,BM-001,Status Quo Bias,APP-01212,EV-dc119f6e7774,joined_on_time,False,MODEL_APPLIED_FROM_CALIBRATED_FRAMEWORK
client_interview_1,BM-014,Confirmation Bias,APP-01212,EV-890fc87155bc,joined_on_time,False,MODEL_APPLIED_FROM_CALIBRATED_FRAMEWORK
client_interview_1,BM-001,Status Quo Bias,APP-01212,EV-5b3cb6d4d2cf,joined_on_time,False,MODEL_APPLIED_FROM_CALIBRATED_FRAMEWORK
background_check,BM-001,Status Quo Bias,APP-01212,EV-48f2916be7e9,joined_on_time,False,MODEL_APPLIED_FROM_CALIBRATED_FRAMEWORK
background_check,BM-001,Status Quo Bias,APP-01212,EV-4906ebb316db,joined_on_time,False,MODEL_APPLIED_FROM_CALIBRATED_FRAMEWORK
background_check,BM-001,Status Quo Bias,APP-01212,EV-a32b9a82fe50,joined_on_time,False,MODEL_APPLIED_FROM_CALIBRATED_FRAMEWORK
background_check,BM-001,Status Quo Bias,APP-01212,EV-df314feaf065,joined_on_time,False,MODEL_APPLIED_FROM_CALIBRATED_FRAMEWORK
background_check,BM-014,Confirmation Bias,APP-01212,EV-a1d3771fbb13,joined_on_time,False,MODEL_APPLIED_FROM_CALIBRATED_FRAMEWORK
screened,BM-011,Reciprocity,APP-01214,EV-6148016e544d,declined_offer,True,MODEL_APPLIED_FROM_CALIBRATED_FRAMEWORK
offer_accepted,BM-001,Status Quo Bias,APP-01215,EV-27e073df07b7,withdrew_post_acceptance,True,MODEL_APPLIED_FROM_CALIBRATED_FRAMEWORK
offer_accepted,BM-001,Status Quo Bias,APP-01215,EV-d2ae8806b476,withdrew_post_acceptance,True,MODEL_APPLIED_FROM_CALIBRATED_FRAMEWORK
offer_accepted,BM-029,Uncertainty / Ambiguity Aversion,APP-01215,EV-ee0633337283,withdrew_post_acceptance,True,MODEL_APPLIED_FROM_CALIBRATED_FRAMEWORK
background_check,BM-001,Status Quo Bias,APP-01215,EV-c8bc78f51c0b,withdrew_post_acceptance,True,MODEL_APPLIED_FROM_CALIBRATED_FRAMEWORK
background_check,BM-001,Status Quo Bias,APP-01215,EV-8cdeee155eff,withdrew_post_acceptance,True,MODEL_APPLIED_FROM_CALIBRATED_FRAMEWORK
submitted,BM-005,Choice Overload,APP-01217,EV-8698157c5e4d,withdrew_post_acceptance,True,MODEL_APPLIED_FROM_CALIBRATED_FRAMEWORK
background_check,BM-005,Choice Overload,APP-01217,EV-c9f193b5f437,withdrew_post_acceptance,True,MODEL_APPLIED_FROM_CALIBRATED_FRAMEWORK
submitted,BM-023,Goal Gradient,APP-01219,EV-62aee2619b6f,rejected_by_client,True,MODEL_APPLIED_FROM_CALIBRATED_FRAMEWORK
client_interview_1,BM-023,Goal Gradient,APP-01219,EV-c0222d405d03,rejected_by_client,True,MODEL_APPLIED_FROM_CALIBRATED_FRAMEWORK
client_interview_1,BM-023,Goal Gradient,APP-01219,EV-0bc1eb5e3ddc,rejected_by_client,True,MODEL_APPLIED_FROM_CALIBRATED_FRAMEWORK
offer_accepted,BM-023,Goal Gradient,APP-01219,EV-56fea3b08570,rejected_by_client,True,MODEL_APPLIED_FROM_CALIBRATED_FRAMEWORK
offer_accepted,BM-023,Goal Gradient,APP-01219,EV-e9a8cbf94891,rejected_by_client,True,MODEL_APPLIED_FROM_CALIBRATED_FRAMEWORK
offer_accepted,BM-023,Goal Gradient,APP-01219,EV-d0f4ca066f4a,rejected_by_client,True,MODEL_APPLIED_FROM_CALIBRATED_FRAMEWORK
submitted,BM-001,Status Quo Bias,APP-01222,EV-819ca4f2ce2b,joined_on_time,False,MODEL_APPLIED_FROM_CALIBRATED_FRAMEWORK
submitted,BM-023,Goal Gradient,APP-01222,EV-99eff051d456,joined_on_time,False,MODEL_APPLIED_FROM_CALIBRATED_FRAMEWORK
client_interview_1,BM-029,Uncertainty / Ambiguity Aversion,APP-01222,EV-00c89e6a393e,joined_on_time,False,MODEL_APPLIED_FROM_CALIBRATED_FRAMEWORK
client_interview_1,BM-023,Goal Gradient,APP-01222,EV-2590bf2a50aa,joined_on_time,False,MODEL_APPLIED_FROM_CALIBRATED_FRAMEWORK
background_check,BM-001,Status Quo Bias,APP-01222,EV-0de31e0b4e9b,joined_on_time,False,MODEL_APPLIED_FROM_CALIBRATED_FRAMEWORK
background_check,BM-023,Goal Gradient,APP-01222,EV-1636b4cd5d9b,joined_on_time,False,MODEL_APPLIED_FROM_CALIBRATED_FRAMEWORK
background_check,BM-023,Goal Gradient,APP-01222,EV-d7ae0099b8ad,joined_on_time,False,MODEL_APPLIED_FROM_CALIBRATED_FRAMEWORK
background_check,BM-001,Status Quo Bias,APP-01222,EV-4831a23be0e4,joined_on_time,False,MODEL_APPLIED_FROM_CALIBRATED_FRAMEWORK
background_check,BM-001,Status Quo Bias,APP-01222,EV-6e54d82607b4,joined_on_time,False,MODEL_APPLIED_FROM_CALIBRATED_FRAMEWORK
background_check,BM-001,Status Quo Bias,APP-01222,EV-30e587300cec,joined_on_time,False,MODEL_APPLIED_FROM_CALIBRATED_FRAMEWORK
background_check,BM-029,Uncertainty / Ambiguity Aversion,APP-01222,EV-9ca1c4bbe9f2,joined_on_time,False,MODEL_APPLIED_FROM_CALIBRATED_FRAMEWORK
background_check,BM-023,Goal Gradient,APP-01222,EV-f08297137d0d,joined_on_time,False,MODEL_APPLIED_FROM_CALIBRATED_FRAMEWORK
background_check,BM-029,Uncertainty / Ambiguity Aversion,APP-01222,EV-d9695e5be3ad,joined_on_time,False,MODEL_APPLIED_FROM_CALIBRATED_FRAMEWORK
background_check,BM-023,Goal Gradient,APP-01222,EV-23a584a80fe8,joined_on_time,False,MODEL_APPLIED_FROM_CALIBRATED_FRAMEWORK
submitted,BM-005,Choice Overload,APP-01226,EV-606aab70168e,declined_offer,True,MODEL_APPLIED_FROM_CALIBRATED_FRAMEWORK
submitted,BM-005,Choice Overload,APP-01226,EV-a0c3d6d4c5ed,declined_offer,True,MODEL_APPLIED_FROM_CALIBRATED_FRAMEWORK
submitted,BM-029,Uncertainty / Ambiguity Aversion,APP-01226,EV-0a2a572bb49f,declined_offer,True,MODEL_APPLIED_FROM_CALIBRATED_FRAMEWORK
submitted,BM-005,Choice Overload,APP-01226,EV-9d0e0de29de0,declined_offer,True,MODEL_APPLIED_FROM_CALIBRATED_FRAMEWORK
submitted,BM-029,Uncertainty / Ambiguity Aversion,APP-01226,EV-b6c3f1100ef5,declined_offer,True,MODEL_APPLIED_FROM_CALIBRATED_FRAMEWORK
submitted,BM-005,Choice Overload,APP-01226,EV-a806e4843229,declined_offer,True,MODEL_APPLIED_FROM_CALIBRATED_FRAMEWORK
client_interview_1,BM-005,Choice Overload,APP-01226,EV-1f8f6b0e30ca,declined_offer,True,MODEL_APPLIED_FROM_CALIBRATED_FRAMEWORK
client_interview_1,BM-005,Choice Overload,APP-01226,EV-dd97b19db1cc,declined_offer,True,MODEL_APPLIED_FROM_CALIBRATED_FRAMEWORK
client_interview_1,BM-029,Uncertainty / Ambiguity Aversion,APP-01226,EV-905a1bf10ad5,declined_offer,True,MODEL_APPLIED_FROM_CALIBRATED_FRAMEWORK
client_interview_1,BM-005,Choice Overload,APP-01226,EV-9b5a46f385a9,declined_offer,True,MODEL_APPLIED_FROM_CALIBRATED_FRAMEWORK
screened,BM-006,Friction,APP-01227,EV-6b5d0fc9753e,joined_on_time,False,MODEL_APPLIED_FROM_CALIBRATED_FRAMEWORK
submitted,BM-006,Friction,APP-01227,EV-063e7add283e,joined_on_time,False,MODEL_APPLIED_FROM_CALIBRATED_FRAMEWORK
client_interview_2,BM-023,Goal Gradient,APP-01227,EV-0d084c2b1a91,joined_on_time,False,MODEL_APPLIED_FROM_CALIBRATED_FRAMEWORK
background_check,BM-006,Friction,APP-01227,EV-6e5848659017,joined_on_time,False,MODEL_APPLIED_FROM_CALIBRATED_FRAMEWORK
background_check,BM-006,Friction,APP-01227,EV-7ba3d5f8535e,joined_on_time,False,MODEL_APPLIED_FROM_CALIBRATED_FRAMEWORK
background_check,BM-006,Friction,APP-01227,EV-cbcde635f807,joined_on_time,False,MODEL_APPLIED_FROM_CALIBRATED_FRAMEWORK
background_check,BM-006,Friction,APP-01227,EV-09c5d84184ac,joined_on_time,False,MODEL_APPLIED_FROM_CALIBRATED_FRAMEWORK
onboarding_docs_sent,BM-006,Friction,APP-01227,EV-f657eda9f9f8,joined_on_time,False,MODEL_APPLIED_FROM_CALIBRATED_FRAMEWORK
unknown,BM-006,Friction,APP-01229,EV-29c24f6e5d60,declined_offer,True,MODEL_APPLIED_FROM_CALIBRATED_FRAMEWORK
unknown,BM-006,Friction,APP-01229,EV-d4895a83147e,declined_offer,True,MODEL_APPLIED_FROM_CALIBRATED_FRAMEWORK
unknown,BM-006,Friction,APP-01229,EV-b9ece3311a78,declined_offer,True,MODEL_APPLIED_FROM_CALIBRATED_FRAMEWORK
screened,BM-006,Friction,APP-01229,EV-54ef4c24beb6,declined_offer,True,MODEL_APPLIED_FROM_CALIBRATED_FRAMEWORK
submitted,BM-006,Friction,APP-01229,EV-8380586de6b5,declined_offer,True,MODEL_APPLIED_FROM_CALIBRATED_FRAMEWORK
offer_extended,BM-006,Friction,APP-01229,EV-a6b5bd3f0c2c,declined_offer,True,MODEL_APPLIED_FROM_CALIBRATED_FRAMEWORK
offer_extended,BM-006,Friction,APP-01229,EV-3ddeab98a009,declined_offer,True,MODEL_APPLIED_FROM_CALIBRATED_FRAMEWORK
offer_extended,BM-002,Loss Aversion,APP-01229,EV-6664be9127fa,declined_offer,True,MODEL_APPLIED_FROM_CALIBRATED_FRAMEWORK
client_interview_1,BM-001,Status Quo Bias,APP-01231,EV-610814f87851,withdrew_post_acceptance,True,MODEL_APPLIED_FROM_CALIBRATED_FRAMEWORK
client_interview_1,BM-029,Uncertainty / Ambiguity Aversion,APP-01231,EV-a43c81a6f3fc,withdrew_post_acceptance,True,MODEL_APPLIED_FROM_CALIBRATED_FRAMEWORK
client_interview_1,BM-001,Status Quo Bias,APP-01231,EV-6d900ef4f0c9,withdrew_post_acceptance,True,MODEL_APPLIED_FROM_CALIBRATED_FRAMEWORK
background_check,BM-020,Commitment / Consistency,APP-01234,EV-4ed465ffec26,joined_on_time,False,MODEL_APPLIED_FROM_CALIBRATED_FRAMEWORK
screened,BM-023,Goal Gradient,APP-01235,EV-8c25481ceb75,joined_on_time,False,MODEL_APPLIED_FROM_CALIBRATED_FRAMEWORK
background_check,BM-023,Goal Gradient,APP-01235,EV-86b99fe1306e,joined_on_time,False,MODEL_APPLIED_FROM_CALIBRATED_FRAMEWORK
offer_accepted,BM-020,Commitment / Consistency,APP-01236,EV-c4a1e82e21db,joined_on_time,False,MODEL_APPLIED_FROM_CALIBRATED_FRAMEWORK
background_check,BM-020,Commitment / Consistency,APP-01236,EV-68eb8ff48b41,joined_on_time,False,MODEL_APPLIED_FROM_CALIBRATED_FRAMEWORK
offer_accepted,BM-005,Choice Overload,APP-01240,EV-68e61c050b0c,rejected_by_client,True,MODEL_APPLIED_FROM_CALIBRATED_FRAMEWORK
unknown,BM-001,Status Quo Bias,APP-01242,EV-5ee59546a361,declined_offer,True,MODEL_APPLIED_FROM_CALIBRATED_FRAMEWORK
screened,BM-001,Status Quo Bias,APP-01242,EV-32f23c9e6d2a,declined_offer,True,MODEL_APPLIED_FROM_CALIBRATED_FRAMEWORK
offer_extended,BM-029,Uncertainty / Ambiguity Aversion,APP-01242,EV-e93552a219c2,declined_offer,True,MODEL_APPLIED_FROM_CALIBRATED_FRAMEWORK
offer_extended,BM-029,Uncertainty / Ambiguity Aversion,APP-01242,EV-a9d1ffb4d4cc,declined_offer,True,MODEL_APPLIED_FROM_CALIBRATED_FRAMEWORK
offer_extended,BM-001,Status Quo Bias,APP-01242,EV-986cbe39888a,declined_offer,True,MODEL_APPLIED_FROM_CALIBRATED_FRAMEWORK
submitted,BM-029,Uncertainty / Ambiguity Aversion,APP-01245,EV-d7679b193075,joined_on_time,False,MODEL_APPLIED_FROM_CALIBRATED_FRAMEWORK
background_check,BM-005,Choice Overload,APP-01245,EV-c07d3700811c,joined_on_time,False,MODEL_APPLIED_FROM_CALIBRATED_FRAMEWORK
background_check,BM-005,Choice Overload,APP-01245,EV-f0bc99987339,joined_on_time,False,MODEL_APPLIED_FROM_CALIBRATED_FRAMEWORK
background_check,BM-005,Choice Overload,APP-01245,EV-bea582113d0d,joined_on_time,False,MODEL_APPLIED_FROM_CALIBRATED_FRAMEWORK
background_check,BM-005,Choice Overload,APP-01245,EV-060ad1f1156b,joined_on_time,False,MODEL_APPLIED_FROM_CALIBRATED_FRAMEWORK
offer_extended,BM-029,Uncertainty / Ambiguity Aversion,APP-01246,EV-4598eb54de0e,withdrew_post_acceptance,True,MODEL_APPLIED_FROM_CALIBRATED_FRAMEWORK
offer_extended,BM-002,Loss Aversion,APP-01246,EV-275d70560198,withdrew_post_acceptance,True,MODEL_APPLIED_FROM_CALIBRATED_FRAMEWORK
client_interview_1,BM-006,Friction,APP-01247,EV-494b3f170ca7,declined_offer,True,MODEL_APPLIED_FROM_CALIBRATED_FRAMEWORK
client_interview_1,BM-006,Friction,APP-01247,EV-80ea15803bc1,declined_offer,True,MODEL_APPLIED_FROM_CALIBRATED_FRAMEWORK
client_interview_1,BM-006,Friction,APP-01247,EV-a6dea7da62d3,declined_offer,True,MODEL_APPLIED_FROM_CALIBRATED_FRAMEWORK
client_interview_1,BM-006,Friction,APP-01247,EV-aa4d3da051a8,declined_offer,True,MODEL_APPLIED_FROM_CALIBRATED_FRAMEWORK
client_interview_1,BM-006,Friction,APP-01247,EV-7361188b004f,declined_offer,True,MODEL_APPLIED_FROM_CALIBRATED_FRAMEWORK
submitted,BM-006,Friction,APP-01248,EV-14338dd1e221,joined_on_time,False,MODEL_APPLIED_FROM_CALIBRATED_FRAMEWORK
client_interview_2,BM-006,Friction,APP-01248,EV-5afe9e1ea9be,joined_on_time,False,MODEL_APPLIED_FROM_CALIBRATED_FRAMEWORK
client_interview_2,BM-023,Goal Gradient,APP-01248,EV-1a61a704139c,joined_on_time,False,MODEL_APPLIED_FROM_CALIBRATED_FRAMEWORK
client_interview_2,BM-006,Friction,APP-01248,EV-3c31ef7acf60,joined_on_time,False,HUMAN_REVIEWED
client_interview_2,BM-006,Friction,APP-01248,EV-3289cee08b8d,joined_on_time,False,MODEL_APPLIED_FROM_CALIBRATED_FRAMEWORK
offer_extended,BM-006,Friction,APP-01248,EV-9b49f32af32e,joined_on_time,False,MODEL_APPLIED_FROM_CALIBRATED_FRAMEWORK
submitted,BM-006,Friction,APP-01253,EV-429a422843cb,declined_offer,True,MODEL_APPLIED_FROM_CALIBRATED_FRAMEWORK
submitted,BM-006,Friction,APP-01253,EV-59394f4ef072,declined_offer,True,MODEL_APPLIED_FROM_CALIBRATED_FRAMEWORK
client_interview_1,BM-006,Friction,APP-01253,EV-2bdc9a89dbb1,declined_offer,True,MODEL_APPLIED_FROM_CALIBRATED_FRAMEWORK
client_interview_1,BM-006,Friction,APP-01253,EV-4296bc0d2f5c,declined_offer,True,MODEL_APPLIED_FROM_CALIBRATED_FRAMEWORK
client_interview_1,BM-029,Uncertainty / Ambiguity Aversion,APP-01253,EV-aa54aa1520a4,declined_offer,True,MODEL_APPLIED_FROM_CALIBRATED_FRAMEWORK
client_interview_1,BM-006,Friction,APP-01253,EV-25bad8d4d365,declined_offer,True,MODEL_APPLIED_FROM_CALIBRATED_FRAMEWORK
client_interview_2,BM-006,Friction,APP-01253,EV-93806dcc5263,declined_offer,True,MODEL_APPLIED_FROM_CALIBRATED_FRAMEWORK
client_interview_2,BM-006,Friction,APP-01253,EV-da5938e69132,declined_offer,True,MODEL_APPLIED_FROM_CALIBRATED_FRAMEWORK
client_interview_2,BM-029,Uncertainty / Ambiguity Aversion,APP-01253,EV-b020acdd1ace,declined_offer,True,MODEL_APPLIED_FROM_CALIBRATED_FRAMEWORK
client_interview_2,BM-006,Friction,APP-01253,EV-43d511081eaf,declined_offer,True,MODEL_APPLIED_FROM_CALIBRATED_FRAMEWORK
screened,BM-006,Friction,APP-01254,EV-20203c27a8b1,joined_on_time,False,MODEL_APPLIED_FROM_CALIBRATED_FRAMEWORK
submitted,BM-006,Friction,APP-01254,EV-c059cc3ef672,joined_on_time,False,MODEL_APPLIED_FROM_CALIBRATED_FRAMEWORK
client_interview_1,BM-006,Friction,APP-01254,EV-7963c142e603,joined_on_time,False,MODEL_APPLIED_FROM_CALIBRATED_FRAMEWORK
client_interview_1,BM-023,Goal Gradient,APP-01254,EV-3fd27328ccec,joined_on_time,False,MODEL_APPLIED_FROM_CALIBRATED_FRAMEWORK
client_interview_1,BM-023,Goal Gradient,APP-01254,EV-cba3a1e43d42,joined_on_time,False,MODEL_APPLIED_FROM_CALIBRATED_FRAMEWORK
unknown,BM-029,Uncertainty / Ambiguity Aversion,APP-01255,EV-ed38e7b50376,declined_offer,True,MODEL_APPLIED_FROM_CALIBRATED_FRAMEWORK
submitted,BM-002,Loss Aversion,APP-01255,EV-5b527217e155,declined_offer,True,MODEL_APPLIED_FROM_CALIBRATED_FRAMEWORK
submitted,BM-029,Uncertainty / Ambiguity Aversion,APP-01255,EV-81dd705b5f90,declined_offer,True,MODEL_APPLIED_FROM_CALIBRATED_FRAMEWORK
submitted,BM-029,Uncertainty / Ambiguity Aversion,APP-01255,EV-ca527454d9d9,declined_offer,True,MODEL_APPLIED_FROM_CALIBRATED_FRAMEWORK
submitted,BM-002,Loss Aversion,APP-01255,EV-ab3ec8204809,declined_offer,True,MODEL_APPLIED_FROM_CALIBRATED_FRAMEWORK
submitted,BM-029,Uncertainty / Ambiguity Aversion,APP-01255,EV-09548a8d93a8,declined_offer,True,MODEL_APPLIED_FROM_CALIBRATED_FRAMEWORK
client_interview_1,BM-002,Loss Aversion,APP-01255,EV-6e483c02e080,declined_offer,True,MODEL_APPLIED_FROM_CALIBRATED_FRAMEWORK
offer_extended,BM-011,Reciprocity,APP-01260,EV-07eea290b372,joined_on_time,False,MODEL_APPLIED_FROM_CALIBRATED_FRAMEWORK
submitted,BM-029,Uncertainty / Ambiguity Aversion,APP-01261,EV-e6d20e085473,joined_on_time,False,MODEL_APPLIED_FROM_CALIBRATED_FRAMEWORK
background_check,BM-029,Uncertainty / Ambiguity Aversion,APP-01261,EV-170b5586a375,joined_on_time,False,MODEL_APPLIED_FROM_CALIBRATED_FRAMEWORK
screened,BM-005,Choice Overload,APP-01265,EV-f17666c98189,joined_on_time,False,MODEL_APPLIED_FROM_CALIBRATED_FRAMEWORK
client_interview_1,BM-029,Uncertainty / Ambiguity Aversion,APP-01265,EV-4d97d2751377,joined_on_time,False,MODEL_APPLIED_FROM_CALIBRATED_FRAMEWORK
offer_accepted,BM-005,Choice Overload,APP-01265,EV-6dfc60dcf6b2,joined_on_time,False,MODEL_APPLIED_FROM_CALIBRATED_FRAMEWORK
background_check,BM-005,Choice Overload,APP-01265,EV-85addb979b94,joined_on_time,False,MODEL_APPLIED_FROM_CALIBRATED_FRAMEWORK
unknown,BM-006,Friction,APP-01266,EV-ece2b22ef50f,withdrew_post_acceptance,True,MODEL_APPLIED_FROM_CALIBRATED_FRAMEWORK
submitted,BM-006,Friction,APP-01266,EV-d1bbb1e05588,withdrew_post_acceptance,True,MODEL_APPLIED_FROM_CALIBRATED_FRAMEWORK
submitted,BM-006,Friction,APP-01266,EV-d8a14f460e03,withdrew_post_acceptance,True,MODEL_APPLIED_FROM_CALIBRATED_FRAMEWORK
client_interview_2,BM-029,Uncertainty / Ambiguity Aversion,APP-01266,EV-12af55b5c558,withdrew_post_acceptance,True,MODEL_APPLIED_FROM_CALIBRATED_FRAMEWORK
client_interview_2,BM-006,Friction,APP-01266,EV-57b0aeec1ba8,withdrew_post_acceptance,True,MODEL_APPLIED_FROM_CALIBRATED_FRAMEWORK
client_interview_2,BM-006,Friction,APP-01266,EV-7edd2d9a899d,withdrew_post_acceptance,True,MODEL_APPLIED_FROM_CALIBRATED_FRAMEWORK
client_interview_2,BM-006,Friction,APP-01266,EV-bcadeb363f2b,withdrew_post_acceptance,True,MODEL_APPLIED_FROM_CALIBRATED_FRAMEWORK
client_interview_2,BM-006,Friction,APP-01266,EV-24f5fda7e47c,withdrew_post_acceptance,True,MODEL_APPLIED_FROM_CALIBRATED_FRAMEWORK
offer_extended,BM-006,Friction,APP-01266,EV-a2ce4ae5c6a0,withdrew_post_acceptance,True,MODEL_APPLIED_FROM_CALIBRATED_FRAMEWORK
offer_accepted,BM-006,Friction,APP-01266,EV-f9b9fdd02378,withdrew_post_acceptance,True,MODEL_APPLIED_FROM_CALIBRATED_FRAMEWORK
offer_accepted,BM-001,Status Quo Bias,APP-01266,EV-f1e896abec39,withdrew_post_acceptance,True,HUMAN_REVIEWED
submitted,BM-006,Friction,APP-01267,EV-ffa398fe6540,declined_offer,True,MODEL_APPLIED_FROM_CALIBRATED_FRAMEWORK
client_interview_1,BM-006,Friction,APP-01267,EV-2581b857c14c,declined_offer,True,MODEL_APPLIED_FROM_CALIBRATED_FRAMEWORK
client_interview_1,BM-006,Friction,APP-01267,EV-cc2830eb3d49,declined_offer,True,MODEL_APPLIED_FROM_CALIBRATED_FRAMEWORK
client_interview_1,BM-002,Loss Aversion,APP-01268,EV-d3059517d0c5,joined_on_time,False,MODEL_APPLIED_FROM_CALIBRATED_FRAMEWORK
unknown,BM-001,Status Quo Bias,APP-01270,EV-d89494e1685c,withdrew_post_acceptance,True,MODEL_APPLIED_FROM_CALIBRATED_FRAMEWORK
unknown,BM-014,Confirmation Bias,APP-01270,EV-c58581338439,withdrew_post_acceptance,True,MODEL_APPLIED_FROM_CALIBRATED_FRAMEWORK
submitted,BM-001,Status Quo Bias,APP-01270,EV-8e4e8f99d541,withdrew_post_acceptance,True,MODEL_APPLIED_FROM_CALIBRATED_FRAMEWORK
client_interview_1,BM-001,Status Quo Bias,APP-01270,EV-ba2383069735,withdrew_post_acceptance,True,MODEL_APPLIED_FROM_CALIBRATED_FRAMEWORK
client_interview_1,BM-006,Friction,APP-01270,EV-e2e3e550c822,withdrew_post_acceptance,True,HUMAN_REVIEWED
offer_accepted,BM-001,Status Quo Bias,APP-01270,EV-11767bddf2c5,withdrew_post_acceptance,True,MODEL_APPLIED_FROM_CALIBRATED_FRAMEWORK
background_check,BM-001,Status Quo Bias,APP-01270,EV-094570262fa2,withdrew_post_acceptance,True,MODEL_APPLIED_FROM_CALIBRATED_FRAMEWORK
background_check,BM-014,Confirmation Bias,APP-01270,EV-e0a5dc370f47,withdrew_post_acceptance,True,MODEL_APPLIED_FROM_CALIBRATED_FRAMEWORK
background_check,BM-001,Status Quo Bias,APP-01270,EV-93058e0aef09,withdrew_post_acceptance,True,MODEL_APPLIED_FROM_CALIBRATED_FRAMEWORK
background_check,BM-014,Confirmation Bias,APP-01270,EV-edfaad55d7c5,withdrew_post_acceptance,True,MODEL_APPLIED_FROM_CALIBRATED_FRAMEWORK
background_check,BM-001,Status Quo Bias,APP-01270,EV-44fcf83089c7,withdrew_post_acceptance,True,MODEL_APPLIED_FROM_CALIBRATED_FRAMEWORK
background_check,BM-001,Status Quo Bias,APP-01270,EV-1c85dbdc7549,withdrew_post_acceptance,True,MODEL_APPLIED_FROM_CALIBRATED_FRAMEWORK
background_check,BM-014,Confirmation Bias,APP-01270,EV-4efa1019d518,withdrew_post_acceptance,True,MODEL_APPLIED_FROM_CALIBRATED_FRAMEWORK
background_check,BM-001,Status Quo Bias,APP-01270,EV-db3131638a0c,withdrew_post_acceptance,True,MODEL_APPLIED_FROM_CALIBRATED_FRAMEWORK
background_check,BM-014,Confirmation Bias,APP-01270,EV-05322136497d,withdrew_post_acceptance,True,MODEL_APPLIED_FROM_CALIBRATED_FRAMEWORK
submitted,BM-006,Friction,APP-01271,EV-cbbcfd8b7c14,joined_on_time,False,MODEL_APPLIED_FROM_CALIBRATED_FRAMEWORK
client_interview_1,BM-006,Friction,APP-01272,EV-991f64856bbd,rejected_by_client,True,MODEL_APPLIED_FROM_CALIBRATED_FRAMEWORK
client_interview_1,BM-006,Friction,APP-01272,EV-7f82110468eb,rejected_by_client,True,MODEL_APPLIED_FROM_CALIBRATED_FRAMEWORK
client_interview_1,BM-011,Reciprocity,APP-01272,EV-9d555dd24b3e,rejected_by_client,True,MODEL_APPLIED_FROM_CALIBRATED_FRAMEWORK
offer_extended,BM-006,Friction,APP-01272,EV-4aeef2cdb7e5,rejected_by_client,True,MODEL_APPLIED_FROM_CALIBRATED_FRAMEWORK
screened,BM-006,Friction,APP-01273,EV-acd69298e18e,declined_offer,True,MODEL_APPLIED_FROM_CALIBRATED_FRAMEWORK
submitted,BM-006,Friction,APP-01273,EV-68535ce41eb5,declined_offer,True,MODEL_APPLIED_FROM_CALIBRATED_FRAMEWORK
submitted,BM-006,Friction,APP-01273,EV-dfeff0eaa042,declined_offer,True,MODEL_APPLIED_FROM_CALIBRATED_FRAMEWORK
client_interview_1,BM-006,Friction,APP-01273,EV-d6fb2e078818,declined_offer,True,MODEL_APPLIED_FROM_CALIBRATED_FRAMEWORK
submitted,BM-029,Uncertainty / Ambiguity Aversion,APP-01274,EV-5d5768fbb3b1,joined_on_time,False,MODEL_APPLIED_FROM_CALIBRATED_FRAMEWORK
submitted,BM-006,Friction,APP-01274,EV-236504c8a220,joined_on_time,False,MODEL_APPLIED_FROM_CALIBRATED_FRAMEWORK
submitted,BM-006,Friction,APP-01274,EV-d7caa94d3f14,joined_on_time,False,MODEL_APPLIED_FROM_CALIBRATED_FRAMEWORK
submitted,BM-006,Friction,APP-01274,EV-bef34a546e12,joined_on_time,False,MODEL_APPLIED_FROM_CALIBRATED_FRAMEWORK
client_interview_1,BM-006,Friction,APP-01274,EV-34ea60aaba5b,joined_on_time,False,MODEL_APPLIED_FROM_CALIBRATED_FRAMEWORK
client_interview_1,BM-006,Friction,APP-01274,EV-ced0353d47c7,joined_on_time,False,MODEL_APPLIED_FROM_CALIBRATED_FRAMEWORK
client_interview_1,BM-006,Friction,APP-01274,EV-d7247c74f07d,joined_on_time,False,MODEL_APPLIED_FROM_CALIBRATED_FRAMEWORK
client_interview_1,BM-006,Friction,APP-01274,EV-35e9f3edbd45,joined_on_time,False,MODEL_APPLIED_FROM_CALIBRATED_FRAMEWORK
offer_extended,BM-006,Friction,APP-01274,EV-e8e848dd9937,joined_on_time,False,MODEL_APPLIED_FROM_CALIBRATED_FRAMEWORK
offer_extended,BM-006,Friction,APP-01274,EV-880f28e6d3da,joined_on_time,False,MODEL_APPLIED_FROM_CALIBRATED_FRAMEWORK
offer_extended,BM-029,Uncertainty / Ambiguity Aversion,APP-01274,EV-16a10a655ab0,joined_on_time,False,HUMAN_REVIEWED
offer_extended,BM-006,Friction,APP-01274,EV-86b13f8a23e6,joined_on_time,False,MODEL_APPLIED_FROM_CALIBRATED_FRAMEWORK
offer_extended,BM-006,Friction,APP-01274,EV-a6f1812f210c,joined_on_time,False,MODEL_APPLIED_FROM_CALIBRATED_FRAMEWORK
offer_extended,BM-006,Friction,APP-01274,EV-4f4da2c1e28f,joined_on_time,False,MODEL_APPLIED_FROM_CALIBRATED_FRAMEWORK
offer_accepted,BM-006,Friction,APP-01274,EV-6e62a27c9b9c,joined_on_time,False,MODEL_APPLIED_FROM_CALIBRATED_FRAMEWORK
offer_accepted,BM-006,Friction,APP-01274,EV-406d4b7ded76,joined_on_time,False,MODEL_APPLIED_FROM_CALIBRATED_FRAMEWORK
offer_accepted,BM-006,Friction,APP-01274,EV-f5c056e72d24,joined_on_time,False,MODEL_APPLIED_FROM_CALIBRATED_FRAMEWORK
offer_accepted,BM-006,Friction,APP-01274,EV-f5b6adb4a6c1,joined_on_time,False,MODEL_APPLIED_FROM_CALIBRATED_FRAMEWORK
offer_accepted,BM-006,Friction,APP-01274,EV-6f2dd49ad702,joined_on_time,False,MODEL_APPLIED_FROM_CALIBRATED_FRAMEWORK
offer_accepted,BM-006,Friction,APP-01274,EV-71f56449b24c,joined_on_time,False,MODEL_APPLIED_FROM_CALIBRATED_FRAMEWORK
screened,BM-029,Uncertainty / Ambiguity Aversion,APP-01276,EV-d3033014cd86,rejected_by_client,True,MODEL_APPLIED_FROM_CALIBRATED_FRAMEWORK
client_interview_1,BM-001,Status Quo Bias,APP-01277,EV-ec990b2be849,joined_on_time,False,MODEL_APPLIED_FROM_CALIBRATED_FRAMEWORK
offer_accepted,BM-001,Status Quo Bias,APP-01277,EV-0713ca1f920a,joined_on_time,False,MODEL_APPLIED_FROM_CALIBRATED_FRAMEWORK
background_check,BM-001,Status Quo Bias,APP-01277,EV-6845d85e1859,joined_on_time,False,MODEL_APPLIED_FROM_CALIBRATED_FRAMEWORK
background_check,BM-029,Uncertainty / Ambiguity Aversion,APP-01277,EV-c942da4a2ac4,joined_on_time,False,MODEL_APPLIED_FROM_CALIBRATED_FRAMEWORK
submitted,BM-029,Uncertainty / Ambiguity Aversion,APP-01278,EV-fbefa62cc1f9,joined_on_time,False,MODEL_APPLIED_FROM_CALIBRATED_FRAMEWORK
offer_accepted,BM-029,Uncertainty / Ambiguity Aversion,APP-01278,EV-8c0be98302aa,joined_on_time,False,MODEL_APPLIED_FROM_CALIBRATED_FRAMEWORK
offer_accepted,BM-029,Uncertainty / Ambiguity Aversion,APP-01278,EV-85e600e9bede,joined_on_time,False,MODEL_APPLIED_FROM_CALIBRATED_FRAMEWORK
offer_accepted,BM-029,Uncertainty / Ambiguity Aversion,APP-01278,EV-28fd33807872,joined_on_time,False,MODEL_APPLIED_FROM_CALIBRATED_FRAMEWORK
offer_accepted,BM-029,Uncertainty / Ambiguity Aversion,APP-01278,EV-0a15dd57e9b6,joined_on_time,False,MODEL_APPLIED_FROM_CALIBRATED_FRAMEWORK
client_interview_1,BM-005,Choice Overload,APP-01279,EV-15845e2e70ad,withdrew_post_acceptance,True,MODEL_APPLIED_FROM_CALIBRATED_FRAMEWORK
client_interview_1,BM-005,Choice Overload,APP-01279,EV-677a1525ed2a,withdrew_post_acceptance,True,MODEL_APPLIED_FROM_CALIBRATED_FRAMEWORK
submitted,BM-023,Goal Gradient,APP-01281,EV-71b7b37cdf63,joined_on_time,False,MODEL_APPLIED_FROM_CALIBRATED_FRAMEWORK
submitted,BM-023,Goal Gradient,APP-01281,EV-bf7178e8fc1e,joined_on_time,False,MODEL_APPLIED_FROM_CALIBRATED_FRAMEWORK
client_interview_2,BM-023,Goal Gradient,APP-01281,EV-2dcab41037ca,joined_on_time,False,MODEL_APPLIED_FROM_CALIBRATED_FRAMEWORK
background_check,BM-023,Goal Gradient,APP-01281,EV-d596fcd3974c,joined_on_time,False,MODEL_APPLIED_FROM_CALIBRATED_FRAMEWORK
background_check,BM-023,Goal Gradient,APP-01281,EV-c5e19a938f68,joined_on_time,False,MODEL_APPLIED_FROM_CALIBRATED_FRAMEWORK
onboarding_docs_sent,BM-023,Goal Gradient,APP-01281,EV-c6d459726975,joined_on_time,False,MODEL_APPLIED_FROM_CALIBRATED_FRAMEWORK
submitted,BM-029,Uncertainty / Ambiguity Aversion,APP-01282,EV-abbeeaca3256,joined_on_time,False,MODEL_APPLIED_FROM_CALIBRATED_FRAMEWORK
submitted,BM-023,Goal Gradient,APP-01282,EV-4813be8f6399,joined_on_time,False,MODEL_APPLIED_FROM_CALIBRATED_FRAMEWORK
client_interview_1,BM-001,Status Quo Bias,APP-01282,EV-c51578abf2e8,joined_on_time,False,MODEL_APPLIED_FROM_CALIBRATED_FRAMEWORK
client_interview_1,BM-023,Goal Gradient,APP-01282,EV-f6977829e80e,joined_on_time,False,MODEL_APPLIED_FROM_CALIBRATED_FRAMEWORK
client_interview_1,BM-029,Uncertainty / Ambiguity Aversion,APP-01282,EV-d90b3ce789c4,joined_on_time,False,MODEL_APPLIED_FROM_CALIBRATED_FRAMEWORK
client_interview_1,BM-023,Goal Gradient,APP-01282,EV-69e569c2a441,joined_on_time,False,MODEL_APPLIED_FROM_CALIBRATED_FRAMEWORK
offer_accepted,BM-001,Status Quo Bias,APP-01282,EV-6577d3d0dec4,joined_on_time,False,MODEL_APPLIED_FROM_CALIBRATED_FRAMEWORK
screened,BM-029,Uncertainty / Ambiguity Aversion,APP-01284,EV-e63a2af984ff,withdrew_post_acceptance,True,MODEL_APPLIED_FROM_CALIBRATED_FRAMEWORK
client_interview_2,BM-001,Status Quo Bias,APP-01284,EV-5e4541fb0969,withdrew_post_acceptance,True,MODEL_APPLIED_FROM_CALIBRATED_FRAMEWORK
offer_accepted,BM-029,Uncertainty / Ambiguity Aversion,APP-01284,EV-b57a4674ae22,withdrew_post_acceptance,True,MODEL_APPLIED_FROM_CALIBRATED_FRAMEWORK
offer_accepted,BM-029,Uncertainty / Ambiguity Aversion,APP-01284,EV-64255cf1a312,withdrew_post_acceptance,True,MODEL_APPLIED_FROM_CALIBRATED_FRAMEWORK
background_check,BM-029,Uncertainty / Ambiguity Aversion,APP-01284,EV-a917ad24e2d6,withdrew_post_acceptance,True,MODEL_APPLIED_FROM_CALIBRATED_FRAMEWORK
background_check,BM-029,Uncertainty / Ambiguity Aversion,APP-01284,EV-d3300423d20a,withdrew_post_acceptance,True,MODEL_APPLIED_FROM_CALIBRATED_FRAMEWORK
client_interview_2,BM-023,Goal Gradient,APP-01286,EV-0968dd17486c,joined_late,False,MODEL_APPLIED_FROM_CALIBRATED_FRAMEWORK
offer_extended,BM-006,Friction,APP-01287,EV-c45e71a77c0a,joined_on_time,False,MODEL_APPLIED_FROM_CALIBRATED_FRAMEWORK
background_check,BM-006,Friction,APP-01287,EV-0a59ebf03d2d,joined_on_time,False,MODEL_APPLIED_FROM_CALIBRATED_FRAMEWORK
background_check,BM-006,Friction,APP-01287,EV-6a7a714897f6,joined_on_time,False,MODEL_APPLIED_FROM_CALIBRATED_FRAMEWORK
background_check,BM-006,Friction,APP-01287,EV-213e33e1788e,joined_on_time,False,MODEL_APPLIED_FROM_CALIBRATED_FRAMEWORK
background_check,BM-006,Friction,APP-01287,EV-0234d4be8246,joined_on_time,False,MODEL_APPLIED_FROM_CALIBRATED_FRAMEWORK
background_check,BM-029,Uncertainty / Ambiguity Aversion,APP-01287,EV-572ecc6c6f12,joined_on_time,False,MODEL_APPLIED_FROM_CALIBRATED_FRAMEWORK
background_check,BM-006,Friction,APP-01287,EV-26c389a28ab9,joined_on_time,False,MODEL_APPLIED_FROM_CALIBRATED_FRAMEWORK
background_check,BM-006,Friction,APP-01287,EV-cbfd173fadb5,joined_on_time,False,MODEL_APPLIED_FROM_CALIBRATED_FRAMEWORK
onboarding_docs_sent,BM-006,Friction,APP-01287,EV-d4b887a06e33,joined_on_time,False,MODEL_APPLIED_FROM_CALIBRATED_FRAMEWORK
screened,BM-002,Loss Aversion,APP-01289,EV-c7409e2c38c7,withdrew_post_acceptance,True,MODEL_APPLIED_FROM_CALIBRATED_FRAMEWORK
submitted,BM-001,Status Quo Bias,APP-01289,EV-4193e2833dac,withdrew_post_acceptance,True,MODEL_APPLIED_FROM_CALIBRATED_FRAMEWORK
offer_extended,BM-001,Status Quo Bias,APP-01289,EV-2c5a4a7bf480,withdrew_post_acceptance,True,MODEL_APPLIED_FROM_CALIBRATED_FRAMEWORK
offer_extended,BM-001,Status Quo Bias,APP-01289,EV-e797ddaba7ae,withdrew_post_acceptance,True,MODEL_APPLIED_FROM_CALIBRATED_FRAMEWORK
offer_accepted,BM-029,Uncertainty / Ambiguity Aversion,APP-01289,EV-b2f1b59d94c9,withdrew_post_acceptance,True,MODEL_APPLIED_FROM_CALIBRATED_FRAMEWORK
submitted,BM-029,Uncertainty / Ambiguity Aversion,APP-01290,EV-4a93dc237c4e,withdrew_post_acceptance,True,HUMAN_REVIEWED
submitted,BM-011,Reciprocity,APP-01290,EV-efed4c1f5bd8,withdrew_post_acceptance,True,MODEL_APPLIED_FROM_CALIBRATED_FRAMEWORK
screened,BM-023,Goal Gradient,APP-01292,EV-03ce1709615c,withdrew_post_acceptance,True,MODEL_APPLIED_FROM_CALIBRATED_FRAMEWORK
submitted,BM-029,Uncertainty / Ambiguity Aversion,APP-01293,EV-dee1bb1eccf0,declined_offer,True,MODEL_APPLIED_FROM_CALIBRATED_FRAMEWORK
submitted,BM-001,Status Quo Bias,APP-01293,EV-c5d427829df4,declined_offer,True,MODEL_APPLIED_FROM_CALIBRATED_FRAMEWORK
submitted,BM-001,Status Quo Bias,APP-01293,EV-9156c830d9b5,declined_offer,True,MODEL_APPLIED_FROM_CALIBRATED_FRAMEWORK
client_interview_1,BM-001,Status Quo Bias,APP-01293,EV-5a4a81a8bce0,declined_offer,True,MODEL_APPLIED_FROM_CALIBRATED_FRAMEWORK
client_interview_1,BM-001,Status Quo Bias,APP-01293,EV-df837797435f,declined_offer,True,MODEL_APPLIED_FROM_CALIBRATED_FRAMEWORK
offer_extended,BM-029,Uncertainty / Ambiguity Aversion,APP-01293,EV-4337b4f2789d,declined_offer,True,MODEL_APPLIED_FROM_CALIBRATED_FRAMEWORK
screened,BM-006,Friction,APP-01295,EV-b81cf0745224,joined_on_time,False,MODEL_APPLIED_FROM_CALIBRATED_FRAMEWORK
submitted,BM-006,Friction,APP-01295,EV-ffc12ec22a27,joined_on_time,False,MODEL_APPLIED_FROM_CALIBRATED_FRAMEWORK
client_interview_1,BM-006,Friction,APP-01295,EV-f3666c1443d3,joined_on_time,False,MODEL_APPLIED_FROM_CALIBRATED_FRAMEWORK
client_interview_2,BM-006,Friction,APP-01295,EV-f64df42268e5,joined_on_time,False,MODEL_APPLIED_FROM_CALIBRATED_FRAMEWORK
client_interview_2,BM-006,Friction,APP-01295,EV-b2363afe92b7,joined_on_time,False,MODEL_APPLIED_FROM_CALIBRATED_FRAMEWORK
background_check,BM-029,Uncertainty / Ambiguity Aversion,APP-01295,EV-1d415102ef15,joined_on_time,False,HUMAN_REVIEWED
background_check,BM-006,Friction,APP-01295,EV-6509818a6851,joined_on_time,False,MODEL_APPLIED_FROM_CALIBRATED_FRAMEWORK
background_check,BM-006,Friction,APP-01295,EV-dec6c8bc1a21,joined_on_time,False,MODEL_APPLIED_FROM_CALIBRATED_FRAMEWORK
onboarding_docs_sent,BM-006,Friction,APP-01295,EV-303eb9f7faeb,joined_on_time,False,MODEL_APPLIED_FROM_CALIBRATED_FRAMEWORK
screened,BM-029,Uncertainty / Ambiguity Aversion,APP-01296,EV-d38d4343c726,declined_offer,True,HUMAN_REVIEWED
client_interview_1,BM-011,Reciprocity,APP-01296,EV-aebc042c0181,declined_offer,True,MODEL_APPLIED_FROM_CALIBRATED_FRAMEWORK
unknown,BM-006,Friction,APP-01298,EV-213fb954a82a,joined_on_time,False,MODEL_APPLIED_FROM_CALIBRATED_FRAMEWORK
submitted,BM-006,Friction,APP-01298,EV-359cb8970481,joined_on_time,False,MODEL_APPLIED_FROM_CALIBRATED_FRAMEWORK
submitted,BM-014,Confirmation Bias,APP-01303,EV-28c73a79e410,joined_on_time,False,MODEL_APPLIED_FROM_CALIBRATED_FRAMEWORK
submitted,BM-029,Uncertainty / Ambiguity Aversion,APP-01303,EV-3f21adbb9f0e,joined_on_time,False,HUMAN_REVIEWED
submitted,BM-014,Confirmation Bias,APP-01303,EV-d38cdeb88305,joined_on_time,False,MODEL_APPLIED_FROM_CALIBRATED_FRAMEWORK
client_interview_1,BM-014,Confirmation Bias,APP-01303,EV-11029c1a798a,joined_on_time,False,MODEL_APPLIED_FROM_CALIBRATED_FRAMEWORK
background_check,BM-014,Confirmation Bias,APP-01303,EV-ac82d249490b,joined_on_time,False,MODEL_APPLIED_FROM_CALIBRATED_FRAMEWORK
submitted,BM-002,Loss Aversion,APP-01305,EV-149646ecf40b,joined_on_time,False,MODEL_APPLIED_FROM_CALIBRATED_FRAMEWORK
client_interview_1,BM-029,Uncertainty / Ambiguity Aversion,APP-01305,EV-006ff58fe5e1,joined_on_time,False,MODEL_APPLIED_FROM_CALIBRATED_FRAMEWORK
client_interview_1,BM-002,Loss Aversion,APP-01305,EV-38cbc49eefdb,joined_on_time,False,MODEL_APPLIED_FROM_CALIBRATED_FRAMEWORK
client_interview_2,BM-002,Loss Aversion,APP-01305,EV-1e816a75836e,joined_on_time,False,MODEL_APPLIED_FROM_CALIBRATED_FRAMEWORK
offer_extended,BM-029,Uncertainty / Ambiguity Aversion,APP-01305,EV-483338a9d73f,joined_on_time,False,MODEL_APPLIED_FROM_CALIBRATED_FRAMEWORK
background_check,BM-029,Uncertainty / Ambiguity Aversion,APP-01305,EV-c9a498716eff,joined_on_time,False,HUMAN_REVIEWED
background_check,BM-001,Status Quo Bias,APP-01305,EV-e5b4ba4688b3,joined_on_time,False,MODEL_APPLIED_FROM_CALIBRATED_FRAMEWORK
client_interview_1,BM-001,Status Quo Bias,APP-01306,EV-1dbef4002a83,withdrew_post_acceptance,True,MODEL_APPLIED_FROM_CALIBRATED_FRAMEWORK
offer_extended,BM-029,Uncertainty / Ambiguity Aversion,APP-01306,EV-57a77e1cf740,withdrew_post_acceptance,True,MODEL_APPLIED_FROM_CALIBRATED_FRAMEWORK
offer_accepted,BM-001,Status Quo Bias,APP-01306,EV-ad4158e352db,withdrew_post_acceptance,True,MODEL_APPLIED_FROM_CALIBRATED_FRAMEWORK
client_interview_2,BM-002,Loss Aversion,APP-01308,EV-e4005045e72e,joined_on_time,False,MODEL_APPLIED_FROM_CALIBRATED_FRAMEWORK
offer_accepted,BM-029,Uncertainty / Ambiguity Aversion,APP-01308,EV-2a1bb4241e2e,joined_on_time,False,MODEL_APPLIED_FROM_CALIBRATED_FRAMEWORK
client_interview_1,BM-029,Uncertainty / Ambiguity Aversion,APP-01309,EV-29489ba55dc7,declined_offer,True,MODEL_APPLIED_FROM_CALIBRATED_FRAMEWORK
client_interview_2,BM-029,Uncertainty / Ambiguity Aversion,APP-01309,EV-6dc06b2b94c6,declined_offer,True,MODEL_APPLIED_FROM_CALIBRATED_FRAMEWORK
client_interview_2,BM-029,Uncertainty / Ambiguity Aversion,APP-01309,EV-d772df8be383,declined_offer,True,MODEL_APPLIED_FROM_CALIBRATED_FRAMEWORK
unknown,BM-023,Goal Gradient,APP-01312,EV-1ee3ef765e7e,declined_offer,True,MODEL_APPLIED_FROM_CALIBRATED_FRAMEWORK
unknown,BM-020,Commitment / Consistency,APP-01313,EV-af24236d050f,declined_offer,True,MODEL_APPLIED_FROM_CALIBRATED_FRAMEWORK
unknown,BM-020,Commitment / Consistency,APP-01313,EV-033db3ff2ed3,declined_offer,True,MODEL_APPLIED_FROM_CALIBRATED_FRAMEWORK
unknown,BM-018,Identity Signaling,APP-01313,EV-8a61f493ca9c,declined_offer,True,MODEL_APPLIED_FROM_CALIBRATED_FRAMEWORK
client_interview_1,BM-020,Commitment / Consistency,APP-01313,EV-1747d0eb9092,declined_offer,True,MODEL_APPLIED_FROM_CALIBRATED_FRAMEWORK
client_interview_1,BM-018,Identity Signaling,APP-01313,EV-22db554a55cb,declined_offer,True,MODEL_APPLIED_FROM_CALIBRATED_FRAMEWORK
submitted,BM-006,Friction,APP-01317,EV-ac75610c5d09,declined_offer,True,MODEL_APPLIED_FROM_CALIBRATED_FRAMEWORK
submitted,BM-006,Friction,APP-01317,EV-1933f4232dca,declined_offer,True,MODEL_APPLIED_FROM_CALIBRATED_FRAMEWORK
submitted,BM-006,Friction,APP-01317,EV-f90908907c46,declined_offer,True,MODEL_APPLIED_FROM_CALIBRATED_FRAMEWORK
submitted,BM-006,Friction,APP-01317,EV-2a3a58d3a035,declined_offer,True,MODEL_APPLIED_FROM_CALIBRATED_FRAMEWORK
submitted,BM-006,Friction,APP-01317,EV-3f1c8e198c1c,declined_offer,True,MODEL_APPLIED_FROM_CALIBRATED_FRAMEWORK
client_interview_1,BM-006,Friction,APP-01317,EV-69e2af681e2c,declined_offer,True,MODEL_APPLIED_FROM_CALIBRATED_FRAMEWORK
offer_extended,BM-006,Friction,APP-01317,EV-d5427586f678,declined_offer,True,MODEL_APPLIED_FROM_CALIBRATED_FRAMEWORK
offer_extended,BM-006,Friction,APP-01317,EV-7f79a02c6655,declined_offer,True,MODEL_APPLIED_FROM_CALIBRATED_FRAMEWORK
offer_extended,BM-002,Loss Aversion,APP-01317,EV-2bb5bc5f0856,declined_offer,True,MODEL_APPLIED_FROM_CALIBRATED_FRAMEWORK
unknown,BM-020,Commitment / Consistency,APP-01319,EV-837949112999,joined_on_time,False,MODEL_APPLIED_FROM_CALIBRATED_FRAMEWORK
unknown,BM-018,Identity Signaling,APP-01319,EV-fe47ee4c3c7f,joined_on_time,False,MODEL_APPLIED_FROM_CALIBRATED_FRAMEWORK
offer_extended,BM-018,Identity Signaling,APP-01319,EV-334b5b522189,joined_on_time,False,MODEL_APPLIED_FROM_CALIBRATED_FRAMEWORK
offer_accepted,BM-006,Friction,APP-01320,EV-e771ea45b5c9,joined_on_time,False,MODEL_APPLIED_FROM_CALIBRATED_FRAMEWORK
offer_accepted,BM-006,Friction,APP-01320,EV-6775ba9ad6fb,joined_on_time,False,MODEL_APPLIED_FROM_CALIBRATED_FRAMEWORK
background_check,BM-006,Friction,APP-01320,EV-af51fb925381,joined_on_time,False,MODEL_APPLIED_FROM_CALIBRATED_FRAMEWORK
background_check,BM-006,Friction,APP-01321,EV-a47a4e661f39,joined_on_time,False,MODEL_APPLIED_FROM_CALIBRATED_FRAMEWORK
background_check,BM-006,Friction,APP-01321,EV-fc8070f69070,joined_on_time,False,MODEL_APPLIED_FROM_CALIBRATED_FRAMEWORK
submitted,BM-011,Reciprocity,APP-01323,EV-a759a753c449,joined_late,False,MODEL_APPLIED_FROM_CALIBRATED_FRAMEWORK
submitted,BM-018,Identity Signaling,APP-01323,EV-01f1e255da90,joined_late,False,MODEL_APPLIED_FROM_CALIBRATED_FRAMEWORK
client_interview_1,BM-011,Reciprocity,APP-01323,EV-dcb4e9869416,joined_late,False,MODEL_APPLIED_FROM_CALIBRATED_FRAMEWORK
client_interview_1,BM-018,Identity Signaling,APP-01323,EV-d59be5178ac1,joined_late,False,MODEL_APPLIED_FROM_CALIBRATED_FRAMEWORK
background_check,BM-011,Reciprocity,APP-01324,EV-36bdaee89ed4,withdrew_post_acceptance,True,MODEL_APPLIED_FROM_CALIBRATED_FRAMEWORK
background_check,BM-002,Loss Aversion,APP-01324,EV-fdd779709913,withdrew_post_acceptance,True,MODEL_APPLIED_FROM_CALIBRATED_FRAMEWORK
unknown,BM-029,Uncertainty / Ambiguity Aversion,APP-01325,EV-edf558e5c66c,withdrew_post_acceptance,True,MODEL_APPLIED_FROM_CALIBRATED_FRAMEWORK
submitted,BM-029,Uncertainty / Ambiguity Aversion,APP-01325,EV-6ef0b3039569,withdrew_post_acceptance,True,MODEL_APPLIED_FROM_CALIBRATED_FRAMEWORK
submitted,BM-029,Uncertainty / Ambiguity Aversion,APP-01325,EV-890858e18c44,withdrew_post_acceptance,True,MODEL_APPLIED_FROM_CALIBRATED_FRAMEWORK
background_check,BM-029,Uncertainty / Ambiguity Aversion,APP-01325,EV-279dc0f6781f,withdrew_post_acceptance,True,MODEL_APPLIED_FROM_CALIBRATED_FRAMEWORK
background_check,BM-029,Uncertainty / Ambiguity Aversion,APP-01325,EV-a7cba06fa14c,withdrew_post_acceptance,True,MODEL_APPLIED_FROM_CALIBRATED_FRAMEWORK
background_check,BM-016,Peak-End Rule,APP-01325,EV-fd6e2cf8312d,withdrew_post_acceptance,True,HUMAN_REVIEWED
submitted,BM-006,Friction,APP-01326,EV-83ec56dc8a1a,joined_on_time,False,MODEL_APPLIED_FROM_CALIBRATED_FRAMEWORK
background_check,BM-020,Commitment / Consistency,APP-01326,EV-b32b3e234434,joined_on_time,False,MODEL_APPLIED_FROM_CALIBRATED_FRAMEWORK
unknown,BM-005,Choice Overload,APP-01329,EV-bd6773125655,accepted_no_show,True,MODEL_APPLIED_FROM_CALIBRATED_FRAMEWORK
screened,BM-005,Choice Overload,APP-01329,EV-3499be81adb9,accepted_no_show,True,MODEL_APPLIED_FROM_CALIBRATED_FRAMEWORK
submitted,BM-005,Choice Overload,APP-01329,EV-fe53ec174474,accepted_no_show,True,MODEL_APPLIED_FROM_CALIBRATED_FRAMEWORK
background_check,BM-005,Choice Overload,APP-01329,EV-19297734e957,accepted_no_show,True,MODEL_APPLIED_FROM_CALIBRATED_FRAMEWORK
client_interview_1,BM-006,Friction,APP-01330,EV-48a985f8d873,rejected_by_client,True,MODEL_APPLIED_FROM_CALIBRATED_FRAMEWORK
client_interview_1,BM-011,Reciprocity,APP-01330,EV-4e46296bcd8d,rejected_by_client,True,MODEL_APPLIED_FROM_CALIBRATED_FRAMEWORK
client_interview_1,BM-006,Friction,APP-01330,EV-cfd8eb92273f,rejected_by_client,True,MODEL_APPLIED_FROM_CALIBRATED_FRAMEWORK
submitted,BM-011,Reciprocity,APP-01331,EV-e4377bc7614f,declined_offer,True,MODEL_APPLIED_FROM_CALIBRATED_FRAMEWORK
screened,BM-006,Friction,APP-01332,EV-80fee5b415ea,declined_offer,True,MODEL_APPLIED_FROM_CALIBRATED_FRAMEWORK
client_interview_1,BM-006,Friction,APP-01332,EV-31529fc06b6d,declined_offer,True,MODEL_APPLIED_FROM_CALIBRATED_FRAMEWORK
client_interview_1,BM-020,Commitment / Consistency,APP-01332,EV-9184e13ba66b,declined_offer,True,MODEL_APPLIED_FROM_CALIBRATED_FRAMEWORK
client_interview_1,BM-006,Friction,APP-01332,EV-ab5f8a7df4b4,declined_offer,True,MODEL_APPLIED_FROM_CALIBRATED_FRAMEWORK
offer_accepted,BM-020,Commitment / Consistency,APP-01333,EV-f89027fd9848,joined_on_time,False,MODEL_APPLIED_FROM_CALIBRATED_FRAMEWORK
background_check,BM-006,Friction,APP-01333,EV-e0bc310d5def,joined_on_time,False,MODEL_APPLIED_FROM_CALIBRATED_FRAMEWORK
unknown,BM-029,Uncertainty / Ambiguity Aversion,APP-01335,EV-f7b5d7673777,joined_on_time,False,MODEL_APPLIED_FROM_CALIBRATED_FRAMEWORK
unknown,BM-029,Uncertainty / Ambiguity Aversion,APP-01335,EV-d10ff99aba22,joined_on_time,False,MODEL_APPLIED_FROM_CALIBRATED_FRAMEWORK
unknown,BM-029,Uncertainty / Ambiguity Aversion,APP-01335,EV-348a7021aef9,joined_on_time,False,MODEL_APPLIED_FROM_CALIBRATED_FRAMEWORK
screened,BM-002,Loss Aversion,APP-01335,EV-e1c4fd5524a6,joined_on_time,False,MODEL_APPLIED_FROM_CALIBRATED_FRAMEWORK
offer_accepted,BM-029,Uncertainty / Ambiguity Aversion,APP-01335,EV-92bd1e41fe1a,joined_on_time,False,MODEL_APPLIED_FROM_CALIBRATED_FRAMEWORK
background_check,BM-002,Loss Aversion,APP-01335,EV-2bb88b4851b2,joined_on_time,False,MODEL_APPLIED_FROM_CALIBRATED_FRAMEWORK
screened,BM-001,Status Quo Bias,APP-01336,EV-0eacd0d3ec97,joined_on_time,False,MODEL_APPLIED_FROM_CALIBRATED_FRAMEWORK
offer_extended,BM-001,Status Quo Bias,APP-01336,EV-9bfddae2662d,joined_on_time,False,MODEL_APPLIED_FROM_CALIBRATED_FRAMEWORK
offer_extended,BM-001,Status Quo Bias,APP-01336,EV-2c07365ac82e,joined_on_time,False,MODEL_APPLIED_FROM_CALIBRATED_FRAMEWORK
background_check,BM-023,Goal Gradient,APP-01336,EV-9fd30ea9cad5,joined_on_time,False,MODEL_APPLIED_FROM_CALIBRATED_FRAMEWORK
background_check,BM-023,Goal Gradient,APP-01336,EV-67580244304d,joined_on_time,False,MODEL_APPLIED_FROM_CALIBRATED_FRAMEWORK
background_check,BM-023,Goal Gradient,APP-01336,EV-64d7815c14df,joined_on_time,False,MODEL_APPLIED_FROM_CALIBRATED_FRAMEWORK
client_interview_1,BM-023,Goal Gradient,APP-01337,EV-d5273277775b,joined_late,False,MODEL_APPLIED_FROM_CALIBRATED_FRAMEWORK
background_check,BM-023,Goal Gradient,APP-01337,EV-088aa5ca5e76,joined_late,False,MODEL_APPLIED_FROM_CALIBRATED_FRAMEWORK
background_check,BM-023,Goal Gradient,APP-01337,EV-b898debc1fa9,joined_late,False,MODEL_APPLIED_FROM_CALIBRATED_FRAMEWORK
screened,BM-005,Choice Overload,APP-01338,EV-e3bfe6f60fa6,joined_on_time,False,MODEL_APPLIED_FROM_CALIBRATED_FRAMEWORK
background_check,BM-005,Choice Overload,APP-01338,EV-7c52fdac99e7,joined_on_time,False,MODEL_APPLIED_FROM_CALIBRATED_FRAMEWORK
background_check,BM-005,Choice Overload,APP-01338,EV-96b5cc9814a5,joined_on_time,False,MODEL_APPLIED_FROM_CALIBRATED_FRAMEWORK
background_check,BM-005,Choice Overload,APP-01338,EV-1851b2b6e6ed,joined_on_time,False,MODEL_APPLIED_FROM_CALIBRATED_FRAMEWORK
client_interview_1,BM-020,Commitment / Consistency,APP-01340,EV-c04bded6c93d,joined_on_time,False,MODEL_APPLIED_FROM_CALIBRATED_FRAMEWORK
client_interview_1,BM-018,Identity Signaling,APP-01340,EV-ded0fadcb378,joined_on_time,False,MODEL_APPLIED_FROM_CALIBRATED_FRAMEWORK
background_check,BM-020,Commitment / Consistency,APP-01340,EV-6871a2a67b85,joined_on_time,False,MODEL_APPLIED_FROM_CALIBRATED_FRAMEWORK
background_check,BM-018,Identity Signaling,APP-01340,EV-fd3b682c469b,joined_on_time,False,MODEL_APPLIED_FROM_CALIBRATED_FRAMEWORK
screened,BM-005,Choice Overload,APP-01344,EV-1c8a80b882e9,joined_on_time,False,MODEL_APPLIED_FROM_CALIBRATED_FRAMEWORK
screened,BM-029,Uncertainty / Ambiguity Aversion,APP-01344,EV-d729e0730962,joined_on_time,False,MODEL_APPLIED_FROM_CALIBRATED_FRAMEWORK
submitted,BM-005,Choice Overload,APP-01344,EV-30be0f4064c4,joined_on_time,False,MODEL_APPLIED_FROM_CALIBRATED_FRAMEWORK
submitted,BM-005,Choice Overload,APP-01344,EV-df8e5df28f71,joined_on_time,False,MODEL_APPLIED_FROM_CALIBRATED_FRAMEWORK
client_interview_1,BM-005,Choice Overload,APP-01344,EV-834883eac0ac,joined_on_time,False,MODEL_APPLIED_FROM_CALIBRATED_FRAMEWORK
client_interview_1,BM-005,Choice Overload,APP-01344,EV-d57eed4be263,joined_on_time,False,MODEL_APPLIED_FROM_CALIBRATED_FRAMEWORK
client_interview_1,BM-029,Uncertainty / Ambiguity Aversion,APP-01344,EV-7be04d0715d0,joined_on_time,False,MODEL_APPLIED_FROM_CALIBRATED_FRAMEWORK
client_interview_1,BM-005,Choice Overload,APP-01344,EV-7df3e2d80d2f,joined_on_time,False,MODEL_APPLIED_FROM_CALIBRATED_FRAMEWORK
offer_extended,BM-029,Uncertainty / Ambiguity Aversion,APP-01344,EV-d91e3da0f30e,joined_on_time,False,MODEL_APPLIED_FROM_CALIBRATED_FRAMEWORK
offer_extended,BM-005,Choice Overload,APP-01344,EV-a201eb03796d,joined_on_time,False,MODEL_APPLIED_FROM_CALIBRATED_FRAMEWORK
background_check,BM-005,Choice Overload,APP-01344,EV-9d110fe9a23f,joined_on_time,False,MODEL_APPLIED_FROM_CALIBRATED_FRAMEWORK
background_check,BM-005,Choice Overload,APP-01344,EV-774e116603d7,joined_on_time,False,MODEL_APPLIED_FROM_CALIBRATED_FRAMEWORK
onboarding_docs_sent,BM-029,Uncertainty / Ambiguity Aversion,APP-01346,EV-667400ecdf60,joined_on_time,False,MODEL_APPLIED_FROM_CALIBRATED_FRAMEWORK
background_check,BM-020,Commitment / Consistency,APP-01347,EV-5ebfe36f6447,joined_on_time,False,MODEL_APPLIED_FROM_CALIBRATED_FRAMEWORK
background_check,BM-020,Commitment / Consistency,APP-01347,EV-49030d5457a5,joined_on_time,False,MODEL_APPLIED_FROM_CALIBRATED_FRAMEWORK
submitted,BM-006,Friction,APP-01349,EV-b3f913fe3e6b,joined_late,False,MODEL_APPLIED_FROM_CALIBRATED_FRAMEWORK
submitted,BM-006,Friction,APP-01349,EV-955a20f3eed4,joined_late,False,MODEL_APPLIED_FROM_CALIBRATED_FRAMEWORK
client_interview_2,BM-006,Friction,APP-01349,EV-b2d66e409f61,joined_late,False,MODEL_APPLIED_FROM_CALIBRATED_FRAMEWORK
client_interview_2,BM-006,Friction,APP-01349,EV-3f4a363db619,joined_late,False,MODEL_APPLIED_FROM_CALIBRATED_FRAMEWORK
client_interview_2,BM-006,Friction,APP-01349,EV-40e2454149a7,joined_late,False,MODEL_APPLIED_FROM_CALIBRATED_FRAMEWORK
offer_extended,BM-006,Friction,APP-01349,EV-b8fde4e63009,joined_late,False,MODEL_APPLIED_FROM_CALIBRATED_FRAMEWORK
background_check,BM-006,Friction,APP-01349,EV-cd878840cf35,joined_late,False,MODEL_APPLIED_FROM_CALIBRATED_FRAMEWORK
onboarding_docs_sent,BM-006,Friction,APP-01349,EV-ba5e9e259016,joined_late,False,MODEL_APPLIED_FROM_CALIBRATED_FRAMEWORK
onboarding_docs_sent,BM-006,Friction,APP-01349,EV-1759b58138b2,joined_late,False,MODEL_APPLIED_FROM_CALIBRATED_FRAMEWORK
client_interview_1,BM-001,Status Quo Bias,APP-01351,EV-5371a30796a5,withdrew_post_acceptance,True,MODEL_APPLIED_FROM_CALIBRATED_FRAMEWORK
client_interview_1,BM-001,Status Quo Bias,APP-01351,EV-c63a6892f8f5,withdrew_post_acceptance,True,MODEL_APPLIED_FROM_CALIBRATED_FRAMEWORK
client_interview_1,BM-001,Status Quo Bias,APP-01351,EV-fff479a3d31e,withdrew_post_acceptance,True,MODEL_APPLIED_FROM_CALIBRATED_FRAMEWORK
offer_extended,BM-029,Uncertainty / Ambiguity Aversion,APP-01351,EV-620164731edc,withdrew_post_acceptance,True,MODEL_APPLIED_FROM_CALIBRATED_FRAMEWORK
offer_extended,BM-029,Uncertainty / Ambiguity Aversion,APP-01351,EV-071fd9914c50,withdrew_post_acceptance,True,MODEL_APPLIED_FROM_CALIBRATED_FRAMEWORK
offer_accepted,BM-001,Status Quo Bias,APP-01351,EV-675b2d774703,withdrew_post_acceptance,True,MODEL_APPLIED_FROM_CALIBRATED_FRAMEWORK
submitted,BM-001,Status Quo Bias,APP-01352,EV-e7f6ed749313,withdrew_post_acceptance,True,MODEL_APPLIED_FROM_CALIBRATED_FRAMEWORK
offer_accepted,BM-002,Loss Aversion,APP-01352,EV-09d37eec24b0,withdrew_post_acceptance,True,MODEL_APPLIED_FROM_CALIBRATED_FRAMEWORK
submitted,BM-029,Uncertainty / Ambiguity Aversion,APP-01354,EV-7e32fe6d4874,withdrew_post_acceptance,True,MODEL_APPLIED_FROM_CALIBRATED_FRAMEWORK
submitted,BM-023,Goal Gradient,APP-01354,EV-12db814a531a,withdrew_post_acceptance,True,MODEL_APPLIED_FROM_CALIBRATED_FRAMEWORK
submitted,BM-001,Status Quo Bias,APP-01354,EV-765f52023835,withdrew_post_acceptance,True,MODEL_APPLIED_FROM_CALIBRATED_FRAMEWORK
offer_extended,BM-001,Status Quo Bias,APP-01354,EV-97b65db4f9e0,withdrew_post_acceptance,True,MODEL_APPLIED_FROM_CALIBRATED_FRAMEWORK
background_check,BM-001,Status Quo Bias,APP-01354,EV-384ff1122d2f,withdrew_post_acceptance,True,MODEL_APPLIED_FROM_CALIBRATED_FRAMEWORK
unknown,BM-020,Commitment / Consistency,APP-01355,EV-d59e9f69321f,joined_on_time,False,MODEL_APPLIED_FROM_CALIBRATED_FRAMEWORK
unknown,BM-018,Identity Signaling,APP-01355,EV-1872bb3bdd08,joined_on_time,False,MODEL_APPLIED_FROM_CALIBRATED_FRAMEWORK
unknown,BM-001,Status Quo Bias,APP-01356,EV-43da45b46737,joined_on_time,False,MODEL_APPLIED_FROM_CALIBRATED_FRAMEWORK
unknown,BM-014,Confirmation Bias,APP-01356,EV-265cfae29cc1,joined_on_time,False,MODEL_APPLIED_FROM_CALIBRATED_FRAMEWORK
screened,BM-001,Status Quo Bias,APP-01356,EV-bfbf7b27600d,joined_on_time,False,MODEL_APPLIED_FROM_CALIBRATED_FRAMEWORK
client_interview_1,BM-001,Status Quo Bias,APP-01356,EV-a37146873794,joined_on_time,False,MODEL_APPLIED_FROM_CALIBRATED_FRAMEWORK
client_interview_1,BM-001,Status Quo Bias,APP-01356,EV-4dab401e0608,joined_on_time,False,MODEL_APPLIED_FROM_CALIBRATED_FRAMEWORK
client_interview_1,BM-014,Confirmation Bias,APP-01356,EV-d1159e9bd0e6,joined_on_time,False,MODEL_APPLIED_FROM_CALIBRATED_FRAMEWORK
client_interview_1,BM-001,Status Quo Bias,APP-01356,EV-cfaf8b2e7b9e,joined_on_time,False,MODEL_APPLIED_FROM_CALIBRATED_FRAMEWORK
client_interview_1,BM-001,Status Quo Bias,APP-01356,EV-6812cb013cf4,joined_on_time,False,MODEL_APPLIED_FROM_CALIBRATED_FRAMEWORK
background_check,BM-001,Status Quo Bias,APP-01356,EV-6a949186ab8f,joined_on_time,False,MODEL_APPLIED_FROM_CALIBRATED_FRAMEWORK
background_check,BM-014,Confirmation Bias,APP-01356,EV-729fcc2186f0,joined_on_time,False,MODEL_APPLIED_FROM_CALIBRATED_FRAMEWORK
background_check,BM-001,Status Quo Bias,APP-01356,EV-f501625f3bd0,joined_on_time,False,MODEL_APPLIED_FROM_CALIBRATED_FRAMEWORK
background_check,BM-014,Confirmation Bias,APP-01356,EV-f5bb5ca6cbcd,joined_on_time,False,MODEL_APPLIED_FROM_CALIBRATED_FRAMEWORK
client_interview_1,BM-006,Friction,APP-01358,EV-a35bd9d078c8,joined_on_time,False,MODEL_APPLIED_FROM_CALIBRATED_FRAMEWORK
offer_extended,BM-029,Uncertainty / Ambiguity Aversion,APP-01360,EV-5a2c48a0d594,withdrew_post_acceptance,True,MODEL_APPLIED_FROM_CALIBRATED_FRAMEWORK
offer_extended,BM-023,Goal Gradient,APP-01360,EV-93b9db29bdca,withdrew_post_acceptance,True,MODEL_APPLIED_FROM_CALIBRATED_FRAMEWORK
offer_extended,BM-023,Goal Gradient,APP-01360,EV-8c62a6a7c398,withdrew_post_acceptance,True,MODEL_APPLIED_FROM_CALIBRATED_FRAMEWORK
offer_accepted,BM-023,Goal Gradient,APP-01360,EV-e50f861ba7a8,withdrew_post_acceptance,True,MODEL_APPLIED_FROM_CALIBRATED_FRAMEWORK
background_check,BM-001,Status Quo Bias,APP-01360,EV-ab688e8de25f,withdrew_post_acceptance,True,MODEL_APPLIED_FROM_CALIBRATED_FRAMEWORK
client_interview_1,BM-029,Uncertainty / Ambiguity Aversion,APP-01365,EV-df8bb5ede3a8,withdrew_post_acceptance,True,MODEL_APPLIED_FROM_CALIBRATED_FRAMEWORK
client_interview_1,BM-029,Uncertainty / Ambiguity Aversion,APP-01365,EV-4c73050debc9,withdrew_post_acceptance,True,MODEL_APPLIED_FROM_CALIBRATED_FRAMEWORK
client_interview_1,BM-029,Uncertainty / Ambiguity Aversion,APP-01365,EV-a2ad0f2c51ce,withdrew_post_acceptance,True,MODEL_APPLIED_FROM_CALIBRATED_FRAMEWORK
unknown,BM-006,Friction,APP-01366,EV-cb8498b2f974,joined_late,False,MODEL_APPLIED_FROM_CALIBRATED_FRAMEWORK
submitted,BM-006,Friction,APP-01366,EV-91568c56d8c6,joined_late,False,MODEL_APPLIED_FROM_CALIBRATED_FRAMEWORK
offer_accepted,BM-006,Friction,APP-01366,EV-d54d12df03ee,joined_late,False,MODEL_APPLIED_FROM_CALIBRATED_FRAMEWORK
offer_accepted,BM-006,Friction,APP-01366,EV-ffe3f22e925c,joined_late,False,MODEL_APPLIED_FROM_CALIBRATED_FRAMEWORK
offer_accepted,BM-006,Friction,APP-01366,EV-d865820a6d91,joined_late,False,MODEL_APPLIED_FROM_CALIBRATED_FRAMEWORK
background_check,BM-006,Friction,APP-01366,EV-ee0fff61ba50,joined_late,False,MODEL_APPLIED_FROM_CALIBRATED_FRAMEWORK
onboarding_docs_sent,BM-006,Friction,APP-01366,EV-093fa41ac1d9,joined_late,False,MODEL_APPLIED_FROM_CALIBRATED_FRAMEWORK
screened,BM-006,Friction,APP-01367,EV-00ce814c1b5b,declined_offer,True,MODEL_APPLIED_FROM_CALIBRATED_FRAMEWORK
submitted,BM-006,Friction,APP-01367,EV-5588c620ba5d,declined_offer,True,MODEL_APPLIED_FROM_CALIBRATED_FRAMEWORK
client_interview_1,BM-006,Friction,APP-01367,EV-0e3e9e676c34,declined_offer,True,MODEL_APPLIED_FROM_CALIBRATED_FRAMEWORK
client_interview_1,BM-006,Friction,APP-01367,EV-a4f37a0cf21d,declined_offer,True,MODEL_APPLIED_FROM_CALIBRATED_FRAMEWORK
offer_extended,BM-006,Friction,APP-01367,EV-4bfb2b8721a6,declined_offer,True,MODEL_APPLIED_FROM_CALIBRATED_FRAMEWORK
offer_extended,BM-006,Friction,APP-01367,EV-b5d3b098a895,declined_offer,True,MODEL_APPLIED_FROM_CALIBRATED_FRAMEWORK
unknown,BM-029,Uncertainty / Ambiguity Aversion,APP-01368,EV-bdd914506c65,withdrew_post_acceptance,True,MODEL_APPLIED_FROM_CALIBRATED_FRAMEWORK
unknown,BM-029,Uncertainty / Ambiguity Aversion,APP-01368,EV-b488c0661393,withdrew_post_acceptance,True,MODEL_APPLIED_FROM_CALIBRATED_FRAMEWORK
offer_extended,BM-002,Loss Aversion,APP-01368,EV-d74f6e2fa90d,withdrew_post_acceptance,True,MODEL_APPLIED_FROM_CALIBRATED_FRAMEWORK
offer_extended,BM-002,Loss Aversion,APP-01368,EV-b43d47df3499,withdrew_post_acceptance,True,MODEL_APPLIED_FROM_CALIBRATED_FRAMEWORK
submitted,BM-011,Reciprocity,APP-01369,EV-a6c95481c639,declined_offer,True,MODEL_APPLIED_FROM_CALIBRATED_FRAMEWORK
submitted,BM-029,Uncertainty / Ambiguity Aversion,APP-01374,EV-64a69f4d369c,joined_on_time,False,MODEL_APPLIED_FROM_CALIBRATED_FRAMEWORK
submitted,BM-029,Uncertainty / Ambiguity Aversion,APP-01374,EV-778a56f2ca88,joined_on_time,False,MODEL_APPLIED_FROM_CALIBRATED_FRAMEWORK
offer_accepted,BM-029,Uncertainty / Ambiguity Aversion,APP-01374,EV-8613a2d59177,joined_on_time,False,MODEL_APPLIED_FROM_CALIBRATED_FRAMEWORK
offer_accepted,BM-029,Uncertainty / Ambiguity Aversion,APP-01374,EV-2a10cd7e311c,joined_on_time,False,MODEL_APPLIED_FROM_CALIBRATED_FRAMEWORK
screened,BM-006,Friction,APP-01376,EV-42a0d2619ae0,joined_on_time,False,MODEL_APPLIED_FROM_CALIBRATED_FRAMEWORK
submitted,BM-006,Friction,APP-01376,EV-b24a9c517979,joined_on_time,False,MODEL_APPLIED_FROM_CALIBRATED_FRAMEWORK
submitted,BM-001,Status Quo Bias,APP-01376,EV-df258d0d56d9,joined_on_time,False,HUMAN_REVIEWED
submitted,BM-006,Friction,APP-01376,EV-a0aaf8cc63c1,joined_on_time,False,MODEL_APPLIED_FROM_CALIBRATED_FRAMEWORK
client_interview_1,BM-006,Friction,APP-01376,EV-d6a765ccb33b,joined_on_time,False,MODEL_APPLIED_FROM_CALIBRATED_FRAMEWORK
client_interview_2,BM-029,Uncertainty / Ambiguity Aversion,APP-01376,EV-664ea7fbbc92,joined_on_time,False,MODEL_APPLIED_FROM_CALIBRATED_FRAMEWORK
client_interview_2,BM-006,Friction,APP-01376,EV-03083f3d9155,joined_on_time,False,MODEL_APPLIED_FROM_CALIBRATED_FRAMEWORK
client_interview_2,BM-006,Friction,APP-01376,EV-8041419570c3,joined_on_time,False,MODEL_APPLIED_FROM_CALIBRATED_FRAMEWORK
client_interview_2,BM-001,Status Quo Bias,APP-01377,EV-824dc3e64007,declined_offer,True,MODEL_APPLIED_FROM_CALIBRATED_FRAMEWORK
offer_extended,BM-001,Status Quo Bias,APP-01377,EV-84ea89950a1d,declined_offer,True,MODEL_APPLIED_FROM_CALIBRATED_FRAMEWORK
unknown,BM-006,Friction,APP-01378,EV-5aa60382d193,declined_offer,True,MODEL_APPLIED_FROM_CALIBRATED_FRAMEWORK
unknown,BM-006,Friction,APP-01378,EV-97bb80ff8669,declined_offer,True,MODEL_APPLIED_FROM_CALIBRATED_FRAMEWORK
unknown,BM-006,Friction,APP-01378,EV-ebb2b7f722e8,declined_offer,True,MODEL_APPLIED_FROM_CALIBRATED_FRAMEWORK
submitted,BM-006,Friction,APP-01378,EV-207bd5bc6bb9,declined_offer,True,MODEL_APPLIED_FROM_CALIBRATED_FRAMEWORK
submitted,BM-006,Friction,APP-01378,EV-325d5c57e4d0,declined_offer,True,MODEL_APPLIED_FROM_CALIBRATED_FRAMEWORK
submitted,BM-006,Friction,APP-01378,EV-46fb825d14bd,declined_offer,True,MODEL_APPLIED_FROM_CALIBRATED_FRAMEWORK
client_interview_1,BM-006,Friction,APP-01378,EV-adb929b0ae1c,declined_offer,True,MODEL_APPLIED_FROM_CALIBRATED_FRAMEWORK
background_check,BM-029,Uncertainty / Ambiguity Aversion,APP-01379,EV-bacd1ffc94d5,joined_late,False,MODEL_APPLIED_FROM_CALIBRATED_FRAMEWORK
background_check,BM-029,Uncertainty / Ambiguity Aversion,APP-01379,EV-9caa7b890888,joined_late,False,MODEL_APPLIED_FROM_CALIBRATED_FRAMEWORK
onboarding_docs_sent,BM-029,Uncertainty / Ambiguity Aversion,APP-01379,EV-fc73ed9482fd,joined_late,False,MODEL_APPLIED_FROM_CALIBRATED_FRAMEWORK
background_check,BM-006,Friction,APP-01380,EV-0ad76d21e7db,joined_on_time,False,MODEL_APPLIED_FROM_CALIBRATED_FRAMEWORK
background_check,BM-006,Friction,APP-01380,EV-130e52d9e29a,joined_on_time,False,MODEL_APPLIED_FROM_CALIBRATED_FRAMEWORK
screened,BM-001,Status Quo Bias,APP-01388,EV-cfa73e187069,accepted_no_show,True,MODEL_APPLIED_FROM_CALIBRATED_FRAMEWORK
screened,BM-014,Confirmation Bias,APP-01388,EV-d0e090d272f7,accepted_no_show,True,MODEL_APPLIED_FROM_CALIBRATED_FRAMEWORK
submitted,BM-001,Status Quo Bias,APP-01388,EV-03519c0c6351,accepted_no_show,True,MODEL_APPLIED_FROM_CALIBRATED_FRAMEWORK
submitted,BM-001,Status Quo Bias,APP-01388,EV-231c72896544,accepted_no_show,True,MODEL_APPLIED_FROM_CALIBRATED_FRAMEWORK
submitted,BM-001,Status Quo Bias,APP-01388,EV-00a207edd126,accepted_no_show,True,MODEL_APPLIED_FROM_CALIBRATED_FRAMEWORK
submitted,BM-014,Confirmation Bias,APP-01388,EV-2b59dc6d9543,accepted_no_show,True,MODEL_APPLIED_FROM_CALIBRATED_FRAMEWORK
offer_extended,BM-001,Status Quo Bias,APP-01388,EV-d4b339b7e96a,accepted_no_show,True,MODEL_APPLIED_FROM_CALIBRATED_FRAMEWORK
offer_extended,BM-014,Confirmation Bias,APP-01388,EV-029e00220489,accepted_no_show,True,MODEL_APPLIED_FROM_CALIBRATED_FRAMEWORK
offer_accepted,BM-001,Status Quo Bias,APP-01388,EV-aa044ffd6927,accepted_no_show,True,MODEL_APPLIED_FROM_CALIBRATED_FRAMEWORK
offer_accepted,BM-014,Confirmation Bias,APP-01388,EV-f8b328c89095,accepted_no_show,True,MODEL_APPLIED_FROM_CALIBRATED_FRAMEWORK
offer_accepted,BM-001,Status Quo Bias,APP-01388,EV-47f56f0d6738,accepted_no_show,True,MODEL_APPLIED_FROM_CALIBRATED_FRAMEWORK
offer_accepted,BM-014,Confirmation Bias,APP-01388,EV-5cdf547c9882,accepted_no_show,True,MODEL_APPLIED_FROM_CALIBRATED_FRAMEWORK
offer_accepted,BM-001,Status Quo Bias,APP-01388,EV-79d677c01307,accepted_no_show,True,MODEL_APPLIED_FROM_CALIBRATED_FRAMEWORK
offer_accepted,BM-014,Confirmation Bias,APP-01388,EV-0fa53a83d0ba,accepted_no_show,True,MODEL_APPLIED_FROM_CALIBRATED_FRAMEWORK
background_check,BM-001,Status Quo Bias,APP-01388,EV-dcc2db00faf1,accepted_no_show,True,MODEL_APPLIED_FROM_CALIBRATED_FRAMEWORK
background_check,BM-014,Confirmation Bias,APP-01388,EV-e1a74be08644,accepted_no_show,True,MODEL_APPLIED_FROM_CALIBRATED_FRAMEWORK
onboarding_docs_sent,BM-001,Status Quo Bias,APP-01388,EV-c03d0fc055a1,accepted_no_show,True,MODEL_APPLIED_FROM_CALIBRATED_FRAMEWORK
onboarding_docs_sent,BM-014,Confirmation Bias,APP-01388,EV-4a4c91e69b13,accepted_no_show,True,MODEL_APPLIED_FROM_CALIBRATED_FRAMEWORK
client_interview_1,BM-006,Friction,APP-01389,EV-67b251020f85,declined_offer,True,MODEL_APPLIED_FROM_CALIBRATED_FRAMEWORK
client_interview_1,BM-006,Friction,APP-01389,EV-e6c39f606ac5,declined_offer,True,MODEL_APPLIED_FROM_CALIBRATED_FRAMEWORK
client_interview_1,BM-006,Friction,APP-01389,EV-7288008adecb,declined_offer,True,MODEL_APPLIED_FROM_CALIBRATED_FRAMEWORK
offer_extended,BM-006,Friction,APP-01389,EV-a2e4441caaac,declined_offer,True,MODEL_APPLIED_FROM_CALIBRATED_FRAMEWORK
offer_extended,BM-002,Loss Aversion,APP-01389,EV-fef6d981dd4c,declined_offer,True,MODEL_APPLIED_FROM_CALIBRATED_FRAMEWORK
unknown,BM-001,Status Quo Bias,APP-01392,EV-5ae448700560,declined_offer,True,MODEL_APPLIED_FROM_CALIBRATED_FRAMEWORK
screened,BM-001,Status Quo Bias,APP-01392,EV-39c5f5e32000,declined_offer,True,MODEL_APPLIED_FROM_CALIBRATED_FRAMEWORK
screened,BM-014,Confirmation Bias,APP-01392,EV-f5ae73129390,declined_offer,True,MODEL_APPLIED_FROM_CALIBRATED_FRAMEWORK
submitted,BM-001,Status Quo Bias,APP-01392,EV-23fd7cb08446,declined_offer,True,MODEL_APPLIED_FROM_CALIBRATED_FRAMEWORK
submitted,BM-001,Status Quo Bias,APP-01392,EV-ed4c1c70c635,declined_offer,True,MODEL_APPLIED_FROM_CALIBRATED_FRAMEWORK
client_interview_1,BM-001,Status Quo Bias,APP-01392,EV-6d744e54ab58,declined_offer,True,MODEL_APPLIED_FROM_CALIBRATED_FRAMEWORK
client_interview_1,BM-014,Confirmation Bias,APP-01392,EV-65628f25e7d4,declined_offer,True,MODEL_APPLIED_FROM_CALIBRATED_FRAMEWORK
client_interview_1,BM-014,Confirmation Bias,APP-01392,EV-2f203403da8d,declined_offer,True,MODEL_APPLIED_FROM_CALIBRATED_FRAMEWORK
client_interview_1,BM-001,Status Quo Bias,APP-01392,EV-6395c6059bc9,declined_offer,True,MODEL_APPLIED_FROM_CALIBRATED_FRAMEWORK
offer_extended,BM-001,Status Quo Bias,APP-01392,EV-bec8a6a0f840,declined_offer,True,MODEL_APPLIED_FROM_CALIBRATED_FRAMEWORK
offer_extended,BM-001,Status Quo Bias,APP-01392,EV-d437fb6614f1,declined_offer,True,MODEL_APPLIED_FROM_CALIBRATED_FRAMEWORK
offer_extended,BM-002,Loss Aversion,APP-01392,EV-1a191cef7810,declined_offer,True,MODEL_APPLIED_FROM_CALIBRATED_FRAMEWORK
submitted,BM-023,Goal Gradient,APP-01393,EV-e10e52f1e139,withdrew_post_acceptance,True,MODEL_APPLIED_FROM_CALIBRATED_FRAMEWORK
submitted,BM-011,Reciprocity,APP-01395,EV-79415e35df02,accepted_no_show,True,MODEL_APPLIED_FROM_CALIBRATED_FRAMEWORK
client_interview_2,BM-002,Loss Aversion,APP-01396,EV-46923dd3417f,declined_offer,True,MODEL_APPLIED_FROM_CALIBRATED_FRAMEWORK
unknown,BM-006,Friction,APP-01397,EV-a23616aec48f,joined_on_time,False,MODEL_APPLIED_FROM_CALIBRATED_FRAMEWORK
unknown,BM-006,Friction,APP-01397,EV-6a79f2cd1b62,joined_on_time,False,MODEL_APPLIED_FROM_CALIBRATED_FRAMEWORK
background_check,BM-006,Friction,APP-01397,EV-22afb5794e5f,joined_on_time,False,MODEL_APPLIED_FROM_CALIBRATED_FRAMEWORK
background_check,BM-006,Friction,APP-01397,EV-4529a0413c2d,joined_on_time,False,MODEL_APPLIED_FROM_CALIBRATED_FRAMEWORK
background_check,BM-029,Uncertainty / Ambiguity Aversion,APP-01397,EV-c6b2eb7e45e1,joined_on_time,False,MODEL_APPLIED_FROM_CALIBRATED_FRAMEWORK
background_check,BM-006,Friction,APP-01397,EV-85f4c0a8e46f,joined_on_time,False,MODEL_APPLIED_FROM_CALIBRATED_FRAMEWORK
background_check,BM-006,Friction,APP-01397,EV-546d82b37a58,joined_on_time,False,MODEL_APPLIED_FROM_CALIBRATED_FRAMEWORK
screened,BM-005,Choice Overload,APP-01398,EV-0ed2635b2866,joined_on_time,False,MODEL_APPLIED_FROM_CALIBRATED_FRAMEWORK
screened,BM-029,Uncertainty / Ambiguity Aversion,APP-01398,EV-a7db31702222,joined_on_time,False,MODEL_APPLIED_FROM_CALIBRATED_FRAMEWORK
submitted,BM-005,Choice Overload,APP-01398,EV-60aeada39155,joined_on_time,False,MODEL_APPLIED_FROM_CALIBRATED_FRAMEWORK
submitted,BM-005,Choice Overload,APP-01398,EV-27c569bb48dd,joined_on_time,False,MODEL_APPLIED_FROM_CALIBRATED_FRAMEWORK
client_interview_1,BM-005,Choice Overload,APP-01398,EV-22d78bef3a6a,joined_on_time,False,MODEL_APPLIED_FROM_CALIBRATED_FRAMEWORK
offer_accepted,BM-005,Choice Overload,APP-01398,EV-d55de6d6703d,joined_on_time,False,MODEL_APPLIED_FROM_CALIBRATED_FRAMEWORK
offer_accepted,BM-005,Choice Overload,APP-01398,EV-622f376cdfef,joined_on_time,False,MODEL_APPLIED_FROM_CALIBRATED_FRAMEWORK
screened,BM-001,Status Quo Bias,APP-01400,EV-c4720d0cd1ec,withdrew_post_acceptance,True,MODEL_APPLIED_FROM_CALIBRATED_FRAMEWORK
submitted,BM-029,Uncertainty / Ambiguity Aversion,APP-01400,EV-1b729c437383,withdrew_post_acceptance,True,MODEL_APPLIED_FROM_CALIBRATED_FRAMEWORK
submitted,BM-029,Uncertainty / Ambiguity Aversion,APP-01400,EV-ff8ea035abc3,withdrew_post_acceptance,True,MODEL_APPLIED_FROM_CALIBRATED_FRAMEWORK
offer_extended,BM-001,Status Quo Bias,APP-01400,EV-b23376d880a8,withdrew_post_acceptance,True,MODEL_APPLIED_FROM_CALIBRATED_FRAMEWORK
offer_accepted,BM-001,Status Quo Bias,APP-01400,EV-555593022fdf,withdrew_post_acceptance,True,MODEL_APPLIED_FROM_CALIBRATED_FRAMEWORK
offer_accepted,BM-001,Status Quo Bias,APP-01400,EV-df21d71c3098,withdrew_post_acceptance,True,MODEL_APPLIED_FROM_CALIBRATED_FRAMEWORK
client_interview_1,BM-002,Loss Aversion,APP-01403,EV-24a148fc90dc,withdrew_post_acceptance,True,MODEL_APPLIED_FROM_CALIBRATED_FRAMEWORK
screened,BM-001,Status Quo Bias,APP-01405,EV-d2e9d0ef89a8,withdrew_post_acceptance,True,MODEL_APPLIED_FROM_CALIBRATED_FRAMEWORK
client_interview_1,BM-001,Status Quo Bias,APP-01405,EV-85c4d862b3a8,withdrew_post_acceptance,True,MODEL_APPLIED_FROM_CALIBRATED_FRAMEWORK
client_interview_1,BM-001,Status Quo Bias,APP-01405,EV-2a3170a12b00,withdrew_post_acceptance,True,MODEL_APPLIED_FROM_CALIBRATED_FRAMEWORK
offer_accepted,BM-020,Commitment / Consistency,APP-01406,EV-420dbd0c2f4a,joined_on_time,False,MODEL_APPLIED_FROM_CALIBRATED_FRAMEWORK
background_check,BM-011,Reciprocity,APP-01406,EV-28a2969f944f,joined_on_time,False,MODEL_APPLIED_FROM_CALIBRATED_FRAMEWORK
background_check,BM-011,Reciprocity,APP-01406,EV-d1e28a16ae6b,joined_on_time,False,MODEL_APPLIED_FROM_CALIBRATED_FRAMEWORK
background_check,BM-018,Identity Signaling,APP-01406,EV-1c5f9d91d30e,joined_on_time,False,MODEL_APPLIED_FROM_CALIBRATED_FRAMEWORK
offer_accepted,BM-018,Identity Signaling,APP-01407,EV-9c10269a3197,joined_on_time,False,MODEL_APPLIED_FROM_CALIBRATED_FRAMEWORK
submitted,BM-029,Uncertainty / Ambiguity Aversion,APP-01408,EV-8ef00e2b0b4e,joined_on_time,False,MODEL_APPLIED_FROM_CALIBRATED_FRAMEWORK
submitted,BM-029,Uncertainty / Ambiguity Aversion,APP-01408,EV-355f3b111b29,joined_on_time,False,HUMAN_REVIEWED
client_interview_2,BM-029,Uncertainty / Ambiguity Aversion,APP-01408,EV-7267c2ac6179,joined_on_time,False,MODEL_APPLIED_FROM_CALIBRATED_FRAMEWORK
background_check,BM-029,Uncertainty / Ambiguity Aversion,APP-01408,EV-4ff89eb3a1fb,joined_on_time,False,MODEL_APPLIED_FROM_CALIBRATED_FRAMEWORK
background_check,BM-029,Uncertainty / Ambiguity Aversion,APP-01408,EV-f9d3cee7cbb6,joined_on_time,False,MODEL_APPLIED_FROM_CALIBRATED_FRAMEWORK
background_check,BM-029,Uncertainty / Ambiguity Aversion,APP-01408,EV-cc9ea747827f,joined_on_time,False,HUMAN_REVIEWED
screened,BM-029,Uncertainty / Ambiguity Aversion,APP-01410,EV-a3b08e1f27e7,declined_offer,True,MODEL_APPLIED_FROM_CALIBRATED_FRAMEWORK
submitted,BM-002,Loss Aversion,APP-01410,EV-8050fe68e950,declined_offer,True,MODEL_APPLIED_FROM_CALIBRATED_FRAMEWORK
submitted,BM-029,Uncertainty / Ambiguity Aversion,APP-01410,EV-7468602919b2,declined_offer,True,MODEL_APPLIED_FROM_CALIBRATED_FRAMEWORK
submitted,BM-029,Uncertainty / Ambiguity Aversion,APP-01410,EV-ab46d7cbe09a,declined_offer,True,MODEL_APPLIED_FROM_CALIBRATED_FRAMEWORK
submitted,BM-002,Loss Aversion,APP-01410,EV-469384331978,declined_offer,True,MODEL_APPLIED_FROM_CALIBRATED_FRAMEWORK
client_interview_1,BM-011,Reciprocity,APP-01412,EV-c70b0edd5798,joined_on_time,False,MODEL_APPLIED_FROM_CALIBRATED_FRAMEWORK
client_interview_1,BM-011,Reciprocity,APP-01412,EV-16811b678282,joined_on_time,False,MODEL_APPLIED_FROM_CALIBRATED_FRAMEWORK
client_interview_1,BM-011,Reciprocity,APP-01412,EV-e05834096a55,joined_on_time,False,MODEL_APPLIED_FROM_CALIBRATED_FRAMEWORK
client_interview_1,BM-011,Reciprocity,APP-01412,EV-2f16098fd7e6,joined_on_time,False,MODEL_APPLIED_FROM_CALIBRATED_FRAMEWORK
offer_accepted,BM-011,Reciprocity,APP-01412,EV-36bfce6be14c,joined_on_time,False,MODEL_APPLIED_FROM_CALIBRATED_FRAMEWORK
background_check,BM-011,Reciprocity,APP-01412,EV-e1a172310557,joined_on_time,False,MODEL_APPLIED_FROM_CALIBRATED_FRAMEWORK
unknown,BM-006,Friction,APP-01417,EV-35ab62416442,joined_on_time,False,MODEL_APPLIED_FROM_CALIBRATED_FRAMEWORK
unknown,BM-006,Friction,APP-01417,EV-74c3643b0822,joined_on_time,False,MODEL_APPLIED_FROM_CALIBRATED_FRAMEWORK
unknown,BM-006,Friction,APP-01417,EV-79096b41c8b1,joined_on_time,False,MODEL_APPLIED_FROM_CALIBRATED_FRAMEWORK
unknown,BM-006,Friction,APP-01417,EV-a837901e1f88,joined_on_time,False,MODEL_APPLIED_FROM_CALIBRATED_FRAMEWORK
unknown,BM-006,Friction,APP-01417,EV-9418a7ab9645,joined_on_time,False,MODEL_APPLIED_FROM_CALIBRATED_FRAMEWORK
unknown,BM-006,Friction,APP-01417,EV-85ea57b87cf7,joined_on_time,False,MODEL_APPLIED_FROM_CALIBRATED_FRAMEWORK
client_interview_1,BM-006,Friction,APP-01417,EV-ef647e5fc8e4,joined_on_time,False,MODEL_APPLIED_FROM_CALIBRATED_FRAMEWORK
client_interview_1,BM-006,Friction,APP-01417,EV-34196796ab7e,joined_on_time,False,MODEL_APPLIED_FROM_CALIBRATED_FRAMEWORK
submitted,BM-006,Friction,APP-01417,EV-69c8779eacb1,joined_on_time,False,MODEL_APPLIED_FROM_CALIBRATED_FRAMEWORK
submitted,BM-006,Friction,APP-01417,EV-53e19bbb0cb8,joined_on_time,False,MODEL_APPLIED_FROM_CALIBRATED_FRAMEWORK
offer_extended,BM-006,Friction,APP-01417,EV-8b05e869ee20,joined_on_time,False,MODEL_APPLIED_FROM_CALIBRATED_FRAMEWORK
offer_accepted,BM-029,Uncertainty / Ambiguity Aversion,APP-01417,EV-780d41afb75b,joined_on_time,False,MODEL_APPLIED_FROM_CALIBRATED_FRAMEWORK
offer_accepted,BM-006,Friction,APP-01417,EV-d737efe59019,joined_on_time,False,MODEL_APPLIED_FROM_CALIBRATED_FRAMEWORK
offer_accepted,BM-006,Friction,APP-01417,EV-88345ed8c293,joined_on_time,False,MODEL_APPLIED_FROM_CALIBRATED_FRAMEWORK
offer_accepted,BM-006,Friction,APP-01417,EV-9512eb3f1b93,joined_on_time,False,MODEL_APPLIED_FROM_CALIBRATED_FRAMEWORK
background_check,BM-006,Friction,APP-01417,EV-93acff662839,joined_on_time,False,MODEL_APPLIED_FROM_CALIBRATED_FRAMEWORK
background_check,BM-006,Friction,APP-01417,EV-1f5157ae45de,joined_on_time,False,MODEL_APPLIED_FROM_CALIBRATED_FRAMEWORK
screened,BM-011,Reciprocity,APP-01419,EV-0bee49974e0c,withdrew_post_acceptance,True,MODEL_APPLIED_FROM_CALIBRATED_FRAMEWORK
screened,BM-029,Uncertainty / Ambiguity Aversion,APP-01424,EV-b9b9c45a737c,declined_offer,True,MODEL_APPLIED_FROM_CALIBRATED_FRAMEWORK
screened,BM-029,Uncertainty / Ambiguity Aversion,APP-01424,EV-0922fdd392aa,declined_offer,True,MODEL_APPLIED_FROM_CALIBRATED_FRAMEWORK
client_interview_1,BM-002,Loss Aversion,APP-01424,EV-1fce559659c4,declined_offer,True,MODEL_APPLIED_FROM_CALIBRATED_FRAMEWORK
client_interview_1,BM-001,Status Quo Bias,APP-01424,EV-3323e0c1b8a1,declined_offer,True,MODEL_APPLIED_FROM_CALIBRATED_FRAMEWORK
client_interview_1,BM-001,Status Quo Bias,APP-01424,EV-1dbec2baa91a,declined_offer,True,MODEL_APPLIED_FROM_CALIBRATED_FRAMEWORK
client_interview_1,BM-001,Status Quo Bias,APP-01424,EV-e8813640b158,declined_offer,True,MODEL_APPLIED_FROM_CALIBRATED_FRAMEWORK
screened,BM-029,Uncertainty / Ambiguity Aversion,APP-01427,EV-05474e7102cd,withdrew_post_acceptance,True,MODEL_APPLIED_FROM_CALIBRATED_FRAMEWORK
screened,BM-029,Uncertainty / Ambiguity Aversion,APP-01427,EV-3d2a092ef2c2,withdrew_post_acceptance,True,MODEL_APPLIED_FROM_CALIBRATED_FRAMEWORK
offer_accepted,BM-029,Uncertainty / Ambiguity Aversion,APP-01427,EV-17e45fef1460,withdrew_post_acceptance,True,MODEL_APPLIED_FROM_CALIBRATED_FRAMEWORK
offer_accepted,BM-001,Status Quo Bias,APP-01427,EV-81efd777bc6a,withdrew_post_acceptance,True,MODEL_APPLIED_FROM_CALIBRATED_FRAMEWORK
offer_accepted,BM-029,Uncertainty / Ambiguity Aversion,APP-01427,EV-b11aa1263bbc,withdrew_post_acceptance,True,MODEL_APPLIED_FROM_CALIBRATED_FRAMEWORK
offer_accepted,BM-029,Uncertainty / Ambiguity Aversion,APP-01427,EV-9892f13e23b5,withdrew_post_acceptance,True,MODEL_APPLIED_FROM_CALIBRATED_FRAMEWORK
background_check,BM-018,Identity Signaling,APP-01428,EV-b66a84218c01,joined_on_time,False,MODEL_APPLIED_FROM_CALIBRATED_FRAMEWORK
client_interview_1,BM-001,Status Quo Bias,APP-01429,EV-5ef5d11fdc36,accepted_no_show,True,MODEL_APPLIED_FROM_CALIBRATED_FRAMEWORK
offer_accepted,BM-001,Status Quo Bias,APP-01429,EV-c63da703c643,accepted_no_show,True,MODEL_APPLIED_FROM_CALIBRATED_FRAMEWORK
background_check,BM-002,Loss Aversion,APP-01429,EV-f65101182dca,accepted_no_show,True,MODEL_APPLIED_FROM_CALIBRATED_FRAMEWORK
background_check,BM-029,Uncertainty / Ambiguity Aversion,APP-01429,EV-e68f6e60f31f,accepted_no_show,True,MODEL_APPLIED_FROM_CALIBRATED_FRAMEWORK
onboarding_docs_sent,BM-001,Status Quo Bias,APP-01429,EV-cb441b2e4752,accepted_no_show,True,MODEL_APPLIED_FROM_CALIBRATED_FRAMEWORK
submitted,BM-006,Friction,APP-01432,EV-962fd6ab7152,joined_on_time,False,MODEL_APPLIED_FROM_CALIBRATED_FRAMEWORK
offer_accepted,BM-006,Friction,APP-01432,EV-2098b217adcc,joined_on_time,False,MODEL_APPLIED_FROM_CALIBRATED_FRAMEWORK
background_check,BM-006,Friction,APP-01432,EV-a81a303e3903,joined_on_time,False,MODEL_APPLIED_FROM_CALIBRATED_FRAMEWORK
submitted,BM-011,Reciprocity,APP-01433,EV-d199ea466c93,joined_on_time,False,MODEL_APPLIED_FROM_CALIBRATED_FRAMEWORK
client_interview_1,BM-006,Friction,APP-01433,EV-4916ee20d88f,joined_on_time,False,MODEL_APPLIED_FROM_CALIBRATED_FRAMEWORK
client_interview_1,BM-011,Reciprocity,APP-01433,EV-bba355dbe797,joined_on_time,False,MODEL_APPLIED_FROM_CALIBRATED_FRAMEWORK
client_interview_1,BM-006,Friction,APP-01433,EV-dc725cf78438,joined_on_time,False,HUMAN_REVIEWED
client_interview_1,BM-006,Friction,APP-01433,EV-b5552ae96c1b,joined_on_time,False,MODEL_APPLIED_FROM_CALIBRATED_FRAMEWORK
offer_accepted,BM-006,Friction,APP-01433,EV-d17b214d17fc,joined_on_time,False,MODEL_APPLIED_FROM_CALIBRATED_FRAMEWORK
offer_accepted,BM-006,Friction,APP-01433,EV-33d20aaeccbe,joined_on_time,False,MODEL_APPLIED_FROM_CALIBRATED_FRAMEWORK
offer_accepted,BM-006,Friction,APP-01433,EV-23e23e493983,joined_on_time,False,MODEL_APPLIED_FROM_CALIBRATED_FRAMEWORK
offer_accepted,BM-011,Reciprocity,APP-01433,EV-644dabcf2273,joined_on_time,False,MODEL_APPLIED_FROM_CALIBRATED_FRAMEWORK
unknown,BM-001,Status Quo Bias,APP-01436,EV-6729d24eda77,rejected_by_client,True,MODEL_APPLIED_FROM_CALIBRATED_FRAMEWORK
background_check,BM-006,Friction,APP-01439,EV-8023b9a563bb,joined_on_time,False,MODEL_APPLIED_FROM_CALIBRATED_FRAMEWORK
offer_accepted,BM-023,Goal Gradient,APP-01440,EV-f2fbeb061832,joined_late,False,MODEL_APPLIED_FROM_CALIBRATED_FRAMEWORK
offer_accepted,BM-001,Status Quo Bias,APP-01440,EV-a530d3a2a6cf,joined_late,False,MODEL_APPLIED_FROM_CALIBRATED_FRAMEWORK
offer_accepted,BM-023,Goal Gradient,APP-01440,EV-4d1b49cf2a9b,joined_late,False,MODEL_APPLIED_FROM_CALIBRATED_FRAMEWORK
background_check,BM-001,Status Quo Bias,APP-01440,EV-9df9ae50b76d,joined_late,False,MODEL_APPLIED_FROM_CALIBRATED_FRAMEWORK
background_check,BM-001,Status Quo Bias,APP-01440,EV-b27fb997bae4,joined_late,False,MODEL_APPLIED_FROM_CALIBRATED_FRAMEWORK
background_check,BM-001,Status Quo Bias,APP-01440,EV-018a83647edd,joined_late,False,MODEL_APPLIED_FROM_CALIBRATED_FRAMEWORK
unknown,BM-006,Friction,APP-01441,EV-c19d0850f3fc,rejected_by_client,True,MODEL_APPLIED_FROM_CALIBRATED_FRAMEWORK
submitted,BM-006,Friction,APP-01441,EV-50f31973ac3d,rejected_by_client,True,MODEL_APPLIED_FROM_CALIBRATED_FRAMEWORK
submitted,BM-029,Uncertainty / Ambiguity Aversion,APP-01441,EV-e2c1c86e5b06,rejected_by_client,True,MODEL_APPLIED_FROM_CALIBRATED_FRAMEWORK
submitted,BM-006,Friction,APP-01441,EV-a83a9d0726ad,rejected_by_client,True,MODEL_APPLIED_FROM_CALIBRATED_FRAMEWORK
submitted,BM-029,Uncertainty / Ambiguity Aversion,APP-01441,EV-c4a9f54be415,rejected_by_client,True,MODEL_APPLIED_FROM_CALIBRATED_FRAMEWORK
submitted,BM-006,Friction,APP-01441,EV-0ec435bf3d55,rejected_by_client,True,MODEL_APPLIED_FROM_CALIBRATED_FRAMEWORK
submitted,BM-006,Friction,APP-01441,EV-dc75d9ee701c,rejected_by_client,True,MODEL_APPLIED_FROM_CALIBRATED_FRAMEWORK
client_interview_1,BM-006,Friction,APP-01441,EV-accd679f41a4,rejected_by_client,True,MODEL_APPLIED_FROM_CALIBRATED_FRAMEWORK
client_interview_1,BM-006,Friction,APP-01441,EV-9a10e30f5152,rejected_by_client,True,MODEL_APPLIED_FROM_CALIBRATED_FRAMEWORK
offer_extended,BM-006,Friction,APP-01441,EV-4e767c30cd9d,rejected_by_client,True,MODEL_APPLIED_FROM_CALIBRATED_FRAMEWORK
offer_extended,BM-006,Friction,APP-01441,EV-e91cc3cc6b6c,rejected_by_client,True,MODEL_APPLIED_FROM_CALIBRATED_FRAMEWORK
offer_extended,BM-006,Friction,APP-01441,EV-07c6a6b8e64f,rejected_by_client,True,MODEL_APPLIED_FROM_CALIBRATED_FRAMEWORK
offer_accepted,BM-006,Friction,APP-01441,EV-8a96e8f85668,rejected_by_client,True,MODEL_APPLIED_FROM_CALIBRATED_FRAMEWORK
offer_accepted,BM-006,Friction,APP-01441,EV-cc40243be2c9,rejected_by_client,True,MODEL_APPLIED_FROM_CALIBRATED_FRAMEWORK
offer_accepted,BM-029,Uncertainty / Ambiguity Aversion,APP-01441,EV-62071760a238,rejected_by_client,True,MODEL_APPLIED_FROM_CALIBRATED_FRAMEWORK
offer_accepted,BM-006,Friction,APP-01441,EV-8cafcf51fcd8,rejected_by_client,True,MODEL_APPLIED_FROM_CALIBRATED_FRAMEWORK
offer_accepted,BM-006,Friction,APP-01441,EV-c9ace002617b,rejected_by_client,True,MODEL_APPLIED_FROM_CALIBRATED_FRAMEWORK
client_interview_2,BM-023,Goal Gradient,APP-01446,EV-eb97428fd889,joined_on_time,False,MODEL_APPLIED_FROM_CALIBRATED_FRAMEWORK
offer_extended,BM-011,Reciprocity,APP-01446,EV-beda79aed686,joined_on_time,False,MODEL_APPLIED_FROM_CALIBRATED_FRAMEWORK
offer_accepted,BM-001,Status Quo Bias,APP-01448,EV-819ffcf1baa9,joined_on_time,False,MODEL_APPLIED_FROM_CALIBRATED_FRAMEWORK
offer_accepted,BM-014,Confirmation Bias,APP-01448,EV-50ca036b636e,joined_on_time,False,MODEL_APPLIED_FROM_CALIBRATED_FRAMEWORK
offer_accepted,BM-001,Status Quo Bias,APP-01448,EV-026cc16b59c1,joined_on_time,False,MODEL_APPLIED_FROM_CALIBRATED_FRAMEWORK
offer_accepted,BM-014,Confirmation Bias,APP-01448,EV-84024a01e688,joined_on_time,False,MODEL_APPLIED_FROM_CALIBRATED_FRAMEWORK
offer_accepted,BM-001,Status Quo Bias,APP-01448,EV-cb3396ff0452,joined_on_time,False,MODEL_APPLIED_FROM_CALIBRATED_FRAMEWORK
offer_accepted,BM-014,Confirmation Bias,APP-01448,EV-df89c70e9825,joined_on_time,False,MODEL_APPLIED_FROM_CALIBRATED_FRAMEWORK
offer_accepted,BM-001,Status Quo Bias,APP-01448,EV-8fdc8082f575,joined_on_time,False,MODEL_APPLIED_FROM_CALIBRATED_FRAMEWORK
offer_accepted,BM-001,Status Quo Bias,APP-01448,EV-e312f370a58d,joined_on_time,False,MODEL_APPLIED_FROM_CALIBRATED_FRAMEWORK
offer_accepted,BM-014,Confirmation Bias,APP-01448,EV-7591dfc644b4,joined_on_time,False,MODEL_APPLIED_FROM_CALIBRATED_FRAMEWORK
screened,BM-006,Friction,APP-01449,EV-570893e8e1f5,declined_offer,True,MODEL_APPLIED_FROM_CALIBRATED_FRAMEWORK
submitted,BM-006,Friction,APP-01449,EV-90491152cffa,declined_offer,True,MODEL_APPLIED_FROM_CALIBRATED_FRAMEWORK
client_interview_1,BM-006,Friction,APP-01449,EV-1aebb3f406af,declined_offer,True,MODEL_APPLIED_FROM_CALIBRATED_FRAMEWORK
client_interview_1,BM-006,Friction,APP-01449,EV-6a1e97799920,declined_offer,True,MODEL_APPLIED_FROM_CALIBRATED_FRAMEWORK
client_interview_1,BM-002,Loss Aversion,APP-01449,EV-c65f1eebdb45,declined_offer,True,MODEL_APPLIED_FROM_CALIBRATED_FRAMEWORK
screened,BM-023,Goal Gradient,APP-01451,EV-d9780274caa1,joined_on_time,False,MODEL_APPLIED_FROM_CALIBRATED_FRAMEWORK
client_interview_1,BM-023,Goal Gradient,APP-01451,EV-72120eb16bc5,joined_on_time,False,MODEL_APPLIED_FROM_CALIBRATED_FRAMEWORK
offer_extended,BM-023,Goal Gradient,APP-01451,EV-714bf81c8938,joined_on_time,False,MODEL_APPLIED_FROM_CALIBRATED_FRAMEWORK
offer_accepted,BM-001,Status Quo Bias,APP-01451,EV-ea162c06a99e,joined_on_time,False,MODEL_APPLIED_FROM_CALIBRATED_FRAMEWORK
offer_accepted,BM-001,Status Quo Bias,APP-01451,EV-ea649f8fcf29,joined_on_time,False,MODEL_APPLIED_FROM_CALIBRATED_FRAMEWORK
offer_accepted,BM-029,Uncertainty / Ambiguity Aversion,APP-01451,EV-ed2126aca43a,joined_on_time,False,MODEL_APPLIED_FROM_CALIBRATED_FRAMEWORK
offer_accepted,BM-023,Goal Gradient,APP-01451,EV-25ab58526b3b,joined_on_time,False,MODEL_APPLIED_FROM_CALIBRATED_FRAMEWORK
background_check,BM-023,Goal Gradient,APP-01451,EV-0c30e886b79a,joined_on_time,False,MODEL_APPLIED_FROM_CALIBRATED_FRAMEWORK
background_check,BM-029,Uncertainty / Ambiguity Aversion,APP-01451,EV-0b8d43cde759,joined_on_time,False,MODEL_APPLIED_FROM_CALIBRATED_FRAMEWORK
background_check,BM-023,Goal Gradient,APP-01451,EV-746ac021c1a3,joined_on_time,False,MODEL_APPLIED_FROM_CALIBRATED_FRAMEWORK
background_check,BM-023,Goal Gradient,APP-01451,EV-3c4af57b23c1,joined_on_time,False,MODEL_APPLIED_FROM_CALIBRATED_FRAMEWORK
client_interview_1,BM-006,Friction,APP-01452,EV-b4df6d9af3e7,joined_on_time,False,MODEL_APPLIED_FROM_CALIBRATED_FRAMEWORK
client_interview_1,BM-006,Friction,APP-01452,EV-73337d34cf66,joined_on_time,False,MODEL_APPLIED_FROM_CALIBRATED_FRAMEWORK
client_interview_1,BM-006,Friction,APP-01452,EV-842dc92191e1,joined_on_time,False,MODEL_APPLIED_FROM_CALIBRATED_FRAMEWORK
client_interview_1,BM-006,Friction,APP-01452,EV-8e644fb7f61a,joined_on_time,False,MODEL_APPLIED_FROM_CALIBRATED_FRAMEWORK
background_check,BM-006,Friction,APP-01452,EV-67de65d7155f,joined_on_time,False,MODEL_APPLIED_FROM_CALIBRATED_FRAMEWORK
background_check,BM-006,Friction,APP-01452,EV-dbeaf454c895,joined_on_time,False,MODEL_APPLIED_FROM_CALIBRATED_FRAMEWORK
background_check,BM-006,Friction,APP-01452,EV-4d4fa53f8a07,joined_on_time,False,MODEL_APPLIED_FROM_CALIBRATED_FRAMEWORK
background_check,BM-006,Friction,APP-01452,EV-1cbce1a24ac9,joined_on_time,False,MODEL_APPLIED_FROM_CALIBRATED_FRAMEWORK
background_check,BM-020,Commitment / Consistency,APP-01454,EV-ad56669343fc,joined_on_time,False,MODEL_APPLIED_FROM_CALIBRATED_FRAMEWORK
screened,BM-006,Friction,APP-01456,EV-22253aac5834,joined_late,False,MODEL_APPLIED_FROM_CALIBRATED_FRAMEWORK
client_interview_1,BM-006,Friction,APP-01456,EV-15dff991b419,joined_late,False,MODEL_APPLIED_FROM_CALIBRATED_FRAMEWORK
client_interview_1,BM-006,Friction,APP-01456,EV-29d28d69dcea,joined_late,False,MODEL_APPLIED_FROM_CALIBRATED_FRAMEWORK
offer_accepted,BM-006,Friction,APP-01456,EV-b12fe90921cb,joined_late,False,MODEL_APPLIED_FROM_CALIBRATED_FRAMEWORK
offer_accepted,BM-006,Friction,APP-01456,EV-95eb36245309,joined_late,False,MODEL_APPLIED_FROM_CALIBRATED_FRAMEWORK
offer_accepted,BM-006,Friction,APP-01456,EV-a6c8e1ab5448,joined_late,False,MODEL_APPLIED_FROM_CALIBRATED_FRAMEWORK
offer_accepted,BM-023,Goal Gradient,APP-01456,EV-79c975de0bd3,joined_late,False,MODEL_APPLIED_FROM_CALIBRATED_FRAMEWORK
onboarding_docs_sent,BM-006,Friction,APP-01456,EV-c94543d802a6,joined_late,False,MODEL_APPLIED_FROM_CALIBRATED_FRAMEWORK
unknown,BM-023,Goal Gradient,APP-01458,EV-4b8d82f73452,joined_late,False,MODEL_APPLIED_FROM_CALIBRATED_FRAMEWORK
unknown,BM-001,Status Quo Bias,APP-01458,EV-0e567731867c,joined_late,False,MODEL_APPLIED_FROM_CALIBRATED_FRAMEWORK
client_interview_1,BM-001,Status Quo Bias,APP-01458,EV-b1937d9aeda4,joined_late,False,MODEL_APPLIED_FROM_CALIBRATED_FRAMEWORK
client_interview_1,BM-023,Goal Gradient,APP-01458,EV-6050273fe93a,joined_late,False,MODEL_APPLIED_FROM_CALIBRATED_FRAMEWORK
offer_accepted,BM-029,Uncertainty / Ambiguity Aversion,APP-01458,EV-ced1ff7198af,joined_late,False,MODEL_APPLIED_FROM_CALIBRATED_FRAMEWORK
offer_accepted,BM-023,Goal Gradient,APP-01458,EV-4ca8d8758dcc,joined_late,False,MODEL_APPLIED_FROM_CALIBRATED_FRAMEWORK
offer_accepted,BM-001,Status Quo Bias,APP-01458,EV-4695b058aeb6,joined_late,False,MODEL_APPLIED_FROM_CALIBRATED_FRAMEWORK
background_check,BM-023,Goal Gradient,APP-01458,EV-5c61f71a6bb7,joined_late,False,MODEL_APPLIED_FROM_CALIBRATED_FRAMEWORK
background_check,BM-001,Status Quo Bias,APP-01458,EV-6a8e6ac2b93b,joined_late,False,MODEL_APPLIED_FROM_CALIBRATED_FRAMEWORK
background_check,BM-023,Goal Gradient,APP-01458,EV-0793d98b139f,joined_late,False,MODEL_APPLIED_FROM_CALIBRATED_FRAMEWORK
background_check,BM-029,Uncertainty / Ambiguity Aversion,APP-01458,EV-fdc7c39d1d66,joined_late,False,MODEL_APPLIED_FROM_CALIBRATED_FRAMEWORK
background_check,BM-023,Goal Gradient,APP-01458,EV-bef936df6b00,joined_late,False,MODEL_APPLIED_FROM_CALIBRATED_FRAMEWORK
background_check,BM-001,Status Quo Bias,APP-01458,EV-4402916ee0ab,joined_late,False,MODEL_APPLIED_FROM_CALIBRATED_FRAMEWORK
onboarding_docs_sent,BM-029,Uncertainty / Ambiguity Aversion,APP-01458,EV-f131cbbfe4f2,joined_late,False,MODEL_APPLIED_FROM_CALIBRATED_FRAMEWORK
submitted,BM-029,Uncertainty / Ambiguity Aversion,APP-01459,EV-eb7d1cf35dd6,joined_on_time,False,MODEL_APPLIED_FROM_CALIBRATED_FRAMEWORK
offer_accepted,BM-029,Uncertainty / Ambiguity Aversion,APP-01459,EV-526bd15b231d,joined_on_time,False,MODEL_APPLIED_FROM_CALIBRATED_FRAMEWORK
offer_accepted,BM-029,Uncertainty / Ambiguity Aversion,APP-01459,EV-0661d957abd7,joined_on_time,False,MODEL_APPLIED_FROM_CALIBRATED_FRAMEWORK
unknown,BM-029,Uncertainty / Ambiguity Aversion,APP-01460,EV-9ff500c32693,joined_on_time,False,MODEL_APPLIED_FROM_CALIBRATED_FRAMEWORK
unknown,BM-023,Goal Gradient,APP-01460,EV-92ed4b9a8876,joined_on_time,False,MODEL_APPLIED_FROM_CALIBRATED_FRAMEWORK
screened,BM-023,Goal Gradient,APP-01460,EV-3dfedf190f92,joined_on_time,False,MODEL_APPLIED_FROM_CALIBRATED_FRAMEWORK
submitted,BM-001,Status Quo Bias,APP-01460,EV-1631a26d24dd,joined_on_time,False,MODEL_APPLIED_FROM_CALIBRATED_FRAMEWORK
client_interview_1,BM-001,Status Quo Bias,APP-01460,EV-96b519887ee2,joined_on_time,False,MODEL_APPLIED_FROM_CALIBRATED_FRAMEWORK
offer_extended,BM-001,Status Quo Bias,APP-01460,EV-5ed0c70f60a2,joined_on_time,False,MODEL_APPLIED_FROM_CALIBRATED_FRAMEWORK
background_check,BM-029,Uncertainty / Ambiguity Aversion,APP-01460,EV-a953b409046a,joined_on_time,False,MODEL_APPLIED_FROM_CALIBRATED_FRAMEWORK
background_check,BM-023,Goal Gradient,APP-01460,EV-a1b9824d5582,joined_on_time,False,MODEL_APPLIED_FROM_CALIBRATED_FRAMEWORK
onboarding_docs_sent,BM-029,Uncertainty / Ambiguity Aversion,APP-01460,EV-17e1480f5309,joined_on_time,False,MODEL_APPLIED_FROM_CALIBRATED_FRAMEWORK
onboarding_docs_sent,BM-023,Goal Gradient,APP-01460,EV-19315bace38c,joined_on_time,False,MODEL_APPLIED_FROM_CALIBRATED_FRAMEWORK
unknown,BM-014,Confirmation Bias,APP-01462,EV-469d8d48fb69,declined_offer,True,MODEL_APPLIED_FROM_CALIBRATED_FRAMEWORK
unknown,BM-014,Confirmation Bias,APP-01462,EV-97aaaaa30c86,declined_offer,True,MODEL_APPLIED_FROM_CALIBRATED_FRAMEWORK
submitted,BM-014,Confirmation Bias,APP-01462,EV-272490874c53,declined_offer,True,MODEL_APPLIED_FROM_CALIBRATED_FRAMEWORK
submitted,BM-014,Confirmation Bias,APP-01462,EV-f7595737a2d7,declined_offer,True,MODEL_APPLIED_FROM_CALIBRATED_FRAMEWORK
client_interview_1,BM-014,Confirmation Bias,APP-01462,EV-023fff84152d,declined_offer,True,MODEL_APPLIED_FROM_CALIBRATED_FRAMEWORK
submitted,BM-020,Commitment / Consistency,APP-01465,EV-4e6eb028408f,joined_on_time,False,MODEL_APPLIED_FROM_CALIBRATED_FRAMEWORK
submitted,BM-018,Identity Signaling,APP-01465,EV-d35c0f21c81c,joined_on_time,False,MODEL_APPLIED_FROM_CALIBRATED_FRAMEWORK
client_interview_1,BM-020,Commitment / Consistency,APP-01465,EV-ab40d789f9ba,joined_on_time,False,MODEL_APPLIED_FROM_CALIBRATED_FRAMEWORK
client_interview_1,BM-018,Identity Signaling,APP-01465,EV-e8c0321fe730,joined_on_time,False,MODEL_APPLIED_FROM_CALIBRATED_FRAMEWORK
offer_accepted,BM-020,Commitment / Consistency,APP-01465,EV-77bf3b635da8,joined_on_time,False,MODEL_APPLIED_FROM_CALIBRATED_FRAMEWORK
offer_accepted,BM-018,Identity Signaling,APP-01465,EV-3f8c3ba544b6,joined_on_time,False,MODEL_APPLIED_FROM_CALIBRATED_FRAMEWORK
offer_accepted,BM-011,Reciprocity,APP-01467,EV-82eee6a57c10,joined_on_time,False,MODEL_APPLIED_FROM_CALIBRATED_FRAMEWORK
offer_accepted,BM-020,Commitment / Consistency,APP-01467,EV-e2601fc91488,joined_on_time,False,MODEL_APPLIED_FROM_CALIBRATED_FRAMEWORK
screened,BM-023,Goal Gradient,APP-01468,EV-ca6b2edff600,withdrew_post_acceptance,True,MODEL_APPLIED_FROM_CALIBRATED_FRAMEWORK
submitted,BM-023,Goal Gradient,APP-01470,EV-b94c572caf2b,withdrew_post_acceptance,True,MODEL_APPLIED_FROM_CALIBRATED_FRAMEWORK
client_interview_1,BM-023,Goal Gradient,APP-01470,EV-35ea2ee2c946,withdrew_post_acceptance,True,MODEL_APPLIED_FROM_CALIBRATED_FRAMEWORK
client_interview_1,BM-023,Goal Gradient,APP-01470,EV-1a89fd1f8fed,withdrew_post_acceptance,True,MODEL_APPLIED_FROM_CALIBRATED_FRAMEWORK
client_interview_1,BM-006,Friction,APP-01471,EV-9b998255bd85,joined_on_time,False,MODEL_APPLIED_FROM_CALIBRATED_FRAMEWORK
client_interview_1,BM-011,Reciprocity,APP-01471,EV-1eaca09628e1,joined_on_time,False,MODEL_APPLIED_FROM_CALIBRATED_FRAMEWORK
client_interview_1,BM-006,Friction,APP-01471,EV-26207d7a48a7,joined_on_time,False,MODEL_APPLIED_FROM_CALIBRATED_FRAMEWORK
offer_extended,BM-006,Friction,APP-01471,EV-de94cd3e4c63,joined_on_time,False,MODEL_APPLIED_FROM_CALIBRATED_FRAMEWORK
offer_accepted,BM-006,Friction,APP-01471,EV-7aa2474370c3,joined_on_time,False,MODEL_APPLIED_FROM_CALIBRATED_FRAMEWORK
offer_accepted,BM-006,Friction,APP-01471,EV-cc96718c2add,joined_on_time,False,MODEL_APPLIED_FROM_CALIBRATED_FRAMEWORK
background_check,BM-006,Friction,APP-01471,EV-9ca31c234f9a,joined_on_time,False,MODEL_APPLIED_FROM_CALIBRATED_FRAMEWORK
background_check,BM-006,Friction,APP-01471,EV-b43f11e68f4d,joined_on_time,False,MODEL_APPLIED_FROM_CALIBRATED_FRAMEWORK
background_check,BM-006,Friction,APP-01471,EV-2f6076ead65b,joined_on_time,False,MODEL_APPLIED_FROM_CALIBRATED_FRAMEWORK
background_check,BM-006,Friction,APP-01471,EV-b9498a218d54,joined_on_time,False,MODEL_APPLIED_FROM_CALIBRATED_FRAMEWORK
background_check,BM-006,Friction,APP-01471,EV-f3686bf82e58,joined_on_time,False,MODEL_APPLIED_FROM_CALIBRATED_FRAMEWORK
background_check,BM-006,Friction,APP-01471,EV-255263dfbc2a,joined_on_time,False,MODEL_APPLIED_FROM_CALIBRATED_FRAMEWORK
onboarding_docs_sent,BM-006,Friction,APP-01471,EV-39cfe99cf8f1,joined_on_time,False,MODEL_APPLIED_FROM_CALIBRATED_FRAMEWORK
onboarding_docs_sent,BM-006,Friction,APP-01471,EV-a05f528d14fa,joined_on_time,False,MODEL_APPLIED_FROM_CALIBRATED_FRAMEWORK
screened,BM-014,Confirmation Bias,APP-01472,EV-4d708597ccfc,declined_offer,True,MODEL_APPLIED_FROM_CALIBRATED_FRAMEWORK
client_interview_1,BM-014,Confirmation Bias,APP-01472,EV-3d3b4d4ab7aa,declined_offer,True,MODEL_APPLIED_FROM_CALIBRATED_FRAMEWORK
client_interview_1,BM-014,Confirmation Bias,APP-01472,EV-c1d4e872d292,declined_offer,True,MODEL_APPLIED_FROM_CALIBRATED_FRAMEWORK
submitted,BM-001,Status Quo Bias,APP-01473,EV-112a97744e01,joined_on_time,False,MODEL_APPLIED_FROM_CALIBRATED_FRAMEWORK
submitted,BM-029,Uncertainty / Ambiguity Aversion,APP-01473,EV-608b10c63ab6,joined_on_time,False,MODEL_APPLIED_FROM_CALIBRATED_FRAMEWORK
offer_accepted,BM-001,Status Quo Bias,APP-01473,EV-5b7e81a3f8df,joined_on_time,False,MODEL_APPLIED_FROM_CALIBRATED_FRAMEWORK
background_check,BM-001,Status Quo Bias,APP-01473,EV-947e74c239e0,joined_on_time,False,MODEL_APPLIED_FROM_CALIBRATED_FRAMEWORK
submitted,BM-011,Reciprocity,APP-01474,EV-fb7da8d888ec,joined_on_time,False,MODEL_APPLIED_FROM_CALIBRATED_FRAMEWORK
submitted,BM-018,Identity Signaling,APP-01474,EV-aca3e072c25e,joined_on_time,False,MODEL_APPLIED_FROM_CALIBRATED_FRAMEWORK
screened,BM-014,Confirmation Bias,APP-01478,EV-f4a61022e0e1,withdrew_post_acceptance,True,MODEL_APPLIED_FROM_CALIBRATED_FRAMEWORK
client_interview_1,BM-014,Confirmation Bias,APP-01478,EV-faac6a2391a7,withdrew_post_acceptance,True,MODEL_APPLIED_FROM_CALIBRATED_FRAMEWORK
submitted,BM-001,Status Quo Bias,APP-01483,EV-74207d10c200,joined_on_time,False,MODEL_APPLIED_FROM_CALIBRATED_FRAMEWORK
submitted,BM-001,Status Quo Bias,APP-01483,EV-051a3631fe70,joined_on_time,False,MODEL_APPLIED_FROM_CALIBRATED_FRAMEWORK
client_interview_1,BM-001,Status Quo Bias,APP-01483,EV-3037dae873f7,joined_on_time,False,MODEL_APPLIED_FROM_CALIBRATED_FRAMEWORK
client_interview_1,BM-001,Status Quo Bias,APP-01483,EV-c70a1137eb98,joined_on_time,False,MODEL_APPLIED_FROM_CALIBRATED_FRAMEWORK
offer_accepted,BM-001,Status Quo Bias,APP-01483,EV-89ed382c03a1,joined_on_time,False,MODEL_APPLIED_FROM_CALIBRATED_FRAMEWORK
onboarding_docs_sent,BM-029,Uncertainty / Ambiguity Aversion,APP-01483,EV-6b83ba83aea8,joined_on_time,False,MODEL_APPLIED_FROM_CALIBRATED_FRAMEWORK
onboarding_docs_sent,BM-029,Uncertainty / Ambiguity Aversion,APP-01483,EV-f18cd51b6f67,joined_on_time,False,MODEL_APPLIED_FROM_CALIBRATED_FRAMEWORK
onboarding_docs_sent,BM-001,Status Quo Bias,APP-01483,EV-775f01dfa762,joined_on_time,False,MODEL_APPLIED_FROM_CALIBRATED_FRAMEWORK
onboarding_docs_sent,BM-029,Uncertainty / Ambiguity Aversion,APP-01483,EV-648f7db8a896,joined_on_time,False,MODEL_APPLIED_FROM_CALIBRATED_FRAMEWORK
screened,BM-001,Status Quo Bias,APP-01484,EV-dae5f896ce0b,withdrew_post_acceptance,True,MODEL_APPLIED_FROM_CALIBRATED_FRAMEWORK
client_interview_1,BM-029,Uncertainty / Ambiguity Aversion,APP-01484,EV-72a8f0fbcd7f,withdrew_post_acceptance,True,MODEL_APPLIED_FROM_CALIBRATED_FRAMEWORK
submitted,BM-001,Status Quo Bias,APP-01484,EV-3ef6c2722dcc,withdrew_post_acceptance,True,MODEL_APPLIED_FROM_CALIBRATED_FRAMEWORK
offer_extended,BM-001,Status Quo Bias,APP-01484,EV-dac5b6dac134,withdrew_post_acceptance,True,MODEL_APPLIED_FROM_CALIBRATED_FRAMEWORK
offer_accepted,BM-002,Loss Aversion,APP-01484,EV-71f594aa7fba,withdrew_post_acceptance,True,MODEL_APPLIED_FROM_CALIBRATED_FRAMEWORK
offer_accepted,BM-001,Status Quo Bias,APP-01484,EV-b4d9cbb8f79e,withdrew_post_acceptance,True,MODEL_APPLIED_FROM_CALIBRATED_FRAMEWORK
offer_accepted,BM-002,Loss Aversion,APP-01484,EV-a09ff3cf9ffb,withdrew_post_acceptance,True,MODEL_APPLIED_FROM_CALIBRATED_FRAMEWORK
offer_accepted,BM-011,Reciprocity,APP-01485,EV-a89b9e7de2a7,joined_on_time,False,MODEL_APPLIED_FROM_CALIBRATED_FRAMEWORK
offer_accepted,BM-018,Identity Signaling,APP-01485,EV-1a6ff9d03ea6,joined_on_time,False,MODEL_APPLIED_FROM_CALIBRATED_FRAMEWORK
offer_accepted,BM-011,Reciprocity,APP-01485,EV-630b48ef939c,joined_on_time,False,MODEL_APPLIED_FROM_CALIBRATED_FRAMEWORK
offer_accepted,BM-018,Identity Signaling,APP-01485,EV-ae6922586b18,joined_on_time,False,MODEL_APPLIED_FROM_CALIBRATED_FRAMEWORK
submitted,BM-023,Goal Gradient,APP-01487,EV-9c755db76d48,joined_on_time,False,MODEL_APPLIED_FROM_CALIBRATED_FRAMEWORK
client_interview_2,BM-023,Goal Gradient,APP-01487,EV-88740d35e42e,joined_on_time,False,MODEL_APPLIED_FROM_CALIBRATED_FRAMEWORK
offer_accepted,BM-023,Goal Gradient,APP-01487,EV-37bec5b3fdc9,joined_on_time,False,MODEL_APPLIED_FROM_CALIBRATED_FRAMEWORK
background_check,BM-023,Goal Gradient,APP-01487,EV-f385e54842d8,joined_on_time,False,MODEL_APPLIED_FROM_CALIBRATED_FRAMEWORK
submitted,BM-006,Friction,APP-01489,EV-6b5d439f2155,declined_offer,True,MODEL_APPLIED_FROM_CALIBRATED_FRAMEWORK
submitted,BM-006,Friction,APP-01489,EV-3454daf8e5be,declined_offer,True,MODEL_APPLIED_FROM_CALIBRATED_FRAMEWORK
submitted,BM-006,Friction,APP-01489,EV-d843c3e06929,declined_offer,True,MODEL_APPLIED_FROM_CALIBRATED_FRAMEWORK
submitted,BM-011,Reciprocity,APP-01489,EV-7e4cc9ea51e9,declined_offer,True,MODEL_APPLIED_FROM_CALIBRATED_FRAMEWORK
submitted,BM-006,Friction,APP-01489,EV-7f84c15fa79e,declined_offer,True,MODEL_APPLIED_FROM_CALIBRATED_FRAMEWORK
submitted,BM-006,Friction,APP-01489,EV-9560f6772de2,declined_offer,True,MODEL_APPLIED_FROM_CALIBRATED_FRAMEWORK
submitted,BM-011,Reciprocity,APP-01489,EV-984b18d6a2e8,declined_offer,True,MODEL_APPLIED_FROM_CALIBRATED_FRAMEWORK
submitted,BM-006,Friction,APP-01489,EV-215e4dc574af,declined_offer,True,MODEL_APPLIED_FROM_CALIBRATED_FRAMEWORK
submitted,BM-006,Friction,APP-01489,EV-5a9ebbdfa85e,declined_offer,True,MODEL_APPLIED_FROM_CALIBRATED_FRAMEWORK
submitted,BM-011,Reciprocity,APP-01489,EV-d6aeca4f9b49,declined_offer,True,MODEL_APPLIED_FROM_CALIBRATED_FRAMEWORK
submitted,BM-006,Friction,APP-01489,EV-f871e3a55cc2,declined_offer,True,MODEL_APPLIED_FROM_CALIBRATED_FRAMEWORK
submitted,BM-006,Friction,APP-01489,EV-88271fcc206b,declined_offer,True,MODEL_APPLIED_FROM_CALIBRATED_FRAMEWORK
submitted,BM-006,Friction,APP-01489,EV-b54560199d09,declined_offer,True,MODEL_APPLIED_FROM_CALIBRATED_FRAMEWORK
submitted,BM-011,Reciprocity,APP-01489,EV-fd9f9b705009,declined_offer,True,MODEL_APPLIED_FROM_CALIBRATED_FRAMEWORK
client_interview_1,BM-006,Friction,APP-01489,EV-aebb1153a063,declined_offer,True,MODEL_APPLIED_FROM_CALIBRATED_FRAMEWORK
client_interview_1,BM-006,Friction,APP-01492,EV-9e19a38e4da0,joined_on_time,False,MODEL_APPLIED_FROM_CALIBRATED_FRAMEWORK
submitted,BM-011,Reciprocity,APP-01495,EV-0b958115e63d,joined_on_time,False,MODEL_APPLIED_FROM_CALIBRATED_FRAMEWORK
submitted,BM-018,Identity Signaling,APP-01495,EV-91bc879c1e07,joined_on_time,False,MODEL_APPLIED_FROM_CALIBRATED_FRAMEWORK
submitted,BM-020,Commitment / Consistency,APP-01495,EV-8a2116e01b11,joined_on_time,False,MODEL_APPLIED_FROM_CALIBRATED_FRAMEWORK
background_check,BM-011,Reciprocity,APP-01495,EV-92789406f794,joined_on_time,False,MODEL_APPLIED_FROM_CALIBRATED_FRAMEWORK
background_check,BM-018,Identity Signaling,APP-01495,EV-e0ec9d1be334,joined_on_time,False,MODEL_APPLIED_FROM_CALIBRATED_FRAMEWORK
background_check,BM-011,Reciprocity,APP-01495,EV-87f8b640d22f,joined_on_time,False,MODEL_APPLIED_FROM_CALIBRATED_FRAMEWORK
background_check,BM-018,Identity Signaling,APP-01495,EV-864b2d3c598a,joined_on_time,False,MODEL_APPLIED_FROM_CALIBRATED_FRAMEWORK
screened,BM-005,Choice Overload,APP-01496,EV-68c7d8f28b0a,declined_offer,True,MODEL_APPLIED_FROM_CALIBRATED_FRAMEWORK
client_interview_1,BM-005,Choice Overload,APP-01496,EV-e40679d96049,declined_offer,True,MODEL_APPLIED_FROM_CALIBRATED_FRAMEWORK
client_interview_1,BM-005,Choice Overload,APP-01496,EV-cd7690b11955,declined_offer,True,MODEL_APPLIED_FROM_CALIBRATED_FRAMEWORK
submitted,BM-029,Uncertainty / Ambiguity Aversion,APP-01497,EV-7947a61ac837,declined_offer,True,HUMAN_REVIEWED
client_interview_2,BM-018,Identity Signaling,APP-01499,EV-5a865a63b09b,joined_on_time,False,MODEL_APPLIED_FROM_CALIBRATED_FRAMEWORK
background_check,BM-020,Commitment / Consistency,APP-01499,EV-e48c61fbca02,joined_on_time,False,MODEL_APPLIED_FROM_CALIBRATED_FRAMEWORK
background_check,BM-018,Identity Signaling,APP-01499,EV-bfb5de6800dc,joined_on_time,False,MODEL_APPLIED_FROM_CALIBRATED_FRAMEWORK
client_interview_1,BM-006,Friction,APP-01502,EV-11852f6cf8e5,joined_on_time,False,MODEL_APPLIED_FROM_CALIBRATED_FRAMEWORK
offer_extended,BM-006,Friction,APP-01502,EV-bfc307c8e63e,joined_on_time,False,MODEL_APPLIED_FROM_CALIBRATED_FRAMEWORK
offer_accepted,BM-006,Friction,APP-01502,EV-f50b9503e78b,joined_on_time,False,MODEL_APPLIED_FROM_CALIBRATED_FRAMEWORK
offer_accepted,BM-006,Friction,APP-01502,EV-278364bb5712,joined_on_time,False,MODEL_APPLIED_FROM_CALIBRATED_FRAMEWORK
background_check,BM-029,Uncertainty / Ambiguity Aversion,APP-01504,EV-f29a9f2a483b,joined_on_time,False,MODEL_APPLIED_FROM_CALIBRATED_FRAMEWORK
client_interview_1,BM-006,Friction,APP-01505,EV-d111f1903816,joined_late,False,MODEL_APPLIED_FROM_CALIBRATED_FRAMEWORK
background_check,BM-006,Friction,APP-01505,EV-e578146e3dd9,joined_late,False,MODEL_APPLIED_FROM_CALIBRATED_FRAMEWORK
background_check,BM-006,Friction,APP-01505,EV-cf8c758f088f,joined_late,False,MODEL_APPLIED_FROM_CALIBRATED_FRAMEWORK
background_check,BM-011,Reciprocity,APP-01505,EV-dac2566788f4,joined_late,False,MODEL_APPLIED_FROM_CALIBRATED_FRAMEWORK
background_check,BM-006,Friction,APP-01505,EV-dbce21b1283b,joined_late,False,MODEL_APPLIED_FROM_CALIBRATED_FRAMEWORK
background_check,BM-006,Friction,APP-01505,EV-4bb460312f8f,joined_late,False,MODEL_APPLIED_FROM_CALIBRATED_FRAMEWORK
background_check,BM-006,Friction,APP-01505,EV-3244db2a7ede,joined_late,False,MODEL_APPLIED_FROM_CALIBRATED_FRAMEWORK
background_check,BM-006,Friction,APP-01505,EV-7f013fb0d0fb,joined_late,False,HUMAN_REVIEWED
background_check,BM-006,Friction,APP-01505,EV-1b0074784669,joined_late,False,MODEL_APPLIED_FROM_CALIBRATED_FRAMEWORK
background_check,BM-006,Friction,APP-01505,EV-1a21f63454ee,joined_late,False,HUMAN_REVIEWED
submitted,BM-006,Friction,APP-01506,EV-01e3eddb0018,joined_on_time,False,MODEL_APPLIED_FROM_CALIBRATED_FRAMEWORK
client_interview_1,BM-006,Friction,APP-01506,EV-8867302ffa13,joined_on_time,False,MODEL_APPLIED_FROM_CALIBRATED_FRAMEWORK
client_interview_1,BM-006,Friction,APP-01506,EV-e998878d335e,joined_on_time,False,MODEL_APPLIED_FROM_CALIBRATED_FRAMEWORK
submitted,BM-011,Reciprocity,APP-01508,EV-c2c24fc4de1a,withdrew_post_acceptance,True,MODEL_APPLIED_FROM_CALIBRATED_FRAMEWORK
offer_extended,BM-011,Reciprocity,APP-01508,EV-a7aedd6a626d,withdrew_post_acceptance,True,MODEL_APPLIED_FROM_CALIBRATED_FRAMEWORK
client_interview_1,BM-029,Uncertainty / Ambiguity Aversion,APP-01509,EV-ad2345d78440,joined_on_time,False,MODEL_APPLIED_FROM_CALIBRATED_FRAMEWORK
client_interview_1,BM-029,Uncertainty / Ambiguity Aversion,APP-01509,EV-073812b90e3c,joined_on_time,False,MODEL_APPLIED_FROM_CALIBRATED_FRAMEWORK
offer_extended,BM-029,Uncertainty / Ambiguity Aversion,APP-01509,EV-c561d4448e6c,joined_on_time,False,HUMAN_REVIEWED
client_interview_1,BM-011,Reciprocity,APP-01511,EV-d56fcb3b88dd,joined_late,False,MODEL_APPLIED_FROM_CALIBRATED_FRAMEWORK
client_interview_1,BM-018,Identity Signaling,APP-01511,EV-ff65d92a4883,joined_late,False,MODEL_APPLIED_FROM_CALIBRATED_FRAMEWORK
submitted,BM-005,Choice Overload,APP-01518,EV-8adcdd7f8486,withdrew_post_acceptance,True,MODEL_APPLIED_FROM_CALIBRATED_FRAMEWORK
client_interview_1,BM-005,Choice Overload,APP-01518,EV-4a0c72672039,withdrew_post_acceptance,True,MODEL_APPLIED_FROM_CALIBRATED_FRAMEWORK
client_interview_1,BM-029,Uncertainty / Ambiguity Aversion,APP-01518,EV-0e9d3c988f6c,withdrew_post_acceptance,True,MODEL_APPLIED_FROM_CALIBRATED_FRAMEWORK
offer_accepted,BM-029,Uncertainty / Ambiguity Aversion,APP-01519,EV-05272bb37f5e,accepted_no_show,True,MODEL_APPLIED_FROM_CALIBRATED_FRAMEWORK
client_interview_1,BM-029,Uncertainty / Ambiguity Aversion,APP-01520,EV-67cca337ead3,joined_on_time,False,MODEL_APPLIED_FROM_CALIBRATED_FRAMEWORK
client_interview_1,BM-029,Uncertainty / Ambiguity Aversion,APP-01520,EV-47cea064a07d,joined_on_time,False,MODEL_APPLIED_FROM_CALIBRATED_FRAMEWORK
client_interview_2,BM-029,Uncertainty / Ambiguity Aversion,APP-01520,EV-0fbeccf5a1af,joined_on_time,False,MODEL_APPLIED_FROM_CALIBRATED_FRAMEWORK
offer_accepted,BM-029,Uncertainty / Ambiguity Aversion,APP-01520,EV-e7fef48f92f0,joined_on_time,False,MODEL_APPLIED_FROM_CALIBRATED_FRAMEWORK
unknown,BM-023,Goal Gradient,APP-01521,EV-2d27cd07cda4,accepted_no_show,True,MODEL_APPLIED_FROM_CALIBRATED_FRAMEWORK
submitted,BM-023,Goal Gradient,APP-01521,EV-ee5da64a04b7,accepted_no_show,True,MODEL_APPLIED_FROM_CALIBRATED_FRAMEWORK
submitted,BM-023,Goal Gradient,APP-01521,EV-47f112624eb2,accepted_no_show,True,MODEL_APPLIED_FROM_CALIBRATED_FRAMEWORK
offer_extended,BM-023,Goal Gradient,APP-01521,EV-ee41b7850be7,accepted_no_show,True,MODEL_APPLIED_FROM_CALIBRATED_FRAMEWORK
offer_accepted,BM-023,Goal Gradient,APP-01521,EV-9bae4fe38df7,accepted_no_show,True,MODEL_APPLIED_FROM_CALIBRATED_FRAMEWORK
background_check,BM-023,Goal Gradient,APP-01521,EV-315c2dd337ae,accepted_no_show,True,MODEL_APPLIED_FROM_CALIBRATED_FRAMEWORK
background_check,BM-002,Loss Aversion,APP-01525,EV-431def41ada1,joined_on_time,False,MODEL_APPLIED_FROM_CALIBRATED_FRAMEWORK
screened,BM-020,Commitment / Consistency,APP-01528,EV-4340735ee920,joined_on_time,False,MODEL_APPLIED_FROM_CALIBRATED_FRAMEWORK
screened,BM-011,Reciprocity,APP-01532,EV-99b995ce5223,joined_on_time,False,MODEL_APPLIED_FROM_CALIBRATED_FRAMEWORK
background_check,BM-023,Goal Gradient,APP-01532,EV-da56bc2ccd3d,joined_on_time,False,MODEL_APPLIED_FROM_CALIBRATED_FRAMEWORK
submitted,BM-020,Commitment / Consistency,APP-01536,EV-954030bc6969,accepted_no_show,True,MODEL_APPLIED_FROM_CALIBRATED_FRAMEWORK
onboarding_docs_sent,BM-006,Friction,APP-01536,EV-6359751e0b13,accepted_no_show,True,MODEL_APPLIED_FROM_CALIBRATED_FRAMEWORK
submitted,BM-029,Uncertainty / Ambiguity Aversion,APP-01538,EV-bc3f7961cc0e,joined_on_time,False,MODEL_APPLIED_FROM_CALIBRATED_FRAMEWORK
offer_accepted,BM-029,Uncertainty / Ambiguity Aversion,APP-01538,EV-4800a094ad86,joined_on_time,False,MODEL_APPLIED_FROM_CALIBRATED_FRAMEWORK
background_check,BM-029,Uncertainty / Ambiguity Aversion,APP-01538,EV-2f7cf3a10327,joined_on_time,False,MODEL_APPLIED_FROM_CALIBRATED_FRAMEWORK
submitted,BM-005,Choice Overload,APP-01539,EV-e26602b76d03,declined_offer,True,MODEL_APPLIED_FROM_CALIBRATED_FRAMEWORK
submitted,BM-005,Choice Overload,APP-01539,EV-5a97e5aa8a4a,declined_offer,True,MODEL_APPLIED_FROM_CALIBRATED_FRAMEWORK
submitted,BM-005,Choice Overload,APP-01539,EV-8ae1273a767e,declined_offer,True,MODEL_APPLIED_FROM_CALIBRATED_FRAMEWORK
client_interview_1,BM-005,Choice Overload,APP-01539,EV-8132551f3467,declined_offer,True,MODEL_APPLIED_FROM_CALIBRATED_FRAMEWORK
client_interview_2,BM-005,Choice Overload,APP-01539,EV-97db8bb4612f,declined_offer,True,MODEL_APPLIED_FROM_CALIBRATED_FRAMEWORK
offer_accepted,BM-029,Uncertainty / Ambiguity Aversion,APP-01540,EV-702b7d1fbf81,joined_on_time,False,MODEL_APPLIED_FROM_CALIBRATED_FRAMEWORK
offer_accepted,BM-029,Uncertainty / Ambiguity Aversion,APP-01540,EV-2b234ff70f0a,joined_on_time,False,MODEL_APPLIED_FROM_CALIBRATED_FRAMEWORK
client_interview_1,BM-006,Friction,APP-01541,EV-a9a5635e8f74,joined_late,False,MODEL_APPLIED_FROM_CALIBRATED_FRAMEWORK
client_interview_1,BM-011,Reciprocity,APP-01541,EV-5eef294f73b0,joined_late,False,MODEL_APPLIED_FROM_CALIBRATED_FRAMEWORK
client_interview_1,BM-006,Friction,APP-01541,EV-e33fde9ad4fa,joined_late,False,MODEL_APPLIED_FROM_CALIBRATED_FRAMEWORK
client_interview_1,BM-011,Reciprocity,APP-01541,EV-6de4041f8d65,joined_late,False,MODEL_APPLIED_FROM_CALIBRATED_FRAMEWORK
offer_accepted,BM-006,Friction,APP-01541,EV-aa2b8a00ef40,joined_late,False,MODEL_APPLIED_FROM_CALIBRATED_FRAMEWORK
offer_accepted,BM-011,Reciprocity,APP-01541,EV-3ceff76f3103,joined_late,False,MODEL_APPLIED_FROM_CALIBRATED_FRAMEWORK
background_check,BM-006,Friction,APP-01541,EV-d7325b530aa2,joined_late,False,MODEL_APPLIED_FROM_CALIBRATED_FRAMEWORK
background_check,BM-006,Friction,APP-01541,EV-916c4dcc31d6,joined_late,False,MODEL_APPLIED_FROM_CALIBRATED_FRAMEWORK
onboarding_docs_sent,BM-006,Friction,APP-01541,EV-84c8d6d958e7,joined_late,False,MODEL_APPLIED_FROM_CALIBRATED_FRAMEWORK
onboarding_docs_sent,BM-006,Friction,APP-01541,EV-e949855e914e,joined_late,False,MODEL_APPLIED_FROM_CALIBRATED_FRAMEWORK
onboarding_docs_sent,BM-006,Friction,APP-01541,EV-d7d4c75e7b55,joined_late,False,MODEL_APPLIED_FROM_CALIBRATED_FRAMEWORK
client_interview_1,BM-029,Uncertainty / Ambiguity Aversion,APP-01542,EV-8ccf3b289c79,joined_on_time,False,MODEL_APPLIED_FROM_CALIBRATED_FRAMEWORK
submitted,BM-029,Uncertainty / Ambiguity Aversion,APP-01542,EV-00bdd87cb840,joined_on_time,False,MODEL_APPLIED_FROM_CALIBRATED_FRAMEWORK
offer_accepted,BM-029,Uncertainty / Ambiguity Aversion,APP-01542,EV-d7c6d22d15bc,joined_on_time,False,MODEL_APPLIED_FROM_CALIBRATED_FRAMEWORK
background_check,BM-029,Uncertainty / Ambiguity Aversion,APP-01542,EV-dca39a9e242a,joined_on_time,False,MODEL_APPLIED_FROM_CALIBRATED_FRAMEWORK
background_check,BM-029,Uncertainty / Ambiguity Aversion,APP-01542,EV-eeddf54b39d4,joined_on_time,False,MODEL_APPLIED_FROM_CALIBRATED_FRAMEWORK
offer_extended,BM-001,Status Quo Bias,APP-01543,EV-23c177fa92ef,joined_on_time,False,MODEL_APPLIED_FROM_CALIBRATED_FRAMEWORK
offer_accepted,BM-014,Confirmation Bias,APP-01543,EV-107fd528a397,joined_on_time,False,MODEL_APPLIED_FROM_CALIBRATED_FRAMEWORK
background_check,BM-001,Status Quo Bias,APP-01543,EV-a6fc0807066b,joined_on_time,False,MODEL_APPLIED_FROM_CALIBRATED_FRAMEWORK
background_check,BM-001,Status Quo Bias,APP-01543,EV-25dc8ea8ff08,joined_on_time,False,MODEL_APPLIED_FROM_CALIBRATED_FRAMEWORK
background_check,BM-001,Status Quo Bias,APP-01543,EV-26da3e4c676c,joined_on_time,False,MODEL_APPLIED_FROM_CALIBRATED_FRAMEWORK
background_check,BM-014,Confirmation Bias,APP-01543,EV-35efd12b4ce7,joined_on_time,False,MODEL_APPLIED_FROM_CALIBRATED_FRAMEWORK
background_check,BM-001,Status Quo Bias,APP-01543,EV-e43c2423da22,joined_on_time,False,MODEL_APPLIED_FROM_CALIBRATED_FRAMEWORK
background_check,BM-001,Status Quo Bias,APP-01543,EV-1171e9fca3e0,joined_on_time,False,MODEL_APPLIED_FROM_CALIBRATED_FRAMEWORK
submitted,BM-001,Status Quo Bias,APP-01545,EV-c045b98539af,joined_on_time,False,MODEL_APPLIED_FROM_CALIBRATED_FRAMEWORK
submitted,BM-029,Uncertainty / Ambiguity Aversion,APP-01545,EV-c097e829a5b0,joined_on_time,False,MODEL_APPLIED_FROM_CALIBRATED_FRAMEWORK
submitted,BM-001,Status Quo Bias,APP-01545,EV-0487d1301ef8,joined_on_time,False,MODEL_APPLIED_FROM_CALIBRATED_FRAMEWORK
screened,BM-029,Uncertainty / Ambiguity Aversion,APP-01554,EV-3d97c10c6340,joined_on_time,False,MODEL_APPLIED_FROM_CALIBRATED_FRAMEWORK
submitted,BM-029,Uncertainty / Ambiguity Aversion,APP-01554,EV-36cee4839aff,joined_on_time,False,MODEL_APPLIED_FROM_CALIBRATED_FRAMEWORK
offer_accepted,BM-029,Uncertainty / Ambiguity Aversion,APP-01554,EV-3e05dbc409ce,joined_on_time,False,MODEL_APPLIED_FROM_CALIBRATED_FRAMEWORK
background_check,BM-029,Uncertainty / Ambiguity Aversion,APP-01554,EV-d04907094102,joined_on_time,False,MODEL_APPLIED_FROM_CALIBRATED_FRAMEWORK
submitted,BM-005,Choice Overload,APP-01558,EV-e694426f78f9,withdrew_post_acceptance,True,MODEL_APPLIED_FROM_CALIBRATED_FRAMEWORK
client_interview_1,BM-005,Choice Overload,APP-01558,EV-1f0b6389b524,withdrew_post_acceptance,True,MODEL_APPLIED_FROM_CALIBRATED_FRAMEWORK
client_interview_2,BM-005,Choice Overload,APP-01558,EV-cc3e7e653ba1,withdrew_post_acceptance,True,MODEL_APPLIED_FROM_CALIBRATED_FRAMEWORK
client_interview_2,BM-029,Uncertainty / Ambiguity Aversion,APP-01558,EV-aadbaf8ca359,withdrew_post_acceptance,True,MODEL_APPLIED_FROM_CALIBRATED_FRAMEWORK
client_interview_2,BM-005,Choice Overload,APP-01558,EV-573854e02b3e,withdrew_post_acceptance,True,MODEL_APPLIED_FROM_CALIBRATED_FRAMEWORK
offer_extended,BM-020,Commitment / Consistency,APP-01558,EV-c0dd42273ad4,withdrew_post_acceptance,True,MODEL_APPLIED_FROM_CALIBRATED_FRAMEWORK
screened,BM-001,Status Quo Bias,APP-01560,EV-f445acb03832,withdrew_post_acceptance,True,MODEL_APPLIED_FROM_CALIBRATED_FRAMEWORK
screened,BM-029,Uncertainty / Ambiguity Aversion,APP-01560,EV-40ac2f559740,withdrew_post_acceptance,True,MODEL_APPLIED_FROM_CALIBRATED_FRAMEWORK
screened,BM-029,Uncertainty / Ambiguity Aversion,APP-01560,EV-7aea0699ee16,withdrew_post_acceptance,True,MODEL_APPLIED_FROM_CALIBRATED_FRAMEWORK
client_interview_1,BM-029,Uncertainty / Ambiguity Aversion,APP-01560,EV-c7cab1eb764b,withdrew_post_acceptance,True,MODEL_APPLIED_FROM_CALIBRATED_FRAMEWORK
submitted,BM-001,Status Quo Bias,APP-01561,EV-fe2547ef2b88,joined_on_time,False,MODEL_APPLIED_FROM_CALIBRATED_FRAMEWORK
offer_extended,BM-001,Status Quo Bias,APP-01561,EV-802154e16db8,joined_on_time,False,MODEL_APPLIED_FROM_CALIBRATED_FRAMEWORK
offer_accepted,BM-001,Status Quo Bias,APP-01561,EV-0d2b5f7ea263,joined_on_time,False,MODEL_APPLIED_FROM_CALIBRATED_FRAMEWORK
background_check,BM-001,Status Quo Bias,APP-01561,EV-d501e195ef32,joined_on_time,False,HUMAN_REVIEWED
background_check,BM-001,Status Quo Bias,APP-01561,EV-b06ded2cf61d,joined_on_time,False,MODEL_APPLIED_FROM_CALIBRATED_FRAMEWORK
background_check,BM-029,Uncertainty / Ambiguity Aversion,APP-01562,EV-877ca53379a8,joined_on_time,False,MODEL_APPLIED_FROM_CALIBRATED_FRAMEWORK
unknown,BM-029,Uncertainty / Ambiguity Aversion,APP-01565,EV-0d810579f25d,joined_late,False,MODEL_APPLIED_FROM_CALIBRATED_FRAMEWORK
submitted,BM-029,Uncertainty / Ambiguity Aversion,APP-01565,EV-453d11625e67,joined_late,False,HUMAN_REVIEWED
client_interview_2,BM-029,Uncertainty / Ambiguity Aversion,APP-01565,EV-8b8544010d77,joined_late,False,MODEL_APPLIED_FROM_CALIBRATED_FRAMEWORK
offer_accepted,BM-029,Uncertainty / Ambiguity Aversion,APP-01565,EV-7be0f8ab7bd7,joined_late,False,MODEL_APPLIED_FROM_CALIBRATED_FRAMEWORK
offer_accepted,BM-029,Uncertainty / Ambiguity Aversion,APP-01565,EV-f30d41000d95,joined_late,False,MODEL_APPLIED_FROM_CALIBRATED_FRAMEWORK
offer_accepted,BM-029,Uncertainty / Ambiguity Aversion,APP-01565,EV-5e5cea740296,joined_late,False,MODEL_APPLIED_FROM_CALIBRATED_FRAMEWORK
unknown,BM-006,Friction,APP-01566,EV-c05da605d4df,joined_late,False,MODEL_APPLIED_FROM_CALIBRATED_FRAMEWORK
offer_accepted,BM-006,Friction,APP-01566,EV-fcac5884d5e0,joined_late,False,MODEL_APPLIED_FROM_CALIBRATED_FRAMEWORK
offer_accepted,BM-011,Reciprocity,APP-01566,EV-a3648b2ac6b4,joined_late,False,MODEL_APPLIED_FROM_CALIBRATED_FRAMEWORK
onboarding_docs_sent,BM-006,Friction,APP-01566,EV-a7dbf4e2b003,joined_late,False,MODEL_APPLIED_FROM_CALIBRATED_FRAMEWORK
onboarding_docs_sent,BM-006,Friction,APP-01566,EV-956aa117c881,joined_late,False,HUMAN_REVIEWED
client_interview_1,BM-018,Identity Signaling,APP-01569,EV-c380b1df2dac,joined_on_time,False,MODEL_APPLIED_FROM_CALIBRATED_FRAMEWORK
offer_accepted,BM-020,Commitment / Consistency,APP-01569,EV-15039af3a457,joined_on_time,False,MODEL_APPLIED_FROM_CALIBRATED_FRAMEWORK
offer_accepted,BM-018,Identity Signaling,APP-01569,EV-3baa9eb48f5f,joined_on_time,False,MODEL_APPLIED_FROM_CALIBRATED_FRAMEWORK
offer_accepted,BM-020,Commitment / Consistency,APP-01569,EV-d0c06ae8dfc9,joined_on_time,False,MODEL_APPLIED_FROM_CALIBRATED_FRAMEWORK
offer_accepted,BM-018,Identity Signaling,APP-01569,EV-1dd9e19d8681,joined_on_time,False,MODEL_APPLIED_FROM_CALIBRATED_FRAMEWORK
submitted,BM-011,Reciprocity,APP-01570,EV-6e3811ce46a1,joined_on_time,False,MODEL_APPLIED_FROM_CALIBRATED_FRAMEWORK
submitted,BM-018,Identity Signaling,APP-01570,EV-82ed17d9aa36,joined_on_time,False,MODEL_APPLIED_FROM_CALIBRATED_FRAMEWORK
unknown,BM-001,Status Quo Bias,APP-01572,EV-ac6b625308de,withdrew_post_acceptance,True,MODEL_APPLIED_FROM_CALIBRATED_FRAMEWORK
unknown,BM-002,Loss Aversion,APP-01573,EV-a0c6f61af7f5,declined_offer,True,MODEL_APPLIED_FROM_CALIBRATED_FRAMEWORK
submitted,BM-002,Loss Aversion,APP-01573,EV-5d2ac7d37651,declined_offer,True,MODEL_APPLIED_FROM_CALIBRATED_FRAMEWORK
submitted,BM-002,Loss Aversion,APP-01573,EV-31918fb5a211,declined_offer,True,MODEL_APPLIED_FROM_CALIBRATED_FRAMEWORK
client_interview_1,BM-001,Status Quo Bias,APP-01573,EV-c612dd2bccd8,declined_offer,True,MODEL_APPLIED_FROM_CALIBRATED_FRAMEWORK
screened,BM-001,Status Quo Bias,APP-01574,EV-bedcc0c57373,withdrew_post_acceptance,True,MODEL_APPLIED_FROM_CALIBRATED_FRAMEWORK
client_interview_1,BM-029,Uncertainty / Ambiguity Aversion,APP-01574,EV-91459c67aa5f,withdrew_post_acceptance,True,MODEL_APPLIED_FROM_CALIBRATED_FRAMEWORK
client_interview_1,BM-001,Status Quo Bias,APP-01574,EV-350bcdb87d43,withdrew_post_acceptance,True,MODEL_APPLIED_FROM_CALIBRATED_FRAMEWORK
client_interview_1,BM-029,Uncertainty / Ambiguity Aversion,APP-01574,EV-d1837343e9c6,withdrew_post_acceptance,True,MODEL_APPLIED_FROM_CALIBRATED_FRAMEWORK
client_interview_1,BM-029,Uncertainty / Ambiguity Aversion,APP-01574,EV-8fe8231e9185,withdrew_post_acceptance,True,HUMAN_REVIEWED
offer_extended,BM-029,Uncertainty / Ambiguity Aversion,APP-01574,EV-2464424be00c,withdrew_post_acceptance,True,MODEL_APPLIED_FROM_CALIBRATED_FRAMEWORK
offer_extended,BM-029,Uncertainty / Ambiguity Aversion,APP-01574,EV-9b008efab8ea,withdrew_post_acceptance,True,MODEL_APPLIED_FROM_CALIBRATED_FRAMEWORK
offer_extended,BM-029,Uncertainty / Ambiguity Aversion,APP-01574,EV-9f447d16bb51,withdrew_post_acceptance,True,MODEL_APPLIED_FROM_CALIBRATED_FRAMEWORK
background_check,BM-001,Status Quo Bias,APP-01574,EV-9b0ecc41435d,withdrew_post_acceptance,True,MODEL_APPLIED_FROM_CALIBRATED_FRAMEWORK
submitted,BM-020,Commitment / Consistency,APP-01576,EV-cc9a44c1bb70,joined_on_time,False,MODEL_APPLIED_FROM_CALIBRATED_FRAMEWORK
background_check,BM-011,Reciprocity,APP-01576,EV-345cd8125a1c,joined_on_time,False,MODEL_APPLIED_FROM_CALIBRATED_FRAMEWORK
background_check,BM-018,Identity Signaling,APP-01576,EV-26d5b21fd43e,joined_on_time,False,MODEL_APPLIED_FROM_CALIBRATED_FRAMEWORK
unknown,BM-006,Friction,APP-01577,EV-36b0541af101,joined_on_time,False,MODEL_APPLIED_FROM_CALIBRATED_FRAMEWORK
client_interview_1,BM-006,Friction,APP-01577,EV-1318de0395c4,joined_on_time,False,MODEL_APPLIED_FROM_CALIBRATED_FRAMEWORK
submitted,BM-029,Uncertainty / Ambiguity Aversion,APP-01582,EV-9e31d027ad9a,joined_on_time,False,MODEL_APPLIED_FROM_CALIBRATED_FRAMEWORK
submitted,BM-006,Friction,APP-01582,EV-9f5eae737db5,joined_on_time,False,MODEL_APPLIED_FROM_CALIBRATED_FRAMEWORK
offer_accepted,BM-006,Friction,APP-01582,EV-a761b112c48b,joined_on_time,False,MODEL_APPLIED_FROM_CALIBRATED_FRAMEWORK
offer_accepted,BM-006,Friction,APP-01582,EV-5d6b4792fde9,joined_on_time,False,MODEL_APPLIED_FROM_CALIBRATED_FRAMEWORK
background_check,BM-006,Friction,APP-01582,EV-eab22cdd4851,joined_on_time,False,MODEL_APPLIED_FROM_CALIBRATED_FRAMEWORK
background_check,BM-006,Friction,APP-01582,EV-1de67d57e70f,joined_on_time,False,MODEL_APPLIED_FROM_CALIBRATED_FRAMEWORK
background_check,BM-006,Friction,APP-01582,EV-0e4a48d17241,joined_on_time,False,MODEL_APPLIED_FROM_CALIBRATED_FRAMEWORK
submitted,BM-029,Uncertainty / Ambiguity Aversion,APP-01584,EV-176f4ecdf5bb,joined_on_time,False,MODEL_APPLIED_FROM_CALIBRATED_FRAMEWORK
client_interview_1,BM-029,Uncertainty / Ambiguity Aversion,APP-01584,EV-b882f78376c5,joined_on_time,False,MODEL_APPLIED_FROM_CALIBRATED_FRAMEWORK
background_check,BM-029,Uncertainty / Ambiguity Aversion,APP-01585,EV-855a146acb36,joined_on_time,False,MODEL_APPLIED_FROM_CALIBRATED_FRAMEWORK
background_check,BM-023,Goal Gradient,APP-01585,EV-ebb7cc248f72,joined_on_time,False,MODEL_APPLIED_FROM_CALIBRATED_FRAMEWORK
submitted,BM-023,Goal Gradient,APP-01587,EV-6db60719ca2f,joined_on_time,False,MODEL_APPLIED_FROM_CALIBRATED_FRAMEWORK
submitted,BM-023,Goal Gradient,APP-01587,EV-a89d09734d02,joined_on_time,False,MODEL_APPLIED_FROM_CALIBRATED_FRAMEWORK
submitted,BM-001,Status Quo Bias,APP-01587,EV-1dce89c9415e,joined_on_time,False,MODEL_APPLIED_FROM_CALIBRATED_FRAMEWORK
background_check,BM-023,Goal Gradient,APP-01587,EV-920a836f55da,joined_on_time,False,MODEL_APPLIED_FROM_CALIBRATED_FRAMEWORK
background_check,BM-001,Status Quo Bias,APP-01587,EV-dd7f256fd7e8,joined_on_time,False,MODEL_APPLIED_FROM_CALIBRATED_FRAMEWORK
submitted,BM-023,Goal Gradient,APP-01588,EV-d181a045be19,accepted_no_show,True,MODEL_APPLIED_FROM_CALIBRATED_FRAMEWORK
submitted,BM-023,Goal Gradient,APP-01588,EV-79c128403a87,accepted_no_show,True,MODEL_APPLIED_FROM_CALIBRATED_FRAMEWORK
client_interview_1,BM-023,Goal Gradient,APP-01588,EV-e03dbe99ad4f,accepted_no_show,True,MODEL_APPLIED_FROM_CALIBRATED_FRAMEWORK
client_interview_1,BM-023,Goal Gradient,APP-01588,EV-c9c8a4c75dab,accepted_no_show,True,MODEL_APPLIED_FROM_CALIBRATED_FRAMEWORK
offer_extended,BM-002,Loss Aversion,APP-01592,EV-d26a26968abd,declined_offer,True,MODEL_APPLIED_FROM_CALIBRATED_FRAMEWORK
submitted,BM-006,Friction,APP-01593,EV-653e5859f747,rejected_by_client,True,MODEL_APPLIED_FROM_CALIBRATED_FRAMEWORK
submitted,BM-006,Friction,APP-01593,EV-54f87d8527fa,rejected_by_client,True,MODEL_APPLIED_FROM_CALIBRATED_FRAMEWORK
client_interview_1,BM-006,Friction,APP-01593,EV-3f48cfd15567,rejected_by_client,True,MODEL_APPLIED_FROM_CALIBRATED_FRAMEWORK
client_interview_1,BM-006,Friction,APP-01593,EV-dbdfbb92e39e,rejected_by_client,True,MODEL_APPLIED_FROM_CALIBRATED_FRAMEWORK
client_interview_2,BM-006,Friction,APP-01593,EV-e421fd421b66,rejected_by_client,True,MODEL_APPLIED_FROM_CALIBRATED_FRAMEWORK
offer_accepted,BM-006,Friction,APP-01593,EV-9f89a9b9a11c,rejected_by_client,True,MODEL_APPLIED_FROM_CALIBRATED_FRAMEWORK
offer_accepted,BM-006,Friction,APP-01593,EV-555ebb232ebe,rejected_by_client,True,MODEL_APPLIED_FROM_CALIBRATED_FRAMEWORK
offer_accepted,BM-006,Friction,APP-01593,EV-e381c114e850,rejected_by_client,True,MODEL_APPLIED_FROM_CALIBRATED_FRAMEWORK
offer_accepted,BM-002,Loss Aversion,APP-01594,EV-f61524e25e27,joined_on_time,False,MODEL_APPLIED_FROM_CALIBRATED_FRAMEWORK
submitted,BM-001,Status Quo Bias,APP-01597,EV-c2fcf1b0ff2a,declined_offer,True,MODEL_APPLIED_FROM_CALIBRATED_FRAMEWORK
client_interview_1,BM-001,Status Quo Bias,APP-01597,EV-1e6069731d42,declined_offer,True,MODEL_APPLIED_FROM_CALIBRATED_FRAMEWORK
offer_extended,BM-001,Status Quo Bias,APP-01597,EV-c9032a1375ec,declined_offer,True,MODEL_APPLIED_FROM_CALIBRATED_FRAMEWORK
submitted,BM-029,Uncertainty / Ambiguity Aversion,APP-01598,EV-ca176c204c7b,joined_on_time,False,MODEL_APPLIED_FROM_CALIBRATED_FRAMEWORK
client_interview_1,BM-029,Uncertainty / Ambiguity Aversion,APP-01598,EV-db36d8a0cda0,joined_on_time,False,MODEL_APPLIED_FROM_CALIBRATED_FRAMEWORK
background_check,BM-020,Commitment / Consistency,APP-01600,EV-b8f75207940e,joined_on_time,False,MODEL_APPLIED_FROM_CALIBRATED_FRAMEWORK
screened,BM-014,Confirmation Bias,APP-01602,EV-94f6c309a3ec,joined_on_time,False,MODEL_APPLIED_FROM_CALIBRATED_FRAMEWORK
submitted,BM-001,Status Quo Bias,APP-01602,EV-3bd7c1790ac2,joined_on_time,False,MODEL_APPLIED_FROM_CALIBRATED_FRAMEWORK
submitted,BM-001,Status Quo Bias,APP-01602,EV-5e2337d6104a,joined_on_time,False,MODEL_APPLIED_FROM_CALIBRATED_FRAMEWORK
client_interview_1,BM-001,Status Quo Bias,APP-01602,EV-0f3ba1249455,joined_on_time,False,MODEL_APPLIED_FROM_CALIBRATED_FRAMEWORK
client_interview_1,BM-014,Confirmation Bias,APP-01602,EV-7e0f1457b4cd,joined_on_time,False,MODEL_APPLIED_FROM_CALIBRATED_FRAMEWORK
client_interview_1,BM-001,Status Quo Bias,APP-01602,EV-e1f00de0d14f,joined_on_time,False,MODEL_APPLIED_FROM_CALIBRATED_FRAMEWORK
client_interview_1,BM-014,Confirmation Bias,APP-01602,EV-977ce1afd7d4,joined_on_time,False,MODEL_APPLIED_FROM_CALIBRATED_FRAMEWORK
client_interview_2,BM-001,Status Quo Bias,APP-01602,EV-c1b4a9fbf396,joined_on_time,False,MODEL_APPLIED_FROM_CALIBRATED_FRAMEWORK
client_interview_2,BM-014,Confirmation Bias,APP-01602,EV-b251a525094c,joined_on_time,False,MODEL_APPLIED_FROM_CALIBRATED_FRAMEWORK
client_interview_2,BM-001,Status Quo Bias,APP-01602,EV-0955aef245c6,joined_on_time,False,MODEL_APPLIED_FROM_CALIBRATED_FRAMEWORK
offer_accepted,BM-001,Status Quo Bias,APP-01602,EV-178b18ba4207,joined_on_time,False,MODEL_APPLIED_FROM_CALIBRATED_FRAMEWORK
offer_accepted,BM-001,Status Quo Bias,APP-01602,EV-55c9e81f9b18,joined_on_time,False,MODEL_APPLIED_FROM_CALIBRATED_FRAMEWORK
offer_accepted,BM-014,Confirmation Bias,APP-01602,EV-5cc06b6040b3,joined_on_time,False,MODEL_APPLIED_FROM_CALIBRATED_FRAMEWORK
offer_accepted,BM-001,Status Quo Bias,APP-01602,EV-e89babaafb74,joined_on_time,False,MODEL_APPLIED_FROM_CALIBRATED_FRAMEWORK
offer_accepted,BM-014,Confirmation Bias,APP-01602,EV-1545d4ab81a8,joined_on_time,False,MODEL_APPLIED_FROM_CALIBRATED_FRAMEWORK
offer_accepted,BM-001,Status Quo Bias,APP-01602,EV-309de2945816,joined_on_time,False,MODEL_APPLIED_FROM_CALIBRATED_FRAMEWORK
offer_accepted,BM-014,Confirmation Bias,APP-01602,EV-4566290753f2,joined_on_time,False,MODEL_APPLIED_FROM_CALIBRATED_FRAMEWORK
background_check,BM-001,Status Quo Bias,APP-01602,EV-c5bbee1bff69,joined_on_time,False,MODEL_APPLIED_FROM_CALIBRATED_FRAMEWORK
background_check,BM-014,Confirmation Bias,APP-01602,EV-8481cd4f048d,joined_on_time,False,MODEL_APPLIED_FROM_CALIBRATED_FRAMEWORK
background_check,BM-001,Status Quo Bias,APP-01602,EV-3747bfe11204,joined_on_time,False,MODEL_APPLIED_FROM_CALIBRATED_FRAMEWORK
unknown,BM-006,Friction,APP-01607,EV-a465676baadb,withdrew_post_acceptance,True,MODEL_APPLIED_FROM_CALIBRATED_FRAMEWORK
submitted,BM-006,Friction,APP-01607,EV-6ef64edac02c,withdrew_post_acceptance,True,MODEL_APPLIED_FROM_CALIBRATED_FRAMEWORK
submitted,BM-006,Friction,APP-01607,EV-8baa49cf56f6,withdrew_post_acceptance,True,MODEL_APPLIED_FROM_CALIBRATED_FRAMEWORK
submitted,BM-006,Friction,APP-01607,EV-2ac420c330bc,withdrew_post_acceptance,True,MODEL_APPLIED_FROM_CALIBRATED_FRAMEWORK
client_interview_1,BM-006,Friction,APP-01607,EV-6a8cabf1aed7,withdrew_post_acceptance,True,MODEL_APPLIED_FROM_CALIBRATED_FRAMEWORK
client_interview_1,BM-006,Friction,APP-01607,EV-9a58dce16003,withdrew_post_acceptance,True,MODEL_APPLIED_FROM_CALIBRATED_FRAMEWORK
offer_accepted,BM-006,Friction,APP-01607,EV-ea1cbcbdb02b,withdrew_post_acceptance,True,MODEL_APPLIED_FROM_CALIBRATED_FRAMEWORK
screened,BM-001,Status Quo Bias,APP-01610,EV-f2b17fca745b,joined_on_time,False,MODEL_APPLIED_FROM_CALIBRATED_FRAMEWORK
submitted,BM-001,Status Quo Bias,APP-01610,EV-a515f7c406b2,joined_on_time,False,MODEL_APPLIED_FROM_CALIBRATED_FRAMEWORK
submitted,BM-023,Goal Gradient,APP-01610,EV-c15519c8dc32,joined_on_time,False,MODEL_APPLIED_FROM_CALIBRATED_FRAMEWORK
submitted,BM-029,Uncertainty / Ambiguity Aversion,APP-01610,EV-91b5c984a48a,joined_on_time,False,MODEL_APPLIED_FROM_CALIBRATED_FRAMEWORK
submitted,BM-023,Goal Gradient,APP-01610,EV-a0ef06ecccab,joined_on_time,False,MODEL_APPLIED_FROM_CALIBRATED_FRAMEWORK
client_interview_1,BM-001,Status Quo Bias,APP-01610,EV-6c6da0956d12,joined_on_time,False,MODEL_APPLIED_FROM_CALIBRATED_FRAMEWORK
background_check,BM-023,Goal Gradient,APP-01610,EV-452165c98af7,joined_on_time,False,MODEL_APPLIED_FROM_CALIBRATED_FRAMEWORK
client_interview_1,BM-006,Friction,APP-01611,EV-784c2934d8a9,joined_late,False,MODEL_APPLIED_FROM_CALIBRATED_FRAMEWORK
offer_extended,BM-006,Friction,APP-01611,EV-46891f0c2234,joined_late,False,MODEL_APPLIED_FROM_CALIBRATED_FRAMEWORK
offer_accepted,BM-006,Friction,APP-01611,EV-1790431b9041,joined_late,False,MODEL_APPLIED_FROM_CALIBRATED_FRAMEWORK
onboarding_docs_sent,BM-006,Friction,APP-01611,EV-202a285e78d3,joined_late,False,MODEL_APPLIED_FROM_CALIBRATED_FRAMEWORK
client_interview_1,BM-011,Reciprocity,APP-01612,EV-26971bdd0bff,accepted_no_show,True,MODEL_APPLIED_FROM_CALIBRATED_FRAMEWORK
offer_accepted,BM-001,Status Quo Bias,APP-01613,EV-b9bc98377465,joined_on_time,False,MODEL_APPLIED_FROM_CALIBRATED_FRAMEWORK
offer_accepted,BM-014,Confirmation Bias,APP-01613,EV-ec571f7247f8,joined_on_time,False,MODEL_APPLIED_FROM_CALIBRATED_FRAMEWORK
background_check,BM-014,Confirmation Bias,APP-01613,EV-c28606924c26,joined_on_time,False,MODEL_APPLIED_FROM_CALIBRATED_FRAMEWORK
background_check,BM-001,Status Quo Bias,APP-01613,EV-097817420d58,joined_on_time,False,MODEL_APPLIED_FROM_CALIBRATED_FRAMEWORK
background_check,BM-001,Status Quo Bias,APP-01613,EV-10b218fcd5c1,joined_on_time,False,MODEL_APPLIED_FROM_CALIBRATED_FRAMEWORK
background_check,BM-014,Confirmation Bias,APP-01613,EV-c0325ec850d6,joined_on_time,False,MODEL_APPLIED_FROM_CALIBRATED_FRAMEWORK
background_check,BM-001,Status Quo Bias,APP-01613,EV-659224a3ec3b,joined_on_time,False,MODEL_APPLIED_FROM_CALIBRATED_FRAMEWORK
background_check,BM-014,Confirmation Bias,APP-01613,EV-f11da3e2ea6c,joined_on_time,False,MODEL_APPLIED_FROM_CALIBRATED_FRAMEWORK
background_check,BM-001,Status Quo Bias,APP-01613,EV-6100673df5c7,joined_on_time,False,MODEL_APPLIED_FROM_CALIBRATED_FRAMEWORK
background_check,BM-014,Confirmation Bias,APP-01613,EV-74e5d3297adc,joined_on_time,False,MODEL_APPLIED_FROM_CALIBRATED_FRAMEWORK
onboarding_docs_sent,BM-001,Status Quo Bias,APP-01613,EV-f652448e080e,joined_on_time,False,MODEL_APPLIED_FROM_CALIBRATED_FRAMEWORK
onboarding_docs_sent,BM-014,Confirmation Bias,APP-01613,EV-e6d4e916c589,joined_on_time,False,MODEL_APPLIED_FROM_CALIBRATED_FRAMEWORK
screened,BM-020,Commitment / Consistency,APP-01615,EV-d0fb06cb5dd8,joined_on_time,False,MODEL_APPLIED_FROM_CALIBRATED_FRAMEWORK
offer_extended,BM-020,Commitment / Consistency,APP-01615,EV-7aa4512b62e1,joined_on_time,False,MODEL_APPLIED_FROM_CALIBRATED_FRAMEWORK
offer_accepted,BM-020,Commitment / Consistency,APP-01615,EV-dfe138f086ec,joined_on_time,False,MODEL_APPLIED_FROM_CALIBRATED_FRAMEWORK
onboarding_docs_sent,BM-020,Commitment / Consistency,APP-01615,EV-f34e1c00d232,joined_on_time,False,MODEL_APPLIED_FROM_CALIBRATED_FRAMEWORK
onboarding_docs_sent,BM-020,Commitment / Consistency,APP-01615,EV-c1abc0082ba6,joined_on_time,False,MODEL_APPLIED_FROM_CALIBRATED_FRAMEWORK
submitted,BM-029,Uncertainty / Ambiguity Aversion,APP-01616,EV-14c9d1a71953,declined_offer,True,MODEL_APPLIED_FROM_CALIBRATED_FRAMEWORK
screened,BM-023,Goal Gradient,APP-01618,EV-570e535b76ef,joined_late,False,MODEL_APPLIED_FROM_CALIBRATED_FRAMEWORK
screened,BM-001,Status Quo Bias,APP-01618,EV-6e0885b9e821,joined_late,False,MODEL_APPLIED_FROM_CALIBRATED_FRAMEWORK
submitted,BM-001,Status Quo Bias,APP-01618,EV-4a92d30a3b2c,joined_late,False,MODEL_APPLIED_FROM_CALIBRATED_FRAMEWORK
background_check,BM-023,Goal Gradient,APP-01618,EV-7337b8ca12ee,joined_late,False,MODEL_APPLIED_FROM_CALIBRATED_FRAMEWORK
background_check,BM-001,Status Quo Bias,APP-01618,EV-60ae30248014,joined_late,False,MODEL_APPLIED_FROM_CALIBRATED_FRAMEWORK
client_interview_1,BM-020,Commitment / Consistency,APP-01622,EV-ee0d3b971a34,joined_on_time,False,MODEL_APPLIED_FROM_CALIBRATED_FRAMEWORK
background_check,BM-020,Commitment / Consistency,APP-01622,EV-8e276ee1ba99,joined_on_time,False,MODEL_APPLIED_FROM_CALIBRATED_FRAMEWORK
submitted,BM-029,Uncertainty / Ambiguity Aversion,APP-01624,EV-9c9a6c737749,declined_offer,True,MODEL_APPLIED_FROM_CALIBRATED_FRAMEWORK
client_interview_2,BM-029,Uncertainty / Ambiguity Aversion,APP-01624,EV-58338330a540,declined_offer,True,MODEL_APPLIED_FROM_CALIBRATED_FRAMEWORK
client_interview_2,BM-005,Choice Overload,APP-01624,EV-cc84855ce436,declined_offer,True,MODEL_APPLIED_FROM_CALIBRATED_FRAMEWORK
client_interview_1,BM-020,Commitment / Consistency,APP-01625,EV-8e853fc4f2a3,joined_on_time,False,MODEL_APPLIED_FROM_CALIBRATED_FRAMEWORK
submitted,BM-002,Loss Aversion,APP-01628,EV-edbf840f2e59,declined_offer,True,MODEL_APPLIED_FROM_CALIBRATED_FRAMEWORK
submitted,BM-029,Uncertainty / Ambiguity Aversion,APP-01628,EV-353026bccc62,declined_offer,True,MODEL_APPLIED_FROM_CALIBRATED_FRAMEWORK
submitted,BM-029,Uncertainty / Ambiguity Aversion,APP-01628,EV-fb8123d97b62,declined_offer,True,MODEL_APPLIED_FROM_CALIBRATED_FRAMEWORK
submitted,BM-002,Loss Aversion,APP-01628,EV-29abca39904a,declined_offer,True,MODEL_APPLIED_FROM_CALIBRATED_FRAMEWORK
submitted,BM-001,Status Quo Bias,APP-01628,EV-c5013ea18cd0,declined_offer,True,MODEL_APPLIED_FROM_CALIBRATED_FRAMEWORK
submitted,BM-020,Commitment / Consistency,APP-01629,EV-247714d59680,joined_on_time,False,MODEL_APPLIED_FROM_CALIBRATED_FRAMEWORK
submitted,BM-018,Identity Signaling,APP-01629,EV-0a10405b5300,joined_on_time,False,MODEL_APPLIED_FROM_CALIBRATED_FRAMEWORK
client_interview_1,BM-018,Identity Signaling,APP-01629,EV-eb6548e0efc2,joined_on_time,False,MODEL_APPLIED_FROM_CALIBRATED_FRAMEWORK
offer_extended,BM-018,Identity Signaling,APP-01629,EV-10a451b3d4b5,joined_on_time,False,MODEL_APPLIED_FROM_CALIBRATED_FRAMEWORK
background_check,BM-020,Commitment / Consistency,APP-01629,EV-5c8e05d189db,joined_on_time,False,MODEL_APPLIED_FROM_CALIBRATED_FRAMEWORK
background_check,BM-018,Identity Signaling,APP-01629,EV-2b4fcbd2f585,joined_on_time,False,MODEL_APPLIED_FROM_CALIBRATED_FRAMEWORK
unknown,BM-006,Friction,APP-01630,EV-7b21d9418bc1,declined_offer,True,MODEL_APPLIED_FROM_CALIBRATED_FRAMEWORK
screened,BM-006,Friction,APP-01630,EV-f82df5cc26fc,declined_offer,True,MODEL_APPLIED_FROM_CALIBRATED_FRAMEWORK
screened,BM-006,Friction,APP-01630,EV-00910d41203c,declined_offer,True,MODEL_APPLIED_FROM_CALIBRATED_FRAMEWORK
screened,BM-006,Friction,APP-01630,EV-7c885fb3cc95,declined_offer,True,MODEL_APPLIED_FROM_CALIBRATED_FRAMEWORK
client_interview_1,BM-006,Friction,APP-01630,EV-f23d0e9d2223,declined_offer,True,MODEL_APPLIED_FROM_CALIBRATED_FRAMEWORK
submitted,BM-001,Status Quo Bias,APP-01631,EV-99058b1437c0,rejected_by_client,True,MODEL_APPLIED_FROM_CALIBRATED_FRAMEWORK
submitted,BM-001,Status Quo Bias,APP-01631,EV-288dc0e98f34,rejected_by_client,True,HUMAN_REVIEWED
offer_extended,BM-001,Status Quo Bias,APP-01631,EV-a16b8595e187,rejected_by_client,True,MODEL_APPLIED_FROM_CALIBRATED_FRAMEWORK
offer_accepted,BM-001,Status Quo Bias,APP-01631,EV-0a261cead165,rejected_by_client,True,MODEL_APPLIED_FROM_CALIBRATED_FRAMEWORK
submitted,BM-006,Friction,APP-01634,EV-7774c8d0e222,joined_on_time,False,MODEL_APPLIED_FROM_CALIBRATED_FRAMEWORK
screened,BM-001,Status Quo Bias,APP-01635,EV-3d3b3e1c47df,joined_on_time,False,MODEL_APPLIED_FROM_CALIBRATED_FRAMEWORK
submitted,BM-023,Goal Gradient,APP-01635,EV-74a00d36f640,joined_on_time,False,MODEL_APPLIED_FROM_CALIBRATED_FRAMEWORK
submitted,BM-023,Goal Gradient,APP-01635,EV-b77763bf110f,joined_on_time,False,MODEL_APPLIED_FROM_CALIBRATED_FRAMEWORK
background_check,BM-001,Status Quo Bias,APP-01635,EV-ac06e571ca34,joined_on_time,False,MODEL_APPLIED_FROM_CALIBRATED_FRAMEWORK
background_check,BM-001,Status Quo Bias,APP-01635,EV-7faa83c08c8d,joined_on_time,False,MODEL_APPLIED_FROM_CALIBRATED_FRAMEWORK
background_check,BM-001,Status Quo Bias,APP-01635,EV-a5101c797701,joined_on_time,False,MODEL_APPLIED_FROM_CALIBRATED_FRAMEWORK
screened,BM-029,Uncertainty / Ambiguity Aversion,APP-01638,EV-07dc6076cc4a,withdrew_post_acceptance,True,MODEL_APPLIED_FROM_CALIBRATED_FRAMEWORK
screened,BM-029,Uncertainty / Ambiguity Aversion,APP-01638,EV-bffcf11b3c27,withdrew_post_acceptance,True,MODEL_APPLIED_FROM_CALIBRATED_FRAMEWORK
offer_accepted,BM-002,Loss Aversion,APP-01638,EV-69c6b67d35ba,withdrew_post_acceptance,True,MODEL_APPLIED_FROM_CALIBRATED_FRAMEWORK
offer_accepted,BM-002,Loss Aversion,APP-01638,EV-3f2fb17149dc,withdrew_post_acceptance,True,MODEL_APPLIED_FROM_CALIBRATED_FRAMEWORK
offer_accepted,BM-029,Uncertainty / Ambiguity Aversion,APP-01638,EV-f982dd4bbd59,withdrew_post_acceptance,True,MODEL_APPLIED_FROM_CALIBRATED_FRAMEWORK
offer_accepted,BM-029,Uncertainty / Ambiguity Aversion,APP-01638,EV-3927d6240be8,withdrew_post_acceptance,True,MODEL_APPLIED_FROM_CALIBRATED_FRAMEWORK
submitted,BM-002,Loss Aversion,APP-01639,EV-f47c060247e7,joined_on_time,False,MODEL_APPLIED_FROM_CALIBRATED_FRAMEWORK
offer_accepted,BM-011,Reciprocity,APP-01642,EV-ecc36d2eb438,accepted_no_show,True,MODEL_APPLIED_FROM_CALIBRATED_FRAMEWORK
screened,BM-023,Goal Gradient,APP-01643,EV-c336202eff91,declined_offer,True,MODEL_APPLIED_FROM_CALIBRATED_FRAMEWORK
client_interview_1,BM-023,Goal Gradient,APP-01643,EV-06adbca48cf9,declined_offer,True,MODEL_APPLIED_FROM_CALIBRATED_FRAMEWORK
client_interview_1,BM-023,Goal Gradient,APP-01643,EV-fba3dc7f356a,declined_offer,True,MODEL_APPLIED_FROM_CALIBRATED_FRAMEWORK
submitted,BM-011,Reciprocity,APP-01644,EV-b50b01b9f7f4,declined_offer,True,MODEL_APPLIED_FROM_CALIBRATED_FRAMEWORK
background_check,BM-011,Reciprocity,APP-01645,EV-7eb4165ae115,accepted_no_show,True,MODEL_APPLIED_FROM_CALIBRATED_FRAMEWORK
submitted,BM-001,Status Quo Bias,APP-01647,EV-4e24ad373140,declined_offer,True,MODEL_APPLIED_FROM_CALIBRATED_FRAMEWORK
submitted,BM-001,Status Quo Bias,APP-01647,EV-a8deff6732b3,declined_offer,True,MODEL_APPLIED_FROM_CALIBRATED_FRAMEWORK
submitted,BM-014,Confirmation Bias,APP-01647,EV-84279730d03c,declined_offer,True,MODEL_APPLIED_FROM_CALIBRATED_FRAMEWORK
submitted,BM-001,Status Quo Bias,APP-01647,EV-d5bbc93d4700,declined_offer,True,MODEL_APPLIED_FROM_CALIBRATED_FRAMEWORK
client_interview_1,BM-001,Status Quo Bias,APP-01647,EV-6c928175c34e,declined_offer,True,MODEL_APPLIED_FROM_CALIBRATED_FRAMEWORK
client_interview_2,BM-001,Status Quo Bias,APP-01647,EV-7a86def66e46,declined_offer,True,MODEL_APPLIED_FROM_CALIBRATED_FRAMEWORK
offer_extended,BM-001,Status Quo Bias,APP-01647,EV-9d8be7fec5b7,declined_offer,True,MODEL_APPLIED_FROM_CALIBRATED_FRAMEWORK
offer_extended,BM-002,Loss Aversion,APP-01647,EV-c4475e6184fb,declined_offer,True,MODEL_APPLIED_FROM_CALIBRATED_FRAMEWORK
onboarding_docs_sent,BM-023,Goal Gradient,APP-01649,EV-448f7a7a4079,joined_on_time,False,MODEL_APPLIED_FROM_CALIBRATED_FRAMEWORK
submitted,BM-029,Uncertainty / Ambiguity Aversion,APP-01650,EV-92dab8d90672,joined_on_time,False,MODEL_APPLIED_FROM_CALIBRATED_FRAMEWORK
offer_accepted,BM-029,Uncertainty / Ambiguity Aversion,APP-01650,EV-80e6b2dadee2,joined_on_time,False,MODEL_APPLIED_FROM_CALIBRATED_FRAMEWORK
screened,BM-029,Uncertainty / Ambiguity Aversion,APP-01651,EV-bdb7d98a2a1a,joined_on_time,False,MODEL_APPLIED_FROM_CALIBRATED_FRAMEWORK
offer_accepted,BM-029,Uncertainty / Ambiguity Aversion,APP-01651,EV-e9261c16564b,joined_on_time,False,MODEL_APPLIED_FROM_CALIBRATED_FRAMEWORK
unknown,BM-006,Friction,APP-01653,EV-547e10e40e95,declined_offer,True,MODEL_APPLIED_FROM_CALIBRATED_FRAMEWORK
unknown,BM-006,Friction,APP-01653,EV-6fe1a5b1fcc6,declined_offer,True,MODEL_APPLIED_FROM_CALIBRATED_FRAMEWORK
unknown,BM-006,Friction,APP-01653,EV-2056641f04d6,declined_offer,True,MODEL_APPLIED_FROM_CALIBRATED_FRAMEWORK
submitted,BM-006,Friction,APP-01653,EV-16556616ccb2,declined_offer,True,MODEL_APPLIED_FROM_CALIBRATED_FRAMEWORK
submitted,BM-006,Friction,APP-01653,EV-db1b6d619fa8,declined_offer,True,MODEL_APPLIED_FROM_CALIBRATED_FRAMEWORK
submitted,BM-006,Friction,APP-01653,EV-941585f816f0,declined_offer,True,MODEL_APPLIED_FROM_CALIBRATED_FRAMEWORK
submitted,BM-011,Reciprocity,APP-01653,EV-0abf713f7581,declined_offer,True,MODEL_APPLIED_FROM_CALIBRATED_FRAMEWORK
offer_extended,BM-006,Friction,APP-01653,EV-e76d692a7d7a,declined_offer,True,MODEL_APPLIED_FROM_CALIBRATED_FRAMEWORK
offer_extended,BM-011,Reciprocity,APP-01653,EV-09aa180b0151,declined_offer,True,MODEL_APPLIED_FROM_CALIBRATED_FRAMEWORK
offer_extended,BM-006,Friction,APP-01653,EV-6c465adb9471,declined_offer,True,MODEL_APPLIED_FROM_CALIBRATED_FRAMEWORK
offer_extended,BM-006,Friction,APP-01653,EV-81de6770e2b2,declined_offer,True,MODEL_APPLIED_FROM_CALIBRATED_FRAMEWORK
offer_extended,BM-006,Friction,APP-01653,EV-c526b9ddb297,declined_offer,True,MODEL_APPLIED_FROM_CALIBRATED_FRAMEWORK
offer_extended,BM-006,Friction,APP-01653,EV-8c46bc1d1021,declined_offer,True,MODEL_APPLIED_FROM_CALIBRATED_FRAMEWORK
screened,BM-029,Uncertainty / Ambiguity Aversion,APP-01654,EV-2b158c68d9be,withdrew_post_acceptance,True,MODEL_APPLIED_FROM_CALIBRATED_FRAMEWORK
screened,BM-006,Friction,APP-01654,EV-dcc1329a360a,withdrew_post_acceptance,True,MODEL_APPLIED_FROM_CALIBRATED_FRAMEWORK
screened,BM-006,Friction,APP-01654,EV-149f15b2f036,withdrew_post_acceptance,True,MODEL_APPLIED_FROM_CALIBRATED_FRAMEWORK
client_interview_2,BM-006,Friction,APP-01654,EV-d3f1423f1044,withdrew_post_acceptance,True,MODEL_APPLIED_FROM_CALIBRATED_FRAMEWORK
client_interview_2,BM-006,Friction,APP-01654,EV-cd8c0aed4292,withdrew_post_acceptance,True,MODEL_APPLIED_FROM_CALIBRATED_FRAMEWORK
client_interview_2,BM-006,Friction,APP-01654,EV-35f38527d692,withdrew_post_acceptance,True,MODEL_APPLIED_FROM_CALIBRATED_FRAMEWORK
client_interview_2,BM-006,Friction,APP-01654,EV-894508c17994,withdrew_post_acceptance,True,MODEL_APPLIED_FROM_CALIBRATED_FRAMEWORK
client_interview_2,BM-006,Friction,APP-01654,EV-44d61fca75bd,withdrew_post_acceptance,True,MODEL_APPLIED_FROM_CALIBRATED_FRAMEWORK
client_interview_2,BM-006,Friction,APP-01654,EV-952c4feb0664,withdrew_post_acceptance,True,MODEL_APPLIED_FROM_CALIBRATED_FRAMEWORK
client_interview_2,BM-006,Friction,APP-01654,EV-980b4a2dadbe,withdrew_post_acceptance,True,MODEL_APPLIED_FROM_CALIBRATED_FRAMEWORK
offer_accepted,BM-006,Friction,APP-01654,EV-aeaa6fd4cd67,withdrew_post_acceptance,True,MODEL_APPLIED_FROM_CALIBRATED_FRAMEWORK
offer_accepted,BM-002,Loss Aversion,APP-01654,EV-86bd85682bb5,withdrew_post_acceptance,True,MODEL_APPLIED_FROM_CALIBRATED_FRAMEWORK
unknown,BM-006,Friction,APP-01655,EV-4e376bd96e2c,joined_on_time,False,MODEL_APPLIED_FROM_CALIBRATED_FRAMEWORK
submitted,BM-020,Commitment / Consistency,APP-01655,EV-2efb780d980b,joined_on_time,False,MODEL_APPLIED_FROM_CALIBRATED_FRAMEWORK
client_interview_2,BM-020,Commitment / Consistency,APP-01655,EV-0da76b7950b0,joined_on_time,False,MODEL_APPLIED_FROM_CALIBRATED_FRAMEWORK
offer_extended,BM-006,Friction,APP-01655,EV-9d8ecd507963,joined_on_time,False,MODEL_APPLIED_FROM_CALIBRATED_FRAMEWORK
client_interview_1,BM-029,Uncertainty / Ambiguity Aversion,APP-01657,EV-5aefa0cc92ea,withdrew_post_acceptance,True,HUMAN_REVIEWED
client_interview_1,BM-018,Identity Signaling,APP-01657,EV-41305497bfe7,withdrew_post_acceptance,True,MODEL_APPLIED_FROM_CALIBRATED_FRAMEWORK
submitted,BM-029,Uncertainty / Ambiguity Aversion,APP-01662,EV-5a8885da53fd,accepted_no_show,True,MODEL_APPLIED_FROM_CALIBRATED_FRAMEWORK
submitted,BM-002,Loss Aversion,APP-01662,EV-ff43c6f4a88e,accepted_no_show,True,MODEL_APPLIED_FROM_CALIBRATED_FRAMEWORK
submitted,BM-029,Uncertainty / Ambiguity Aversion,APP-01662,EV-45ed98f69232,accepted_no_show,True,MODEL_APPLIED_FROM_CALIBRATED_FRAMEWORK
client_interview_1,BM-001,Status Quo Bias,APP-01662,EV-a7169a1b0cb4,accepted_no_show,True,MODEL_APPLIED_FROM_CALIBRATED_FRAMEWORK
offer_accepted,BM-001,Status Quo Bias,APP-01662,EV-0c5755e5618c,accepted_no_show,True,HUMAN_REVIEWED
screened,BM-006,Friction,APP-01666,EV-a3ed32ebcc06,declined_offer,True,MODEL_APPLIED_FROM_CALIBRATED_FRAMEWORK
submitted,BM-006,Friction,APP-01666,EV-7c3cc6b5e07a,declined_offer,True,MODEL_APPLIED_FROM_CALIBRATED_FRAMEWORK
offer_extended,BM-006,Friction,APP-01666,EV-418568eab322,declined_offer,True,MODEL_APPLIED_FROM_CALIBRATED_FRAMEWORK
screened,BM-006,Friction,APP-01672,EV-92f0231eb1db,joined_on_time,False,MODEL_APPLIED_FROM_CALIBRATED_FRAMEWORK
submitted,BM-006,Friction,APP-01672,EV-f697935e95f1,joined_on_time,False,MODEL_APPLIED_FROM_CALIBRATED_FRAMEWORK
submitted,BM-006,Friction,APP-01672,EV-62edfb679a7c,joined_on_time,False,MODEL_APPLIED_FROM_CALIBRATED_FRAMEWORK
submitted,BM-006,Friction,APP-01672,EV-96b93942cfb8,joined_on_time,False,MODEL_APPLIED_FROM_CALIBRATED_FRAMEWORK
submitted,BM-006,Friction,APP-01672,EV-16bacb726d68,joined_on_time,False,MODEL_APPLIED_FROM_CALIBRATED_FRAMEWORK
offer_accepted,BM-006,Friction,APP-01672,EV-2bc55d0c4076,joined_on_time,False,HUMAN_REVIEWED
offer_accepted,BM-006,Friction,APP-01672,EV-1a9443ba36f9,joined_on_time,False,MODEL_APPLIED_FROM_CALIBRATED_FRAMEWORK
background_check,BM-029,Uncertainty / Ambiguity Aversion,APP-01672,EV-391e1e711aad,joined_on_time,False,MODEL_APPLIED_FROM_CALIBRATED_FRAMEWORK
background_check,BM-006,Friction,APP-01672,EV-621043960a29,joined_on_time,False,MODEL_APPLIED_FROM_CALIBRATED_FRAMEWORK
background_check,BM-006,Friction,APP-01672,EV-57baec0173ee,joined_on_time,False,MODEL_APPLIED_FROM_CALIBRATED_FRAMEWORK
background_check,BM-006,Friction,APP-01672,EV-ea6cdab4025f,joined_on_time,False,MODEL_APPLIED_FROM_CALIBRATED_FRAMEWORK
onboarding_docs_sent,BM-006,Friction,APP-01672,EV-3a0bdca405ea,joined_on_time,False,MODEL_APPLIED_FROM_CALIBRATED_FRAMEWORK
screened,BM-029,Uncertainty / Ambiguity Aversion,APP-01674,EV-d30510cc1f6a,withdrew_post_acceptance,True,MODEL_APPLIED_FROM_CALIBRATED_FRAMEWORK
submitted,BM-001,Status Quo Bias,APP-01674,EV-8a5353541b0b,withdrew_post_acceptance,True,MODEL_APPLIED_FROM_CALIBRATED_FRAMEWORK
offer_accepted,BM-002,Loss Aversion,APP-01674,EV-2d77714fae46,withdrew_post_acceptance,True,MODEL_APPLIED_FROM_CALIBRATED_FRAMEWORK
background_check,BM-029,Uncertainty / Ambiguity Aversion,APP-01674,EV-b824f65ce925,withdrew_post_acceptance,True,MODEL_APPLIED_FROM_CALIBRATED_FRAMEWORK
submitted,BM-029,Uncertainty / Ambiguity Aversion,APP-01675,EV-648b4ace2bd8,declined_offer,True,MODEL_APPLIED_FROM_CALIBRATED_FRAMEWORK
submitted,BM-029,Uncertainty / Ambiguity Aversion,APP-01675,EV-6ad23fc2b046,declined_offer,True,MODEL_APPLIED_FROM_CALIBRATED_FRAMEWORK
client_interview_1,BM-029,Uncertainty / Ambiguity Aversion,APP-01675,EV-5bd9f9c6ff58,declined_offer,True,MODEL_APPLIED_FROM_CALIBRATED_FRAMEWORK
client_interview_1,BM-029,Uncertainty / Ambiguity Aversion,APP-01675,EV-9d0bcbc8f116,declined_offer,True,MODEL_APPLIED_FROM_CALIBRATED_FRAMEWORK
client_interview_1,BM-029,Uncertainty / Ambiguity Aversion,APP-01675,EV-a6009128360f,declined_offer,True,MODEL_APPLIED_FROM_CALIBRATED_FRAMEWORK
offer_extended,BM-029,Uncertainty / Ambiguity Aversion,APP-01675,EV-65e911f9f901,declined_offer,True,MODEL_APPLIED_FROM_CALIBRATED_FRAMEWORK
submitted,BM-002,Loss Aversion,APP-01676,EV-384bc437f350,joined_late,False,MODEL_APPLIED_FROM_CALIBRATED_FRAMEWORK
onboarding_docs_sent,BM-029,Uncertainty / Ambiguity Aversion,APP-01676,EV-0866b35bfd7a,joined_late,False,MODEL_APPLIED_FROM_CALIBRATED_FRAMEWORK
onboarding_docs_sent,BM-029,Uncertainty / Ambiguity Aversion,APP-01676,EV-89622c37935c,joined_late,False,MODEL_APPLIED_FROM_CALIBRATED_FRAMEWORK
background_check,BM-005,Choice Overload,APP-01677,EV-3f3e2b1857c2,joined_late,False,MODEL_APPLIED_FROM_CALIBRATED_FRAMEWORK
unknown,BM-029,Uncertainty / Ambiguity Aversion,APP-01680,EV-f3bc9528b895,withdrew_post_acceptance,True,MODEL_APPLIED_FROM_CALIBRATED_FRAMEWORK
unknown,BM-011,Reciprocity,APP-01684,EV-a35376b1fc4f,declined_offer,True,MODEL_APPLIED_FROM_CALIBRATED_FRAMEWORK
client_interview_1,BM-011,Reciprocity,APP-01685,EV-999a7d071626,declined_offer,True,MODEL_APPLIED_FROM_CALIBRATED_FRAMEWORK
client_interview_1,BM-006,Friction,APP-01686,EV-a6375c981b35,joined_on_time,False,MODEL_APPLIED_FROM_CALIBRATED_FRAMEWORK
offer_accepted,BM-006,Friction,APP-01686,EV-68c5237abb0b,joined_on_time,False,MODEL_APPLIED_FROM_CALIBRATED_FRAMEWORK
offer_accepted,BM-006,Friction,APP-01686,EV-b778b6bb9158,joined_on_time,False,MODEL_APPLIED_FROM_CALIBRATED_FRAMEWORK
offer_accepted,BM-006,Friction,APP-01686,EV-50e3faf628d3,joined_on_time,False,MODEL_APPLIED_FROM_CALIBRATED_FRAMEWORK
background_check,BM-006,Friction,APP-01686,EV-255371446d0f,joined_on_time,False,MODEL_APPLIED_FROM_CALIBRATED_FRAMEWORK
background_check,BM-023,Goal Gradient,APP-01686,EV-6b1493ca7095,joined_on_time,False,MODEL_APPLIED_FROM_CALIBRATED_FRAMEWORK
unknown,BM-023,Goal Gradient,APP-01687,EV-0a500d448c12,joined_on_time,False,MODEL_APPLIED_FROM_CALIBRATED_FRAMEWORK
unknown,BM-023,Goal Gradient,APP-01687,EV-36bba1f38259,joined_on_time,False,MODEL_APPLIED_FROM_CALIBRATED_FRAMEWORK
client_interview_1,BM-029,Uncertainty / Ambiguity Aversion,APP-01687,EV-31ca252fa036,joined_on_time,False,MODEL_APPLIED_FROM_CALIBRATED_FRAMEWORK
client_interview_1,BM-029,Uncertainty / Ambiguity Aversion,APP-01687,EV-dc8a3e62d504,joined_on_time,False,HUMAN_REVIEWED
offer_accepted,BM-001,Status Quo Bias,APP-01687,EV-7c88d2fd4668,joined_on_time,False,MODEL_APPLIED_FROM_CALIBRATED_FRAMEWORK
background_check,BM-005,Choice Overload,APP-01688,EV-d40eaeae0989,joined_on_time,False,MODEL_APPLIED_FROM_CALIBRATED_FRAMEWORK
unknown,BM-006,Friction,APP-01689,EV-402150071fdf,declined_offer,True,MODEL_APPLIED_FROM_CALIBRATED_FRAMEWORK
client_interview_1,BM-006,Friction,APP-01689,EV-bf68a20c58f8,declined_offer,True,MODEL_APPLIED_FROM_CALIBRATED_FRAMEWORK
client_interview_1,BM-006,Friction,APP-01689,EV-8986335bf845,declined_offer,True,MODEL_APPLIED_FROM_CALIBRATED_FRAMEWORK
client_interview_1,BM-029,Uncertainty / Ambiguity Aversion,APP-01689,EV-1241cbf0d35c,declined_offer,True,MODEL_APPLIED_FROM_CALIBRATED_FRAMEWORK
client_interview_1,BM-006,Friction,APP-01689,EV-5fd92e401e73,declined_offer,True,MODEL_APPLIED_FROM_CALIBRATED_FRAMEWORK
client_interview_1,BM-006,Friction,APP-01689,EV-7867f2ae0195,declined_offer,True,MODEL_APPLIED_FROM_CALIBRATED_FRAMEWORK
offer_extended,BM-001,Status Quo Bias,APP-01692,EV-9f2ff832fbb1,joined_on_time,False,MODEL_APPLIED_FROM_CALIBRATED_FRAMEWORK
background_check,BM-001,Status Quo Bias,APP-01692,EV-fd98e40abaa3,joined_on_time,False,MODEL_APPLIED_FROM_CALIBRATED_FRAMEWORK
background_check,BM-001,Status Quo Bias,APP-01692,EV-16e767c84db9,joined_on_time,False,MODEL_APPLIED_FROM_CALIBRATED_FRAMEWORK
background_check,BM-023,Goal Gradient,APP-01692,EV-77bc98bfb35c,joined_on_time,False,MODEL_APPLIED_FROM_CALIBRATED_FRAMEWORK
background_check,BM-001,Status Quo Bias,APP-01692,EV-1647640e46b4,joined_on_time,False,HUMAN_REVIEWED
client_interview_1,BM-029,Uncertainty / Ambiguity Aversion,APP-01693,EV-1ee6a45f277f,joined_on_time,False,MODEL_APPLIED_FROM_CALIBRATED_FRAMEWORK
onboarding_docs_sent,BM-029,Uncertainty / Ambiguity Aversion,APP-01693,EV-f6f76bfd316e,joined_on_time,False,MODEL_APPLIED_FROM_CALIBRATED_FRAMEWORK
submitted,BM-006,Friction,APP-01695,EV-261aa41abf80,declined_offer,True,HUMAN_REVIEWED
screened,BM-006,Friction,APP-01696,EV-2d99ad5dc595,declined_offer,True,MODEL_APPLIED_FROM_CALIBRATED_FRAMEWORK
submitted,BM-006,Friction,APP-01696,EV-b33ccfe208ef,declined_offer,True,MODEL_APPLIED_FROM_CALIBRATED_FRAMEWORK
submitted,BM-006,Friction,APP-01696,EV-446ab00c16cc,declined_offer,True,MODEL_APPLIED_FROM_CALIBRATED_FRAMEWORK
submitted,BM-029,Uncertainty / Ambiguity Aversion,APP-01696,EV-05864cff1d88,declined_offer,True,MODEL_APPLIED_FROM_CALIBRATED_FRAMEWORK
submitted,BM-006,Friction,APP-01696,EV-6dd4dc5534b7,declined_offer,True,MODEL_APPLIED_FROM_CALIBRATED_FRAMEWORK
submitted,BM-001,Status Quo Bias,APP-01696,EV-c0157493aca6,declined_offer,True,HUMAN_REVIEWED
client_interview_1,BM-006,Friction,APP-01696,EV-3477dfc0f8ca,declined_offer,True,MODEL_APPLIED_FROM_CALIBRATED_FRAMEWORK
client_interview_1,BM-006,Friction,APP-01696,EV-ca316b705613,declined_offer,True,MODEL_APPLIED_FROM_CALIBRATED_FRAMEWORK
offer_extended,BM-029,Uncertainty / Ambiguity Aversion,APP-01696,EV-9160c7e1aa2a,declined_offer,True,MODEL_APPLIED_FROM_CALIBRATED_FRAMEWORK
offer_extended,BM-006,Friction,APP-01696,EV-92e70a29a678,declined_offer,True,MODEL_APPLIED_FROM_CALIBRATED_FRAMEWORK
offer_extended,BM-006,Friction,APP-01696,EV-2b36a6524c66,declined_offer,True,MODEL_APPLIED_FROM_CALIBRATED_FRAMEWORK
offer_extended,BM-006,Friction,APP-01696,EV-feb9745c8b47,declined_offer,True,MODEL_APPLIED_FROM_CALIBRATED_FRAMEWORK
offer_extended,BM-006,Friction,APP-01696,EV-1316e133252f,declined_offer,True,MODEL_APPLIED_FROM_CALIBRATED_FRAMEWORK
offer_extended,BM-006,Friction,APP-01696,EV-9e9947691edb,declined_offer,True,MODEL_APPLIED_FROM_CALIBRATED_FRAMEWORK
offer_extended,BM-006,Friction,APP-01696,EV-7df0fafae8a3,declined_offer,True,MODEL_APPLIED_FROM_CALIBRATED_FRAMEWORK
offer_accepted,BM-029,Uncertainty / Ambiguity Aversion,APP-01698,EV-09fee91a0bb1,accepted_no_show,True,MODEL_APPLIED_FROM_CALIBRATED_FRAMEWORK
background_check,BM-001,Status Quo Bias,APP-01698,EV-5d8493baffd7,accepted_no_show,True,MODEL_APPLIED_FROM_CALIBRATED_FRAMEWORK
background_check,BM-001,Status Quo Bias,APP-01698,EV-37f27e0a9fed,accepted_no_show,True,MODEL_APPLIED_FROM_CALIBRATED_FRAMEWORK
submitted,BM-029,Uncertainty / Ambiguity Aversion,APP-01700,EV-d54ac25cc0c8,accepted_no_show,True,MODEL_APPLIED_FROM_CALIBRATED_FRAMEWORK
client_interview_1,BM-029,Uncertainty / Ambiguity Aversion,APP-01700,EV-55145ed3b0c2,accepted_no_show,True,MODEL_APPLIED_FROM_CALIBRATED_FRAMEWORK
background_check,BM-029,Uncertainty / Ambiguity Aversion,APP-01700,EV-c8ccd41cacf2,accepted_no_show,True,MODEL_APPLIED_FROM_CALIBRATED_FRAMEWORK
background_check,BM-029,Uncertainty / Ambiguity Aversion,APP-01700,EV-0df7ad9bba3e,accepted_no_show,True,MODEL_APPLIED_FROM_CALIBRATED_FRAMEWORK
background_check,BM-029,Uncertainty / Ambiguity Aversion,APP-01700,EV-96c44732a389,accepted_no_show,True,HUMAN_REVIEWED
onboarding_docs_sent,BM-029,Uncertainty / Ambiguity Aversion,APP-01700,EV-720600f587d4,accepted_no_show,True,MODEL_APPLIED_FROM_CALIBRATED_FRAMEWORK
submitted,BM-029,Uncertainty / Ambiguity Aversion,APP-01704,EV-4752bf377d14,joined_late,False,MODEL_APPLIED_FROM_CALIBRATED_FRAMEWORK
submitted,BM-023,Goal Gradient,APP-01704,EV-495969fc929d,joined_late,False,MODEL_APPLIED_FROM_CALIBRATED_FRAMEWORK
submitted,BM-029,Uncertainty / Ambiguity Aversion,APP-01704,EV-414e2fc5c179,joined_late,False,MODEL_APPLIED_FROM_CALIBRATED_FRAMEWORK
submitted,BM-023,Goal Gradient,APP-01704,EV-60ea1d0834df,joined_late,False,MODEL_APPLIED_FROM_CALIBRATED_FRAMEWORK
background_check,BM-001,Status Quo Bias,APP-01704,EV-db5caea52c93,joined_late,False,MODEL_APPLIED_FROM_CALIBRATED_FRAMEWORK
background_check,BM-029,Uncertainty / Ambiguity Aversion,APP-01704,EV-79bc1ce63313,joined_late,False,MODEL_APPLIED_FROM_CALIBRATED_FRAMEWORK
background_check,BM-023,Goal Gradient,APP-01704,EV-b74a6ac77d26,joined_late,False,MODEL_APPLIED_FROM_CALIBRATED_FRAMEWORK
background_check,BM-023,Goal Gradient,APP-01704,EV-ca2ce0d232ec,joined_late,False,MODEL_APPLIED_FROM_CALIBRATED_FRAMEWORK
background_check,BM-001,Status Quo Bias,APP-01704,EV-5c3c8feddeb6,joined_late,False,MODEL_APPLIED_FROM_CALIBRATED_FRAMEWORK
background_check,BM-029,Uncertainty / Ambiguity Aversion,APP-01704,EV-3e0b4d8ae7a0,joined_late,False,MODEL_APPLIED_FROM_CALIBRATED_FRAMEWORK
background_check,BM-023,Goal Gradient,APP-01704,EV-8a6f87a71d59,joined_late,False,MODEL_APPLIED_FROM_CALIBRATED_FRAMEWORK
background_check,BM-001,Status Quo Bias,APP-01704,EV-41035e7523d9,joined_late,False,MODEL_APPLIED_FROM_CALIBRATED_FRAMEWORK
onboarding_docs_sent,BM-001,Status Quo Bias,APP-01704,EV-0d0c8d339ca6,joined_late,False,MODEL_APPLIED_FROM_CALIBRATED_FRAMEWORK
onboarding_docs_sent,BM-023,Goal Gradient,APP-01704,EV-06b02e23df88,joined_late,False,MODEL_APPLIED_FROM_CALIBRATED_FRAMEWORK
submitted,BM-023,Goal Gradient,APP-01705,EV-0a8bb8201c32,accepted_no_show,True,MODEL_APPLIED_FROM_CALIBRATED_FRAMEWORK
background_check,BM-023,Goal Gradient,APP-01705,EV-426dd1b7f815,accepted_no_show,True,MODEL_APPLIED_FROM_CALIBRATED_FRAMEWORK
client_interview_1,BM-023,Goal Gradient,APP-01709,EV-af508d297045,declined_offer,True,MODEL_APPLIED_FROM_CALIBRATED_FRAMEWORK
client_interview_1,BM-023,Goal Gradient,APP-01709,EV-dacfe79f892c,declined_offer,True,MODEL_APPLIED_FROM_CALIBRATED_FRAMEWORK
screened,BM-023,Goal Gradient,APP-01710,EV-055b60265867,declined_offer,True,MODEL_APPLIED_FROM_CALIBRATED_FRAMEWORK
client_interview_2,BM-023,Goal Gradient,APP-01710,EV-9860e204adc1,declined_offer,True,MODEL_APPLIED_FROM_CALIBRATED_FRAMEWORK
submitted,BM-006,Friction,APP-01714,EV-a77bbfde63c0,rejected_by_client,True,MODEL_APPLIED_FROM_CALIBRATED_FRAMEWORK
client_interview_1,BM-006,Friction,APP-01714,EV-bf2bc6685335,rejected_by_client,True,MODEL_APPLIED_FROM_CALIBRATED_FRAMEWORK
client_interview_1,BM-023,Goal Gradient,APP-01716,EV-45db1e70f542,joined_on_time,False,MODEL_APPLIED_FROM_CALIBRATED_FRAMEWORK
offer_accepted,BM-020,Commitment / Consistency,APP-01717,EV-f58ba5d8e3bd,joined_on_time,False,MODEL_APPLIED_FROM_CALIBRATED_FRAMEWORK
screened,BM-001,Status Quo Bias,APP-01718,EV-a79debbee59f,joined_on_time,False,MODEL_APPLIED_FROM_CALIBRATED_FRAMEWORK
screened,BM-029,Uncertainty / Ambiguity Aversion,APP-01718,EV-67cbb28f7f5f,joined_on_time,False,MODEL_APPLIED_FROM_CALIBRATED_FRAMEWORK
offer_accepted,BM-001,Status Quo Bias,APP-01718,EV-bcc4fc6b1683,joined_on_time,False,MODEL_APPLIED_FROM_CALIBRATED_FRAMEWORK
offer_accepted,BM-001,Status Quo Bias,APP-01718,EV-8644f66eef2f,joined_on_time,False,MODEL_APPLIED_FROM_CALIBRATED_FRAMEWORK
offer_accepted,BM-001,Status Quo Bias,APP-01718,EV-9e6727d9e3d2,joined_on_time,False,MODEL_APPLIED_FROM_CALIBRATED_FRAMEWORK
screened,BM-011,Reciprocity,APP-01719,EV-88a5ec63821b,joined_late,False,MODEL_APPLIED_FROM_CALIBRATED_FRAMEWORK
submitted,BM-023,Goal Gradient,APP-01719,EV-6479a415c800,joined_late,False,MODEL_APPLIED_FROM_CALIBRATED_FRAMEWORK
screened,BM-023,Goal Gradient,APP-01720,EV-ed7c1fb6cf4a,joined_late,False,MODEL_APPLIED_FROM_CALIBRATED_FRAMEWORK
screened,BM-023,Goal Gradient,APP-01720,EV-e4e449acd80f,joined_late,False,MODEL_APPLIED_FROM_CALIBRATED_FRAMEWORK
screened,BM-023,Goal Gradient,APP-01720,EV-072e7c3bc674,joined_late,False,MODEL_APPLIED_FROM_CALIBRATED_FRAMEWORK
client_interview_1,BM-023,Goal Gradient,APP-01720,EV-7ed4c48275c2,joined_late,False,MODEL_APPLIED_FROM_CALIBRATED_FRAMEWORK
client_interview_1,BM-023,Goal Gradient,APP-01720,EV-e7a3004c5ad9,joined_late,False,MODEL_APPLIED_FROM_CALIBRATED_FRAMEWORK
client_interview_1,BM-023,Goal Gradient,APP-01720,EV-dc5ace26466e,joined_late,False,MODEL_APPLIED_FROM_CALIBRATED_FRAMEWORK
onboarding_docs_sent,BM-023,Goal Gradient,APP-01720,EV-57898c06d0a6,joined_late,False,MODEL_APPLIED_FROM_CALIBRATED_FRAMEWORK
unknown,BM-023,Goal Gradient,APP-01721,EV-1021b5bd3fad,joined_on_time,False,MODEL_APPLIED_FROM_CALIBRATED_FRAMEWORK
submitted,BM-001,Status Quo Bias,APP-01721,EV-b1a1f86dee10,joined_on_time,False,MODEL_APPLIED_FROM_CALIBRATED_FRAMEWORK
submitted,BM-029,Uncertainty / Ambiguity Aversion,APP-01721,EV-4ff6755a5812,joined_on_time,False,MODEL_APPLIED_FROM_CALIBRATED_FRAMEWORK
submitted,BM-023,Goal Gradient,APP-01721,EV-05f183d5c759,joined_on_time,False,MODEL_APPLIED_FROM_CALIBRATED_FRAMEWORK
client_interview_1,BM-001,Status Quo Bias,APP-01721,EV-550f173409b8,joined_on_time,False,MODEL_APPLIED_FROM_CALIBRATED_FRAMEWORK
client_interview_1,BM-029,Uncertainty / Ambiguity Aversion,APP-01721,EV-74929431bdcc,joined_on_time,False,MODEL_APPLIED_FROM_CALIBRATED_FRAMEWORK
client_interview_1,BM-023,Goal Gradient,APP-01721,EV-f7973e66e653,joined_on_time,False,MODEL_APPLIED_FROM_CALIBRATED_FRAMEWORK
client_interview_2,BM-029,Uncertainty / Ambiguity Aversion,APP-01721,EV-07b777988d05,joined_on_time,False,MODEL_APPLIED_FROM_CALIBRATED_FRAMEWORK
client_interview_2,BM-023,Goal Gradient,APP-01721,EV-34a13b6a4753,joined_on_time,False,MODEL_APPLIED_FROM_CALIBRATED_FRAMEWORK
client_interview_2,BM-023,Goal Gradient,APP-01721,EV-0e1bb86b8d45,joined_on_time,False,MODEL_APPLIED_FROM_CALIBRATED_FRAMEWORK
offer_accepted,BM-029,Uncertainty / Ambiguity Aversion,APP-01721,EV-ca470d239a69,joined_on_time,False,MODEL_APPLIED_FROM_CALIBRATED_FRAMEWORK
offer_accepted,BM-023,Goal Gradient,APP-01721,EV-8eef0f6c6dea,joined_on_time,False,MODEL_APPLIED_FROM_CALIBRATED_FRAMEWORK
background_check,BM-001,Status Quo Bias,APP-01721,EV-ddca3f7d8356,joined_on_time,False,MODEL_APPLIED_FROM_CALIBRATED_FRAMEWORK
unknown,BM-029,Uncertainty / Ambiguity Aversion,APP-01722,EV-680123ade2a0,joined_on_time,False,MODEL_APPLIED_FROM_CALIBRATED_FRAMEWORK
background_check,BM-029,Uncertainty / Ambiguity Aversion,APP-01722,EV-babde34461e9,joined_on_time,False,MODEL_APPLIED_FROM_CALIBRATED_FRAMEWORK
screened,BM-006,Friction,APP-01723,EV-322a1096f458,withdrew_post_acceptance,True,MODEL_APPLIED_FROM_CALIBRATED_FRAMEWORK
submitted,BM-006,Friction,APP-01723,EV-6b9fc5c02bf5,withdrew_post_acceptance,True,MODEL_APPLIED_FROM_CALIBRATED_FRAMEWORK
client_interview_1,BM-006,Friction,APP-01723,EV-a0ff57312ced,withdrew_post_acceptance,True,MODEL_APPLIED_FROM_CALIBRATED_FRAMEWORK
client_interview_1,BM-006,Friction,APP-01723,EV-9ed470f00363,withdrew_post_acceptance,True,MODEL_APPLIED_FROM_CALIBRATED_FRAMEWORK
offer_extended,BM-006,Friction,APP-01723,EV-70496b0fa9e4,withdrew_post_acceptance,True,MODEL_APPLIED_FROM_CALIBRATED_FRAMEWORK
offer_accepted,BM-006,Friction,APP-01723,EV-45a583c3a7de,withdrew_post_acceptance,True,MODEL_APPLIED_FROM_CALIBRATED_FRAMEWORK
offer_accepted,BM-006,Friction,APP-01723,EV-fca4df1ba99f,withdrew_post_acceptance,True,HUMAN_REVIEWED
offer_accepted,BM-006,Friction,APP-01723,EV-f74ce00d1714,withdrew_post_acceptance,True,MODEL_APPLIED_FROM_CALIBRATED_FRAMEWORK
submitted,BM-006,Friction,APP-01726,EV-7f4172db1cb5,joined_on_time,False,MODEL_APPLIED_FROM_CALIBRATED_FRAMEWORK
client_interview_1,BM-006,Friction,APP-01726,EV-4e0e870bb7ee,joined_on_time,False,MODEL_APPLIED_FROM_CALIBRATED_FRAMEWORK
client_interview_2,BM-006,Friction,APP-01726,EV-b17d475a364d,joined_on_time,False,MODEL_APPLIED_FROM_CALIBRATED_FRAMEWORK
client_interview_2,BM-006,Friction,APP-01726,EV-e65cfa77c3ad,joined_on_time,False,MODEL_APPLIED_FROM_CALIBRATED_FRAMEWORK
client_interview_2,BM-006,Friction,APP-01726,EV-c7e9f46246e7,joined_on_time,False,MODEL_APPLIED_FROM_CALIBRATED_FRAMEWORK
onboarding_docs_sent,BM-006,Friction,APP-01726,EV-9260604ae126,joined_on_time,False,MODEL_APPLIED_FROM_CALIBRATED_FRAMEWORK
unknown,BM-023,Goal Gradient,APP-01730,EV-59dcacc747b6,withdrew_post_acceptance,True,MODEL_APPLIED_FROM_CALIBRATED_FRAMEWORK
unknown,BM-023,Goal Gradient,APP-01730,EV-0cc6fcea4f67,withdrew_post_acceptance,True,MODEL_APPLIED_FROM_CALIBRATED_FRAMEWORK
offer_extended,BM-002,Loss Aversion,APP-01730,EV-8bb62739a709,withdrew_post_acceptance,True,MODEL_APPLIED_FROM_CALIBRATED_FRAMEWORK
client_interview_1,BM-006,Friction,APP-01732,EV-68cf8483e2e1,joined_on_time,False,MODEL_APPLIED_FROM_CALIBRATED_FRAMEWORK
client_interview_2,BM-006,Friction,APP-01732,EV-d6daac766c9f,joined_on_time,False,HUMAN_REVIEWED
offer_accepted,BM-006,Friction,APP-01732,EV-a511ccd19223,joined_on_time,False,MODEL_APPLIED_FROM_CALIBRATED_FRAMEWORK
background_check,BM-006,Friction,APP-01732,EV-9b69a9635420,joined_on_time,False,MODEL_APPLIED_FROM_CALIBRATED_FRAMEWORK
background_check,BM-006,Friction,APP-01732,EV-ca5ee28e18d5,joined_on_time,False,MODEL_APPLIED_FROM_CALIBRATED_FRAMEWORK
background_check,BM-006,Friction,APP-01732,EV-e408399aa896,joined_on_time,False,MODEL_APPLIED_FROM_CALIBRATED_FRAMEWORK
background_check,BM-006,Friction,APP-01732,EV-d505a6aae60a,joined_on_time,False,MODEL_APPLIED_FROM_CALIBRATED_FRAMEWORK
background_check,BM-006,Friction,APP-01732,EV-152db7194ad2,joined_on_time,False,MODEL_APPLIED_FROM_CALIBRATED_FRAMEWORK
unknown,BM-006,Friction,APP-01734,EV-dce92fe8b202,joined_late,False,MODEL_APPLIED_FROM_CALIBRATED_FRAMEWORK
unknown,BM-006,Friction,APP-01734,EV-0a9010d7353e,joined_late,False,MODEL_APPLIED_FROM_CALIBRATED_FRAMEWORK
offer_accepted,BM-006,Friction,APP-01734,EV-1cafcdcb0605,joined_late,False,MODEL_APPLIED_FROM_CALIBRATED_FRAMEWORK
offer_accepted,BM-006,Friction,APP-01734,EV-ed1123b4cd29,joined_late,False,MODEL_APPLIED_FROM_CALIBRATED_FRAMEWORK
offer_extended,BM-020,Commitment / Consistency,APP-01735,EV-2280fa844d25,rejected_by_client,True,MODEL_APPLIED_FROM_CALIBRATED_FRAMEWORK
submitted,BM-001,Status Quo Bias,APP-01737,EV-7121b3c49042,joined_on_time,False,MODEL_APPLIED_FROM_CALIBRATED_FRAMEWORK
submitted,BM-014,Confirmation Bias,APP-01737,EV-76eaa53b37dd,joined_on_time,False,MODEL_APPLIED_FROM_CALIBRATED_FRAMEWORK
submitted,BM-001,Status Quo Bias,APP-01737,EV-569e95166e6b,joined_on_time,False,MODEL_APPLIED_FROM_CALIBRATED_FRAMEWORK
submitted,BM-014,Confirmation Bias,APP-01737,EV-9d8322c2c738,joined_on_time,False,MODEL_APPLIED_FROM_CALIBRATED_FRAMEWORK
client_interview_1,BM-001,Status Quo Bias,APP-01737,EV-9b3f336751fc,joined_on_time,False,MODEL_APPLIED_FROM_CALIBRATED_FRAMEWORK
client_interview_1,BM-001,Status Quo Bias,APP-01737,EV-b500aee4ed2e,joined_on_time,False,MODEL_APPLIED_FROM_CALIBRATED_FRAMEWORK
offer_extended,BM-001,Status Quo Bias,APP-01737,EV-6c85701c7cb3,joined_on_time,False,MODEL_APPLIED_FROM_CALIBRATED_FRAMEWORK
offer_accepted,BM-001,Status Quo Bias,APP-01737,EV-09db45f79876,joined_on_time,False,MODEL_APPLIED_FROM_CALIBRATED_FRAMEWORK
offer_accepted,BM-001,Status Quo Bias,APP-01737,EV-de6e4511a446,joined_on_time,False,MODEL_APPLIED_FROM_CALIBRATED_FRAMEWORK
background_check,BM-001,Status Quo Bias,APP-01737,EV-dc7d3ff3f871,joined_on_time,False,MODEL_APPLIED_FROM_CALIBRATED_FRAMEWORK
background_check,BM-014,Confirmation Bias,APP-01737,EV-659dfc99c763,joined_on_time,False,MODEL_APPLIED_FROM_CALIBRATED_FRAMEWORK
background_check,BM-001,Status Quo Bias,APP-01737,EV-9fe6cb068089,joined_on_time,False,MODEL_APPLIED_FROM_CALIBRATED_FRAMEWORK
background_check,BM-001,Status Quo Bias,APP-01737,EV-4e96c45c4cd0,joined_on_time,False,MODEL_APPLIED_FROM_CALIBRATED_FRAMEWORK
background_check,BM-001,Status Quo Bias,APP-01737,EV-91648d1971e5,joined_on_time,False,MODEL_APPLIED_FROM_CALIBRATED_FRAMEWORK
client_interview_1,BM-020,Commitment / Consistency,APP-01742,EV-d140b43aa220,joined_on_time,False,MODEL_APPLIED_FROM_CALIBRATED_FRAMEWORK
client_interview_1,BM-018,Identity Signaling,APP-01742,EV-66b5778a9d05,joined_on_time,False,MODEL_APPLIED_FROM_CALIBRATED_FRAMEWORK
client_interview_1,BM-020,Commitment / Consistency,APP-01742,EV-846ec4dcd326,joined_on_time,False,MODEL_APPLIED_FROM_CALIBRATED_FRAMEWORK
client_interview_1,BM-018,Identity Signaling,APP-01742,EV-a87a0422f513,joined_on_time,False,MODEL_APPLIED_FROM_CALIBRATED_FRAMEWORK
client_interview_1,BM-018,Identity Signaling,APP-01742,EV-313600b048ce,joined_on_time,False,MODEL_APPLIED_FROM_CALIBRATED_FRAMEWORK
submitted,BM-005,Choice Overload,APP-01744,EV-3d0b6818f2ae,withdrew_post_acceptance,True,MODEL_APPLIED_FROM_CALIBRATED_FRAMEWORK
submitted,BM-005,Choice Overload,APP-01744,EV-2ee8ee7f3503,withdrew_post_acceptance,True,MODEL_APPLIED_FROM_CALIBRATED_FRAMEWORK
offer_extended,BM-011,Reciprocity,APP-01745,EV-8d10eca11fc1,withdrew_post_acceptance,True,MODEL_APPLIED_FROM_CALIBRATED_FRAMEWORK
client_interview_1,BM-006,Friction,APP-01746,EV-f5dfdb66e9ff,joined_on_time,False,MODEL_APPLIED_FROM_CALIBRATED_FRAMEWORK
offer_extended,BM-006,Friction,APP-01746,EV-a5b95f7f2f06,joined_on_time,False,MODEL_APPLIED_FROM_CALIBRATED_FRAMEWORK
offer_extended,BM-006,Friction,APP-01746,EV-eb2879abf4df,joined_on_time,False,MODEL_APPLIED_FROM_CALIBRATED_FRAMEWORK
background_check,BM-006,Friction,APP-01746,EV-e4a792118495,joined_on_time,False,MODEL_APPLIED_FROM_CALIBRATED_FRAMEWORK
background_check,BM-006,Friction,APP-01746,EV-7d6b5e939801,joined_on_time,False,MODEL_APPLIED_FROM_CALIBRATED_FRAMEWORK
background_check,BM-006,Friction,APP-01746,EV-03664f3d9050,joined_on_time,False,MODEL_APPLIED_FROM_CALIBRATED_FRAMEWORK
background_check,BM-006,Friction,APP-01746,EV-6370870dc7cb,joined_on_time,False,MODEL_APPLIED_FROM_CALIBRATED_FRAMEWORK
submitted,BM-001,Status Quo Bias,APP-01747,EV-2e0f82e7a56d,declined_offer,True,MODEL_APPLIED_FROM_CALIBRATED_FRAMEWORK
client_interview_2,BM-001,Status Quo Bias,APP-01747,EV-af140e581827,declined_offer,True,MODEL_APPLIED_FROM_CALIBRATED_FRAMEWORK
client_interview_2,BM-002,Loss Aversion,APP-01747,EV-3bad980036b3,declined_offer,True,MODEL_APPLIED_FROM_CALIBRATED_FRAMEWORK
unknown,BM-011,Reciprocity,APP-01750,EV-32a8cfdc979f,declined_offer,True,MODEL_APPLIED_FROM_CALIBRATED_FRAMEWORK
submitted,BM-011,Reciprocity,APP-01750,EV-d7865ab691ba,declined_offer,True,MODEL_APPLIED_FROM_CALIBRATED_FRAMEWORK
submitted,BM-011,Reciprocity,APP-01750,EV-625bcf18a8b8,declined_offer,True,MODEL_APPLIED_FROM_CALIBRATED_FRAMEWORK
client_interview_1,BM-011,Reciprocity,APP-01750,EV-6b4e34d4b293,declined_offer,True,MODEL_APPLIED_FROM_CALIBRATED_FRAMEWORK
client_interview_1,BM-011,Reciprocity,APP-01750,EV-8cae5d262fa3,declined_offer,True,MODEL_APPLIED_FROM_CALIBRATED_FRAMEWORK
offer_extended,BM-011,Reciprocity,APP-01750,EV-d244382f3c28,declined_offer,True,MODEL_APPLIED_FROM_CALIBRATED_FRAMEWORK
client_interview_1,BM-023,Goal Gradient,APP-01751,EV-21a5fa4aebd1,joined_on_time,False,MODEL_APPLIED_FROM_CALIBRATED_FRAMEWORK
client_interview_1,BM-006,Friction,APP-01751,EV-7e9f12a4b246,joined_on_time,False,MODEL_APPLIED_FROM_CALIBRATED_FRAMEWORK
client_interview_1,BM-006,Friction,APP-01751,EV-1f7bd7f55041,joined_on_time,False,MODEL_APPLIED_FROM_CALIBRATED_FRAMEWORK
offer_accepted,BM-023,Goal Gradient,APP-01751,EV-c9a16c1d1fed,joined_on_time,False,MODEL_APPLIED_FROM_CALIBRATED_FRAMEWORK
background_check,BM-006,Friction,APP-01751,EV-3394dd5a750c,joined_on_time,False,MODEL_APPLIED_FROM_CALIBRATED_FRAMEWORK
background_check,BM-006,Friction,APP-01751,EV-bd0dd48ace66,joined_on_time,False,MODEL_APPLIED_FROM_CALIBRATED_FRAMEWORK
background_check,BM-029,Uncertainty / Ambiguity Aversion,APP-01752,EV-11d2ed3027f9,joined_on_time,False,MODEL_APPLIED_FROM_CALIBRATED_FRAMEWORK
background_check,BM-023,Goal Gradient,APP-01752,EV-8329912208d6,joined_on_time,False,MODEL_APPLIED_FROM_CALIBRATED_FRAMEWORK
background_check,BM-001,Status Quo Bias,APP-01752,EV-7e14dfb23e8d,joined_on_time,False,MODEL_APPLIED_FROM_CALIBRATED_FRAMEWORK
submitted,BM-006,Friction,APP-01754,EV-c900bc739f0a,joined_on_time,False,MODEL_APPLIED_FROM_CALIBRATED_FRAMEWORK
submitted,BM-020,Commitment / Consistency,APP-01754,EV-1a257c9801d7,joined_on_time,False,MODEL_APPLIED_FROM_CALIBRATED_FRAMEWORK
background_check,BM-020,Commitment / Consistency,APP-01754,EV-23ac53c77f69,joined_on_time,False,MODEL_APPLIED_FROM_CALIBRATED_FRAMEWORK
background_check,BM-020,Commitment / Consistency,APP-01754,EV-8c5ec402ace6,joined_on_time,False,MODEL_APPLIED_FROM_CALIBRATED_FRAMEWORK
screened,BM-029,Uncertainty / Ambiguity Aversion,APP-01756,EV-82c1efc04162,joined_on_time,False,MODEL_APPLIED_FROM_CALIBRATED_FRAMEWORK
screened,BM-005,Choice Overload,APP-01756,EV-e75e086f5fc1,joined_on_time,False,MODEL_APPLIED_FROM_CALIBRATED_FRAMEWORK
client_interview_1,BM-005,Choice Overload,APP-01756,EV-5cbeeee7937b,joined_on_time,False,MODEL_APPLIED_FROM_CALIBRATED_FRAMEWORK
offer_accepted,BM-005,Choice Overload,APP-01756,EV-9703d77b6e2f,joined_on_time,False,MODEL_APPLIED_FROM_CALIBRATED_FRAMEWORK
submitted,BM-023,Goal Gradient,APP-01757,EV-3ce5dd7b5d18,joined_on_time,False,MODEL_APPLIED_FROM_CALIBRATED_FRAMEWORK
submitted,BM-023,Goal Gradient,APP-01757,EV-74559779c845,joined_on_time,False,MODEL_APPLIED_FROM_CALIBRATED_FRAMEWORK
client_interview_1,BM-006,Friction,APP-01757,EV-3a9b6b4cdbf8,joined_on_time,False,MODEL_APPLIED_FROM_CALIBRATED_FRAMEWORK
offer_extended,BM-006,Friction,APP-01757,EV-eb3f5961539f,joined_on_time,False,MODEL_APPLIED_FROM_CALIBRATED_FRAMEWORK
background_check,BM-006,Friction,APP-01757,EV-6d2e2ffb4987,joined_on_time,False,MODEL_APPLIED_FROM_CALIBRATED_FRAMEWORK
onboarding_docs_sent,BM-006,Friction,APP-01757,EV-7a938701851d,joined_on_time,False,MODEL_APPLIED_FROM_CALIBRATED_FRAMEWORK
onboarding_docs_sent,BM-006,Friction,APP-01757,EV-566a40bba55b,joined_on_time,False,MODEL_APPLIED_FROM_CALIBRATED_FRAMEWORK
onboarding_docs_sent,BM-006,Friction,APP-01757,EV-2c01198d6a04,joined_on_time,False,MODEL_APPLIED_FROM_CALIBRATED_FRAMEWORK
submitted,BM-029,Uncertainty / Ambiguity Aversion,APP-01759,EV-0e749247b633,declined_offer,True,MODEL_APPLIED_FROM_CALIBRATED_FRAMEWORK
submitted,BM-002,Loss Aversion,APP-01759,EV-724a14f96ad8,declined_offer,True,MODEL_APPLIED_FROM_CALIBRATED_FRAMEWORK
client_interview_1,BM-002,Loss Aversion,APP-01759,EV-d929b582f5e4,declined_offer,True,MODEL_APPLIED_FROM_CALIBRATED_FRAMEWORK
screened,BM-001,Status Quo Bias,APP-01760,EV-9696810b1fdf,joined_on_time,False,MODEL_APPLIED_FROM_CALIBRATED_FRAMEWORK
client_interview_1,BM-001,Status Quo Bias,APP-01760,EV-3f819b72fe7e,joined_on_time,False,MODEL_APPLIED_FROM_CALIBRATED_FRAMEWORK
background_check,BM-001,Status Quo Bias,APP-01760,EV-04a00cd8d1c4,joined_on_time,False,MODEL_APPLIED_FROM_CALIBRATED_FRAMEWORK
background_check,BM-020,Commitment / Consistency,APP-01761,EV-4dd55f1f1f23,withdrew_post_acceptance,True,MODEL_APPLIED_FROM_CALIBRATED_FRAMEWORK
screened,BM-005,Choice Overload,APP-01769,EV-c4e85cbcf1e3,declined_offer,True,MODEL_APPLIED_FROM_CALIBRATED_FRAMEWORK
screened,BM-005,Choice Overload,APP-01769,EV-ec2516a1c32d,declined_offer,True,MODEL_APPLIED_FROM_CALIBRATED_FRAMEWORK
submitted,BM-005,Choice Overload,APP-01769,EV-49c528e896c9,declined_offer,True,MODEL_APPLIED_FROM_CALIBRATED_FRAMEWORK
submitted,BM-005,Choice Overload,APP-01769,EV-6cb701b7cc4d,declined_offer,True,MODEL_APPLIED_FROM_CALIBRATED_FRAMEWORK
submitted,BM-005,Choice Overload,APP-01769,EV-02780d5832f5,declined_offer,True,MODEL_APPLIED_FROM_CALIBRATED_FRAMEWORK
client_interview_1,BM-005,Choice Overload,APP-01769,EV-858af05f5310,declined_offer,True,MODEL_APPLIED_FROM_CALIBRATED_FRAMEWORK
submitted,BM-006,Friction,APP-01770,EV-e6b94d296752,joined_on_time,False,MODEL_APPLIED_FROM_CALIBRATED_FRAMEWORK
background_check,BM-006,Friction,APP-01770,EV-b72de7b48c65,joined_on_time,False,MODEL_APPLIED_FROM_CALIBRATED_FRAMEWORK
submitted,BM-001,Status Quo Bias,APP-01771,EV-da0ab5e716ed,joined_on_time,False,MODEL_APPLIED_FROM_CALIBRATED_FRAMEWORK
client_interview_1,BM-001,Status Quo Bias,APP-01771,EV-9e10d7d81b90,joined_on_time,False,MODEL_APPLIED_FROM_CALIBRATED_FRAMEWORK
client_interview_1,BM-029,Uncertainty / Ambiguity Aversion,APP-01771,EV-3db7c27e3ecb,joined_on_time,False,MODEL_APPLIED_FROM_CALIBRATED_FRAMEWORK
client_interview_1,BM-029,Uncertainty / Ambiguity Aversion,APP-01771,EV-53f9e16aa858,joined_on_time,False,MODEL_APPLIED_FROM_CALIBRATED_FRAMEWORK
client_interview_1,BM-001,Status Quo Bias,APP-01771,EV-678332f71355,joined_on_time,False,MODEL_APPLIED_FROM_CALIBRATED_FRAMEWORK
client_interview_1,BM-001,Status Quo Bias,APP-01771,EV-900399ab9041,joined_on_time,False,MODEL_APPLIED_FROM_CALIBRATED_FRAMEWORK
background_check,BM-001,Status Quo Bias,APP-01771,EV-e9e5fab70088,joined_on_time,False,MODEL_APPLIED_FROM_CALIBRATED_FRAMEWORK
background_check,BM-001,Status Quo Bias,APP-01771,EV-ea765e7a5005,joined_on_time,False,MODEL_APPLIED_FROM_CALIBRATED_FRAMEWORK
background_check,BM-001,Status Quo Bias,APP-01771,EV-11ac27085202,joined_on_time,False,MODEL_APPLIED_FROM_CALIBRATED_FRAMEWORK
background_check,BM-020,Commitment / Consistency,APP-01773,EV-907e95a827cd,joined_on_time,False,MODEL_APPLIED_FROM_CALIBRATED_FRAMEWORK
onboarding_docs_sent,BM-020,Commitment / Consistency,APP-01773,EV-5fd4aee23128,joined_on_time,False,MODEL_APPLIED_FROM_CALIBRATED_FRAMEWORK
unknown,BM-001,Status Quo Bias,APP-01775,EV-f6f4e3e3cf5d,withdrew_post_acceptance,True,MODEL_APPLIED_FROM_CALIBRATED_FRAMEWORK
unknown,BM-014,Confirmation Bias,APP-01775,EV-3f219694e3af,withdrew_post_acceptance,True,MODEL_APPLIED_FROM_CALIBRATED_FRAMEWORK
screened,BM-001,Status Quo Bias,APP-01775,EV-1293dea49b7e,withdrew_post_acceptance,True,MODEL_APPLIED_FROM_CALIBRATED_FRAMEWORK
screened,BM-001,Status Quo Bias,APP-01775,EV-bedc2597fc2f,withdrew_post_acceptance,True,MODEL_APPLIED_FROM_CALIBRATED_FRAMEWORK
client_interview_1,BM-001,Status Quo Bias,APP-01775,EV-946a0f51b8cc,withdrew_post_acceptance,True,MODEL_APPLIED_FROM_CALIBRATED_FRAMEWORK
client_interview_1,BM-014,Confirmation Bias,APP-01775,EV-52b4b11281fa,withdrew_post_acceptance,True,MODEL_APPLIED_FROM_CALIBRATED_FRAMEWORK
offer_accepted,BM-001,Status Quo Bias,APP-01775,EV-56907485168d,withdrew_post_acceptance,True,MODEL_APPLIED_FROM_CALIBRATED_FRAMEWORK
offer_accepted,BM-001,Status Quo Bias,APP-01775,EV-ec1ccaa1fc4b,withdrew_post_acceptance,True,MODEL_APPLIED_FROM_CALIBRATED_FRAMEWORK
offer_accepted,BM-014,Confirmation Bias,APP-01775,EV-0adcdd7712c3,withdrew_post_acceptance,True,MODEL_APPLIED_FROM_CALIBRATED_FRAMEWORK
unknown,BM-001,Status Quo Bias,APP-01776,EV-c5555d47ca6a,joined_on_time,False,MODEL_APPLIED_FROM_CALIBRATED_FRAMEWORK
screened,BM-023,Goal Gradient,APP-01776,EV-4bbc9ee3c633,joined_on_time,False,MODEL_APPLIED_FROM_CALIBRATED_FRAMEWORK
screened,BM-029,Uncertainty / Ambiguity Aversion,APP-01776,EV-020c855ada06,joined_on_time,False,MODEL_APPLIED_FROM_CALIBRATED_FRAMEWORK
screened,BM-023,Goal Gradient,APP-01776,EV-113062b6edc4,joined_on_time,False,MODEL_APPLIED_FROM_CALIBRATED_FRAMEWORK
screened,BM-023,Goal Gradient,APP-01776,EV-808b5a85c929,joined_on_time,False,MODEL_APPLIED_FROM_CALIBRATED_FRAMEWORK
submitted,BM-001,Status Quo Bias,APP-01776,EV-d5a85bd73497,joined_on_time,False,MODEL_APPLIED_FROM_CALIBRATED_FRAMEWORK
client_interview_1,BM-001,Status Quo Bias,APP-01776,EV-a584f67283f5,joined_on_time,False,MODEL_APPLIED_FROM_CALIBRATED_FRAMEWORK
offer_accepted,BM-001,Status Quo Bias,APP-01776,EV-935dae2379ed,joined_on_time,False,MODEL_APPLIED_FROM_CALIBRATED_FRAMEWORK
offer_accepted,BM-001,Status Quo Bias,APP-01776,EV-1b10900bcee2,joined_on_time,False,MODEL_APPLIED_FROM_CALIBRATED_FRAMEWORK
offer_accepted,BM-001,Status Quo Bias,APP-01776,EV-aa9e193925ba,joined_on_time,False,MODEL_APPLIED_FROM_CALIBRATED_FRAMEWORK
offer_accepted,BM-023,Goal Gradient,APP-01776,EV-9939a287d2f6,joined_on_time,False,MODEL_APPLIED_FROM_CALIBRATED_FRAMEWORK
onboarding_docs_sent,BM-023,Goal Gradient,APP-01776,EV-3ccb6cf99609,joined_on_time,False,MODEL_APPLIED_FROM_CALIBRATED_FRAMEWORK
background_check,BM-023,Goal Gradient,APP-01776,EV-6d1d616a7f81,joined_on_time,False,MODEL_APPLIED_FROM_CALIBRATED_FRAMEWORK
background_check,BM-006,Friction,APP-01778,EV-197427a30b3b,joined_on_time,False,MODEL_APPLIED_FROM_CALIBRATED_FRAMEWORK
client_interview_1,BM-023,Goal Gradient,APP-01780,EV-31ff15a7bc29,withdrew_post_acceptance,True,MODEL_APPLIED_FROM_CALIBRATED_FRAMEWORK
client_interview_2,BM-011,Reciprocity,APP-01782,EV-bcceef277212,withdrew_post_acceptance,True,MODEL_APPLIED_FROM_CALIBRATED_FRAMEWORK
client_interview_2,BM-011,Reciprocity,APP-01782,EV-d914dfed6608,withdrew_post_acceptance,True,MODEL_APPLIED_FROM_CALIBRATED_FRAMEWORK
offer_accepted,BM-002,Loss Aversion,APP-01782,EV-04c6176592df,withdrew_post_acceptance,True,MODEL_APPLIED_FROM_CALIBRATED_FRAMEWORK
screened,BM-020,Commitment / Consistency,APP-01783,EV-5d704a780877,accepted_no_show,True,MODEL_APPLIED_FROM_CALIBRATED_FRAMEWORK
offer_accepted,BM-020,Commitment / Consistency,APP-01783,EV-c6331466afa8,accepted_no_show,True,MODEL_APPLIED_FROM_CALIBRATED_FRAMEWORK
offer_accepted,BM-020,Commitment / Consistency,APP-01783,EV-4ec45cf399e7,accepted_no_show,True,MODEL_APPLIED_FROM_CALIBRATED_FRAMEWORK
unknown,BM-029,Uncertainty / Ambiguity Aversion,APP-01786,EV-daf425c6e137,withdrew_post_acceptance,True,MODEL_APPLIED_FROM_CALIBRATED_FRAMEWORK
unknown,BM-029,Uncertainty / Ambiguity Aversion,APP-01786,EV-2ddfaad48b9f,withdrew_post_acceptance,True,MODEL_APPLIED_FROM_CALIBRATED_FRAMEWORK
unknown,BM-001,Status Quo Bias,APP-01786,EV-76f48abf1e70,withdrew_post_acceptance,True,MODEL_APPLIED_FROM_CALIBRATED_FRAMEWORK
screened,BM-002,Loss Aversion,APP-01786,EV-2eae2a306487,withdrew_post_acceptance,True,MODEL_APPLIED_FROM_CALIBRATED_FRAMEWORK
submitted,BM-001,Status Quo Bias,APP-01786,EV-a95c4d6cf041,withdrew_post_acceptance,True,MODEL_APPLIED_FROM_CALIBRATED_FRAMEWORK
submitted,BM-029,Uncertainty / Ambiguity Aversion,APP-01786,EV-1afdb28dbba9,withdrew_post_acceptance,True,MODEL_APPLIED_FROM_CALIBRATED_FRAMEWORK
client_interview_2,BM-002,Loss Aversion,APP-01786,EV-9aeff85ce3ae,withdrew_post_acceptance,True,MODEL_APPLIED_FROM_CALIBRATED_FRAMEWORK
offer_accepted,BM-002,Loss Aversion,APP-01786,EV-35464cc79b35,withdrew_post_acceptance,True,MODEL_APPLIED_FROM_CALIBRATED_FRAMEWORK
submitted,BM-001,Status Quo Bias,APP-01788,EV-4c892a63e20c,withdrew_post_acceptance,True,MODEL_APPLIED_FROM_CALIBRATED_FRAMEWORK
submitted,BM-001,Status Quo Bias,APP-01788,EV-a8c3872b5c20,withdrew_post_acceptance,True,MODEL_APPLIED_FROM_CALIBRATED_FRAMEWORK
submitted,BM-001,Status Quo Bias,APP-01788,EV-824a8c2936a3,withdrew_post_acceptance,True,MODEL_APPLIED_FROM_CALIBRATED_FRAMEWORK
offer_extended,BM-029,Uncertainty / Ambiguity Aversion,APP-01788,EV-e227d61e2b77,withdrew_post_acceptance,True,MODEL_APPLIED_FROM_CALIBRATED_FRAMEWORK
offer_extended,BM-029,Uncertainty / Ambiguity Aversion,APP-01788,EV-22fd0654b045,withdrew_post_acceptance,True,MODEL_APPLIED_FROM_CALIBRATED_FRAMEWORK
offer_extended,BM-001,Status Quo Bias,APP-01788,EV-17c36df91024,withdrew_post_acceptance,True,MODEL_APPLIED_FROM_CALIBRATED_FRAMEWORK
submitted,BM-018,Identity Signaling,APP-01789,EV-2210e1929a5d,joined_on_time,False,MODEL_APPLIED_FROM_CALIBRATED_FRAMEWORK
unknown,BM-011,Reciprocity,APP-01790,EV-5ad34ec59ee1,joined_on_time,False,MODEL_APPLIED_FROM_CALIBRATED_FRAMEWORK
client_interview_1,BM-011,Reciprocity,APP-01790,EV-7e5f423a2cc9,joined_on_time,False,MODEL_APPLIED_FROM_CALIBRATED_FRAMEWORK
offer_accepted,BM-011,Reciprocity,APP-01790,EV-d939f61f2948,joined_on_time,False,MODEL_APPLIED_FROM_CALIBRATED_FRAMEWORK
background_check,BM-011,Reciprocity,APP-01790,EV-73291bd02df6,joined_on_time,False,MODEL_APPLIED_FROM_CALIBRATED_FRAMEWORK
background_check,BM-011,Reciprocity,APP-01790,EV-eeaba2145c36,joined_on_time,False,MODEL_APPLIED_FROM_CALIBRATED_FRAMEWORK
onboarding_docs_sent,BM-011,Reciprocity,APP-01790,EV-5124d2f57b23,joined_on_time,False,MODEL_APPLIED_FROM_CALIBRATED_FRAMEWORK
unknown,BM-029,Uncertainty / Ambiguity Aversion,APP-01794,EV-68f68433f674,withdrew_post_acceptance,True,MODEL_APPLIED_FROM_CALIBRATED_FRAMEWORK
unknown,BM-023,Goal Gradient,APP-01794,EV-60e3faecf05c,withdrew_post_acceptance,True,MODEL_APPLIED_FROM_CALIBRATED_FRAMEWORK
screened,BM-001,Status Quo Bias,APP-01794,EV-76cbd0d90ffd,withdrew_post_acceptance,True,MODEL_APPLIED_FROM_CALIBRATED_FRAMEWORK
submitted,BM-001,Status Quo Bias,APP-01794,EV-ab5ef5b2d5fa,withdrew_post_acceptance,True,MODEL_APPLIED_FROM_CALIBRATED_FRAMEWORK
submitted,BM-001,Status Quo Bias,APP-01794,EV-43f33dfbca55,withdrew_post_acceptance,True,MODEL_APPLIED_FROM_CALIBRATED_FRAMEWORK
background_check,BM-029,Uncertainty / Ambiguity Aversion,APP-01794,EV-6b7ec19ac878,withdrew_post_acceptance,True,MODEL_APPLIED_FROM_CALIBRATED_FRAMEWORK
background_check,BM-023,Goal Gradient,APP-01794,EV-945881993b4e,withdrew_post_acceptance,True,MODEL_APPLIED_FROM_CALIBRATED_FRAMEWORK
background_check,BM-023,Goal Gradient,APP-01794,EV-15937678cee1,withdrew_post_acceptance,True,MODEL_APPLIED_FROM_CALIBRATED_FRAMEWORK
background_check,BM-023,Goal Gradient,APP-01794,EV-63416880c2c0,withdrew_post_acceptance,True,MODEL_APPLIED_FROM_CALIBRATED_FRAMEWORK
background_check,BM-001,Status Quo Bias,APP-01794,EV-bcace1b4f855,withdrew_post_acceptance,True,MODEL_APPLIED_FROM_CALIBRATED_FRAMEWORK
background_check,BM-001,Status Quo Bias,APP-01794,EV-ce3b9fecb32a,withdrew_post_acceptance,True,MODEL_APPLIED_FROM_CALIBRATED_FRAMEWORK
screened,BM-001,Status Quo Bias,APP-01795,EV-b436f40fa983,declined_offer,True,MODEL_APPLIED_FROM_CALIBRATED_FRAMEWORK
screened,BM-029,Uncertainty / Ambiguity Aversion,APP-01795,EV-6a42d292cdf4,declined_offer,True,MODEL_APPLIED_FROM_CALIBRATED_FRAMEWORK
submitted,BM-001,Status Quo Bias,APP-01795,EV-5ea9a783a4e6,declined_offer,True,MODEL_APPLIED_FROM_CALIBRATED_FRAMEWORK
submitted,BM-029,Uncertainty / Ambiguity Aversion,APP-01795,EV-bde0cb79157a,declined_offer,True,MODEL_APPLIED_FROM_CALIBRATED_FRAMEWORK
submitted,BM-029,Uncertainty / Ambiguity Aversion,APP-01795,EV-007461767d40,declined_offer,True,MODEL_APPLIED_FROM_CALIBRATED_FRAMEWORK
submitted,BM-001,Status Quo Bias,APP-01795,EV-3d3d39682f4b,declined_offer,True,MODEL_APPLIED_FROM_CALIBRATED_FRAMEWORK
submitted,BM-001,Status Quo Bias,APP-01795,EV-d68e4ef43da6,declined_offer,True,MODEL_APPLIED_FROM_CALIBRATED_FRAMEWORK
client_interview_1,BM-001,Status Quo Bias,APP-01795,EV-351b6f22f38f,declined_offer,True,MODEL_APPLIED_FROM_CALIBRATED_FRAMEWORK
client_interview_1,BM-001,Status Quo Bias,APP-01795,EV-05241f85b7d4,declined_offer,True,MODEL_APPLIED_FROM_CALIBRATED_FRAMEWORK
offer_extended,BM-001,Status Quo Bias,APP-01795,EV-9fbfcb952700,declined_offer,True,MODEL_APPLIED_FROM_CALIBRATED_FRAMEWORK
offer_extended,BM-001,Status Quo Bias,APP-01795,EV-b0f69afda0a9,declined_offer,True,MODEL_APPLIED_FROM_CALIBRATED_FRAMEWORK
offer_accepted,BM-006,Friction,APP-01797,EV-e3c1459aa391,joined_on_time,False,HUMAN_REVIEWED
offer_accepted,BM-006,Friction,APP-01797,EV-559e606ef85c,joined_on_time,False,MODEL_APPLIED_FROM_CALIBRATED_FRAMEWORK
unknown,BM-001,Status Quo Bias,APP-01798,EV-eb0412c3fdde,joined_on_time,False,MODEL_APPLIED_FROM_CALIBRATED_FRAMEWORK
client_interview_2,BM-001,Status Quo Bias,APP-01798,EV-eaec48bce7af,joined_on_time,False,MODEL_APPLIED_FROM_CALIBRATED_FRAMEWORK
offer_extended,BM-029,Uncertainty / Ambiguity Aversion,APP-01798,EV-5a07fe7a6257,joined_on_time,False,MODEL_APPLIED_FROM_CALIBRATED_FRAMEWORK
offer_extended,BM-029,Uncertainty / Ambiguity Aversion,APP-01798,EV-3c3e793c3d8d,joined_on_time,False,MODEL_APPLIED_FROM_CALIBRATED_FRAMEWORK
offer_accepted,BM-001,Status Quo Bias,APP-01798,EV-286fe1a0864f,joined_on_time,False,MODEL_APPLIED_FROM_CALIBRATED_FRAMEWORK
offer_accepted,BM-001,Status Quo Bias,APP-01798,EV-cb3148ff509c,joined_on_time,False,MODEL_APPLIED_FROM_CALIBRATED_FRAMEWORK
offer_accepted,BM-001,Status Quo Bias,APP-01798,EV-90a6ae197eb3,joined_on_time,False,MODEL_APPLIED_FROM_CALIBRATED_FRAMEWORK
background_check,BM-011,Reciprocity,APP-01800,EV-48acc11bb2c8,joined_on_time,False,MODEL_APPLIED_FROM_CALIBRATED_FRAMEWORK
client_interview_1,BM-011,Reciprocity,APP-01804,EV-184eb2c37aa7,joined_on_time,False,MODEL_APPLIED_FROM_CALIBRATED_FRAMEWORK
background_check,BM-023,Goal Gradient,APP-01804,EV-dd7ccce282d5,joined_on_time,False,MODEL_APPLIED_FROM_CALIBRATED_FRAMEWORK
background_check,BM-011,Reciprocity,APP-01804,EV-f4491cdb8242,joined_on_time,False,MODEL_APPLIED_FROM_CALIBRATED_FRAMEWORK
client_interview_1,BM-002,Loss Aversion,APP-01806,EV-5ac5f65f2cae,joined_on_time,False,MODEL_APPLIED_FROM_CALIBRATED_FRAMEWORK
offer_accepted,BM-020,Commitment / Consistency,APP-01808,EV-453f09d7bc98,rejected_by_client,True,MODEL_APPLIED_FROM_CALIBRATED_FRAMEWORK
offer_accepted,BM-018,Identity Signaling,APP-01808,EV-6956878598dc,rejected_by_client,True,MODEL_APPLIED_FROM_CALIBRATED_FRAMEWORK
client_interview_1,BM-029,Uncertainty / Ambiguity Aversion,APP-01809,EV-f79d5ca19516,joined_on_time,False,MODEL_APPLIED_FROM_CALIBRATED_FRAMEWORK
offer_extended,BM-029,Uncertainty / Ambiguity Aversion,APP-01809,EV-0d5f5822d328,joined_on_time,False,MODEL_APPLIED_FROM_CALIBRATED_FRAMEWORK
submitted,BM-006,Friction,APP-01810,EV-9b432d60d90e,joined_on_time,False,MODEL_APPLIED_FROM_CALIBRATED_FRAMEWORK
client_interview_1,BM-006,Friction,APP-01810,EV-a46a3fa0f731,joined_on_time,False,MODEL_APPLIED_FROM_CALIBRATED_FRAMEWORK
client_interview_2,BM-006,Friction,APP-01810,EV-cb0296f16333,joined_on_time,False,MODEL_APPLIED_FROM_CALIBRATED_FRAMEWORK
client_interview_2,BM-006,Friction,APP-01810,EV-1f5f60eb6c07,joined_on_time,False,HUMAN_REVIEWED
offer_extended,BM-006,Friction,APP-01810,EV-1af87749137f,joined_on_time,False,MODEL_APPLIED_FROM_CALIBRATED_FRAMEWORK
onboarding_docs_sent,BM-006,Friction,APP-01810,EV-cc21d6a76961,joined_on_time,False,MODEL_APPLIED_FROM_CALIBRATED_FRAMEWORK
onboarding_docs_sent,BM-020,Commitment / Consistency,APP-01811,EV-7712437ff25d,joined_late,False,MODEL_APPLIED_FROM_CALIBRATED_FRAMEWORK
submitted,BM-023,Goal Gradient,APP-01812,EV-b8de01ba971c,declined_offer,True,MODEL_APPLIED_FROM_CALIBRATED_FRAMEWORK
client_interview_1,BM-023,Goal Gradient,APP-01812,EV-0ae5f0022211,declined_offer,True,MODEL_APPLIED_FROM_CALIBRATED_FRAMEWORK
submitted,BM-006,Friction,APP-01816,EV-883df6e63231,joined_on_time,False,MODEL_APPLIED_FROM_CALIBRATED_FRAMEWORK
submitted,BM-006,Friction,APP-01816,EV-3aa9fdfa5050,joined_on_time,False,HUMAN_REVIEWED
submitted,BM-020,Commitment / Consistency,APP-01816,EV-3c227870959e,joined_on_time,False,MODEL_APPLIED_FROM_CALIBRATED_FRAMEWORK
background_check,BM-029,Uncertainty / Ambiguity Aversion,APP-01817,EV-a3d310672e52,joined_on_time,False,MODEL_APPLIED_FROM_CALIBRATED_FRAMEWORK
background_check,BM-029,Uncertainty / Ambiguity Aversion,APP-01817,EV-77e73f6a47eb,joined_on_time,False,MODEL_APPLIED_FROM_CALIBRATED_FRAMEWORK
submitted,BM-001,Status Quo Bias,APP-01822,EV-5d700a694f1b,joined_on_time,False,MODEL_APPLIED_FROM_CALIBRATED_FRAMEWORK
client_interview_1,BM-001,Status Quo Bias,APP-01822,EV-b98f6495f2c0,joined_on_time,False,MODEL_APPLIED_FROM_CALIBRATED_FRAMEWORK
client_interview_1,BM-014,Confirmation Bias,APP-01822,EV-e3901cbcf70c,joined_on_time,False,MODEL_APPLIED_FROM_CALIBRATED_FRAMEWORK
client_interview_1,BM-001,Status Quo Bias,APP-01822,EV-12d82254b5ae,joined_on_time,False,MODEL_APPLIED_FROM_CALIBRATED_FRAMEWORK
client_interview_1,BM-001,Status Quo Bias,APP-01826,EV-4f15db05966e,joined_on_time,False,MODEL_APPLIED_FROM_CALIBRATED_FRAMEWORK
client_interview_2,BM-001,Status Quo Bias,APP-01826,EV-ca6cae2f45bb,joined_on_time,False,MODEL_APPLIED_FROM_CALIBRATED_FRAMEWORK
background_check,BM-001,Status Quo Bias,APP-01826,EV-3b98c35b20d1,joined_on_time,False,MODEL_APPLIED_FROM_CALIBRATED_FRAMEWORK
background_check,BM-029,Uncertainty / Ambiguity Aversion,APP-01826,EV-6492e1de528f,joined_on_time,False,MODEL_APPLIED_FROM_CALIBRATED_FRAMEWORK
unknown,BM-029,Uncertainty / Ambiguity Aversion,APP-01827,EV-9d42271c57de,declined_offer,True,MODEL_APPLIED_FROM_CALIBRATED_FRAMEWORK
unknown,BM-005,Choice Overload,APP-01827,EV-e60fbc2fa681,declined_offer,True,MODEL_APPLIED_FROM_CALIBRATED_FRAMEWORK
submitted,BM-005,Choice Overload,APP-01827,EV-df40189772b5,declined_offer,True,MODEL_APPLIED_FROM_CALIBRATED_FRAMEWORK
submitted,BM-005,Choice Overload,APP-01827,EV-b8478d382ea5,declined_offer,True,MODEL_APPLIED_FROM_CALIBRATED_FRAMEWORK
submitted,BM-029,Uncertainty / Ambiguity Aversion,APP-01827,EV-ce5ba0313573,declined_offer,True,MODEL_APPLIED_FROM_CALIBRATED_FRAMEWORK
client_interview_1,BM-005,Choice Overload,APP-01827,EV-4f7a812f0e56,declined_offer,True,MODEL_APPLIED_FROM_CALIBRATED_FRAMEWORK
client_interview_1,BM-005,Choice Overload,APP-01827,EV-9d8f7b8f469c,declined_offer,True,MODEL_APPLIED_FROM_CALIBRATED_FRAMEWORK
client_interview_2,BM-005,Choice Overload,APP-01827,EV-f915b2163cbd,declined_offer,True,MODEL_APPLIED_FROM_CALIBRATED_FRAMEWORK
submitted,BM-023,Goal Gradient,APP-01828,EV-7e7a1b61a1eb,joined_on_time,False,MODEL_APPLIED_FROM_CALIBRATED_FRAMEWORK
submitted,BM-023,Goal Gradient,APP-01828,EV-9cf17df24a72,joined_on_time,False,MODEL_APPLIED_FROM_CALIBRATED_FRAMEWORK
offer_extended,BM-029,Uncertainty / Ambiguity Aversion,APP-01828,EV-382a92ca49f5,joined_on_time,False,MODEL_APPLIED_FROM_CALIBRATED_FRAMEWORK
offer_extended,BM-023,Goal Gradient,APP-01828,EV-179855043041,joined_on_time,False,MODEL_APPLIED_FROM_CALIBRATED_FRAMEWORK
offer_accepted,BM-001,Status Quo Bias,APP-01828,EV-7af0234c6706,joined_on_time,False,MODEL_APPLIED_FROM_CALIBRATED_FRAMEWORK
unknown,BM-013,Anchoring,APP-01829,EV-39539ed3a67d,joined_late,False,HUMAN_REVIEWED
screened,BM-002,Loss Aversion,APP-01829,EV-d8f2458c3fdd,joined_late,False,MODEL_APPLIED_FROM_CALIBRATED_FRAMEWORK
client_interview_1,BM-029,Uncertainty / Ambiguity Aversion,APP-01829,EV-9945cd0fd2c6,joined_late,False,MODEL_APPLIED_FROM_CALIBRATED_FRAMEWORK
client_interview_1,BM-029,Uncertainty / Ambiguity Aversion,APP-01829,EV-529f80eb61cd,joined_late,False,MODEL_APPLIED_FROM_CALIBRATED_FRAMEWORK
offer_accepted,BM-002,Loss Aversion,APP-01829,EV-63ace71c0eb1,joined_late,False,MODEL_APPLIED_FROM_CALIBRATED_FRAMEWORK
background_check,BM-002,Loss Aversion,APP-01829,EV-fb6ba56574a0,joined_late,False,MODEL_APPLIED_FROM_CALIBRATED_FRAMEWORK
offer_accepted,BM-029,Uncertainty / Ambiguity Aversion,APP-01831,EV-bbb77e86a949,joined_on_time,False,MODEL_APPLIED_FROM_CALIBRATED_FRAMEWORK
offer_accepted,BM-029,Uncertainty / Ambiguity Aversion,APP-01831,EV-4afe0053d9a7,joined_on_time,False,MODEL_APPLIED_FROM_CALIBRATED_FRAMEWORK
offer_accepted,BM-029,Uncertainty / Ambiguity Aversion,APP-01831,EV-19294ecfc9ca,joined_on_time,False,MODEL_APPLIED_FROM_CALIBRATED_FRAMEWORK
offer_accepted,BM-029,Uncertainty / Ambiguity Aversion,APP-01831,EV-dffaf4469fcc,joined_on_time,False,MODEL_APPLIED_FROM_CALIBRATED_FRAMEWORK
offer_accepted,BM-002,Loss Aversion,APP-01831,EV-58369a734499,joined_on_time,False,MODEL_APPLIED_FROM_CALIBRATED_FRAMEWORK
background_check,BM-029,Uncertainty / Ambiguity Aversion,APP-01834,EV-a3a79b827221,joined_late,False,MODEL_APPLIED_FROM_CALIBRATED_FRAMEWORK
background_check,BM-029,Uncertainty / Ambiguity Aversion,APP-01834,EV-c8f84d18ff7e,joined_late,False,MODEL_APPLIED_FROM_CALIBRATED_FRAMEWORK
onboarding_docs_sent,BM-029,Uncertainty / Ambiguity Aversion,APP-01834,EV-8970f5d578b1,joined_late,False,MODEL_APPLIED_FROM_CALIBRATED_FRAMEWORK
onboarding_docs_sent,BM-029,Uncertainty / Ambiguity Aversion,APP-01834,EV-2ceef617316c,joined_late,False,MODEL_APPLIED_FROM_CALIBRATED_FRAMEWORK
submitted,BM-023,Goal Gradient,APP-01836,EV-9251f0ebc9c1,declined_offer,True,MODEL_APPLIED_FROM_CALIBRATED_FRAMEWORK
submitted,BM-006,Friction,APP-01838,EV-9497c591a814,accepted_no_show,True,MODEL_APPLIED_FROM_CALIBRATED_FRAMEWORK
submitted,BM-006,Friction,APP-01838,EV-b351b6ce2bbe,accepted_no_show,True,MODEL_APPLIED_FROM_CALIBRATED_FRAMEWORK
submitted,BM-023,Goal Gradient,APP-01838,EV-073cc3262635,accepted_no_show,True,MODEL_APPLIED_FROM_CALIBRATED_FRAMEWORK
submitted,BM-006,Friction,APP-01838,EV-dd7e8d87296a,accepted_no_show,True,MODEL_APPLIED_FROM_CALIBRATED_FRAMEWORK
submitted,BM-006,Friction,APP-01838,EV-ef8cf63e30c4,accepted_no_show,True,MODEL_APPLIED_FROM_CALIBRATED_FRAMEWORK
client_interview_1,BM-006,Friction,APP-01838,EV-a680b1236de6,accepted_no_show,True,MODEL_APPLIED_FROM_CALIBRATED_FRAMEWORK
offer_accepted,BM-006,Friction,APP-01838,EV-5d022656ca28,accepted_no_show,True,MODEL_APPLIED_FROM_CALIBRATED_FRAMEWORK
onboarding_docs_sent,BM-006,Friction,APP-01838,EV-ad49c3ac930d,accepted_no_show,True,MODEL_APPLIED_FROM_CALIBRATED_FRAMEWORK
unknown,BM-006,Friction,APP-01841,EV-e0e8fb51306f,joined_on_time,False,MODEL_APPLIED_FROM_CALIBRATED_FRAMEWORK
unknown,BM-023,Goal Gradient,APP-01841,EV-39cef1d7d483,joined_on_time,False,MODEL_APPLIED_FROM_CALIBRATED_FRAMEWORK
offer_extended,BM-006,Friction,APP-01841,EV-b46af18636dc,joined_on_time,False,MODEL_APPLIED_FROM_CALIBRATED_FRAMEWORK
onboarding_docs_sent,BM-006,Friction,APP-01841,EV-4402a1afc806,joined_on_time,False,MODEL_APPLIED_FROM_CALIBRATED_FRAMEWORK
onboarding_docs_sent,BM-006,Friction,APP-01841,EV-476b5b45fcc9,joined_on_time,False,MODEL_APPLIED_FROM_CALIBRATED_FRAMEWORK
screened,BM-006,Friction,APP-01842,EV-0b9e61bd17aa,rejected_by_client,True,MODEL_APPLIED_FROM_CALIBRATED_FRAMEWORK
submitted,BM-006,Friction,APP-01842,EV-12a37d482960,rejected_by_client,True,MODEL_APPLIED_FROM_CALIBRATED_FRAMEWORK
submitted,BM-006,Friction,APP-01842,EV-7d6d094e65f0,rejected_by_client,True,MODEL_APPLIED_FROM_CALIBRATED_FRAMEWORK
submitted,BM-006,Friction,APP-01842,EV-59366ef808c7,rejected_by_client,True,MODEL_APPLIED_FROM_CALIBRATED_FRAMEWORK
submitted,BM-006,Friction,APP-01842,EV-d3514da81f58,rejected_by_client,True,HUMAN_REVIEWED
submitted,BM-006,Friction,APP-01842,EV-b4ea3899f142,rejected_by_client,True,MODEL_APPLIED_FROM_CALIBRATED_FRAMEWORK
submitted,BM-011,Reciprocity,APP-01842,EV-95d313430d52,rejected_by_client,True,MODEL_APPLIED_FROM_CALIBRATED_FRAMEWORK
submitted,BM-006,Friction,APP-01842,EV-c45e3550c5e4,rejected_by_client,True,MODEL_APPLIED_FROM_CALIBRATED_FRAMEWORK
submitted,BM-006,Friction,APP-01842,EV-fe559107e83d,rejected_by_client,True,MODEL_APPLIED_FROM_CALIBRATED_FRAMEWORK
submitted,BM-011,Reciprocity,APP-01842,EV-64ce1df299e8,rejected_by_client,True,MODEL_APPLIED_FROM_CALIBRATED_FRAMEWORK
client_interview_1,BM-006,Friction,APP-01842,EV-44a260d15253,rejected_by_client,True,HUMAN_REVIEWED
client_interview_1,BM-006,Friction,APP-01842,EV-3bb3979625f8,rejected_by_client,True,MODEL_APPLIED_FROM_CALIBRATED_FRAMEWORK
offer_extended,BM-011,Reciprocity,APP-01842,EV-692adce7ae1a,rejected_by_client,True,MODEL_APPLIED_FROM_CALIBRATED_FRAMEWORK
offer_accepted,BM-006,Friction,APP-01842,EV-1d0d44717404,rejected_by_client,True,MODEL_APPLIED_FROM_CALIBRATED_FRAMEWORK
background_check,BM-006,Friction,APP-01842,EV-4e22442533b6,rejected_by_client,True,MODEL_APPLIED_FROM_CALIBRATED_FRAMEWORK
background_check,BM-006,Friction,APP-01842,EV-5a62b540d3f9,rejected_by_client,True,MODEL_APPLIED_FROM_CALIBRATED_FRAMEWORK
offer_accepted,BM-005,Choice Overload,APP-01844,EV-3c50e48764ec,joined_on_time,False,MODEL_APPLIED_FROM_CALIBRATED_FRAMEWORK
offer_accepted,BM-005,Choice Overload,APP-01844,EV-92ac3cefefb5,joined_on_time,False,MODEL_APPLIED_FROM_CALIBRATED_FRAMEWORK
background_check,BM-029,Uncertainty / Ambiguity Aversion,APP-01844,EV-bf72c9961eaf,joined_on_time,False,MODEL_APPLIED_FROM_CALIBRATED_FRAMEWORK
background_check,BM-005,Choice Overload,APP-01844,EV-0bfda8f6af3d,joined_on_time,False,MODEL_APPLIED_FROM_CALIBRATED_FRAMEWORK
background_check,BM-005,Choice Overload,APP-01844,EV-febf3eaabda0,joined_on_time,False,MODEL_APPLIED_FROM_CALIBRATED_FRAMEWORK
screened,BM-014,Confirmation Bias,APP-01845,EV-22fc71e18227,joined_on_time,False,MODEL_APPLIED_FROM_CALIBRATED_FRAMEWORK
submitted,BM-014,Confirmation Bias,APP-01845,EV-68cedc226ab5,joined_on_time,False,MODEL_APPLIED_FROM_CALIBRATED_FRAMEWORK
submitted,BM-014,Confirmation Bias,APP-01845,EV-9fb0e32cb779,joined_on_time,False,MODEL_APPLIED_FROM_CALIBRATED_FRAMEWORK
submitted,BM-014,Confirmation Bias,APP-01845,EV-036b9ba147cb,joined_on_time,False,MODEL_APPLIED_FROM_CALIBRATED_FRAMEWORK
submitted,BM-014,Confirmation Bias,APP-01845,EV-994e88f2cc8c,joined_on_time,False,MODEL_APPLIED_FROM_CALIBRATED_FRAMEWORK
offer_accepted,BM-014,Confirmation Bias,APP-01845,EV-378c0c4ed47f,joined_on_time,False,MODEL_APPLIED_FROM_CALIBRATED_FRAMEWORK
background_check,BM-029,Uncertainty / Ambiguity Aversion,APP-01845,EV-00cb1c4db921,joined_on_time,False,HUMAN_REVIEWED
onboarding_docs_sent,BM-014,Confirmation Bias,APP-01845,EV-eee5873308ff,joined_on_time,False,MODEL_APPLIED_FROM_CALIBRATED_FRAMEWORK
submitted,BM-023,Goal Gradient,APP-01848,EV-4f183acdee22,joined_on_time,False,MODEL_APPLIED_FROM_CALIBRATED_FRAMEWORK
submitted,BM-001,Status Quo Bias,APP-01848,EV-ff679956cefb,joined_on_time,False,MODEL_APPLIED_FROM_CALIBRATED_FRAMEWORK
submitted,BM-001,Status Quo Bias,APP-01848,EV-3f3aeed1dfac,joined_on_time,False,MODEL_APPLIED_FROM_CALIBRATED_FRAMEWORK
unknown,BM-029,Uncertainty / Ambiguity Aversion,APP-01851,EV-825e828e394a,joined_on_time,False,MODEL_APPLIED_FROM_CALIBRATED_FRAMEWORK
client_interview_2,BM-006,Friction,APP-01851,EV-7534ae4b9315,joined_on_time,False,MODEL_APPLIED_FROM_CALIBRATED_FRAMEWORK
client_interview_2,BM-006,Friction,APP-01851,EV-92d5def6513b,joined_on_time,False,MODEL_APPLIED_FROM_CALIBRATED_FRAMEWORK
client_interview_2,BM-006,Friction,APP-01851,EV-6d44c6b4a7a8,joined_on_time,False,MODEL_APPLIED_FROM_CALIBRATED_FRAMEWORK
client_interview_2,BM-006,Friction,APP-01851,EV-6e19866b73f4,joined_on_time,False,MODEL_APPLIED_FROM_CALIBRATED_FRAMEWORK
offer_accepted,BM-006,Friction,APP-01851,EV-9d557bb09851,joined_on_time,False,MODEL_APPLIED_FROM_CALIBRATED_FRAMEWORK
background_check,BM-029,Uncertainty / Ambiguity Aversion,APP-01851,EV-e8937e04892e,joined_on_time,False,MODEL_APPLIED_FROM_CALIBRATED_FRAMEWORK
submitted,BM-001,Status Quo Bias,APP-01852,EV-588b37036160,withdrew_post_acceptance,True,MODEL_APPLIED_FROM_CALIBRATED_FRAMEWORK
submitted,BM-001,Status Quo Bias,APP-01852,EV-f2da429f9417,withdrew_post_acceptance,True,MODEL_APPLIED_FROM_CALIBRATED_FRAMEWORK
submitted,BM-001,Status Quo Bias,APP-01852,EV-113e9d54b33d,withdrew_post_acceptance,True,MODEL_APPLIED_FROM_CALIBRATED_FRAMEWORK
unknown,BM-011,Reciprocity,APP-01853,EV-0c723ec47c7e,joined_late,False,MODEL_APPLIED_FROM_CALIBRATED_FRAMEWORK
background_check,BM-011,Reciprocity,APP-01853,EV-4543dfd41cf9,joined_late,False,MODEL_APPLIED_FROM_CALIBRATED_FRAMEWORK
background_check,BM-002,Loss Aversion,APP-01854,EV-f82060c7d337,joined_on_time,False,MODEL_APPLIED_FROM_CALIBRATED_FRAMEWORK
submitted,BM-006,Friction,APP-01859,EV-faf2dec98120,rejected_by_client,True,MODEL_APPLIED_FROM_CALIBRATED_FRAMEWORK
submitted,BM-006,Friction,APP-01859,EV-e43a7dd2b7c2,rejected_by_client,True,MODEL_APPLIED_FROM_CALIBRATED_FRAMEWORK
submitted,BM-006,Friction,APP-01859,EV-0af5ed5f0831,rejected_by_client,True,MODEL_APPLIED_FROM_CALIBRATED_FRAMEWORK
client_interview_1,BM-006,Friction,APP-01859,EV-cbb5980b2b44,rejected_by_client,True,MODEL_APPLIED_FROM_CALIBRATED_FRAMEWORK
background_check,BM-006,Friction,APP-01859,EV-6f1a0396c630,rejected_by_client,True,MODEL_APPLIED_FROM_CALIBRATED_FRAMEWORK
background_check,BM-006,Friction,APP-01859,EV-32c70bb15346,rejected_by_client,True,MODEL_APPLIED_FROM_CALIBRATED_FRAMEWORK
background_check,BM-006,Friction,APP-01859,EV-65f18dd6b801,rejected_by_client,True,MODEL_APPLIED_FROM_CALIBRATED_FRAMEWORK
background_check,BM-006,Friction,APP-01859,EV-535c7c49d2e1,rejected_by_client,True,MODEL_APPLIED_FROM_CALIBRATED_FRAMEWORK
background_check,BM-006,Friction,APP-01859,EV-b2855fb8cf03,rejected_by_client,True,MODEL_APPLIED_FROM_CALIBRATED_FRAMEWORK
submitted,BM-001,Status Quo Bias,APP-01860,EV-7ae192178e75,declined_offer,True,MODEL_APPLIED_FROM_CALIBRATED_FRAMEWORK
submitted,BM-001,Status Quo Bias,APP-01860,EV-f69d6c96b18c,declined_offer,True,MODEL_APPLIED_FROM_CALIBRATED_FRAMEWORK
submitted,BM-029,Uncertainty / Ambiguity Aversion,APP-01860,EV-5def948280ea,declined_offer,True,MODEL_APPLIED_FROM_CALIBRATED_FRAMEWORK
screened,BM-029,Uncertainty / Ambiguity Aversion,APP-01863,EV-8d83f0321f16,declined_offer,True,MODEL_APPLIED_FROM_CALIBRATED_FRAMEWORK
screened,BM-029,Uncertainty / Ambiguity Aversion,APP-01863,EV-c33b1fc13e4c,declined_offer,True,MODEL_APPLIED_FROM_CALIBRATED_FRAMEWORK
submitted,BM-029,Uncertainty / Ambiguity Aversion,APP-01863,EV-f3a01d46633e,declined_offer,True,MODEL_APPLIED_FROM_CALIBRATED_FRAMEWORK
submitted,BM-029,Uncertainty / Ambiguity Aversion,APP-01863,EV-3930d5bd791e,declined_offer,True,MODEL_APPLIED_FROM_CALIBRATED_FRAMEWORK
submitted,BM-001,Status Quo Bias,APP-01863,EV-542ff7679914,declined_offer,True,MODEL_APPLIED_FROM_CALIBRATED_FRAMEWORK
unknown,BM-029,Uncertainty / Ambiguity Aversion,APP-01864,EV-cc121c95a97b,accepted_no_show,True,MODEL_APPLIED_FROM_CALIBRATED_FRAMEWORK
background_check,BM-029,Uncertainty / Ambiguity Aversion,APP-01864,EV-fffb7277d668,accepted_no_show,True,MODEL_APPLIED_FROM_CALIBRATED_FRAMEWORK
unknown,BM-005,Choice Overload,APP-01867,EV-83546b2b937f,accepted_no_show,True,MODEL_APPLIED_FROM_CALIBRATED_FRAMEWORK
unknown,BM-005,Choice Overload,APP-01867,EV-9f412a0e893e,accepted_no_show,True,MODEL_APPLIED_FROM_CALIBRATED_FRAMEWORK
screened,BM-005,Choice Overload,APP-01867,EV-9f8e1c53684c,accepted_no_show,True,MODEL_APPLIED_FROM_CALIBRATED_FRAMEWORK
submitted,BM-005,Choice Overload,APP-01867,EV-6986350ed75d,accepted_no_show,True,MODEL_APPLIED_FROM_CALIBRATED_FRAMEWORK
client_interview_1,BM-005,Choice Overload,APP-01867,EV-0570753ddb61,accepted_no_show,True,MODEL_APPLIED_FROM_CALIBRATED_FRAMEWORK
client_interview_2,BM-005,Choice Overload,APP-01867,EV-dc91ff45b6d4,accepted_no_show,True,MODEL_APPLIED_FROM_CALIBRATED_FRAMEWORK
client_interview_2,BM-029,Uncertainty / Ambiguity Aversion,APP-01867,EV-6806d5025702,accepted_no_show,True,MODEL_APPLIED_FROM_CALIBRATED_FRAMEWORK
offer_extended,BM-005,Choice Overload,APP-01867,EV-5d4ec0b88bcd,accepted_no_show,True,MODEL_APPLIED_FROM_CALIBRATED_FRAMEWORK
offer_extended,BM-005,Choice Overload,APP-01867,EV-d515ab451cc0,accepted_no_show,True,MODEL_APPLIED_FROM_CALIBRATED_FRAMEWORK
offer_extended,BM-005,Choice Overload,APP-01867,EV-47602783b1f9,accepted_no_show,True,MODEL_APPLIED_FROM_CALIBRATED_FRAMEWORK
offer_accepted,BM-005,Choice Overload,APP-01867,EV-640ea2588586,accepted_no_show,True,MODEL_APPLIED_FROM_CALIBRATED_FRAMEWORK
offer_accepted,BM-005,Choice Overload,APP-01867,EV-22109a414ff7,accepted_no_show,True,MODEL_APPLIED_FROM_CALIBRATED_FRAMEWORK
onboarding_docs_sent,BM-005,Choice Overload,APP-01867,EV-ec41ad5cdde4,accepted_no_show,True,MODEL_APPLIED_FROM_CALIBRATED_FRAMEWORK
offer_extended,BM-020,Commitment / Consistency,APP-01869,EV-9c7382781ae3,joined_on_time,False,MODEL_APPLIED_FROM_CALIBRATED_FRAMEWORK
offer_extended,BM-018,Identity Signaling,APP-01869,EV-acab4c7774ea,joined_on_time,False,MODEL_APPLIED_FROM_CALIBRATED_FRAMEWORK
offer_accepted,BM-020,Commitment / Consistency,APP-01869,EV-6f69a0107b83,joined_on_time,False,MODEL_APPLIED_FROM_CALIBRATED_FRAMEWORK
offer_accepted,BM-018,Identity Signaling,APP-01869,EV-6ce26b98116f,joined_on_time,False,MODEL_APPLIED_FROM_CALIBRATED_FRAMEWORK
unknown,BM-011,Reciprocity,APP-01870,EV-82c1ca70c2fe,joined_on_time,False,MODEL_APPLIED_FROM_CALIBRATED_FRAMEWORK
offer_extended,BM-011,Reciprocity,APP-01870,EV-b616faf2f95d,joined_on_time,False,MODEL_APPLIED_FROM_CALIBRATED_FRAMEWORK
onboarding_docs_sent,BM-011,Reciprocity,APP-01870,EV-6ad545576c3d,joined_on_time,False,MODEL_APPLIED_FROM_CALIBRATED_FRAMEWORK
onboarding_docs_sent,BM-011,Reciprocity,APP-01870,EV-183c1971604b,joined_on_time,False,MODEL_APPLIED_FROM_CALIBRATED_FRAMEWORK
screened,BM-006,Friction,APP-01871,EV-d22fe1bcbbd9,accepted_no_show,True,MODEL_APPLIED_FROM_CALIBRATED_FRAMEWORK
client_interview_1,BM-006,Friction,APP-01871,EV-2c0b3563ea30,accepted_no_show,True,MODEL_APPLIED_FROM_CALIBRATED_FRAMEWORK
offer_extended,BM-006,Friction,APP-01871,EV-831c13e5f9d4,accepted_no_show,True,MODEL_APPLIED_FROM_CALIBRATED_FRAMEWORK
offer_accepted,BM-006,Friction,APP-01871,EV-14b6e9c4b4fa,accepted_no_show,True,MODEL_APPLIED_FROM_CALIBRATED_FRAMEWORK
background_check,BM-006,Friction,APP-01871,EV-4254236ab84c,accepted_no_show,True,MODEL_APPLIED_FROM_CALIBRATED_FRAMEWORK
background_check,BM-006,Friction,APP-01871,EV-e6052f03c325,accepted_no_show,True,MODEL_APPLIED_FROM_CALIBRATED_FRAMEWORK
background_check,BM-006,Friction,APP-01871,EV-9024ef235a09,accepted_no_show,True,MODEL_APPLIED_FROM_CALIBRATED_FRAMEWORK
background_check,BM-006,Friction,APP-01871,EV-7ba2e9320a78,accepted_no_show,True,HUMAN_REVIEWED
background_check,BM-006,Friction,APP-01871,EV-c97eb0639208,accepted_no_show,True,MODEL_APPLIED_FROM_CALIBRATED_FRAMEWORK
submitted,BM-002,Loss Aversion,APP-01872,EV-63b27b91f002,accepted_no_show,True,MODEL_APPLIED_FROM_CALIBRATED_FRAMEWORK
background_check,BM-029,Uncertainty / Ambiguity Aversion,APP-01872,EV-149bcd62f934,accepted_no_show,True,MODEL_APPLIED_FROM_CALIBRATED_FRAMEWORK
background_check,BM-001,Status Quo Bias,APP-01872,EV-e306b47f7f0d,accepted_no_show,True,MODEL_APPLIED_FROM_CALIBRATED_FRAMEWORK
submitted,BM-001,Status Quo Bias,APP-01874,EV-120c21434d53,withdrew_post_acceptance,True,MODEL_APPLIED_FROM_CALIBRATED_FRAMEWORK
submitted,BM-029,Uncertainty / Ambiguity Aversion,APP-01874,EV-c089f54d8aad,withdrew_post_acceptance,True,MODEL_APPLIED_FROM_CALIBRATED_FRAMEWORK
submitted,BM-023,Goal Gradient,APP-01874,EV-7d825b54ef4a,withdrew_post_acceptance,True,MODEL_APPLIED_FROM_CALIBRATED_FRAMEWORK
client_interview_2,BM-001,Status Quo Bias,APP-01874,EV-109b170661ac,withdrew_post_acceptance,True,MODEL_APPLIED_FROM_CALIBRATED_FRAMEWORK
client_interview_2,BM-001,Status Quo Bias,APP-01874,EV-2a74d66bd61d,withdrew_post_acceptance,True,MODEL_APPLIED_FROM_CALIBRATED_FRAMEWORK
client_interview_2,BM-001,Status Quo Bias,APP-01874,EV-b768f82a33d5,withdrew_post_acceptance,True,MODEL_APPLIED_FROM_CALIBRATED_FRAMEWORK
client_interview_2,BM-023,Goal Gradient,APP-01874,EV-a9536491e5a4,withdrew_post_acceptance,True,MODEL_APPLIED_FROM_CALIBRATED_FRAMEWORK
background_check,BM-001,Status Quo Bias,APP-01874,EV-e9788dafa7da,withdrew_post_acceptance,True,MODEL_APPLIED_FROM_CALIBRATED_FRAMEWORK
background_check,BM-029,Uncertainty / Ambiguity Aversion,APP-01874,EV-d52c770222b0,withdrew_post_acceptance,True,MODEL_APPLIED_FROM_CALIBRATED_FRAMEWORK
background_check,BM-023,Goal Gradient,APP-01874,EV-f0c7a252de41,withdrew_post_acceptance,True,MODEL_APPLIED_FROM_CALIBRATED_FRAMEWORK
background_check,BM-001,Status Quo Bias,APP-01874,EV-c1a632475e66,withdrew_post_acceptance,True,MODEL_APPLIED_FROM_CALIBRATED_FRAMEWORK
background_check,BM-001,Status Quo Bias,APP-01874,EV-bf27dc7e7669,withdrew_post_acceptance,True,MODEL_APPLIED_FROM_CALIBRATED_FRAMEWORK
client_interview_1,BM-002,Loss Aversion,APP-01875,EV-18c54519ceb7,joined_on_time,False,MODEL_APPLIED_FROM_CALIBRATED_FRAMEWORK
offer_accepted,BM-029,Uncertainty / Ambiguity Aversion,APP-01875,EV-b42090f04ef3,joined_on_time,False,MODEL_APPLIED_FROM_CALIBRATED_FRAMEWORK
offer_accepted,BM-029,Uncertainty / Ambiguity Aversion,APP-01875,EV-6f6719b1a208,joined_on_time,False,MODEL_APPLIED_FROM_CALIBRATED_FRAMEWORK
offer_accepted,BM-013,Anchoring,APP-01875,EV-90644e65fca9,joined_on_time,False,HUMAN_REVIEWED
offer_accepted,BM-029,Uncertainty / Ambiguity Aversion,APP-01875,EV-8bfb329696d3,joined_on_time,False,MODEL_APPLIED_FROM_CALIBRATED_FRAMEWORK
offer_accepted,BM-029,Uncertainty / Ambiguity Aversion,APP-01875,EV-dc908bcf11c7,joined_on_time,False,MODEL_APPLIED_FROM_CALIBRATED_FRAMEWORK
offer_accepted,BM-029,Uncertainty / Ambiguity Aversion,APP-01875,EV-61fd42aad584,joined_on_time,False,MODEL_APPLIED_FROM_CALIBRATED_FRAMEWORK
unknown,BM-001,Status Quo Bias,APP-01879,EV-71211a8790d7,joined_on_time,False,MODEL_APPLIED_FROM_CALIBRATED_FRAMEWORK
submitted,BM-029,Uncertainty / Ambiguity Aversion,APP-01879,EV-8c036205d156,joined_on_time,False,MODEL_APPLIED_FROM_CALIBRATED_FRAMEWORK
submitted,BM-023,Goal Gradient,APP-01879,EV-39ddc55748e7,joined_on_time,False,MODEL_APPLIED_FROM_CALIBRATED_FRAMEWORK
submitted,BM-023,Goal Gradient,APP-01879,EV-3c6e12295499,joined_on_time,False,MODEL_APPLIED_FROM_CALIBRATED_FRAMEWORK
submitted,BM-001,Status Quo Bias,APP-01879,EV-ca46801e8636,joined_on_time,False,HUMAN_REVIEWED
offer_accepted,BM-029,Uncertainty / Ambiguity Aversion,APP-01879,EV-4e3a866d6d02,joined_on_time,False,HUMAN_REVIEWED
background_check,BM-001,Status Quo Bias,APP-01879,EV-558c37f9cbd4,joined_on_time,False,MODEL_APPLIED_FROM_CALIBRATED_FRAMEWORK
background_check,BM-023,Goal Gradient,APP-01879,EV-bbf356fceff0,joined_on_time,False,MODEL_APPLIED_FROM_CALIBRATED_FRAMEWORK
background_check,BM-001,Status Quo Bias,APP-01879,EV-8509c6dd99d6,joined_on_time,False,MODEL_APPLIED_FROM_CALIBRATED_FRAMEWORK
onboarding_docs_sent,BM-001,Status Quo Bias,APP-01879,EV-33f7cad16d9f,joined_on_time,False,MODEL_APPLIED_FROM_CALIBRATED_FRAMEWORK
onboarding_docs_sent,BM-029,Uncertainty / Ambiguity Aversion,APP-01879,EV-3a755fcd0943,joined_on_time,False,MODEL_APPLIED_FROM_CALIBRATED_FRAMEWORK
unknown,BM-020,Commitment / Consistency,APP-01880,EV-34aef90a0ff5,joined_on_time,False,MODEL_APPLIED_FROM_CALIBRATED_FRAMEWORK
client_interview_2,BM-006,Friction,APP-01880,EV-acf4e8351bc2,joined_on_time,False,HUMAN_REVIEWED
unknown,BM-006,Friction,APP-01887,EV-3be230848055,joined_late,False,MODEL_APPLIED_FROM_CALIBRATED_FRAMEWORK
unknown,BM-006,Friction,APP-01887,EV-8ca2d2680c07,joined_late,False,MODEL_APPLIED_FROM_CALIBRATED_FRAMEWORK
offer_extended,BM-006,Friction,APP-01887,EV-80bb7435ecd0,joined_late,False,MODEL_APPLIED_FROM_CALIBRATED_FRAMEWORK
offer_extended,BM-006,Friction,APP-01887,EV-6f461723d89b,joined_late,False,MODEL_APPLIED_FROM_CALIBRATED_FRAMEWORK
onboarding_docs_sent,BM-006,Friction,APP-01887,EV-8a2c289add71,joined_late,False,MODEL_APPLIED_FROM_CALIBRATED_FRAMEWORK
offer_accepted,BM-011,Reciprocity,APP-01890,EV-9845c80faaa3,joined_on_time,False,MODEL_APPLIED_FROM_CALIBRATED_FRAMEWORK
offer_extended,BM-006,Friction,APP-01891,EV-f4ca2592b24e,joined_on_time,False,MODEL_APPLIED_FROM_CALIBRATED_FRAMEWORK
client_interview_1,BM-029,Uncertainty / Ambiguity Aversion,APP-01892,EV-98f1c3ac997b,joined_late,False,MODEL_APPLIED_FROM_CALIBRATED_FRAMEWORK
offer_extended,BM-029,Uncertainty / Ambiguity Aversion,APP-01892,EV-95fb318dfc7d,joined_late,False,MODEL_APPLIED_FROM_CALIBRATED_FRAMEWORK
onboarding_docs_sent,BM-029,Uncertainty / Ambiguity Aversion,APP-01892,EV-5a8f568edbfe,joined_late,False,MODEL_APPLIED_FROM_CALIBRATED_FRAMEWORK
unknown,BM-001,Status Quo Bias,APP-01893,EV-ed3050478fda,withdrew_post_acceptance,True,MODEL_APPLIED_FROM_CALIBRATED_FRAMEWORK
background_check,BM-001,Status Quo Bias,APP-01893,EV-e369e7aca785,withdrew_post_acceptance,True,MODEL_APPLIED_FROM_CALIBRATED_FRAMEWORK
client_interview_1,BM-029,Uncertainty / Ambiguity Aversion,APP-01895,EV-c5029fba81b7,joined_on_time,False,MODEL_APPLIED_FROM_CALIBRATED_FRAMEWORK
client_interview_1,BM-029,Uncertainty / Ambiguity Aversion,APP-01895,EV-92f501901d47,joined_on_time,False,MODEL_APPLIED_FROM_CALIBRATED_FRAMEWORK
offer_extended,BM-029,Uncertainty / Ambiguity Aversion,APP-01895,EV-82686c86dfa0,joined_on_time,False,MODEL_APPLIED_FROM_CALIBRATED_FRAMEWORK
screened,BM-011,Reciprocity,APP-01897,EV-c6dd50ac855a,declined_offer,True,MODEL_APPLIED_FROM_CALIBRATED_FRAMEWORK
client_interview_2,BM-011,Reciprocity,APP-01897,EV-04ec28153902,declined_offer,True,MODEL_APPLIED_FROM_CALIBRATED_FRAMEWORK
offer_extended,BM-011,Reciprocity,APP-01897,EV-594f49e68a5f,declined_offer,True,MODEL_APPLIED_FROM_CALIBRATED_FRAMEWORK
screened,BM-001,Status Quo Bias,APP-01902,EV-0f620d747529,joined_on_time,False,MODEL_APPLIED_FROM_CALIBRATED_FRAMEWORK
client_interview_1,BM-001,Status Quo Bias,APP-01902,EV-da63233eb1fd,joined_on_time,False,MODEL_APPLIED_FROM_CALIBRATED_FRAMEWORK
client_interview_1,BM-023,Goal Gradient,APP-01902,EV-acfffab157bf,joined_on_time,False,MODEL_APPLIED_FROM_CALIBRATED_FRAMEWORK
client_interview_1,BM-029,Uncertainty / Ambiguity Aversion,APP-01902,EV-767442ff2b12,joined_on_time,False,MODEL_APPLIED_FROM_CALIBRATED_FRAMEWORK
client_interview_1,BM-023,Goal Gradient,APP-01902,EV-3e0527d45d88,joined_on_time,False,MODEL_APPLIED_FROM_CALIBRATED_FRAMEWORK
offer_extended,BM-006,Friction,APP-01913,EV-68f9158945be,joined_late,False,MODEL_APPLIED_FROM_CALIBRATED_FRAMEWORK
background_check,BM-006,Friction,APP-01913,EV-7e8e3e31e05a,joined_late,False,MODEL_APPLIED_FROM_CALIBRATED_FRAMEWORK
onboarding_docs_sent,BM-006,Friction,APP-01913,EV-ef8a5413e741,joined_late,False,MODEL_APPLIED_FROM_CALIBRATED_FRAMEWORK
onboarding_docs_sent,BM-006,Friction,APP-01913,EV-ba90143440fc,joined_late,False,MODEL_APPLIED_FROM_CALIBRATED_FRAMEWORK
unknown,BM-023,Goal Gradient,APP-01914,EV-b3b4f8e42cbd,declined_offer,True,MODEL_APPLIED_FROM_CALIBRATED_FRAMEWORK
unknown,BM-023,Goal Gradient,APP-01914,EV-ab8043ed42ef,declined_offer,True,MODEL_APPLIED_FROM_CALIBRATED_FRAMEWORK
screened,BM-023,Goal Gradient,APP-01914,EV-428a33008ec6,declined_offer,True,MODEL_APPLIED_FROM_CALIBRATED_FRAMEWORK
offer_extended,BM-023,Goal Gradient,APP-01914,EV-110da8c4bad9,declined_offer,True,MODEL_APPLIED_FROM_CALIBRATED_FRAMEWORK
background_check,BM-011,Reciprocity,APP-01915,EV-7488c53a7cc7,accepted_no_show,True,MODEL_APPLIED_FROM_CALIBRATED_FRAMEWORK
submitted,BM-001,Status Quo Bias,APP-01919,EV-669fe125fb55,withdrew_post_acceptance,True,MODEL_APPLIED_FROM_CALIBRATED_FRAMEWORK
submitted,BM-002,Loss Aversion,APP-01919,EV-6f4d1a3503d4,withdrew_post_acceptance,True,MODEL_APPLIED_FROM_CALIBRATED_FRAMEWORK
submitted,BM-001,Status Quo Bias,APP-01919,EV-89e5b4c0270b,withdrew_post_acceptance,True,MODEL_APPLIED_FROM_CALIBRATED_FRAMEWORK
client_interview_1,BM-002,Loss Aversion,APP-01919,EV-58f4718a3fe7,withdrew_post_acceptance,True,MODEL_APPLIED_FROM_CALIBRATED_FRAMEWORK
offer_extended,BM-029,Uncertainty / Ambiguity Aversion,APP-01919,EV-35723c3d1be4,withdrew_post_acceptance,True,MODEL_APPLIED_FROM_CALIBRATED_FRAMEWORK
offer_extended,BM-029,Uncertainty / Ambiguity Aversion,APP-01919,EV-a10fa02e25d6,withdrew_post_acceptance,True,MODEL_APPLIED_FROM_CALIBRATED_FRAMEWORK
offer_accepted,BM-029,Uncertainty / Ambiguity Aversion,APP-01919,EV-03e39e72c816,withdrew_post_acceptance,True,MODEL_APPLIED_FROM_CALIBRATED_FRAMEWORK
unknown,BM-006,Friction,APP-01925,EV-cb67a33212aa,joined_late,False,MODEL_APPLIED_FROM_CALIBRATED_FRAMEWORK
background_check,BM-006,Friction,APP-01925,EV-8dcd2754bc09,joined_late,False,MODEL_APPLIED_FROM_CALIBRATED_FRAMEWORK
client_interview_1,BM-029,Uncertainty / Ambiguity Aversion,APP-01926,EV-4aea9b7b1b46,joined_on_time,False,MODEL_APPLIED_FROM_CALIBRATED_FRAMEWORK
offer_accepted,BM-029,Uncertainty / Ambiguity Aversion,APP-01926,EV-b41991e1d23d,joined_on_time,False,MODEL_APPLIED_FROM_CALIBRATED_FRAMEWORK
client_interview_1,BM-020,Commitment / Consistency,APP-01930,EV-f1e2332b23ba,joined_late,False,MODEL_APPLIED_FROM_CALIBRATED_FRAMEWORK
client_interview_1,BM-018,Identity Signaling,APP-01930,EV-8c52d8b44db2,joined_late,False,MODEL_APPLIED_FROM_CALIBRATED_FRAMEWORK
background_check,BM-020,Commitment / Consistency,APP-01930,EV-c085bb4dd3d5,joined_late,False,MODEL_APPLIED_FROM_CALIBRATED_FRAMEWORK
background_check,BM-018,Identity Signaling,APP-01930,EV-0fa02debb13f,joined_late,False,MODEL_APPLIED_FROM_CALIBRATED_FRAMEWORK
background_check,BM-020,Commitment / Consistency,APP-01930,EV-adf7726fa5b8,joined_late,False,MODEL_APPLIED_FROM_CALIBRATED_FRAMEWORK
background_check,BM-018,Identity Signaling,APP-01930,EV-0c7d53c3713d,joined_late,False,MODEL_APPLIED_FROM_CALIBRATED_FRAMEWORK
submitted,BM-029,Uncertainty / Ambiguity Aversion,APP-01932,EV-f14f0ae9be40,accepted_no_show,True,MODEL_APPLIED_FROM_CALIBRATED_FRAMEWORK
submitted,BM-005,Choice Overload,APP-01932,EV-a122e25068d5,accepted_no_show,True,MODEL_APPLIED_FROM_CALIBRATED_FRAMEWORK
client_interview_1,BM-005,Choice Overload,APP-01932,EV-dc55d971967e,accepted_no_show,True,MODEL_APPLIED_FROM_CALIBRATED_FRAMEWORK
background_check,BM-005,Choice Overload,APP-01932,EV-62de4f0068f8,accepted_no_show,True,MODEL_APPLIED_FROM_CALIBRATED_FRAMEWORK
background_check,BM-005,Choice Overload,APP-01932,EV-dfcf9d2e47cd,accepted_no_show,True,MODEL_APPLIED_FROM_CALIBRATED_FRAMEWORK
background_check,BM-005,Choice Overload,APP-01932,EV-4e1026c5ca2c,accepted_no_show,True,MODEL_APPLIED_FROM_CALIBRATED_FRAMEWORK
background_check,BM-005,Choice Overload,APP-01932,EV-605521fa6974,accepted_no_show,True,MODEL_APPLIED_FROM_CALIBRATED_FRAMEWORK
screened,BM-006,Friction,APP-01935,EV-9832190e99a3,joined_late,False,MODEL_APPLIED_FROM_CALIBRATED_FRAMEWORK
submitted,BM-020,Commitment / Consistency,APP-01935,EV-0ca52b4c36d4,joined_late,False,MODEL_APPLIED_FROM_CALIBRATED_FRAMEWORK
client_interview_1,BM-029,Uncertainty / Ambiguity Aversion,APP-01938,EV-3a50ef067f00,joined_late,False,MODEL_APPLIED_FROM_CALIBRATED_FRAMEWORK
submitted,BM-023,Goal Gradient,APP-01942,EV-5b40ecc5d07a,joined_on_time,False,MODEL_APPLIED_FROM_CALIBRATED_FRAMEWORK
client_interview_1,BM-001,Status Quo Bias,APP-01942,EV-7ee6145a11b9,joined_on_time,False,MODEL_APPLIED_FROM_CALIBRATED_FRAMEWORK
background_check,BM-001,Status Quo Bias,APP-01942,EV-65ce0a39b174,joined_on_time,False,MODEL_APPLIED_FROM_CALIBRATED_FRAMEWORK
background_check,BM-001,Status Quo Bias,APP-01942,EV-c372bbe56bfd,joined_on_time,False,MODEL_APPLIED_FROM_CALIBRATED_FRAMEWORK
client_interview_1,BM-001,Status Quo Bias,APP-01943,EV-60a8855f6b83,joined_late,False,MODEL_APPLIED_FROM_CALIBRATED_FRAMEWORK
client_interview_1,BM-029,Uncertainty / Ambiguity Aversion,APP-01943,EV-35c09a209880,joined_late,False,MODEL_APPLIED_FROM_CALIBRATED_FRAMEWORK
background_check,BM-029,Uncertainty / Ambiguity Aversion,APP-01943,EV-a924f2e1f81f,joined_late,False,MODEL_APPLIED_FROM_CALIBRATED_FRAMEWORK
onboarding_docs_sent,BM-029,Uncertainty / Ambiguity Aversion,APP-01943,EV-6b79b8663336,joined_late,False,MODEL_APPLIED_FROM_CALIBRATED_FRAMEWORK
onboarding_docs_sent,BM-029,Uncertainty / Ambiguity Aversion,APP-01943,EV-da98e31b2e3a,joined_late,False,MODEL_APPLIED_FROM_CALIBRATED_FRAMEWORK
onboarding_docs_sent,BM-001,Status Quo Bias,APP-01943,EV-9ecccd9f2158,joined_late,False,MODEL_APPLIED_FROM_CALIBRATED_FRAMEWORK
screened,BM-011,Reciprocity,APP-01944,EV-cdb5e369e139,withdrew_post_acceptance,True,MODEL_APPLIED_FROM_CALIBRATED_FRAMEWORK
unknown,BM-001,Status Quo Bias,APP-01949,EV-294513d0963c,declined_offer,True,MODEL_APPLIED_FROM_CALIBRATED_FRAMEWORK
unknown,BM-014,Confirmation Bias,APP-01949,EV-28092fb5ca9e,declined_offer,True,MODEL_APPLIED_FROM_CALIBRATED_FRAMEWORK
unknown,BM-001,Status Quo Bias,APP-01949,EV-57cbbc9daaf2,declined_offer,True,MODEL_APPLIED_FROM_CALIBRATED_FRAMEWORK
screened,BM-001,Status Quo Bias,APP-01949,EV-388160be496d,declined_offer,True,MODEL_APPLIED_FROM_CALIBRATED_FRAMEWORK
screened,BM-014,Confirmation Bias,APP-01949,EV-828e6793c4b7,declined_offer,True,MODEL_APPLIED_FROM_CALIBRATED_FRAMEWORK
submitted,BM-001,Status Quo Bias,APP-01949,EV-1ba7dd079e90,declined_offer,True,MODEL_APPLIED_FROM_CALIBRATED_FRAMEWORK
submitted,BM-014,Confirmation Bias,APP-01949,EV-9b398ee62965,declined_offer,True,MODEL_APPLIED_FROM_CALIBRATED_FRAMEWORK
client_interview_1,BM-001,Status Quo Bias,APP-01949,EV-40fd7b5b472d,declined_offer,True,MODEL_APPLIED_FROM_CALIBRATED_FRAMEWORK
client_interview_1,BM-014,Confirmation Bias,APP-01949,EV-f0ca6e0053ff,declined_offer,True,MODEL_APPLIED_FROM_CALIBRATED_FRAMEWORK
client_interview_2,BM-014,Confirmation Bias,APP-01949,EV-952853eeff34,declined_offer,True,MODEL_APPLIED_FROM_CALIBRATED_FRAMEWORK
client_interview_2,BM-001,Status Quo Bias,APP-01949,EV-eb658809199c,declined_offer,True,MODEL_APPLIED_FROM_CALIBRATED_FRAMEWORK
client_interview_2,BM-001,Status Quo Bias,APP-01949,EV-03c2ebba47a1,declined_offer,True,MODEL_APPLIED_FROM_CALIBRATED_FRAMEWORK
client_interview_1,BM-002,Loss Aversion,APP-01950,EV-cd37985a8209,withdrew_post_acceptance,True,MODEL_APPLIED_FROM_CALIBRATED_FRAMEWORK
client_interview_1,BM-013,Anchoring,APP-01952,EV-fb6382447c98,withdrew_post_acceptance,True,HUMAN_REVIEWED
client_interview_1,BM-002,Loss Aversion,APP-01952,EV-f48db32fea71,withdrew_post_acceptance,True,MODEL_APPLIED_FROM_CALIBRATED_FRAMEWORK
offer_extended,BM-002,Loss Aversion,APP-01952,EV-eed6de893116,withdrew_post_acceptance,True,MODEL_APPLIED_FROM_CALIBRATED_FRAMEWORK
background_check,BM-006,Friction,APP-01952,EV-6f9fb5736a65,withdrew_post_acceptance,True,MODEL_APPLIED_FROM_CALIBRATED_FRAMEWORK
unknown,BM-020,Commitment / Consistency,APP-01957,EV-68e8d26b2873,withdrew_post_acceptance,True,MODEL_APPLIED_FROM_CALIBRATED_FRAMEWORK
client_interview_1,BM-029,Uncertainty / Ambiguity Aversion,APP-01958,EV-f0ffa224aa23,withdrew_post_acceptance,True,MODEL_APPLIED_FROM_CALIBRATED_FRAMEWORK
client_interview_1,BM-029,Uncertainty / Ambiguity Aversion,APP-01958,EV-46cb3c0cb6d4,withdrew_post_acceptance,True,MODEL_APPLIED_FROM_CALIBRATED_FRAMEWORK
client_interview_1,BM-002,Loss Aversion,APP-01958,EV-5fef4d0774b2,withdrew_post_acceptance,True,MODEL_APPLIED_FROM_CALIBRATED_FRAMEWORK
background_check,BM-020,Commitment / Consistency,APP-01959,EV-fc1ffa97efc2,joined_on_time,False,MODEL_APPLIED_FROM_CALIBRATED_FRAMEWORK
unknown,BM-001,Status Quo Bias,APP-01961,EV-713ab3cf1b30,joined_on_time,False,MODEL_APPLIED_FROM_CALIBRATED_FRAMEWORK
screened,BM-001,Status Quo Bias,APP-01961,EV-5ce147c36cfa,joined_on_time,False,MODEL_APPLIED_FROM_CALIBRATED_FRAMEWORK
submitted,BM-001,Status Quo Bias,APP-01961,EV-de653502c0d5,joined_on_time,False,MODEL_APPLIED_FROM_CALIBRATED_FRAMEWORK
submitted,BM-014,Confirmation Bias,APP-01961,EV-96d232c64aee,joined_on_time,False,MODEL_APPLIED_FROM_CALIBRATED_FRAMEWORK
submitted,BM-001,Status Quo Bias,APP-01961,EV-7b5f144f7f23,joined_on_time,False,MODEL_APPLIED_FROM_CALIBRATED_FRAMEWORK
submitted,BM-029,Uncertainty / Ambiguity Aversion,APP-01961,EV-ac493d39215b,joined_on_time,False,HUMAN_REVIEWED
submitted,BM-001,Status Quo Bias,APP-01961,EV-3130115ab51a,joined_on_time,False,MODEL_APPLIED_FROM_CALIBRATED_FRAMEWORK
submitted,BM-001,Status Quo Bias,APP-01961,EV-9dff334d04e4,joined_on_time,False,MODEL_APPLIED_FROM_CALIBRATED_FRAMEWORK
submitted,BM-001,Status Quo Bias,APP-01961,EV-00e9b2934f59,joined_on_time,False,MODEL_APPLIED_FROM_CALIBRATED_FRAMEWORK
submitted,BM-014,Confirmation Bias,APP-01961,EV-f69e62c4ccb0,joined_on_time,False,MODEL_APPLIED_FROM_CALIBRATED_FRAMEWORK
offer_accepted,BM-001,Status Quo Bias,APP-01961,EV-4dcdef0121a6,joined_on_time,False,MODEL_APPLIED_FROM_CALIBRATED_FRAMEWORK
offer_accepted,BM-001,Status Quo Bias,APP-01961,EV-ca4319d2fd74,joined_on_time,False,MODEL_APPLIED_FROM_CALIBRATED_FRAMEWORK
offer_accepted,BM-014,Confirmation Bias,APP-01961,EV-1939df865eea,joined_on_time,False,MODEL_APPLIED_FROM_CALIBRATED_FRAMEWORK
offer_accepted,BM-001,Status Quo Bias,APP-01961,EV-234f5f089be7,joined_on_time,False,MODEL_APPLIED_FROM_CALIBRATED_FRAMEWORK
offer_accepted,BM-014,Confirmation Bias,APP-01961,EV-ca6f74428e89,joined_on_time,False,MODEL_APPLIED_FROM_CALIBRATED_FRAMEWORK
offer_accepted,BM-001,Status Quo Bias,APP-01961,EV-edda1bb49a20,joined_on_time,False,MODEL_APPLIED_FROM_CALIBRATED_FRAMEWORK
offer_accepted,BM-014,Confirmation Bias,APP-01961,EV-a380fadcd330,joined_on_time,False,MODEL_APPLIED_FROM_CALIBRATED_FRAMEWORK
offer_accepted,BM-001,Status Quo Bias,APP-01961,EV-433065c38711,joined_on_time,False,MODEL_APPLIED_FROM_CALIBRATED_FRAMEWORK
offer_accepted,BM-006,Friction,APP-01961,EV-f54f4ac5cb5c,joined_on_time,False,HUMAN_REVIEWED
submitted,BM-023,Goal Gradient,APP-01970,EV-d846dbc3e792,joined_on_time,False,MODEL_APPLIED_FROM_CALIBRATED_FRAMEWORK
submitted,BM-001,Status Quo Bias,APP-01970,EV-642ec679f3fc,joined_on_time,False,MODEL_APPLIED_FROM_CALIBRATED_FRAMEWORK
client_interview_1,BM-001,Status Quo Bias,APP-01970,EV-2abc692f5294,joined_on_time,False,MODEL_APPLIED_FROM_CALIBRATED_FRAMEWORK
client_interview_1,BM-001,Status Quo Bias,APP-01970,EV-0011148888d5,joined_on_time,False,MODEL_APPLIED_FROM_CALIBRATED_FRAMEWORK
client_interview_1,BM-023,Goal Gradient,APP-01970,EV-92d3865bc440,joined_on_time,False,MODEL_APPLIED_FROM_CALIBRATED_FRAMEWORK
offer_accepted,BM-001,Status Quo Bias,APP-01970,EV-a171b2de0d22,joined_on_time,False,MODEL_APPLIED_FROM_CALIBRATED_FRAMEWORK
offer_accepted,BM-029,Uncertainty / Ambiguity Aversion,APP-01971,EV-3ede89e88fda,joined_on_time,False,MODEL_APPLIED_FROM_CALIBRATED_FRAMEWORK
offer_accepted,BM-006,Friction,APP-01971,EV-b555ddfb2f02,joined_on_time,False,MODEL_APPLIED_FROM_CALIBRATED_FRAMEWORK
offer_accepted,BM-006,Friction,APP-01971,EV-cf5707bb673e,joined_on_time,False,MODEL_APPLIED_FROM_CALIBRATED_FRAMEWORK
offer_accepted,BM-006,Friction,APP-01971,EV-1d66f3e2f495,joined_on_time,False,MODEL_APPLIED_FROM_CALIBRATED_FRAMEWORK
offer_accepted,BM-006,Friction,APP-01971,EV-58a1f4c31011,joined_on_time,False,MODEL_APPLIED_FROM_CALIBRATED_FRAMEWORK
onboarding_docs_sent,BM-006,Friction,APP-01971,EV-df7686ae6a3a,joined_on_time,False,MODEL_APPLIED_FROM_CALIBRATED_FRAMEWORK
background_check,BM-020,Commitment / Consistency,APP-01973,EV-a6e43e178123,joined_on_time,False,MODEL_APPLIED_FROM_CALIBRATED_FRAMEWORK
background_check,BM-011,Reciprocity,APP-01973,EV-e5b787b53366,joined_on_time,False,MODEL_APPLIED_FROM_CALIBRATED_FRAMEWORK
background_check,BM-018,Identity Signaling,APP-01973,EV-fcfee1f77815,joined_on_time,False,MODEL_APPLIED_FROM_CALIBRATED_FRAMEWORK
screened,BM-002,Loss Aversion,APP-01975,EV-0f53b9e1c821,withdrew_post_acceptance,True,MODEL_APPLIED_FROM_CALIBRATED_FRAMEWORK
unknown,BM-002,Loss Aversion,APP-01976,EV-3743dad8e575,withdrew_post_acceptance,True,MODEL_APPLIED_FROM_CALIBRATED_FRAMEWORK
submitted,BM-001,Status Quo Bias,APP-01976,EV-8c91b1048b9f,withdrew_post_acceptance,True,MODEL_APPLIED_FROM_CALIBRATED_FRAMEWORK
submitted,BM-001,Status Quo Bias,APP-01976,EV-81db6f9d2c9e,withdrew_post_acceptance,True,MODEL_APPLIED_FROM_CALIBRATED_FRAMEWORK
submitted,BM-002,Loss Aversion,APP-01976,EV-c2e8ded6e1e5,withdrew_post_acceptance,True,MODEL_APPLIED_FROM_CALIBRATED_FRAMEWORK
submitted,BM-029,Uncertainty / Ambiguity Aversion,APP-01979,EV-bccd69fa575e,joined_late,False,MODEL_APPLIED_FROM_CALIBRATED_FRAMEWORK
background_check,BM-023,Goal Gradient,APP-01979,EV-0c3415bc005e,joined_late,False,MODEL_APPLIED_FROM_CALIBRATED_FRAMEWORK
background_check,BM-023,Goal Gradient,APP-01979,EV-84538d7ae3a4,joined_late,False,MODEL_APPLIED_FROM_CALIBRATED_FRAMEWORK
background_check,BM-029,Uncertainty / Ambiguity Aversion,APP-01979,EV-4c525dec1e3f,joined_late,False,MODEL_APPLIED_FROM_CALIBRATED_FRAMEWORK
background_check,BM-023,Goal Gradient,APP-01979,EV-78b11e54bcf1,joined_late,False,MODEL_APPLIED_FROM_CALIBRATED_FRAMEWORK
unknown,BM-011,Reciprocity,APP-01981,EV-52c43a52f911,withdrew_post_acceptance,True,MODEL_APPLIED_FROM_CALIBRATED_FRAMEWORK
client_interview_1,BM-011,Reciprocity,APP-01981,EV-6a1d1c89b4e3,withdrew_post_acceptance,True,MODEL_APPLIED_FROM_CALIBRATED_FRAMEWORK
submitted,BM-029,Uncertainty / Ambiguity Aversion,APP-01985,EV-4a750282fd44,joined_on_time,False,HUMAN_REVIEWED
offer_accepted,BM-011,Reciprocity,APP-01985,EV-d398c77a7f89,joined_on_time,False,MODEL_APPLIED_FROM_CALIBRATED_FRAMEWORK
unknown,BM-006,Friction,APP-01986,EV-bf9af8dc928f,joined_late,False,MODEL_APPLIED_FROM_CALIBRATED_FRAMEWORK
onboarding_docs_sent,BM-006,Friction,APP-01986,EV-e9c62d143140,joined_late,False,MODEL_APPLIED_FROM_CALIBRATED_FRAMEWORK
client_interview_1,BM-006,Friction,APP-01987,EV-8c68f68df8b9,joined_on_time,False,MODEL_APPLIED_FROM_CALIBRATED_FRAMEWORK
client_interview_1,BM-006,Friction,APP-01987,EV-75a88c92f40e,joined_on_time,False,MODEL_APPLIED_FROM_CALIBRATED_FRAMEWORK
client_interview_1,BM-006,Friction,APP-01987,EV-0781a8f78254,joined_on_time,False,HUMAN_REVIEWED
offer_accepted,BM-006,Friction,APP-01987,EV-30fa01489f70,joined_on_time,False,MODEL_APPLIED_FROM_CALIBRATED_FRAMEWORK
offer_accepted,BM-006,Friction,APP-01987,EV-e824bc976861,joined_on_time,False,MODEL_APPLIED_FROM_CALIBRATED_FRAMEWORK
background_check,BM-006,Friction,APP-01987,EV-697dba87b5ee,joined_on_time,False,MODEL_APPLIED_FROM_CALIBRATED_FRAMEWORK
screened,BM-006,Friction,APP-01988,EV-5f5491a1d917,declined_offer,True,MODEL_APPLIED_FROM_CALIBRATED_FRAMEWORK
screened,BM-006,Friction,APP-01988,EV-16e51022842d,declined_offer,True,MODEL_APPLIED_FROM_CALIBRATED_FRAMEWORK
screened,BM-006,Friction,APP-01988,EV-8cd77a0470c5,declined_offer,True,MODEL_APPLIED_FROM_CALIBRATED_FRAMEWORK
submitted,BM-006,Friction,APP-01988,EV-02b103aa69ba,declined_offer,True,MODEL_APPLIED_FROM_CALIBRATED_FRAMEWORK
submitted,BM-029,Uncertainty / Ambiguity Aversion,APP-01988,EV-d44dbfb4587b,declined_offer,True,MODEL_APPLIED_FROM_CALIBRATED_FRAMEWORK
submitted,BM-006,Friction,APP-01988,EV-73eadc5e70f7,declined_offer,True,MODEL_APPLIED_FROM_CALIBRATED_FRAMEWORK
client_interview_2,BM-006,Friction,APP-01988,EV-57c59951abec,declined_offer,True,MODEL_APPLIED_FROM_CALIBRATED_FRAMEWORK
client_interview_2,BM-006,Friction,APP-01988,EV-56bf91658234,declined_offer,True,MODEL_APPLIED_FROM_CALIBRATED_FRAMEWORK
client_interview_2,BM-006,Friction,APP-01988,EV-2527a99ef7e8,declined_offer,True,MODEL_APPLIED_FROM_CALIBRATED_FRAMEWORK
client_interview_2,BM-006,Friction,APP-01988,EV-fc642d7a8fda,declined_offer,True,MODEL_APPLIED_FROM_CALIBRATED_FRAMEWORK
unknown,BM-005,Choice Overload,APP-01990,EV-90e794a724cd,declined_offer,True,MODEL_APPLIED_FROM_CALIBRATED_FRAMEWORK
unknown,BM-005,Choice Overload,APP-01990,EV-504c5d2a70b9,declined_offer,True,MODEL_APPLIED_FROM_CALIBRATED_FRAMEWORK
client_interview_1,BM-029,Uncertainty / Ambiguity Aversion,APP-01990,EV-f8c609ece819,declined_offer,True,MODEL_APPLIED_FROM_CALIBRATED_FRAMEWORK
client_interview_1,BM-005,Choice Overload,APP-01990,EV-74403801f667,declined_offer,True,MODEL_APPLIED_FROM_CALIBRATED_FRAMEWORK
client_interview_1,BM-005,Choice Overload,APP-01990,EV-9b802f1f27c6,declined_offer,True,MODEL_APPLIED_FROM_CALIBRATED_FRAMEWORK
background_check,BM-011,Reciprocity,APP-01994,EV-4cc43d7af6fd,joined_on_time,False,MODEL_APPLIED_FROM_CALIBRATED_FRAMEWORK
screened,BM-023,Goal Gradient,APP-01995,EV-bb2ae8aff1cc,joined_on_time,False,MODEL_APPLIED_FROM_CALIBRATED_FRAMEWORK
screened,BM-011,Reciprocity,APP-01995,EV-1b4d0b0eda78,joined_on_time,False,MODEL_APPLIED_FROM_CALIBRATED_FRAMEWORK
screened,BM-023,Goal Gradient,APP-01995,EV-546a7e22085a,joined_on_time,False,MODEL_APPLIED_FROM_CALIBRATED_FRAMEWORK
offer_accepted,BM-023,Goal Gradient,APP-01995,EV-b82ba3555a90,joined_on_time,False,MODEL_APPLIED_FROM_CALIBRATED_FRAMEWORK
background_check,BM-023,Goal Gradient,APP-01995,EV-9e239d0ea290,joined_on_time,False,MODEL_APPLIED_FROM_CALIBRATED_FRAMEWORK
background_check,BM-023,Goal Gradient,APP-01995,EV-a740bad43767,joined_on_time,False,MODEL_APPLIED_FROM_CALIBRATED_FRAMEWORK
client_interview_1,BM-011,Reciprocity,APP-01996,EV-f3db6f42d284,joined_late,False,MODEL_APPLIED_FROM_CALIBRATED_FRAMEWORK
client_interview_1,BM-018,Identity Signaling,APP-01996,EV-a7f5c3e05b8c,joined_late,False,MODEL_APPLIED_FROM_CALIBRATED_FRAMEWORK
client_interview_1,BM-011,Reciprocity,APP-01996,EV-e7a6dd744a78,joined_late,False,MODEL_APPLIED_FROM_CALIBRATED_FRAMEWORK
client_interview_1,BM-018,Identity Signaling,APP-01996,EV-6fe2448cbb67,joined_late,False,MODEL_APPLIED_FROM_CALIBRATED_FRAMEWORK
offer_accepted,BM-020,Commitment / Consistency,APP-01996,EV-9116e6d7ac9f,joined_late,False,MODEL_APPLIED_FROM_CALIBRATED_FRAMEWORK
onboarding_docs_sent,BM-020,Commitment / Consistency,APP-01996,EV-e18bc9a25af8,joined_late,False,MODEL_APPLIED_FROM_CALIBRATED_FRAMEWORK
submitted,BM-006,Friction,APP-02001,EV-27c67b793979,joined_late,False,MODEL_APPLIED_FROM_CALIBRATED_FRAMEWORK
submitted,BM-006,Friction,APP-02001,EV-043f3f3be6ca,joined_late,False,MODEL_APPLIED_FROM_CALIBRATED_FRAMEWORK
offer_accepted,BM-006,Friction,APP-02001,EV-b8b1bffad1fe,joined_late,False,MODEL_APPLIED_FROM_CALIBRATED_FRAMEWORK
offer_accepted,BM-006,Friction,APP-02001,EV-4b90635c5355,joined_late,False,MODEL_APPLIED_FROM_CALIBRATED_FRAMEWORK
offer_accepted,BM-006,Friction,APP-02001,EV-bbbee9775486,joined_late,False,MODEL_APPLIED_FROM_CALIBRATED_FRAMEWORK
offer_accepted,BM-006,Friction,APP-02001,EV-cc982da32c6a,joined_late,False,MODEL_APPLIED_FROM_CALIBRATED_FRAMEWORK
offer_accepted,BM-006,Friction,APP-02001,EV-b31df734b80a,joined_late,False,MODEL_APPLIED_FROM_CALIBRATED_FRAMEWORK
offer_accepted,BM-006,Friction,APP-02001,EV-0bd36fc13d2a,joined_late,False,MODEL_APPLIED_FROM_CALIBRATED_FRAMEWORK
offer_accepted,BM-006,Friction,APP-02001,EV-3194c2ac037a,joined_late,False,MODEL_APPLIED_FROM_CALIBRATED_FRAMEWORK
client_interview_1,BM-006,Friction,APP-02002,EV-0f38b6a2db73,withdrew_post_acceptance,True,MODEL_APPLIED_FROM_CALIBRATED_FRAMEWORK
submitted,BM-006,Friction,APP-02002,EV-508eed318f4e,withdrew_post_acceptance,True,MODEL_APPLIED_FROM_CALIBRATED_FRAMEWORK
submitted,BM-006,Friction,APP-02002,EV-ab452bc26b2d,withdrew_post_acceptance,True,MODEL_APPLIED_FROM_CALIBRATED_FRAMEWORK
submitted,BM-029,Uncertainty / Ambiguity Aversion,APP-02002,EV-e3044f2f45bb,withdrew_post_acceptance,True,MODEL_APPLIED_FROM_CALIBRATED_FRAMEWORK
submitted,BM-006,Friction,APP-02002,EV-8639d6f61feb,withdrew_post_acceptance,True,MODEL_APPLIED_FROM_CALIBRATED_FRAMEWORK
client_interview_2,BM-006,Friction,APP-02002,EV-77c5601d4206,withdrew_post_acceptance,True,MODEL_APPLIED_FROM_CALIBRATED_FRAMEWORK
offer_accepted,BM-006,Friction,APP-02002,EV-55fea2bff2c1,withdrew_post_acceptance,True,MODEL_APPLIED_FROM_CALIBRATED_FRAMEWORK
offer_accepted,BM-006,Friction,APP-02002,EV-6a28b38cc2d3,withdrew_post_acceptance,True,MODEL_APPLIED_FROM_CALIBRATED_FRAMEWORK
background_check,BM-006,Friction,APP-02002,EV-49987f016781,withdrew_post_acceptance,True,MODEL_APPLIED_FROM_CALIBRATED_FRAMEWORK
background_check,BM-002,Loss Aversion,APP-02002,EV-8b667f2c3f54,withdrew_post_acceptance,True,MODEL_APPLIED_FROM_CALIBRATED_FRAMEWORK
screened,BM-006,Friction,APP-02003,EV-a9e0e56ccbe1,joined_on_time,False,MODEL_APPLIED_FROM_CALIBRATED_FRAMEWORK
submitted,BM-006,Friction,APP-02003,EV-ecf390930d27,joined_on_time,False,MODEL_APPLIED_FROM_CALIBRATED_FRAMEWORK
client_interview_1,BM-006,Friction,APP-02003,EV-48bbc857c5e4,joined_on_time,False,MODEL_APPLIED_FROM_CALIBRATED_FRAMEWORK
client_interview_1,BM-023,Goal Gradient,APP-02003,EV-b61c75f1df96,joined_on_time,False,MODEL_APPLIED_FROM_CALIBRATED_FRAMEWORK
client_interview_1,BM-006,Friction,APP-02003,EV-9478509a3c4e,joined_on_time,False,MODEL_APPLIED_FROM_CALIBRATED_FRAMEWORK
background_check,BM-006,Friction,APP-02003,EV-9851f295eac4,joined_on_time,False,MODEL_APPLIED_FROM_CALIBRATED_FRAMEWORK
background_check,BM-023,Goal Gradient,APP-02003,EV-983eeec98135,joined_on_time,False,MODEL_APPLIED_FROM_CALIBRATED_FRAMEWORK
background_check,BM-023,Goal Gradient,APP-02003,EV-ef4a9de8a550,joined_on_time,False,MODEL_APPLIED_FROM_CALIBRATED_FRAMEWORK
onboarding_docs_sent,BM-006,Friction,APP-02003,EV-d5cd314c7847,joined_on_time,False,MODEL_APPLIED_FROM_CALIBRATED_FRAMEWORK
client_interview_1,BM-020,Commitment / Consistency,APP-02004,EV-78107926c386,joined_on_time,False,MODEL_APPLIED_FROM_CALIBRATED_FRAMEWORK
submitted,BM-029,Uncertainty / Ambiguity Aversion,APP-02005,EV-0fd547003e80,joined_on_time,False,MODEL_APPLIED_FROM_CALIBRATED_FRAMEWORK
offer_extended,BM-029,Uncertainty / Ambiguity Aversion,APP-02005,EV-fd7196503631,joined_on_time,False,MODEL_APPLIED_FROM_CALIBRATED_FRAMEWORK
offer_accepted,BM-029,Uncertainty / Ambiguity Aversion,APP-02005,EV-df105a471489,joined_on_time,False,MODEL_APPLIED_FROM_CALIBRATED_FRAMEWORK
offer_accepted,BM-029,Uncertainty / Ambiguity Aversion,APP-02005,EV-09b1085ae1e6,joined_on_time,False,MODEL_APPLIED_FROM_CALIBRATED_FRAMEWORK
offer_accepted,BM-029,Uncertainty / Ambiguity Aversion,APP-02005,EV-f2f83f26ed70,joined_on_time,False,MODEL_APPLIED_FROM_CALIBRATED_FRAMEWORK
background_check,BM-029,Uncertainty / Ambiguity Aversion,APP-02005,EV-18b0fe0dc8a8,joined_on_time,False,MODEL_APPLIED_FROM_CALIBRATED_FRAMEWORK
background_check,BM-029,Uncertainty / Ambiguity Aversion,APP-02005,EV-d710bfc5e685,joined_on_time,False,MODEL_APPLIED_FROM_CALIBRATED_FRAMEWORK
client_interview_2,BM-011,Reciprocity,APP-02006,EV-7eedec9cc25a,declined_offer,True,MODEL_APPLIED_FROM_CALIBRATED_FRAMEWORK
screened,BM-014,Confirmation Bias,APP-02008,EV-97df90f75924,accepted_no_show,True,MODEL_APPLIED_FROM_CALIBRATED_FRAMEWORK
client_interview_1,BM-014,Confirmation Bias,APP-02008,EV-44b2f78bb466,accepted_no_show,True,MODEL_APPLIED_FROM_CALIBRATED_FRAMEWORK
client_interview_1,BM-005,Choice Overload,APP-02009,EV-3e527a19cdef,declined_offer,True,MODEL_APPLIED_FROM_CALIBRATED_FRAMEWORK
unknown,BM-001,Status Quo Bias,APP-02011,EV-a785ae075c1e,joined_on_time,False,MODEL_APPLIED_FROM_CALIBRATED_FRAMEWORK
client_interview_1,BM-001,Status Quo Bias,APP-02011,EV-eb54f097f1dc,joined_on_time,False,MODEL_APPLIED_FROM_CALIBRATED_FRAMEWORK
background_check,BM-029,Uncertainty / Ambiguity Aversion,APP-02011,EV-058bdcae8a36,joined_on_time,False,MODEL_APPLIED_FROM_CALIBRATED_FRAMEWORK
background_check,BM-029,Uncertainty / Ambiguity Aversion,APP-02011,EV-e0fa420b8de2,joined_on_time,False,MODEL_APPLIED_FROM_CALIBRATED_FRAMEWORK
background_check,BM-001,Status Quo Bias,APP-02011,EV-aff72ccf899c,joined_on_time,False,MODEL_APPLIED_FROM_CALIBRATED_FRAMEWORK
background_check,BM-001,Status Quo Bias,APP-02011,EV-84d565387217,joined_on_time,False,MODEL_APPLIED_FROM_CALIBRATED_FRAMEWORK
background_check,BM-001,Status Quo Bias,APP-02011,EV-689a995ee269,joined_on_time,False,MODEL_APPLIED_FROM_CALIBRATED_FRAMEWORK
client_interview_2,BM-023,Goal Gradient,APP-02014,EV-6375a036a19d,withdrew_post_acceptance,True,MODEL_APPLIED_FROM_CALIBRATED_FRAMEWORK
offer_accepted,BM-023,Goal Gradient,APP-02014,EV-f7839b5571d1,withdrew_post_acceptance,True,MODEL_APPLIED_FROM_CALIBRATED_FRAMEWORK
offer_accepted,BM-023,Goal Gradient,APP-02014,EV-137c6c04c5d8,withdrew_post_acceptance,True,MODEL_APPLIED_FROM_CALIBRATED_FRAMEWORK
offer_accepted,BM-023,Goal Gradient,APP-02014,EV-a5184d8c119f,withdrew_post_acceptance,True,MODEL_APPLIED_FROM_CALIBRATED_FRAMEWORK
background_check,BM-023,Goal Gradient,APP-02014,EV-8115c1b220bb,withdrew_post_acceptance,True,MODEL_APPLIED_FROM_CALIBRATED_FRAMEWORK
background_check,BM-023,Goal Gradient,APP-02014,EV-ef606da9dd8c,withdrew_post_acceptance,True,MODEL_APPLIED_FROM_CALIBRATED_FRAMEWORK
background_check,BM-023,Goal Gradient,APP-02014,EV-0b4ec1cfe8a1,withdrew_post_acceptance,True,MODEL_APPLIED_FROM_CALIBRATED_FRAMEWORK
background_check,BM-002,Loss Aversion,APP-02014,EV-81b318ad141c,withdrew_post_acceptance,True,MODEL_APPLIED_FROM_CALIBRATED_FRAMEWORK
client_interview_2,BM-023,Goal Gradient,APP-02017,EV-8c7e89bad79c,joined_on_time,False,MODEL_APPLIED_FROM_CALIBRATED_FRAMEWORK
offer_extended,BM-001,Status Quo Bias,APP-02017,EV-ef7012c0f49b,joined_on_time,False,MODEL_APPLIED_FROM_CALIBRATED_FRAMEWORK
offer_accepted,BM-001,Status Quo Bias,APP-02017,EV-e562777c2418,joined_on_time,False,MODEL_APPLIED_FROM_CALIBRATED_FRAMEWORK
background_check,BM-029,Uncertainty / Ambiguity Aversion,APP-02017,EV-1c46068b9e1e,joined_on_time,False,MODEL_APPLIED_FROM_CALIBRATED_FRAMEWORK
background_check,BM-023,Goal Gradient,APP-02017,EV-bc5836a8ca6b,joined_on_time,False,MODEL_APPLIED_FROM_CALIBRATED_FRAMEWORK
onboarding_docs_sent,BM-001,Status Quo Bias,APP-02017,EV-e6bd71773638,joined_on_time,False,MODEL_APPLIED_FROM_CALIBRATED_FRAMEWORK
client_interview_2,BM-011,Reciprocity,APP-02019,EV-2eb8d43008f0,joined_on_time,False,MODEL_APPLIED_FROM_CALIBRATED_FRAMEWORK
client_interview_2,BM-011,Reciprocity,APP-02019,EV-8e0cd303c610,joined_on_time,False,MODEL_APPLIED_FROM_CALIBRATED_FRAMEWORK
client_interview_2,BM-011,Reciprocity,APP-02019,EV-e2713d99e34d,joined_on_time,False,MODEL_APPLIED_FROM_CALIBRATED_FRAMEWORK
background_check,BM-011,Reciprocity,APP-02019,EV-9533319936d7,joined_on_time,False,MODEL_APPLIED_FROM_CALIBRATED_FRAMEWORK
background_check,BM-011,Reciprocity,APP-02019,EV-6ee3b33c5782,joined_on_time,False,MODEL_APPLIED_FROM_CALIBRATED_FRAMEWORK
background_check,BM-011,Reciprocity,APP-02019,EV-2dec4e534ee6,joined_on_time,False,MODEL_APPLIED_FROM_CALIBRATED_FRAMEWORK
unknown,BM-001,Status Quo Bias,APP-02020,EV-87ba7d473c02,declined_offer,True,MODEL_APPLIED_FROM_CALIBRATED_FRAMEWORK
unknown,BM-014,Confirmation Bias,APP-02020,EV-458fd7e09bf1,declined_offer,True,MODEL_APPLIED_FROM_CALIBRATED_FRAMEWORK
submitted,BM-001,Status Quo Bias,APP-02020,EV-759507340df0,declined_offer,True,MODEL_APPLIED_FROM_CALIBRATED_FRAMEWORK
submitted,BM-014,Confirmation Bias,APP-02020,EV-94ecdf12b55e,declined_offer,True,MODEL_APPLIED_FROM_CALIBRATED_FRAMEWORK
submitted,BM-001,Status Quo Bias,APP-02020,EV-e93e04ce0aaa,declined_offer,True,MODEL_APPLIED_FROM_CALIBRATED_FRAMEWORK
client_interview_1,BM-001,Status Quo Bias,APP-02020,EV-4adb2616d422,declined_offer,True,MODEL_APPLIED_FROM_CALIBRATED_FRAMEWORK
client_interview_1,BM-021,Reactance,APP-02020,EV-3888377458ea,declined_offer,True,HUMAN_REVIEWED
client_interview_1,BM-011,Reciprocity,APP-02024,EV-8587d0e25dfd,withdrew_post_acceptance,True,MODEL_APPLIED_FROM_CALIBRATED_FRAMEWORK
unknown,BM-001,Status Quo Bias,APP-02025,EV-2dd5f86a8862,joined_on_time,False,MODEL_APPLIED_FROM_CALIBRATED_FRAMEWORK
unknown,BM-001,Status Quo Bias,APP-02025,EV-6812560549c8,joined_on_time,False,MODEL_APPLIED_FROM_CALIBRATED_FRAMEWORK
submitted,BM-001,Status Quo Bias,APP-02025,EV-043594361c11,joined_on_time,False,MODEL_APPLIED_FROM_CALIBRATED_FRAMEWORK
submitted,BM-001,Status Quo Bias,APP-02025,EV-cd57ded2a30d,joined_on_time,False,MODEL_APPLIED_FROM_CALIBRATED_FRAMEWORK
client_interview_1,BM-006,Friction,APP-02027,EV-50a3a0033b26,joined_on_time,False,MODEL_APPLIED_FROM_CALIBRATED_FRAMEWORK
client_interview_1,BM-006,Friction,APP-02029,EV-65648cdfd88f,withdrew_post_acceptance,True,MODEL_APPLIED_FROM_CALIBRATED_FRAMEWORK
client_interview_1,BM-006,Friction,APP-02029,EV-b23f8b1ed7f2,withdrew_post_acceptance,True,MODEL_APPLIED_FROM_CALIBRATED_FRAMEWORK
client_interview_1,BM-029,Uncertainty / Ambiguity Aversion,APP-02029,EV-12f7f5a74790,withdrew_post_acceptance,True,HUMAN_REVIEWED
client_interview_1,BM-006,Friction,APP-02029,EV-0d3645ebca36,withdrew_post_acceptance,True,MODEL_APPLIED_FROM_CALIBRATED_FRAMEWORK
client_interview_1,BM-006,Friction,APP-02029,EV-d777cb4d12af,withdrew_post_acceptance,True,MODEL_APPLIED_FROM_CALIBRATED_FRAMEWORK
client_interview_1,BM-006,Friction,APP-02029,EV-a58146a6aca5,withdrew_post_acceptance,True,MODEL_APPLIED_FROM_CALIBRATED_FRAMEWORK
client_interview_1,BM-006,Friction,APP-02029,EV-b4aeddb1ccf6,withdrew_post_acceptance,True,MODEL_APPLIED_FROM_CALIBRATED_FRAMEWORK
offer_accepted,BM-006,Friction,APP-02029,EV-e4f95b54c26c,withdrew_post_acceptance,True,MODEL_APPLIED_FROM_CALIBRATED_FRAMEWORK
background_check,BM-006,Friction,APP-02029,EV-cf2643c9b1de,withdrew_post_acceptance,True,MODEL_APPLIED_FROM_CALIBRATED_FRAMEWORK
background_check,BM-006,Friction,APP-02029,EV-535bfe4fb6fe,withdrew_post_acceptance,True,MODEL_APPLIED_FROM_CALIBRATED_FRAMEWORK
submitted,BM-020,Commitment / Consistency,APP-02031,EV-c8874191b3ab,joined_on_time,False,MODEL_APPLIED_FROM_CALIBRATED_FRAMEWORK
submitted,BM-018,Identity Signaling,APP-02031,EV-508b20ee7f50,joined_on_time,False,MODEL_APPLIED_FROM_CALIBRATED_FRAMEWORK
screened,BM-006,Friction,APP-02032,EV-b0f8d3375f72,joined_on_time,False,MODEL_APPLIED_FROM_CALIBRATED_FRAMEWORK
offer_accepted,BM-006,Friction,APP-02032,EV-53af6c1be384,joined_on_time,False,MODEL_APPLIED_FROM_CALIBRATED_FRAMEWORK
submitted,BM-006,Friction,APP-02034,EV-5de452575f0d,rejected_by_client,True,MODEL_APPLIED_FROM_CALIBRATED_FRAMEWORK
submitted,BM-006,Friction,APP-02034,EV-8fbfa8ae8120,rejected_by_client,True,MODEL_APPLIED_FROM_CALIBRATED_FRAMEWORK
client_interview_1,BM-006,Friction,APP-02034,EV-cd216b30993b,rejected_by_client,True,MODEL_APPLIED_FROM_CALIBRATED_FRAMEWORK
client_interview_1,BM-011,Reciprocity,APP-02034,EV-a3c4c9683dfb,rejected_by_client,True,MODEL_APPLIED_FROM_CALIBRATED_FRAMEWORK
background_check,BM-006,Friction,APP-02034,EV-f93a818b15be,rejected_by_client,True,MODEL_APPLIED_FROM_CALIBRATED_FRAMEWORK
background_check,BM-006,Friction,APP-02034,EV-99224a68a8ba,rejected_by_client,True,HUMAN_REVIEWED
background_check,BM-006,Friction,APP-02034,EV-56ee2bdc4452,rejected_by_client,True,MODEL_APPLIED_FROM_CALIBRATED_FRAMEWORK
client_interview_1,BM-020,Commitment / Consistency,APP-02035,EV-5e9163d134bc,joined_on_time,False,MODEL_APPLIED_FROM_CALIBRATED_FRAMEWORK
offer_accepted,BM-011,Reciprocity,APP-02035,EV-2a529a026e9e,joined_on_time,False,MODEL_APPLIED_FROM_CALIBRATED_FRAMEWORK
offer_accepted,BM-018,Identity Signaling,APP-02035,EV-2e53dc1f2904,joined_on_time,False,MODEL_APPLIED_FROM_CALIBRATED_FRAMEWORK
unknown,BM-006,Friction,APP-02043,EV-c40290a6356f,declined_offer,True,MODEL_APPLIED_FROM_CALIBRATED_FRAMEWORK
unknown,BM-006,Friction,APP-02043,EV-36b27271b89e,declined_offer,True,MODEL_APPLIED_FROM_CALIBRATED_FRAMEWORK
unknown,BM-006,Friction,APP-02043,EV-1dd025a514d6,declined_offer,True,HUMAN_REVIEWED
screened,BM-006,Friction,APP-02043,EV-3671ff514d15,declined_offer,True,MODEL_APPLIED_FROM_CALIBRATED_FRAMEWORK
client_interview_1,BM-006,Friction,APP-02043,EV-f5688a965469,declined_offer,True,MODEL_APPLIED_FROM_CALIBRATED_FRAMEWORK
client_interview_1,BM-006,Friction,APP-02043,EV-0d5ebf40f053,declined_offer,True,MODEL_APPLIED_FROM_CALIBRATED_FRAMEWORK
client_interview_1,BM-011,Reciprocity,APP-02043,EV-47a9986a1d91,declined_offer,True,MODEL_APPLIED_FROM_CALIBRATED_FRAMEWORK
client_interview_1,BM-006,Friction,APP-02043,EV-e2f41c2148e1,declined_offer,True,MODEL_APPLIED_FROM_CALIBRATED_FRAMEWORK
client_interview_2,BM-006,Friction,APP-02044,EV-242e63d094f3,joined_late,False,MODEL_APPLIED_FROM_CALIBRATED_FRAMEWORK
offer_accepted,BM-006,Friction,APP-02044,EV-ee7499f5231e,joined_late,False,MODEL_APPLIED_FROM_CALIBRATED_FRAMEWORK
background_check,BM-006,Friction,APP-02044,EV-02501c2675c8,joined_late,False,MODEL_APPLIED_FROM_CALIBRATED_FRAMEWORK
unknown,BM-001,Status Quo Bias,APP-02047,EV-69d414bc3407,joined_on_time,False,MODEL_APPLIED_FROM_CALIBRATED_FRAMEWORK
unknown,BM-029,Uncertainty / Ambiguity Aversion,APP-02047,EV-7a3a2efac820,joined_on_time,False,MODEL_APPLIED_FROM_CALIBRATED_FRAMEWORK
unknown,BM-029,Uncertainty / Ambiguity Aversion,APP-02047,EV-d1c2976e50bb,joined_on_time,False,MODEL_APPLIED_FROM_CALIBRATED_FRAMEWORK
unknown,BM-029,Uncertainty / Ambiguity Aversion,APP-02047,EV-dec8ee53be5b,joined_on_time,False,MODEL_APPLIED_FROM_CALIBRATED_FRAMEWORK
submitted,BM-001,Status Quo Bias,APP-02047,EV-4cf45607dc2a,joined_on_time,False,MODEL_APPLIED_FROM_CALIBRATED_FRAMEWORK
submitted,BM-029,Uncertainty / Ambiguity Aversion,APP-02047,EV-732131283e67,joined_on_time,False,MODEL_APPLIED_FROM_CALIBRATED_FRAMEWORK
submitted,BM-001,Status Quo Bias,APP-02047,EV-efeeb0a3672d,joined_on_time,False,MODEL_APPLIED_FROM_CALIBRATED_FRAMEWORK
submitted,BM-001,Status Quo Bias,APP-02047,EV-8e3a24d648cd,joined_on_time,False,MODEL_APPLIED_FROM_CALIBRATED_FRAMEWORK
client_interview_1,BM-001,Status Quo Bias,APP-02047,EV-50bfaec7d4a8,joined_on_time,False,MODEL_APPLIED_FROM_CALIBRATED_FRAMEWORK
client_interview_1,BM-001,Status Quo Bias,APP-02047,EV-a9e95dad5ce3,joined_on_time,False,MODEL_APPLIED_FROM_CALIBRATED_FRAMEWORK
background_check,BM-001,Status Quo Bias,APP-02047,EV-02542ed5c21b,joined_on_time,False,MODEL_APPLIED_FROM_CALIBRATED_FRAMEWORK
background_check,BM-001,Status Quo Bias,APP-02047,EV-3d9e0ff1bd31,joined_on_time,False,MODEL_APPLIED_FROM_CALIBRATED_FRAMEWORK
background_check,BM-001,Status Quo Bias,APP-02047,EV-5acb4d0e1eaa,joined_on_time,False,MODEL_APPLIED_FROM_CALIBRATED_FRAMEWORK
submitted,BM-006,Friction,APP-02048,EV-69a497bbe1e3,joined_on_time,False,MODEL_APPLIED_FROM_CALIBRATED_FRAMEWORK
offer_accepted,BM-006,Friction,APP-02048,EV-fa7900e567ca,joined_on_time,False,MODEL_APPLIED_FROM_CALIBRATED_FRAMEWORK
offer_extended,BM-002,Loss Aversion,APP-02049,EV-8f9536bde17e,declined_offer,True,MODEL_APPLIED_FROM_CALIBRATED_FRAMEWORK
submitted,BM-006,Friction,APP-02051,EV-88d89a1dfef1,withdrew_post_acceptance,True,MODEL_APPLIED_FROM_CALIBRATED_FRAMEWORK
submitted,BM-006,Friction,APP-02051,EV-5e11198c2fc8,withdrew_post_acceptance,True,MODEL_APPLIED_FROM_CALIBRATED_FRAMEWORK
submitted,BM-029,Uncertainty / Ambiguity Aversion,APP-02051,EV-5bf1e2efab07,withdrew_post_acceptance,True,MODEL_APPLIED_FROM_CALIBRATED_FRAMEWORK
background_check,BM-006,Friction,APP-02051,EV-6785222ab450,withdrew_post_acceptance,True,MODEL_APPLIED_FROM_CALIBRATED_FRAMEWORK
background_check,BM-006,Friction,APP-02051,EV-ad216a947123,withdrew_post_acceptance,True,MODEL_APPLIED_FROM_CALIBRATED_FRAMEWORK
background_check,BM-002,Loss Aversion,APP-02051,EV-cfd8deeb4a49,withdrew_post_acceptance,True,MODEL_APPLIED_FROM_CALIBRATED_FRAMEWORK
screened,BM-020,Commitment / Consistency,APP-02056,EV-538e8bf55605,joined_on_time,False,MODEL_APPLIED_FROM_CALIBRATED_FRAMEWORK
screened,BM-018,Identity Signaling,APP-02056,EV-29d452d99236,joined_on_time,False,MODEL_APPLIED_FROM_CALIBRATED_FRAMEWORK
submitted,BM-020,Commitment / Consistency,APP-02056,EV-5cf652656c1a,joined_on_time,False,MODEL_APPLIED_FROM_CALIBRATED_FRAMEWORK
submitted,BM-018,Identity Signaling,APP-02056,EV-34e5a199784f,joined_on_time,False,MODEL_APPLIED_FROM_CALIBRATED_FRAMEWORK
offer_accepted,BM-020,Commitment / Consistency,APP-02056,EV-461d81e2a244,joined_on_time,False,MODEL_APPLIED_FROM_CALIBRATED_FRAMEWORK
offer_accepted,BM-018,Identity Signaling,APP-02056,EV-3be399ba4638,joined_on_time,False,MODEL_APPLIED_FROM_CALIBRATED_FRAMEWORK
background_check,BM-018,Identity Signaling,APP-02056,EV-eadbf8dd65d5,joined_on_time,False,MODEL_APPLIED_FROM_CALIBRATED_FRAMEWORK
client_interview_1,BM-013,Anchoring,APP-02058,EV-458b90898d5f,withdrew_post_acceptance,True,HUMAN_REVIEWED
client_interview_2,BM-029,Uncertainty / Ambiguity Aversion,APP-02058,EV-2b5bc5582fda,withdrew_post_acceptance,True,MODEL_APPLIED_FROM_CALIBRATED_FRAMEWORK
offer_extended,BM-029,Uncertainty / Ambiguity Aversion,APP-02058,EV-9408c3c0725b,withdrew_post_acceptance,True,MODEL_APPLIED_FROM_CALIBRATED_FRAMEWORK
offer_extended,BM-029,Uncertainty / Ambiguity Aversion,APP-02058,EV-aa04e45286b6,withdrew_post_acceptance,True,MODEL_APPLIED_FROM_CALIBRATED_FRAMEWORK
screened,BM-029,Uncertainty / Ambiguity Aversion,APP-02059,EV-685e9366f1b0,joined_late,False,MODEL_APPLIED_FROM_CALIBRATED_FRAMEWORK
screened,BM-023,Goal Gradient,APP-02059,EV-4ac4c9c48a1b,joined_late,False,MODEL_APPLIED_FROM_CALIBRATED_FRAMEWORK
client_interview_1,BM-029,Uncertainty / Ambiguity Aversion,APP-02059,EV-346b13c105c4,joined_late,False,MODEL_APPLIED_FROM_CALIBRATED_FRAMEWORK
client_interview_1,BM-023,Goal Gradient,APP-02059,EV-e2ef9428ccc6,joined_late,False,MODEL_APPLIED_FROM_CALIBRATED_FRAMEWORK
client_interview_1,BM-001,Status Quo Bias,APP-02059,EV-d88838c07bd0,joined_late,False,MODEL_APPLIED_FROM_CALIBRATED_FRAMEWORK
client_interview_2,BM-023,Goal Gradient,APP-02059,EV-4c48b593a2f2,joined_late,False,MODEL_APPLIED_FROM_CALIBRATED_FRAMEWORK
background_check,BM-023,Goal Gradient,APP-02059,EV-e9b5e3c0e778,joined_late,False,MODEL_APPLIED_FROM_CALIBRATED_FRAMEWORK
background_check,BM-023,Goal Gradient,APP-02059,EV-256a5ea646ab,joined_late,False,MODEL_APPLIED_FROM_CALIBRATED_FRAMEWORK
background_check,BM-001,Status Quo Bias,APP-02059,EV-f3383195a78f,joined_late,False,MODEL_APPLIED_FROM_CALIBRATED_FRAMEWORK
background_check,BM-023,Goal Gradient,APP-02059,EV-3ffd4cf9da09,joined_late,False,MODEL_APPLIED_FROM_CALIBRATED_FRAMEWORK
submitted,BM-001,Status Quo Bias,APP-02061,EV-82e84ecffd28,accepted_no_show,True,MODEL_APPLIED_FROM_CALIBRATED_FRAMEWORK
submitted,BM-029,Uncertainty / Ambiguity Aversion,APP-02061,EV-c7bc77e4860f,accepted_no_show,True,MODEL_APPLIED_FROM_CALIBRATED_FRAMEWORK
offer_accepted,BM-001,Status Quo Bias,APP-02061,EV-00f26b501d29,accepted_no_show,True,MODEL_APPLIED_FROM_CALIBRATED_FRAMEWORK
offer_accepted,BM-001,Status Quo Bias,APP-02061,EV-fd3666ad7b9e,accepted_no_show,True,MODEL_APPLIED_FROM_CALIBRATED_FRAMEWORK
offer_accepted,BM-029,Uncertainty / Ambiguity Aversion,APP-02061,EV-300eb8785353,accepted_no_show,True,MODEL_APPLIED_FROM_CALIBRATED_FRAMEWORK
offer_accepted,BM-001,Status Quo Bias,APP-02061,EV-b61d8ecd7bfd,accepted_no_show,True,MODEL_APPLIED_FROM_CALIBRATED_FRAMEWORK
screened,BM-029,Uncertainty / Ambiguity Aversion,APP-02062,EV-097d217d47de,joined_late,False,MODEL_APPLIED_FROM_CALIBRATED_FRAMEWORK
submitted,BM-029,Uncertainty / Ambiguity Aversion,APP-02062,EV-fd04b9b1b34b,joined_late,False,MODEL_APPLIED_FROM_CALIBRATED_FRAMEWORK
offer_extended,BM-029,Uncertainty / Ambiguity Aversion,APP-02062,EV-0782e8d10242,joined_late,False,MODEL_APPLIED_FROM_CALIBRATED_FRAMEWORK
offer_extended,BM-029,Uncertainty / Ambiguity Aversion,APP-02062,EV-95e6d36d3566,joined_late,False,MODEL_APPLIED_FROM_CALIBRATED_FRAMEWORK
offer_accepted,BM-029,Uncertainty / Ambiguity Aversion,APP-02062,EV-245bd8a1ca4f,joined_late,False,MODEL_APPLIED_FROM_CALIBRATED_FRAMEWORK
background_check,BM-029,Uncertainty / Ambiguity Aversion,APP-02062,EV-cc586c7577f1,joined_late,False,MODEL_APPLIED_FROM_CALIBRATED_FRAMEWORK
background_check,BM-029,Uncertainty / Ambiguity Aversion,APP-02062,EV-674d3144efff,joined_late,False,MODEL_APPLIED_FROM_CALIBRATED_FRAMEWORK
background_check,BM-029,Uncertainty / Ambiguity Aversion,APP-02062,EV-de2145677165,joined_late,False,MODEL_APPLIED_FROM_CALIBRATED_FRAMEWORK
onboarding_docs_sent,BM-029,Uncertainty / Ambiguity Aversion,APP-02062,EV-7077ca55b43d,joined_late,False,MODEL_APPLIED_FROM_CALIBRATED_FRAMEWORK
submitted,BM-029,Uncertainty / Ambiguity Aversion,APP-02067,EV-a14e6e91c97a,joined_late,False,MODEL_APPLIED_FROM_CALIBRATED_FRAMEWORK
offer_accepted,BM-029,Uncertainty / Ambiguity Aversion,APP-02067,EV-e57e9d93d235,joined_late,False,MODEL_APPLIED_FROM_CALIBRATED_FRAMEWORK
offer_accepted,BM-029,Uncertainty / Ambiguity Aversion,APP-02067,EV-478bee631c31,joined_late,False,MODEL_APPLIED_FROM_CALIBRATED_FRAMEWORK
onboarding_docs_sent,BM-029,Uncertainty / Ambiguity Aversion,APP-02067,EV-3d3cb20f62b8,joined_late,False,MODEL_APPLIED_FROM_CALIBRATED_FRAMEWORK
screened,BM-029,Uncertainty / Ambiguity Aversion,APP-02070,EV-cedd42db4284,joined_late,False,MODEL_APPLIED_FROM_CALIBRATED_FRAMEWORK
screened,BM-029,Uncertainty / Ambiguity Aversion,APP-02070,EV-4b8a89044a80,joined_late,False,MODEL_APPLIED_FROM_CALIBRATED_FRAMEWORK
offer_accepted,BM-029,Uncertainty / Ambiguity Aversion,APP-02070,EV-c24306b34e55,joined_late,False,MODEL_APPLIED_FROM_CALIBRATED_FRAMEWORK
offer_accepted,BM-029,Uncertainty / Ambiguity Aversion,APP-02070,EV-cfcd6ca393a7,joined_late,False,MODEL_APPLIED_FROM_CALIBRATED_FRAMEWORK
offer_accepted,BM-029,Uncertainty / Ambiguity Aversion,APP-02070,EV-86cb0a1c93f9,joined_late,False,MODEL_APPLIED_FROM_CALIBRATED_FRAMEWORK
offer_accepted,BM-029,Uncertainty / Ambiguity Aversion,APP-02070,EV-7f25cf178945,joined_late,False,MODEL_APPLIED_FROM_CALIBRATED_FRAMEWORK
onboarding_docs_sent,BM-013,Anchoring,APP-02070,EV-8afeb87887c5,joined_late,False,HUMAN_REVIEWED
onboarding_docs_sent,BM-002,Loss Aversion,APP-02070,EV-6fbb2a922361,joined_late,False,MODEL_APPLIED_FROM_CALIBRATED_FRAMEWORK
background_check,BM-029,Uncertainty / Ambiguity Aversion,APP-02071,EV-54115630bfc6,joined_late,False,MODEL_APPLIED_FROM_CALIBRATED_FRAMEWORK
background_check,BM-005,Choice Overload,APP-02071,EV-fb1e0020a1c4,joined_late,False,MODEL_APPLIED_FROM_CALIBRATED_FRAMEWORK
client_interview_1,BM-006,Friction,APP-02077,EV-eccf7fda2ab2,joined_on_time,False,HUMAN_REVIEWED
client_interview_1,BM-020,Commitment / Consistency,APP-02077,EV-177d387ed234,joined_on_time,False,MODEL_APPLIED_FROM_CALIBRATED_FRAMEWORK
screened,BM-006,Friction,APP-02079,EV-24896fca034d,joined_on_time,False,MODEL_APPLIED_FROM_CALIBRATED_FRAMEWORK
submitted,BM-006,Friction,APP-02079,EV-6e2bf5ab52e7,joined_on_time,False,MODEL_APPLIED_FROM_CALIBRATED_FRAMEWORK
submitted,BM-006,Friction,APP-02079,EV-9fcf2b4b1d59,joined_on_time,False,MODEL_APPLIED_FROM_CALIBRATED_FRAMEWORK
submitted,BM-006,Friction,APP-02079,EV-69029c1d585f,joined_on_time,False,MODEL_APPLIED_FROM_CALIBRATED_FRAMEWORK
client_interview_1,BM-006,Friction,APP-02079,EV-0bf1025a5cb3,joined_on_time,False,MODEL_APPLIED_FROM_CALIBRATED_FRAMEWORK
client_interview_1,BM-006,Friction,APP-02079,EV-a6232ac48e98,joined_on_time,False,MODEL_APPLIED_FROM_CALIBRATED_FRAMEWORK
client_interview_1,BM-006,Friction,APP-02079,EV-dd1a0e9c608d,joined_on_time,False,MODEL_APPLIED_FROM_CALIBRATED_FRAMEWORK
client_interview_1,BM-006,Friction,APP-02079,EV-3b366b47c416,joined_on_time,False,MODEL_APPLIED_FROM_CALIBRATED_FRAMEWORK
background_check,BM-006,Friction,APP-02079,EV-43d4835c62b1,joined_on_time,False,MODEL_APPLIED_FROM_CALIBRATED_FRAMEWORK
background_check,BM-006,Friction,APP-02079,EV-bccfb841ff17,joined_on_time,False,MODEL_APPLIED_FROM_CALIBRATED_FRAMEWORK
background_check,BM-006,Friction,APP-02079,EV-cc89f240d6c3,joined_on_time,False,MODEL_APPLIED_FROM_CALIBRATED_FRAMEWORK
onboarding_docs_sent,BM-006,Friction,APP-02079,EV-3b974e254eca,joined_on_time,False,MODEL_APPLIED_FROM_CALIBRATED_FRAMEWORK
onboarding_docs_sent,BM-006,Friction,APP-02079,EV-1c63c46e7671,joined_on_time,False,MODEL_APPLIED_FROM_CALIBRATED_FRAMEWORK
submitted,BM-023,Goal Gradient,APP-02082,EV-fe957399b97a,accepted_no_show,True,MODEL_APPLIED_FROM_CALIBRATED_FRAMEWORK
background_check,BM-023,Goal Gradient,APP-02082,EV-a9df0a5baad6,accepted_no_show,True,MODEL_APPLIED_FROM_CALIBRATED_FRAMEWORK
unknown,BM-006,Friction,APP-02087,EV-3284e4173a16,withdrew_post_acceptance,True,MODEL_APPLIED_FROM_CALIBRATED_FRAMEWORK
client_interview_1,BM-006,Friction,APP-02087,EV-441ac1b4be8b,withdrew_post_acceptance,True,MODEL_APPLIED_FROM_CALIBRATED_FRAMEWORK
client_interview_1,BM-006,Friction,APP-02087,EV-3e217828af80,withdrew_post_acceptance,True,MODEL_APPLIED_FROM_CALIBRATED_FRAMEWORK
client_interview_1,BM-006,Friction,APP-02087,EV-8079ddc3acad,withdrew_post_acceptance,True,MODEL_APPLIED_FROM_CALIBRATED_FRAMEWORK
client_interview_2,BM-029,Uncertainty / Ambiguity Aversion,APP-02087,EV-3548704c67c4,withdrew_post_acceptance,True,HUMAN_REVIEWED
client_interview_2,BM-006,Friction,APP-02087,EV-cb6947fa5cae,withdrew_post_acceptance,True,MODEL_APPLIED_FROM_CALIBRATED_FRAMEWORK
client_interview_2,BM-006,Friction,APP-02087,EV-6ebdf6849997,withdrew_post_acceptance,True,MODEL_APPLIED_FROM_CALIBRATED_FRAMEWORK
client_interview_2,BM-006,Friction,APP-02087,EV-fa9a29115780,withdrew_post_acceptance,True,MODEL_APPLIED_FROM_CALIBRATED_FRAMEWORK
client_interview_2,BM-002,Loss Aversion,APP-02087,EV-9ca9a1a9fde8,withdrew_post_acceptance,True,MODEL_APPLIED_FROM_CALIBRATED_FRAMEWORK
screened,BM-029,Uncertainty / Ambiguity Aversion,APP-02089,EV-9f83f100d62a,joined_on_time,False,MODEL_APPLIED_FROM_CALIBRATED_FRAMEWORK
client_interview_1,BM-029,Uncertainty / Ambiguity Aversion,APP-02089,EV-711a27a22985,joined_on_time,False,MODEL_APPLIED_FROM_CALIBRATED_FRAMEWORK
background_check,BM-029,Uncertainty / Ambiguity Aversion,APP-02089,EV-c6328ef3dcab,joined_on_time,False,MODEL_APPLIED_FROM_CALIBRATED_FRAMEWORK
background_check,BM-029,Uncertainty / Ambiguity Aversion,APP-02089,EV-a3ae2740b781,joined_on_time,False,MODEL_APPLIED_FROM_CALIBRATED_FRAMEWORK
client_interview_2,BM-011,Reciprocity,APP-02090,EV-c516aae08447,joined_on_time,False,MODEL_APPLIED_FROM_CALIBRATED_FRAMEWORK
submitted,BM-011,Reciprocity,APP-02094,EV-25ccc52fb688,joined_late,False,MODEL_APPLIED_FROM_CALIBRATED_FRAMEWORK
background_check,BM-011,Reciprocity,APP-02094,EV-d7b1f9bcc4c6,joined_late,False,MODEL_APPLIED_FROM_CALIBRATED_FRAMEWORK
background_check,BM-011,Reciprocity,APP-02094,EV-ea3031e06571,joined_late,False,MODEL_APPLIED_FROM_CALIBRATED_FRAMEWORK
background_check,BM-011,Reciprocity,APP-02094,EV-10aca3311ee5,joined_late,False,MODEL_APPLIED_FROM_CALIBRATED_FRAMEWORK
submitted,BM-001,Status Quo Bias,APP-02097,EV-8bcdfecac697,withdrew_post_acceptance,True,MODEL_APPLIED_FROM_CALIBRATED_FRAMEWORK
submitted,BM-029,Uncertainty / Ambiguity Aversion,APP-02097,EV-2ad9c7adf59d,withdrew_post_acceptance,True,MODEL_APPLIED_FROM_CALIBRATED_FRAMEWORK
offer_accepted,BM-001,Status Quo Bias,APP-02097,EV-70dcfd16a9e1,withdrew_post_acceptance,True,MODEL_APPLIED_FROM_CALIBRATED_FRAMEWORK
offer_accepted,BM-029,Uncertainty / Ambiguity Aversion,APP-02097,EV-7d56d81d98d7,withdrew_post_acceptance,True,MODEL_APPLIED_FROM_CALIBRATED_FRAMEWORK
submitted,BM-020,Commitment / Consistency,APP-02098,EV-12d2030732d5,joined_on_time,False,MODEL_APPLIED_FROM_CALIBRATED_FRAMEWORK
submitted,BM-006,Friction,APP-02100,EV-f2b95ceb8bf9,joined_on_time,False,MODEL_APPLIED_FROM_CALIBRATED_FRAMEWORK
submitted,BM-029,Uncertainty / Ambiguity Aversion,APP-02100,EV-0e7c3442e69d,joined_on_time,False,MODEL_APPLIED_FROM_CALIBRATED_FRAMEWORK
submitted,BM-006,Friction,APP-02100,EV-cfe4f3115e1e,joined_on_time,False,MODEL_APPLIED_FROM_CALIBRATED_FRAMEWORK
submitted,BM-006,Friction,APP-02100,EV-4d1b3e157638,joined_on_time,False,MODEL_APPLIED_FROM_CALIBRATED_FRAMEWORK
client_interview_1,BM-006,Friction,APP-02100,EV-c80df230113d,joined_on_time,False,MODEL_APPLIED_FROM_CALIBRATED_FRAMEWORK
client_interview_2,BM-006,Friction,APP-02100,EV-db2c7a03c0e3,joined_on_time,False,MODEL_APPLIED_FROM_CALIBRATED_FRAMEWORK
offer_accepted,BM-006,Friction,APP-02100,EV-1289fd6cb001,joined_on_time,False,MODEL_APPLIED_FROM_CALIBRATED_FRAMEWORK
offer_accepted,BM-006,Friction,APP-02100,EV-47ce87d4deaa,joined_on_time,False,MODEL_APPLIED_FROM_CALIBRATED_FRAMEWORK
background_check,BM-006,Friction,APP-02100,EV-72c7e292bd55,joined_on_time,False,MODEL_APPLIED_FROM_CALIBRATED_FRAMEWORK
background_check,BM-006,Friction,APP-02100,EV-8c89a7cbf670,joined_on_time,False,MODEL_APPLIED_FROM_CALIBRATED_FRAMEWORK
screened,BM-006,Friction,APP-02106,EV-bd04ccd17127,joined_on_time,False,MODEL_APPLIED_FROM_CALIBRATED_FRAMEWORK
submitted,BM-006,Friction,APP-02106,EV-c3d65e730e7c,joined_on_time,False,MODEL_APPLIED_FROM_CALIBRATED_FRAMEWORK
submitted,BM-006,Friction,APP-02106,EV-f9bc9de61deb,joined_on_time,False,MODEL_APPLIED_FROM_CALIBRATED_FRAMEWORK
submitted,BM-011,Reciprocity,APP-02106,EV-c0fd57e40431,joined_on_time,False,MODEL_APPLIED_FROM_CALIBRATED_FRAMEWORK
submitted,BM-006,Friction,APP-02106,EV-2573cffcb261,joined_on_time,False,MODEL_APPLIED_FROM_CALIBRATED_FRAMEWORK
submitted,BM-006,Friction,APP-02106,EV-f69f9cc28c3b,joined_on_time,False,MODEL_APPLIED_FROM_CALIBRATED_FRAMEWORK
client_interview_1,BM-006,Friction,APP-02106,EV-7d56917334ac,joined_on_time,False,MODEL_APPLIED_FROM_CALIBRATED_FRAMEWORK
offer_accepted,BM-006,Friction,APP-02106,EV-848d3951c66d,joined_on_time,False,MODEL_APPLIED_FROM_CALIBRATED_FRAMEWORK
background_check,BM-006,Friction,APP-02106,EV-75186a944e68,joined_on_time,False,MODEL_APPLIED_FROM_CALIBRATED_FRAMEWORK
background_check,BM-006,Friction,APP-02106,EV-cbe5104c3f04,joined_on_time,False,MODEL_APPLIED_FROM_CALIBRATED_FRAMEWORK
background_check,BM-006,Friction,APP-02106,EV-d34e69cfef3c,joined_on_time,False,HUMAN_REVIEWED
background_check,BM-006,Friction,APP-02106,EV-5b86f9066b17,joined_on_time,False,MODEL_APPLIED_FROM_CALIBRATED_FRAMEWORK
background_check,BM-011,Reciprocity,APP-02106,EV-046df57c548f,joined_on_time,False,MODEL_APPLIED_FROM_CALIBRATED_FRAMEWORK
background_check,BM-006,Friction,APP-02106,EV-6e52f352be34,joined_on_time,False,MODEL_APPLIED_FROM_CALIBRATED_FRAMEWORK
background_check,BM-006,Friction,APP-02106,EV-b81d60a33002,joined_on_time,False,MODEL_APPLIED_FROM_CALIBRATED_FRAMEWORK
background_check,BM-006,Friction,APP-02106,EV-19f88e75e09a,joined_on_time,False,MODEL_APPLIED_FROM_CALIBRATED_FRAMEWORK
background_check,BM-006,Friction,APP-02106,EV-c78828cf9fac,joined_on_time,False,MODEL_APPLIED_FROM_CALIBRATED_FRAMEWORK
background_check,BM-011,Reciprocity,APP-02106,EV-65173a12b6b9,joined_on_time,False,MODEL_APPLIED_FROM_CALIBRATED_FRAMEWORK
submitted,BM-006,Friction,APP-02111,EV-0889fa3ce6ff,withdrew_post_acceptance,True,MODEL_APPLIED_FROM_CALIBRATED_FRAMEWORK
submitted,BM-006,Friction,APP-02111,EV-78992cf9b8c4,withdrew_post_acceptance,True,HUMAN_REVIEWED
submitted,BM-006,Friction,APP-02111,EV-3acbcb934d06,withdrew_post_acceptance,True,MODEL_APPLIED_FROM_CALIBRATED_FRAMEWORK
client_interview_1,BM-006,Friction,APP-02111,EV-32f705f230f8,withdrew_post_acceptance,True,MODEL_APPLIED_FROM_CALIBRATED_FRAMEWORK
submitted,BM-029,Uncertainty / Ambiguity Aversion,APP-02113,EV-76a5bc36511f,withdrew_post_acceptance,True,HUMAN_REVIEWED
client_interview_1,BM-011,Reciprocity,APP-02113,EV-350f7406d86e,withdrew_post_acceptance,True,MODEL_APPLIED_FROM_CALIBRATED_FRAMEWORK
screened,BM-023,Goal Gradient,APP-02117,EV-00513f39388a,joined_on_time,False,MODEL_APPLIED_FROM_CALIBRATED_FRAMEWORK
client_interview_1,BM-023,Goal Gradient,APP-02117,EV-9b199b0266e0,joined_on_time,False,MODEL_APPLIED_FROM_CALIBRATED_FRAMEWORK
screened,BM-006,Friction,APP-02118,EV-c88364d403d6,joined_on_time,False,HUMAN_REVIEWED
client_interview_1,BM-006,Friction,APP-02118,EV-3258f9f805f6,joined_on_time,False,MODEL_APPLIED_FROM_CALIBRATED_FRAMEWORK
offer_accepted,BM-006,Friction,APP-02118,EV-c86eb0544001,joined_on_time,False,MODEL_APPLIED_FROM_CALIBRATED_FRAMEWORK
onboarding_docs_sent,BM-006,Friction,APP-02118,EV-39b1bed315cf,joined_on_time,False,MODEL_APPLIED_FROM_CALIBRATED_FRAMEWORK
background_check,BM-020,Commitment / Consistency,APP-02121,EV-ff8afa23b6af,joined_on_time,False,MODEL_APPLIED_FROM_CALIBRATED_FRAMEWORK
background_check,BM-018,Identity Signaling,APP-02121,EV-2a07606653e9,joined_on_time,False,MODEL_APPLIED_FROM_CALIBRATED_FRAMEWORK
background_check,BM-011,Reciprocity,APP-02122,EV-662a8bd78cce,joined_on_time,False,MODEL_APPLIED_FROM_CALIBRATED_FRAMEWORK
offer_accepted,BM-001,Status Quo Bias,APP-02127,EV-8d34370f813d,withdrew_post_acceptance,True,MODEL_APPLIED_FROM_CALIBRATED_FRAMEWORK
unknown,BM-005,Choice Overload,APP-02128,EV-002d38f22eb1,joined_on_time,False,MODEL_APPLIED_FROM_CALIBRATED_FRAMEWORK
submitted,BM-029,Uncertainty / Ambiguity Aversion,APP-02128,EV-7ef77e8f750f,joined_on_time,False,MODEL_APPLIED_FROM_CALIBRATED_FRAMEWORK
offer_extended,BM-005,Choice Overload,APP-02128,EV-25e086691558,joined_on_time,False,MODEL_APPLIED_FROM_CALIBRATED_FRAMEWORK
background_check,BM-005,Choice Overload,APP-02128,EV-aae8ed4b2652,joined_on_time,False,MODEL_APPLIED_FROM_CALIBRATED_FRAMEWORK
background_check,BM-005,Choice Overload,APP-02128,EV-7177ea7d2cf0,joined_on_time,False,MODEL_APPLIED_FROM_CALIBRATED_FRAMEWORK
onboarding_docs_sent,BM-005,Choice Overload,APP-02128,EV-7a1512d8ffc9,joined_on_time,False,MODEL_APPLIED_FROM_CALIBRATED_FRAMEWORK
screened,BM-001,Status Quo Bias,APP-02129,EV-afb4c49b9726,joined_on_time,False,MODEL_APPLIED_FROM_CALIBRATED_FRAMEWORK
screened,BM-014,Confirmation Bias,APP-02129,EV-2f0b8d38c14f,joined_on_time,False,MODEL_APPLIED_FROM_CALIBRATED_FRAMEWORK
screened,BM-001,Status Quo Bias,APP-02129,EV-8fa298866e26,joined_on_time,False,MODEL_APPLIED_FROM_CALIBRATED_FRAMEWORK
submitted,BM-001,Status Quo Bias,APP-02129,EV-f3c0b04e4bcc,joined_on_time,False,MODEL_APPLIED_FROM_CALIBRATED_FRAMEWORK
submitted,BM-014,Confirmation Bias,APP-02129,EV-522bfac27071,joined_on_time,False,MODEL_APPLIED_FROM_CALIBRATED_FRAMEWORK
submitted,BM-001,Status Quo Bias,APP-02129,EV-6743fa49bee8,joined_on_time,False,MODEL_APPLIED_FROM_CALIBRATED_FRAMEWORK
submitted,BM-014,Confirmation Bias,APP-02129,EV-8bdce8bd7b65,joined_on_time,False,MODEL_APPLIED_FROM_CALIBRATED_FRAMEWORK
client_interview_1,BM-029,Uncertainty / Ambiguity Aversion,APP-02129,EV-daf4566490df,joined_on_time,False,HUMAN_REVIEWED
offer_accepted,BM-001,Status Quo Bias,APP-02129,EV-8e12e977c5a6,joined_on_time,False,MODEL_APPLIED_FROM_CALIBRATED_FRAMEWORK
background_check,BM-001,Status Quo Bias,APP-02129,EV-cd98e1176a2c,joined_on_time,False,MODEL_APPLIED_FROM_CALIBRATED_FRAMEWORK
background_check,BM-001,Status Quo Bias,APP-02129,EV-41790867e1fe,joined_on_time,False,MODEL_APPLIED_FROM_CALIBRATED_FRAMEWORK
background_check,BM-014,Confirmation Bias,APP-02129,EV-5d25febc5d6c,joined_on_time,False,MODEL_APPLIED_FROM_CALIBRATED_FRAMEWORK
background_check,BM-001,Status Quo Bias,APP-02129,EV-775668bd7000,joined_on_time,False,MODEL_APPLIED_FROM_CALIBRATED_FRAMEWORK
background_check,BM-014,Confirmation Bias,APP-02129,EV-fd32b4ef2de6,joined_on_time,False,MODEL_APPLIED_FROM_CALIBRATED_FRAMEWORK
submitted,BM-023,Goal Gradient,APP-02130,EV-b9129c5582a1,joined_late,False,MODEL_APPLIED_FROM_CALIBRATED_FRAMEWORK
offer_accepted,BM-029,Uncertainty / Ambiguity Aversion,APP-02130,EV-ddf11089e9d1,joined_late,False,HUMAN_REVIEWED
offer_accepted,BM-023,Goal Gradient,APP-02130,EV-58710cd3ab69,joined_late,False,MODEL_APPLIED_FROM_CALIBRATED_FRAMEWORK
onboarding_docs_sent,BM-023,Goal Gradient,APP-02130,EV-1f2e5cb22cfa,joined_late,False,MODEL_APPLIED_FROM_CALIBRATED_FRAMEWORK
onboarding_docs_sent,BM-023,Goal Gradient,APP-02130,EV-2df2cd528a32,joined_late,False,MODEL_APPLIED_FROM_CALIBRATED_FRAMEWORK
client_interview_1,BM-023,Goal Gradient,APP-02132,EV-1bf5d708f595,declined_offer,True,MODEL_APPLIED_FROM_CALIBRATED_FRAMEWORK
client_interview_1,BM-023,Goal Gradient,APP-02132,EV-44df63039d8f,declined_offer,True,MODEL_APPLIED_FROM_CALIBRATED_FRAMEWORK
client_interview_1,BM-023,Goal Gradient,APP-02132,EV-98b57323eacb,declined_offer,True,MODEL_APPLIED_FROM_CALIBRATED_FRAMEWORK
screened,BM-029,Uncertainty / Ambiguity Aversion,APP-02133,EV-80b803ba203d,joined_on_time,False,MODEL_APPLIED_FROM_CALIBRATED_FRAMEWORK
submitted,BM-029,Uncertainty / Ambiguity Aversion,APP-02133,EV-7ef594f341f4,joined_on_time,False,MODEL_APPLIED_FROM_CALIBRATED_FRAMEWORK
offer_accepted,BM-029,Uncertainty / Ambiguity Aversion,APP-02133,EV-885e7fc679f5,joined_on_time,False,MODEL_APPLIED_FROM_CALIBRATED_FRAMEWORK
background_check,BM-029,Uncertainty / Ambiguity Aversion,APP-02133,EV-1fa40c9b4c9e,joined_on_time,False,MODEL_APPLIED_FROM_CALIBRATED_FRAMEWORK
background_check,BM-029,Uncertainty / Ambiguity Aversion,APP-02133,EV-02803e76634a,joined_on_time,False,MODEL_APPLIED_FROM_CALIBRATED_FRAMEWORK
background_check,BM-029,Uncertainty / Ambiguity Aversion,APP-02133,EV-d31d0017abf8,joined_on_time,False,MODEL_APPLIED_FROM_CALIBRATED_FRAMEWORK
screened,BM-006,Friction,APP-02134,EV-487d107e444f,declined_offer,True,MODEL_APPLIED_FROM_CALIBRATED_FRAMEWORK
submitted,BM-006,Friction,APP-02134,EV-ea7651cd2ef3,declined_offer,True,MODEL_APPLIED_FROM_CALIBRATED_FRAMEWORK
submitted,BM-006,Friction,APP-02134,EV-99e5728ffae1,declined_offer,True,MODEL_APPLIED_FROM_CALIBRATED_FRAMEWORK
submitted,BM-006,Friction,APP-02134,EV-2c9f1eed5ce6,declined_offer,True,MODEL_APPLIED_FROM_CALIBRATED_FRAMEWORK
submitted,BM-001,Status Quo Bias,APP-02134,EV-712f6dd6d268,declined_offer,True,HUMAN_REVIEWED
submitted,BM-006,Friction,APP-02134,EV-1c850f4e12bc,declined_offer,True,MODEL_APPLIED_FROM_CALIBRATED_FRAMEWORK
client_interview_1,BM-006,Friction,APP-02134,EV-38cfef265503,declined_offer,True,MODEL_APPLIED_FROM_CALIBRATED_FRAMEWORK
client_interview_1,BM-006,Friction,APP-02134,EV-2a0155054f83,declined_offer,True,MODEL_APPLIED_FROM_CALIBRATED_FRAMEWORK
offer_extended,BM-006,Friction,APP-02134,EV-f496cdb72646,declined_offer,True,MODEL_APPLIED_FROM_CALIBRATED_FRAMEWORK
offer_extended,BM-006,Friction,APP-02134,EV-c48a4d52c2b3,declined_offer,True,MODEL_APPLIED_FROM_CALIBRATED_FRAMEWORK
client_interview_1,BM-023,Goal Gradient,APP-02135,EV-bc95bf671b74,joined_on_time,False,MODEL_APPLIED_FROM_CALIBRATED_FRAMEWORK
offer_extended,BM-023,Goal Gradient,APP-02135,EV-33740b418739,joined_on_time,False,MODEL_APPLIED_FROM_CALIBRATED_FRAMEWORK
background_check,BM-023,Goal Gradient,APP-02135,EV-4a5fa2398678,joined_on_time,False,MODEL_APPLIED_FROM_CALIBRATED_FRAMEWORK
background_check,BM-023,Goal Gradient,APP-02135,EV-87687f27c91a,joined_on_time,False,MODEL_APPLIED_FROM_CALIBRATED_FRAMEWORK
unknown,BM-020,Commitment / Consistency,APP-02137,EV-c38b287e29ee,joined_late,False,MODEL_APPLIED_FROM_CALIBRATED_FRAMEWORK
offer_extended,BM-020,Commitment / Consistency,APP-02137,EV-56a7374d2a13,joined_late,False,MODEL_APPLIED_FROM_CALIBRATED_FRAMEWORK
background_check,BM-011,Reciprocity,APP-02137,EV-890c4807f0c3,joined_late,False,MODEL_APPLIED_FROM_CALIBRATED_FRAMEWORK
background_check,BM-018,Identity Signaling,APP-02137,EV-24eec9dbfb75,joined_late,False,MODEL_APPLIED_FROM_CALIBRATED_FRAMEWORK
submitted,BM-011,Reciprocity,APP-02139,EV-83ee2c605e0f,rejected_by_client,True,MODEL_APPLIED_FROM_CALIBRATED_FRAMEWORK
submitted,BM-001,Status Quo Bias,APP-02141,EV-3f4f15191e19,joined_late,False,MODEL_APPLIED_FROM_CALIBRATED_FRAMEWORK
submitted,BM-029,Uncertainty / Ambiguity Aversion,APP-02141,EV-ce9311093c8b,joined_late,False,MODEL_APPLIED_FROM_CALIBRATED_FRAMEWORK
submitted,BM-029,Uncertainty / Ambiguity Aversion,APP-02141,EV-0b4893e5de48,joined_late,False,MODEL_APPLIED_FROM_CALIBRATED_FRAMEWORK
submitted,BM-029,Uncertainty / Ambiguity Aversion,APP-02141,EV-ae3c3c4764fc,joined_late,False,MODEL_APPLIED_FROM_CALIBRATED_FRAMEWORK
offer_accepted,BM-001,Status Quo Bias,APP-02141,EV-b4dd7c9d1ac3,joined_late,False,MODEL_APPLIED_FROM_CALIBRATED_FRAMEWORK
offer_accepted,BM-029,Uncertainty / Ambiguity Aversion,APP-02141,EV-ad21098e2178,joined_late,False,MODEL_APPLIED_FROM_CALIBRATED_FRAMEWORK
client_interview_1,BM-023,Goal Gradient,APP-02146,EV-a7ada859ea5d,joined_late,False,MODEL_APPLIED_FROM_CALIBRATED_FRAMEWORK
client_interview_1,BM-006,Friction,APP-02147,EV-177be9e62247,joined_late,False,MODEL_APPLIED_FROM_CALIBRATED_FRAMEWORK
offer_extended,BM-006,Friction,APP-02147,EV-955dc94bbdbb,joined_late,False,MODEL_APPLIED_FROM_CALIBRATED_FRAMEWORK
offer_accepted,BM-006,Friction,APP-02147,EV-c8db266c5173,joined_late,False,MODEL_APPLIED_FROM_CALIBRATED_FRAMEWORK
offer_accepted,BM-006,Friction,APP-02147,EV-1fdaefc5391d,joined_late,False,HUMAN_REVIEWED
offer_accepted,BM-006,Friction,APP-02147,EV-f19134ddec62,joined_late,False,MODEL_APPLIED_FROM_CALIBRATED_FRAMEWORK
offer_accepted,BM-006,Friction,APP-02147,EV-42b88006bade,joined_late,False,MODEL_APPLIED_FROM_CALIBRATED_FRAMEWORK
onboarding_docs_sent,BM-006,Friction,APP-02147,EV-a70730d56a30,joined_late,False,MODEL_APPLIED_FROM_CALIBRATED_FRAMEWORK
onboarding_docs_sent,BM-006,Friction,APP-02147,EV-0b9b70f8b331,joined_late,False,MODEL_APPLIED_FROM_CALIBRATED_FRAMEWORK
onboarding_docs_sent,BM-006,Friction,APP-02147,EV-acdb470375b0,joined_late,False,MODEL_APPLIED_FROM_CALIBRATED_FRAMEWORK
offer_accepted,BM-006,Friction,APP-02150,EV-dffa6be5be25,joined_on_time,False,MODEL_APPLIED_FROM_CALIBRATED_FRAMEWORK
offer_accepted,BM-006,Friction,APP-02150,EV-c69b827201f1,joined_on_time,False,MODEL_APPLIED_FROM_CALIBRATED_FRAMEWORK
offer_accepted,BM-011,Reciprocity,APP-02150,EV-a57020bffb81,joined_on_time,False,MODEL_APPLIED_FROM_CALIBRATED_FRAMEWORK
offer_accepted,BM-006,Friction,APP-02150,EV-0bd721002d6a,joined_on_time,False,MODEL_APPLIED_FROM_CALIBRATED_FRAMEWORK
offer_accepted,BM-011,Reciprocity,APP-02150,EV-a358fb883306,joined_on_time,False,MODEL_APPLIED_FROM_CALIBRATED_FRAMEWORK
offer_accepted,BM-006,Friction,APP-02150,EV-80ca9eb08adb,joined_on_time,False,MODEL_APPLIED_FROM_CALIBRATED_FRAMEWORK
offer_accepted,BM-011,Reciprocity,APP-02150,EV-fc867d8da400,joined_on_time,False,MODEL_APPLIED_FROM_CALIBRATED_FRAMEWORK
submitted,BM-029,Uncertainty / Ambiguity Aversion,APP-02152,EV-143b44eeee4d,accepted_no_show,True,MODEL_APPLIED_FROM_CALIBRATED_FRAMEWORK
submitted,BM-029,Uncertainty / Ambiguity Aversion,APP-02152,EV-5f631e489c8a,accepted_no_show,True,MODEL_APPLIED_FROM_CALIBRATED_FRAMEWORK
submitted,BM-029,Uncertainty / Ambiguity Aversion,APP-02152,EV-0aabe9c261bd,accepted_no_show,True,MODEL_APPLIED_FROM_CALIBRATED_FRAMEWORK
background_check,BM-029,Uncertainty / Ambiguity Aversion,APP-02152,EV-993679420521,accepted_no_show,True,MODEL_APPLIED_FROM_CALIBRATED_FRAMEWORK
onboarding_docs_sent,BM-029,Uncertainty / Ambiguity Aversion,APP-02152,EV-c8a1a14f986a,accepted_no_show,True,MODEL_APPLIED_FROM_CALIBRATED_FRAMEWORK
client_interview_1,BM-021,Reactance,APP-02153,EV-c2caa8e20104,declined_offer,True,HUMAN_REVIEWED
screened,BM-001,Status Quo Bias,APP-02154,EV-11bdc81aa2d7,joined_on_time,False,MODEL_APPLIED_FROM_CALIBRATED_FRAMEWORK
screened,BM-014,Confirmation Bias,APP-02154,EV-b00c47f03bb6,joined_on_time,False,MODEL_APPLIED_FROM_CALIBRATED_FRAMEWORK
screened,BM-001,Status Quo Bias,APP-02154,EV-1b1a60f53da4,joined_on_time,False,MODEL_APPLIED_FROM_CALIBRATED_FRAMEWORK
screened,BM-014,Confirmation Bias,APP-02154,EV-b37242d5a0cb,joined_on_time,False,MODEL_APPLIED_FROM_CALIBRATED_FRAMEWORK
client_interview_1,BM-014,Confirmation Bias,APP-02154,EV-09210f49a01a,joined_on_time,False,MODEL_APPLIED_FROM_CALIBRATED_FRAMEWORK
offer_accepted,BM-001,Status Quo Bias,APP-02154,EV-d3a09a50f6f5,joined_on_time,False,MODEL_APPLIED_FROM_CALIBRATED_FRAMEWORK
offer_accepted,BM-014,Confirmation Bias,APP-02154,EV-6002b687465b,joined_on_time,False,MODEL_APPLIED_FROM_CALIBRATED_FRAMEWORK
background_check,BM-014,Confirmation Bias,APP-02154,EV-7eb44f9bcbff,joined_on_time,False,MODEL_APPLIED_FROM_CALIBRATED_FRAMEWORK
onboarding_docs_sent,BM-001,Status Quo Bias,APP-02154,EV-944bc258a5e7,joined_on_time,False,MODEL_APPLIED_FROM_CALIBRATED_FRAMEWORK
onboarding_docs_sent,BM-014,Confirmation Bias,APP-02154,EV-1ccea74d5a51,joined_on_time,False,MODEL_APPLIED_FROM_CALIBRATED_FRAMEWORK
onboarding_docs_sent,BM-001,Status Quo Bias,APP-02154,EV-71ad7293319e,joined_on_time,False,MODEL_APPLIED_FROM_CALIBRATED_FRAMEWORK
submitted,BM-023,Goal Gradient,APP-02155,EV-a4def8306b80,joined_late,False,MODEL_APPLIED_FROM_CALIBRATED_FRAMEWORK
submitted,BM-023,Goal Gradient,APP-02155,EV-29db8fb9622c,joined_late,False,MODEL_APPLIED_FROM_CALIBRATED_FRAMEWORK
client_interview_1,BM-023,Goal Gradient,APP-02155,EV-c719bf9152de,joined_late,False,MODEL_APPLIED_FROM_CALIBRATED_FRAMEWORK
client_interview_1,BM-023,Goal Gradient,APP-02155,EV-6e4f0226f964,joined_late,False,MODEL_APPLIED_FROM_CALIBRATED_FRAMEWORK
client_interview_1,BM-023,Goal Gradient,APP-02155,EV-977816c8c12f,joined_late,False,MODEL_APPLIED_FROM_CALIBRATED_FRAMEWORK
client_interview_2,BM-023,Goal Gradient,APP-02155,EV-97d2881090de,joined_late,False,MODEL_APPLIED_FROM_CALIBRATED_FRAMEWORK
client_interview_2,BM-023,Goal Gradient,APP-02155,EV-fdf0fe762cc1,joined_late,False,MODEL_APPLIED_FROM_CALIBRATED_FRAMEWORK
offer_accepted,BM-023,Goal Gradient,APP-02155,EV-ca6f81bee6cb,joined_late,False,MODEL_APPLIED_FROM_CALIBRATED_FRAMEWORK
background_check,BM-023,Goal Gradient,APP-02155,EV-150cfc6e0f23,joined_late,False,MODEL_APPLIED_FROM_CALIBRATED_FRAMEWORK
background_check,BM-023,Goal Gradient,APP-02155,EV-fc4aa94f88b9,joined_late,False,MODEL_APPLIED_FROM_CALIBRATED_FRAMEWORK
background_check,BM-023,Goal Gradient,APP-02155,EV-24bb0aacc1d6,joined_late,False,MODEL_APPLIED_FROM_CALIBRATED_FRAMEWORK
background_check,BM-023,Goal Gradient,APP-02155,EV-fec36edbaeef,joined_late,False,MODEL_APPLIED_FROM_CALIBRATED_FRAMEWORK
screened,BM-005,Choice Overload,APP-02157,EV-62bcf2f12d5a,withdrew_post_acceptance,True,MODEL_APPLIED_FROM_CALIBRATED_FRAMEWORK
client_interview_2,BM-005,Choice Overload,APP-02157,EV-0c28bc6e8294,withdrew_post_acceptance,True,MODEL_APPLIED_FROM_CALIBRATED_FRAMEWORK
client_interview_2,BM-005,Choice Overload,APP-02157,EV-40d8c7e6bb9b,withdrew_post_acceptance,True,MODEL_APPLIED_FROM_CALIBRATED_FRAMEWORK
client_interview_2,BM-005,Choice Overload,APP-02157,EV-189c508bf8c1,withdrew_post_acceptance,True,MODEL_APPLIED_FROM_CALIBRATED_FRAMEWORK
offer_extended,BM-005,Choice Overload,APP-02157,EV-f103e6915acf,withdrew_post_acceptance,True,MODEL_APPLIED_FROM_CALIBRATED_FRAMEWORK
offer_extended,BM-029,Uncertainty / Ambiguity Aversion,APP-02157,EV-24e270b38dce,withdrew_post_acceptance,True,MODEL_APPLIED_FROM_CALIBRATED_FRAMEWORK
offer_extended,BM-020,Commitment / Consistency,APP-02157,EV-469d8c72610d,withdrew_post_acceptance,True,MODEL_APPLIED_FROM_CALIBRATED_FRAMEWORK
submitted,BM-001,Status Quo Bias,APP-02160,EV-724069bb0f00,declined_offer,True,MODEL_APPLIED_FROM_CALIBRATED_FRAMEWORK
submitted,BM-029,Uncertainty / Ambiguity Aversion,APP-02160,EV-d191c8485422,declined_offer,True,MODEL_APPLIED_FROM_CALIBRATED_FRAMEWORK
submitted,BM-001,Status Quo Bias,APP-02160,EV-9fdba3207b4f,declined_offer,True,MODEL_APPLIED_FROM_CALIBRATED_FRAMEWORK
submitted,BM-001,Status Quo Bias,APP-02160,EV-6d9b14cbbe2f,declined_offer,True,MODEL_APPLIED_FROM_CALIBRATED_FRAMEWORK
submitted,BM-001,Status Quo Bias,APP-02160,EV-c8ce9d1f5cb6,declined_offer,True,MODEL_APPLIED_FROM_CALIBRATED_FRAMEWORK
submitted,BM-029,Uncertainty / Ambiguity Aversion,APP-02160,EV-be5eb3797aa8,declined_offer,True,MODEL_APPLIED_FROM_CALIBRATED_FRAMEWORK
submitted,BM-001,Status Quo Bias,APP-02160,EV-ebc153d0ccb5,declined_offer,True,MODEL_APPLIED_FROM_CALIBRATED_FRAMEWORK
client_interview_1,BM-005,Choice Overload,APP-02166,EV-dc5ad2b8b8d2,joined_on_time,False,MODEL_APPLIED_FROM_CALIBRATED_FRAMEWORK
client_interview_1,BM-005,Choice Overload,APP-02166,EV-2d4357c19749,joined_on_time,False,MODEL_APPLIED_FROM_CALIBRATED_FRAMEWORK
offer_accepted,BM-005,Choice Overload,APP-02166,EV-73901ae8d75d,joined_on_time,False,MODEL_APPLIED_FROM_CALIBRATED_FRAMEWORK
background_check,BM-005,Choice Overload,APP-02166,EV-8e8e4a00441b,joined_on_time,False,MODEL_APPLIED_FROM_CALIBRATED_FRAMEWORK
unknown,BM-001,Status Quo Bias,APP-02171,EV-64e1252c4ad8,joined_on_time,False,MODEL_APPLIED_FROM_CALIBRATED_FRAMEWORK
submitted,BM-001,Status Quo Bias,APP-02171,EV-e852150c385e,joined_on_time,False,MODEL_APPLIED_FROM_CALIBRATED_FRAMEWORK
offer_extended,BM-023,Goal Gradient,APP-02171,EV-0866798ed718,joined_on_time,False,MODEL_APPLIED_FROM_CALIBRATED_FRAMEWORK
offer_accepted,BM-023,Goal Gradient,APP-02171,EV-0c27bfb8c0a5,joined_on_time,False,MODEL_APPLIED_FROM_CALIBRATED_FRAMEWORK
offer_accepted,BM-023,Goal Gradient,APP-02171,EV-f5be71fe0db2,joined_on_time,False,MODEL_APPLIED_FROM_CALIBRATED_FRAMEWORK
background_check,BM-001,Status Quo Bias,APP-02171,EV-e0633c93ba65,joined_on_time,False,MODEL_APPLIED_FROM_CALIBRATED_FRAMEWORK
background_check,BM-001,Status Quo Bias,APP-02171,EV-371b43964f09,joined_on_time,False,MODEL_APPLIED_FROM_CALIBRATED_FRAMEWORK
background_check,BM-001,Status Quo Bias,APP-02171,EV-35d51256684d,joined_on_time,False,MODEL_APPLIED_FROM_CALIBRATED_FRAMEWORK
background_check,BM-029,Uncertainty / Ambiguity Aversion,APP-02171,EV-6e3ed674bb8f,joined_on_time,False,MODEL_APPLIED_FROM_CALIBRATED_FRAMEWORK
background_check,BM-023,Goal Gradient,APP-02171,EV-5abe603aa158,joined_on_time,False,MODEL_APPLIED_FROM_CALIBRATED_FRAMEWORK
screened,BM-001,Status Quo Bias,APP-02172,EV-2222b21c03c3,joined_late,False,MODEL_APPLIED_FROM_CALIBRATED_FRAMEWORK
submitted,BM-001,Status Quo Bias,APP-02172,EV-9e3861f1c055,joined_late,False,MODEL_APPLIED_FROM_CALIBRATED_FRAMEWORK
client_interview_1,BM-029,Uncertainty / Ambiguity Aversion,APP-02172,EV-bac7c12b53db,joined_late,False,HUMAN_REVIEWED
client_interview_1,BM-001,Status Quo Bias,APP-02172,EV-f2d68b02a301,joined_late,False,MODEL_APPLIED_FROM_CALIBRATED_FRAMEWORK
offer_accepted,BM-023,Goal Gradient,APP-02172,EV-7c76a0f74c4e,joined_late,False,MODEL_APPLIED_FROM_CALIBRATED_FRAMEWORK
offer_accepted,BM-029,Uncertainty / Ambiguity Aversion,APP-02172,EV-0052b0c828c8,joined_late,False,MODEL_APPLIED_FROM_CALIBRATED_FRAMEWORK
unknown,BM-001,Status Quo Bias,APP-02173,EV-6d026b6aad5d,withdrew_post_acceptance,True,MODEL_APPLIED_FROM_CALIBRATED_FRAMEWORK
screened,BM-001,Status Quo Bias,APP-02173,EV-4bfdd960d4df,withdrew_post_acceptance,True,MODEL_APPLIED_FROM_CALIBRATED_FRAMEWORK
submitted,BM-001,Status Quo Bias,APP-02173,EV-4c545552098a,withdrew_post_acceptance,True,MODEL_APPLIED_FROM_CALIBRATED_FRAMEWORK
offer_extended,BM-001,Status Quo Bias,APP-02173,EV-6514a71333cd,withdrew_post_acceptance,True,MODEL_APPLIED_FROM_CALIBRATED_FRAMEWORK
offer_extended,BM-001,Status Quo Bias,APP-02173,EV-a95410f6b7a5,withdrew_post_acceptance,True,MODEL_APPLIED_FROM_CALIBRATED_FRAMEWORK
offer_extended,BM-029,Uncertainty / Ambiguity Aversion,APP-02173,EV-97e68ef7c6e2,withdrew_post_acceptance,True,MODEL_APPLIED_FROM_CALIBRATED_FRAMEWORK
client_interview_2,BM-029,Uncertainty / Ambiguity Aversion,APP-02175,EV-9167d11f4c93,joined_on_time,False,MODEL_APPLIED_FROM_CALIBRATED_FRAMEWORK
offer_accepted,BM-029,Uncertainty / Ambiguity Aversion,APP-02175,EV-f728e63c1ee3,joined_on_time,False,MODEL_APPLIED_FROM_CALIBRATED_FRAMEWORK
offer_accepted,BM-029,Uncertainty / Ambiguity Aversion,APP-02175,EV-643b2fe32e66,joined_on_time,False,MODEL_APPLIED_FROM_CALIBRATED_FRAMEWORK
offer_accepted,BM-029,Uncertainty / Ambiguity Aversion,APP-02175,EV-7d676922bafc,joined_on_time,False,MODEL_APPLIED_FROM_CALIBRATED_FRAMEWORK
onboarding_docs_sent,BM-029,Uncertainty / Ambiguity Aversion,APP-02175,EV-e974c28f106f,joined_on_time,False,MODEL_APPLIED_FROM_CALIBRATED_FRAMEWORK
submitted,BM-006,Friction,APP-02176,EV-f9dee54ab641,joined_late,False,MODEL_APPLIED_FROM_CALIBRATED_FRAMEWORK
submitted,BM-029,Uncertainty / Ambiguity Aversion,APP-02176,EV-57b28a67e950,joined_late,False,HUMAN_REVIEWED
submitted,BM-006,Friction,APP-02176,EV-a843869b0ddf,joined_late,False,MODEL_APPLIED_FROM_CALIBRATED_FRAMEWORK
offer_accepted,BM-006,Friction,APP-02176,EV-467fe3740ee1,joined_late,False,MODEL_APPLIED_FROM_CALIBRATED_FRAMEWORK
offer_accepted,BM-006,Friction,APP-02176,EV-d98b7c71e884,joined_late,False,MODEL_APPLIED_FROM_CALIBRATED_FRAMEWORK
background_check,BM-006,Friction,APP-02176,EV-ee182295b21e,joined_late,False,HUMAN_REVIEWED
onboarding_docs_sent,BM-006,Friction,APP-02176,EV-0dd563ac2117,joined_late,False,MODEL_APPLIED_FROM_CALIBRATED_FRAMEWORK
submitted,BM-001,Status Quo Bias,APP-02180,EV-79b50fc9d5e0,joined_on_time,False,MODEL_APPLIED_FROM_CALIBRATED_FRAMEWORK
offer_extended,BM-020,Commitment / Consistency,APP-02183,EV-2d35fa627ad1,joined_late,False,MODEL_APPLIED_FROM_CALIBRATED_FRAMEWORK
offer_extended,BM-018,Identity Signaling,APP-02183,EV-3096ba42e7ca,joined_late,False,MODEL_APPLIED_FROM_CALIBRATED_FRAMEWORK
offer_accepted,BM-018,Identity Signaling,APP-02183,EV-fd297f7ee63e,joined_late,False,MODEL_APPLIED_FROM_CALIBRATED_FRAMEWORK
submitted,BM-005,Choice Overload,APP-02187,EV-e4fa2b72f300,withdrew_post_acceptance,True,MODEL_APPLIED_FROM_CALIBRATED_FRAMEWORK
submitted,BM-005,Choice Overload,APP-02187,EV-e7fc7b9ea857,withdrew_post_acceptance,True,MODEL_APPLIED_FROM_CALIBRATED_FRAMEWORK
submitted,BM-005,Choice Overload,APP-02187,EV-04687daf6f5e,withdrew_post_acceptance,True,MODEL_APPLIED_FROM_CALIBRATED_FRAMEWORK
submitted,BM-029,Uncertainty / Ambiguity Aversion,APP-02187,EV-d89ce1c2d083,withdrew_post_acceptance,True,MODEL_APPLIED_FROM_CALIBRATED_FRAMEWORK
client_interview_1,BM-005,Choice Overload,APP-02187,EV-0149d658faad,withdrew_post_acceptance,True,MODEL_APPLIED_FROM_CALIBRATED_FRAMEWORK
client_interview_1,BM-005,Choice Overload,APP-02187,EV-67e514b73408,withdrew_post_acceptance,True,MODEL_APPLIED_FROM_CALIBRATED_FRAMEWORK
client_interview_1,BM-005,Choice Overload,APP-02187,EV-ea0a01b3b5f0,withdrew_post_acceptance,True,MODEL_APPLIED_FROM_CALIBRATED_FRAMEWORK
client_interview_1,BM-005,Choice Overload,APP-02187,EV-c61053f0a366,withdrew_post_acceptance,True,MODEL_APPLIED_FROM_CALIBRATED_FRAMEWORK
client_interview_1,BM-005,Choice Overload,APP-02187,EV-ef805bcec106,withdrew_post_acceptance,True,MODEL_APPLIED_FROM_CALIBRATED_FRAMEWORK
submitted,BM-002,Loss Aversion,APP-02192,EV-00dd3dc4c4cc,declined_offer,True,MODEL_APPLIED_FROM_CALIBRATED_FRAMEWORK
submitted,BM-029,Uncertainty / Ambiguity Aversion,APP-02192,EV-d9a981423460,declined_offer,True,MODEL_APPLIED_FROM_CALIBRATED_FRAMEWORK
submitted,BM-029,Uncertainty / Ambiguity Aversion,APP-02192,EV-c0f065c49f53,declined_offer,True,MODEL_APPLIED_FROM_CALIBRATED_FRAMEWORK
client_interview_1,BM-029,Uncertainty / Ambiguity Aversion,APP-02192,EV-f27debbc4934,declined_offer,True,MODEL_APPLIED_FROM_CALIBRATED_FRAMEWORK
client_interview_1,BM-002,Loss Aversion,APP-02192,EV-94f3dbc7e5cc,declined_offer,True,MODEL_APPLIED_FROM_CALIBRATED_FRAMEWORK
client_interview_1,BM-001,Status Quo Bias,APP-02192,EV-cb69f07732ae,declined_offer,True,MODEL_APPLIED_FROM_CALIBRATED_FRAMEWORK
offer_accepted,BM-006,Friction,APP-02193,EV-385d3e49cfcd,rejected_by_client,True,MODEL_APPLIED_FROM_CALIBRATED_FRAMEWORK
screened,BM-014,Confirmation Bias,APP-02194,EV-dd1f48baef10,declined_offer,True,MODEL_APPLIED_FROM_CALIBRATED_FRAMEWORK
screened,BM-014,Confirmation Bias,APP-02194,EV-73d0a4b38ac3,declined_offer,True,MODEL_APPLIED_FROM_CALIBRATED_FRAMEWORK
screened,BM-029,Uncertainty / Ambiguity Aversion,APP-02194,EV-eade44e8bb1a,declined_offer,True,HUMAN_REVIEWED
screened,BM-014,Confirmation Bias,APP-02194,EV-63f2fae875e8,declined_offer,True,MODEL_APPLIED_FROM_CALIBRATED_FRAMEWORK
submitted,BM-006,Friction,APP-02196,EV-cccb8eb4cf97,declined_offer,True,MODEL_APPLIED_FROM_CALIBRATED_FRAMEWORK
submitted,BM-006,Friction,APP-02196,EV-ea9e465dd24f,declined_offer,True,MODEL_APPLIED_FROM_CALIBRATED_FRAMEWORK
submitted,BM-006,Friction,APP-02196,EV-fbc025d6599f,declined_offer,True,HUMAN_REVIEWED
submitted,BM-006,Friction,APP-02196,EV-e03e53051605,declined_offer,True,MODEL_APPLIED_FROM_CALIBRATED_FRAMEWORK
submitted,BM-006,Friction,APP-02196,EV-b1d8c5433ec4,declined_offer,True,MODEL_APPLIED_FROM_CALIBRATED_FRAMEWORK
client_interview_1,BM-006,Friction,APP-02196,EV-cd0a7f70f4ee,declined_offer,True,MODEL_APPLIED_FROM_CALIBRATED_FRAMEWORK
client_interview_2,BM-006,Friction,APP-02196,EV-7fdd89f1fdb7,declined_offer,True,MODEL_APPLIED_FROM_CALIBRATED_FRAMEWORK
client_interview_2,BM-006,Friction,APP-02196,EV-fb857db83f10,declined_offer,True,MODEL_APPLIED_FROM_CALIBRATED_FRAMEWORK
offer_extended,BM-006,Friction,APP-02196,EV-8824a97000cf,declined_offer,True,MODEL_APPLIED_FROM_CALIBRATED_FRAMEWORK
offer_extended,BM-006,Friction,APP-02196,EV-98fc18ce42fa,declined_offer,True,MODEL_APPLIED_FROM_CALIBRATED_FRAMEWORK
offer_extended,BM-002,Loss Aversion,APP-02196,EV-608873fe694b,declined_offer,True,MODEL_APPLIED_FROM_CALIBRATED_FRAMEWORK
submitted,BM-014,Confirmation Bias,APP-02200,EV-75977e7ae1aa,joined_on_time,False,MODEL_APPLIED_FROM_CALIBRATED_FRAMEWORK
submitted,BM-014,Confirmation Bias,APP-02200,EV-9673192e013a,joined_on_time,False,MODEL_APPLIED_FROM_CALIBRATED_FRAMEWORK
submitted,BM-006,Friction,APP-02201,EV-2f2f517c8292,declined_offer,True,MODEL_APPLIED_FROM_CALIBRATED_FRAMEWORK
submitted,BM-006,Friction,APP-02201,EV-53c82e415ca2,declined_offer,True,MODEL_APPLIED_FROM_CALIBRATED_FRAMEWORK
submitted,BM-006,Friction,APP-02201,EV-fa475b53321f,declined_offer,True,MODEL_APPLIED_FROM_CALIBRATED_FRAMEWORK
client_interview_1,BM-006,Friction,APP-02201,EV-c506243fe763,declined_offer,True,MODEL_APPLIED_FROM_CALIBRATED_FRAMEWORK
client_interview_1,BM-006,Friction,APP-02201,EV-6a5b8ff410f8,declined_offer,True,MODEL_APPLIED_FROM_CALIBRATED_FRAMEWORK
client_interview_2,BM-006,Friction,APP-02201,EV-2ff0985c2375,declined_offer,True,MODEL_APPLIED_FROM_CALIBRATED_FRAMEWORK
client_interview_2,BM-006,Friction,APP-02201,EV-928b5c4c7eb6,declined_offer,True,MODEL_APPLIED_FROM_CALIBRATED_FRAMEWORK
offer_extended,BM-006,Friction,APP-02201,EV-39778c7c72e3,declined_offer,True,MODEL_APPLIED_FROM_CALIBRATED_FRAMEWORK
offer_extended,BM-006,Friction,APP-02201,EV-36b03ecd997c,declined_offer,True,MODEL_APPLIED_FROM_CALIBRATED_FRAMEWORK
submitted,BM-006,Friction,APP-02203,EV-d63a53c15cc7,declined_offer,True,MODEL_APPLIED_FROM_CALIBRATED_FRAMEWORK
submitted,BM-006,Friction,APP-02203,EV-affeaf1efa9a,declined_offer,True,MODEL_APPLIED_FROM_CALIBRATED_FRAMEWORK
submitted,BM-006,Friction,APP-02203,EV-b67a1e011556,declined_offer,True,HUMAN_REVIEWED
submitted,BM-006,Friction,APP-02203,EV-092debbda1df,declined_offer,True,MODEL_APPLIED_FROM_CALIBRATED_FRAMEWORK
client_interview_1,BM-006,Friction,APP-02203,EV-68743774d6e7,declined_offer,True,MODEL_APPLIED_FROM_CALIBRATED_FRAMEWORK
offer_extended,BM-006,Friction,APP-02203,EV-90ad078ce657,declined_offer,True,MODEL_APPLIED_FROM_CALIBRATED_FRAMEWORK
unknown,BM-002,Loss Aversion,APP-02204,EV-646efc6de0af,accepted_no_show,True,MODEL_APPLIED_FROM_CALIBRATED_FRAMEWORK
client_interview_1,BM-001,Status Quo Bias,APP-02204,EV-fd19c8b8b8cc,accepted_no_show,True,MODEL_APPLIED_FROM_CALIBRATED_FRAMEWORK
client_interview_1,BM-002,Loss Aversion,APP-02204,EV-59828c9dabfd,accepted_no_show,True,MODEL_APPLIED_FROM_CALIBRATED_FRAMEWORK
client_interview_2,BM-029,Uncertainty / Ambiguity Aversion,APP-02204,EV-4a304c20c91c,accepted_no_show,True,MODEL_APPLIED_FROM_CALIBRATED_FRAMEWORK
client_interview_2,BM-029,Uncertainty / Ambiguity Aversion,APP-02204,EV-ba609d4c574c,accepted_no_show,True,MODEL_APPLIED_FROM_CALIBRATED_FRAMEWORK
background_check,BM-002,Loss Aversion,APP-02204,EV-bf87ff0a427d,accepted_no_show,True,MODEL_APPLIED_FROM_CALIBRATED_FRAMEWORK
background_check,BM-029,Uncertainty / Ambiguity Aversion,APP-02204,EV-aa969b098b4d,accepted_no_show,True,MODEL_APPLIED_FROM_CALIBRATED_FRAMEWORK
background_check,BM-029,Uncertainty / Ambiguity Aversion,APP-02204,EV-b39fc56a093a,accepted_no_show,True,MODEL_APPLIED_FROM_CALIBRATED_FRAMEWORK
client_interview_1,BM-020,Commitment / Consistency,APP-02206,EV-96828b3ad744,joined_late,False,MODEL_APPLIED_FROM_CALIBRATED_FRAMEWORK
onboarding_docs_sent,BM-020,Commitment / Consistency,APP-02206,EV-379c8bed66f8,joined_late,False,MODEL_APPLIED_FROM_CALIBRATED_FRAMEWORK
screened,BM-020,Commitment / Consistency,APP-02208,EV-f38c08459e97,joined_on_time,False,MODEL_APPLIED_FROM_CALIBRATED_FRAMEWORK
background_check,BM-006,Friction,APP-02208,EV-8be5d07bee2c,joined_on_time,False,MODEL_APPLIED_FROM_CALIBRATED_FRAMEWORK
background_check,BM-002,Loss Aversion,APP-02209,EV-3b8aefe8d2d6,withdrew_post_acceptance,True,MODEL_APPLIED_FROM_CALIBRATED_FRAMEWORK
background_check,BM-018,Identity Signaling,APP-02210,EV-890370a25fe6,joined_on_time,False,MODEL_APPLIED_FROM_CALIBRATED_FRAMEWORK
client_interview_1,BM-020,Commitment / Consistency,APP-02211,EV-fca95ba31854,joined_on_time,False,MODEL_APPLIED_FROM_CALIBRATED_FRAMEWORK
offer_accepted,BM-020,Commitment / Consistency,APP-02211,EV-00c7f86fadb0,joined_on_time,False,MODEL_APPLIED_FROM_CALIBRATED_FRAMEWORK
offer_accepted,BM-006,Friction,APP-02211,EV-a198c0a2106f,joined_on_time,False,MODEL_APPLIED_FROM_CALIBRATED_FRAMEWORK
onboarding_docs_sent,BM-006,Friction,APP-02211,EV-400453cb3df7,joined_on_time,False,MODEL_APPLIED_FROM_CALIBRATED_FRAMEWORK
submitted,BM-001,Status Quo Bias,APP-02213,EV-b217d29eeeb0,accepted_no_show,True,MODEL_APPLIED_FROM_CALIBRATED_FRAMEWORK
submitted,BM-014,Confirmation Bias,APP-02213,EV-854601f151ca,accepted_no_show,True,MODEL_APPLIED_FROM_CALIBRATED_FRAMEWORK
client_interview_1,BM-001,Status Quo Bias,APP-02213,EV-0522ae77521d,accepted_no_show,True,MODEL_APPLIED_FROM_CALIBRATED_FRAMEWORK
offer_accepted,BM-001,Status Quo Bias,APP-02213,EV-f2b1bab3d449,accepted_no_show,True,MODEL_APPLIED_FROM_CALIBRATED_FRAMEWORK
offer_accepted,BM-014,Confirmation Bias,APP-02213,EV-27b0693a100e,accepted_no_show,True,MODEL_APPLIED_FROM_CALIBRATED_FRAMEWORK
client_interview_1,BM-020,Commitment / Consistency,APP-02214,EV-5a6d2416b307,rejected_by_client,True,MODEL_APPLIED_FROM_CALIBRATED_FRAMEWORK
client_interview_1,BM-006,Friction,APP-02216,EV-40658ae20f84,joined_late,False,MODEL_APPLIED_FROM_CALIBRATED_FRAMEWORK
background_check,BM-006,Friction,APP-02216,EV-19a4645901f4,joined_late,False,MODEL_APPLIED_FROM_CALIBRATED_FRAMEWORK
background_check,BM-006,Friction,APP-02216,EV-ba517b88ddb6,joined_late,False,MODEL_APPLIED_FROM_CALIBRATED_FRAMEWORK
onboarding_docs_sent,BM-029,Uncertainty / Ambiguity Aversion,APP-02216,EV-415090aaa5ff,joined_late,False,MODEL_APPLIED_FROM_CALIBRATED_FRAMEWORK
onboarding_docs_sent,BM-006,Friction,APP-02216,EV-1b7027ff09c6,joined_late,False,MODEL_APPLIED_FROM_CALIBRATED_FRAMEWORK
onboarding_docs_sent,BM-006,Friction,APP-02216,EV-b8c0b266dbad,joined_late,False,MODEL_APPLIED_FROM_CALIBRATED_FRAMEWORK
background_check,BM-029,Uncertainty / Ambiguity Aversion,APP-02218,EV-d391bfe02f99,joined_on_time,False,HUMAN_REVIEWED
client_interview_1,BM-023,Goal Gradient,APP-02220,EV-f38a842b3628,accepted_no_show,True,MODEL_APPLIED_FROM_CALIBRATED_FRAMEWORK
background_check,BM-023,Goal Gradient,APP-02220,EV-8421ebeeff5d,accepted_no_show,True,MODEL_APPLIED_FROM_CALIBRATED_FRAMEWORK
onboarding_docs_sent,BM-023,Goal Gradient,APP-02220,EV-aa0ac343ba26,accepted_no_show,True,MODEL_APPLIED_FROM_CALIBRATED_FRAMEWORK
submitted,BM-029,Uncertainty / Ambiguity Aversion,APP-02221,EV-2ec2cc0971b4,declined_offer,True,MODEL_APPLIED_FROM_CALIBRATED_FRAMEWORK
submitted,BM-029,Uncertainty / Ambiguity Aversion,APP-02221,EV-e664788fa75d,declined_offer,True,MODEL_APPLIED_FROM_CALIBRATED_FRAMEWORK
submitted,BM-002,Loss Aversion,APP-02221,EV-2d7436820c3e,declined_offer,True,MODEL_APPLIED_FROM_CALIBRATED_FRAMEWORK
submitted,BM-002,Loss Aversion,APP-02221,EV-07203abb67a9,declined_offer,True,MODEL_APPLIED_FROM_CALIBRATED_FRAMEWORK
submitted,BM-029,Uncertainty / Ambiguity Aversion,APP-02224,EV-8dcd4681e855,withdrew_post_acceptance,True,MODEL_APPLIED_FROM_CALIBRATED_FRAMEWORK
client_interview_1,BM-001,Status Quo Bias,APP-02224,EV-2da62a181dc7,withdrew_post_acceptance,True,HUMAN_REVIEWED
offer_extended,BM-029,Uncertainty / Ambiguity Aversion,APP-02224,EV-10571ef19a99,withdrew_post_acceptance,True,MODEL_APPLIED_FROM_CALIBRATED_FRAMEWORK
screened,BM-001,Status Quo Bias,APP-02225,EV-815e7d8772a2,declined_offer,True,MODEL_APPLIED_FROM_CALIBRATED_FRAMEWORK
client_interview_1,BM-001,Status Quo Bias,APP-02225,EV-d82f44e6a680,declined_offer,True,MODEL_APPLIED_FROM_CALIBRATED_FRAMEWORK
client_interview_1,BM-006,Friction,APP-02225,EV-6b182ec8fdfb,declined_offer,True,HUMAN_REVIEWED
client_interview_1,BM-001,Status Quo Bias,APP-02225,EV-e333757e638d,declined_offer,True,MODEL_APPLIED_FROM_CALIBRATED_FRAMEWORK
client_interview_1,BM-001,Status Quo Bias,APP-02225,EV-dacbcc856155,declined_offer,True,MODEL_APPLIED_FROM_CALIBRATED_FRAMEWORK
client_interview_1,BM-014,Confirmation Bias,APP-02225,EV-638d7a279386,declined_offer,True,MODEL_APPLIED_FROM_CALIBRATED_FRAMEWORK
client_interview_1,BM-014,Confirmation Bias,APP-02225,EV-5f73b0471649,declined_offer,True,MODEL_APPLIED_FROM_CALIBRATED_FRAMEWORK
client_interview_1,BM-001,Status Quo Bias,APP-02225,EV-1652d4436021,declined_offer,True,MODEL_APPLIED_FROM_CALIBRATED_FRAMEWORK
client_interview_1,BM-001,Status Quo Bias,APP-02225,EV-48de14a40615,declined_offer,True,MODEL_APPLIED_FROM_CALIBRATED_FRAMEWORK
client_interview_1,BM-001,Status Quo Bias,APP-02225,EV-491119659f71,declined_offer,True,MODEL_APPLIED_FROM_CALIBRATED_FRAMEWORK
unknown,BM-020,Commitment / Consistency,APP-02232,EV-45b4039dc694,joined_on_time,False,MODEL_APPLIED_FROM_CALIBRATED_FRAMEWORK
client_interview_2,BM-006,Friction,APP-02233,EV-a4cf4d3234f9,joined_on_time,False,MODEL_APPLIED_FROM_CALIBRATED_FRAMEWORK
client_interview_1,BM-005,Choice Overload,APP-02237,EV-add73770871a,joined_on_time,False,MODEL_APPLIED_FROM_CALIBRATED_FRAMEWORK
submitted,BM-001,Status Quo Bias,APP-02238,EV-0f983630732e,joined_on_time,False,MODEL_APPLIED_FROM_CALIBRATED_FRAMEWORK
submitted,BM-014,Confirmation Bias,APP-02238,EV-387d4671f700,joined_on_time,False,MODEL_APPLIED_FROM_CALIBRATED_FRAMEWORK
client_interview_1,BM-014,Confirmation Bias,APP-02238,EV-4e74cfac3004,joined_on_time,False,MODEL_APPLIED_FROM_CALIBRATED_FRAMEWORK
background_check,BM-001,Status Quo Bias,APP-02238,EV-4f194376059c,joined_on_time,False,MODEL_APPLIED_FROM_CALIBRATED_FRAMEWORK
background_check,BM-014,Confirmation Bias,APP-02238,EV-94963cc9608a,joined_on_time,False,MODEL_APPLIED_FROM_CALIBRATED_FRAMEWORK
background_check,BM-001,Status Quo Bias,APP-02238,EV-b0668cf17973,joined_on_time,False,MODEL_APPLIED_FROM_CALIBRATED_FRAMEWORK
onboarding_docs_sent,BM-001,Status Quo Bias,APP-02238,EV-43d82eca22be,joined_on_time,False,MODEL_APPLIED_FROM_CALIBRATED_FRAMEWORK
onboarding_docs_sent,BM-014,Confirmation Bias,APP-02238,EV-7d8f74250338,joined_on_time,False,MODEL_APPLIED_FROM_CALIBRATED_FRAMEWORK
unknown,BM-001,Status Quo Bias,APP-02240,EV-490c65330f64,rejected_by_client,True,MODEL_APPLIED_FROM_CALIBRATED_FRAMEWORK
unknown,BM-001,Status Quo Bias,APP-02240,EV-2a334dc2d7e6,rejected_by_client,True,MODEL_APPLIED_FROM_CALIBRATED_FRAMEWORK
client_interview_1,BM-001,Status Quo Bias,APP-02240,EV-0d58314d9ecf,rejected_by_client,True,MODEL_APPLIED_FROM_CALIBRATED_FRAMEWORK
submitted,BM-023,Goal Gradient,APP-02241,EV-5e1dc906088d,declined_offer,True,MODEL_APPLIED_FROM_CALIBRATED_FRAMEWORK
submitted,BM-023,Goal Gradient,APP-02241,EV-0528309147ea,declined_offer,True,MODEL_APPLIED_FROM_CALIBRATED_FRAMEWORK
client_interview_1,BM-023,Goal Gradient,APP-02241,EV-8be090c8d71b,declined_offer,True,MODEL_APPLIED_FROM_CALIBRATED_FRAMEWORK
client_interview_1,BM-023,Goal Gradient,APP-02241,EV-5f9b1e9923ca,declined_offer,True,MODEL_APPLIED_FROM_CALIBRATED_FRAMEWORK
background_check,BM-029,Uncertainty / Ambiguity Aversion,APP-02243,EV-b6eebf2f69e1,withdrew_post_acceptance,True,MODEL_APPLIED_FROM_CALIBRATED_FRAMEWORK
background_check,BM-029,Uncertainty / Ambiguity Aversion,APP-02243,EV-d4c0d6967cd9,withdrew_post_acceptance,True,MODEL_APPLIED_FROM_CALIBRATED_FRAMEWORK
background_check,BM-002,Loss Aversion,APP-02243,EV-73343c6b622d,withdrew_post_acceptance,True,MODEL_APPLIED_FROM_CALIBRATED_FRAMEWORK
unknown,BM-006,Friction,APP-02245,EV-23416dda7e08,withdrew_post_acceptance,True,MODEL_APPLIED_FROM_CALIBRATED_FRAMEWORK
submitted,BM-006,Friction,APP-02245,EV-7b9fc152df8e,withdrew_post_acceptance,True,MODEL_APPLIED_FROM_CALIBRATED_FRAMEWORK
submitted,BM-006,Friction,APP-02245,EV-15bed95c17c3,withdrew_post_acceptance,True,MODEL_APPLIED_FROM_CALIBRATED_FRAMEWORK
screened,BM-006,Friction,APP-02249,EV-a707d34bfb66,joined_on_time,False,MODEL_APPLIED_FROM_CALIBRATED_FRAMEWORK
screened,BM-006,Friction,APP-02249,EV-9a86e8652321,joined_on_time,False,MODEL_APPLIED_FROM_CALIBRATED_FRAMEWORK
screened,BM-006,Friction,APP-02249,EV-8499668cd580,joined_on_time,False,MODEL_APPLIED_FROM_CALIBRATED_FRAMEWORK
submitted,BM-006,Friction,APP-02249,EV-a38d85d56610,joined_on_time,False,HUMAN_REVIEWED
submitted,BM-006,Friction,APP-02249,EV-a0ca61d36dcd,joined_on_time,False,MODEL_APPLIED_FROM_CALIBRATED_FRAMEWORK
submitted,BM-006,Friction,APP-02249,EV-c42b94b59787,joined_on_time,False,MODEL_APPLIED_FROM_CALIBRATED_FRAMEWORK
submitted,BM-006,Friction,APP-02249,EV-91db641f354e,joined_on_time,False,MODEL_APPLIED_FROM_CALIBRATED_FRAMEWORK
client_interview_1,BM-006,Friction,APP-02249,EV-298cd7115198,joined_on_time,False,MODEL_APPLIED_FROM_CALIBRATED_FRAMEWORK
offer_extended,BM-006,Friction,APP-02249,EV-9cd664e36c50,joined_on_time,False,MODEL_APPLIED_FROM_CALIBRATED_FRAMEWORK
offer_extended,BM-006,Friction,APP-02249,EV-a5e1d0b34542,joined_on_time,False,MODEL_APPLIED_FROM_CALIBRATED_FRAMEWORK
offer_extended,BM-011,Reciprocity,APP-02249,EV-9f51aed2b6b8,joined_on_time,False,MODEL_APPLIED_FROM_CALIBRATED_FRAMEWORK
client_interview_1,BM-001,Status Quo Bias,APP-02252,EV-323ea1aa29e8,joined_late,False,MODEL_APPLIED_FROM_CALIBRATED_FRAMEWORK
client_interview_1,BM-023,Goal Gradient,APP-02252,EV-e96adbaf717c,joined_late,False,MODEL_APPLIED_FROM_CALIBRATED_FRAMEWORK
client_interview_2,BM-023,Goal Gradient,APP-02252,EV-a67f54d2193f,joined_late,False,MODEL_APPLIED_FROM_CALIBRATED_FRAMEWORK
client_interview_2,BM-001,Status Quo Bias,APP-02252,EV-61bd87cb480e,joined_late,False,MODEL_APPLIED_FROM_CALIBRATED_FRAMEWORK
client_interview_2,BM-029,Uncertainty / Ambiguity Aversion,APP-02252,EV-6641fe5478d6,joined_late,False,MODEL_APPLIED_FROM_CALIBRATED_FRAMEWORK
client_interview_2,BM-023,Goal Gradient,APP-02252,EV-6e816c0e32ba,joined_late,False,MODEL_APPLIED_FROM_CALIBRATED_FRAMEWORK
offer_accepted,BM-001,Status Quo Bias,APP-02252,EV-7eb20bc513a6,joined_late,False,MODEL_APPLIED_FROM_CALIBRATED_FRAMEWORK
background_check,BM-001,Status Quo Bias,APP-02252,EV-b26d83963d8d,joined_late,False,MODEL_APPLIED_FROM_CALIBRATED_FRAMEWORK
background_check,BM-023,Goal Gradient,APP-02252,EV-3e2a082a2117,joined_late,False,MODEL_APPLIED_FROM_CALIBRATED_FRAMEWORK
background_check,BM-029,Uncertainty / Ambiguity Aversion,APP-02252,EV-696b94c923f0,joined_late,False,MODEL_APPLIED_FROM_CALIBRATED_FRAMEWORK
onboarding_docs_sent,BM-001,Status Quo Bias,APP-02252,EV-0f9d717de61d,joined_late,False,MODEL_APPLIED_FROM_CALIBRATED_FRAMEWORK
onboarding_docs_sent,BM-001,Status Quo Bias,APP-02252,EV-21ff2780e465,joined_late,False,MODEL_APPLIED_FROM_CALIBRATED_FRAMEWORK
onboarding_docs_sent,BM-001,Status Quo Bias,APP-02252,EV-ce423e2dcafb,joined_late,False,MODEL_APPLIED_FROM_CALIBRATED_FRAMEWORK
onboarding_docs_sent,BM-029,Uncertainty / Ambiguity Aversion,APP-02252,EV-5fe9f1589b50,joined_late,False,MODEL_APPLIED_FROM_CALIBRATED_FRAMEWORK
onboarding_docs_sent,BM-023,Goal Gradient,APP-02252,EV-08e4352aa019,joined_late,False,MODEL_APPLIED_FROM_CALIBRATED_FRAMEWORK
onboarding_docs_sent,BM-001,Status Quo Bias,APP-02252,EV-eb7bf10ba039,joined_late,False,MODEL_APPLIED_FROM_CALIBRATED_FRAMEWORK
submitted,BM-029,Uncertainty / Ambiguity Aversion,APP-02254,EV-a0bc7617097e,joined_on_time,False,MODEL_APPLIED_FROM_CALIBRATED_FRAMEWORK
offer_accepted,BM-002,Loss Aversion,APP-02254,EV-1cf870b06faf,joined_on_time,False,MODEL_APPLIED_FROM_CALIBRATED_FRAMEWORK
offer_accepted,BM-029,Uncertainty / Ambiguity Aversion,APP-02254,EV-5d3f60e9bc46,joined_on_time,False,MODEL_APPLIED_FROM_CALIBRATED_FRAMEWORK
submitted,BM-029,Uncertainty / Ambiguity Aversion,APP-02256,EV-2d5ff899ebea,joined_on_time,False,MODEL_APPLIED_FROM_CALIBRATED_FRAMEWORK
submitted,BM-023,Goal Gradient,APP-02256,EV-7849ff5fa3e8,joined_on_time,False,MODEL_APPLIED_FROM_CALIBRATED_FRAMEWORK
submitted,BM-001,Status Quo Bias,APP-02256,EV-c4ff364785f2,joined_on_time,False,MODEL_APPLIED_FROM_CALIBRATED_FRAMEWORK
submitted,BM-001,Status Quo Bias,APP-02256,EV-166367c67c1d,joined_on_time,False,MODEL_APPLIED_FROM_CALIBRATED_FRAMEWORK
submitted,BM-001,Status Quo Bias,APP-02256,EV-534ec5e62df2,joined_on_time,False,MODEL_APPLIED_FROM_CALIBRATED_FRAMEWORK
submitted,BM-029,Uncertainty / Ambiguity Aversion,APP-02256,EV-c0b6a77aeb96,joined_on_time,False,MODEL_APPLIED_FROM_CALIBRATED_FRAMEWORK
submitted,BM-023,Goal Gradient,APP-02256,EV-429e09205fec,joined_on_time,False,MODEL_APPLIED_FROM_CALIBRATED_FRAMEWORK
client_interview_1,BM-029,Uncertainty / Ambiguity Aversion,APP-02256,EV-1651d1955ec7,joined_on_time,False,MODEL_APPLIED_FROM_CALIBRATED_FRAMEWORK
client_interview_1,BM-023,Goal Gradient,APP-02256,EV-651ecf1663f0,joined_on_time,False,MODEL_APPLIED_FROM_CALIBRATED_FRAMEWORK
client_interview_1,BM-023,Goal Gradient,APP-02256,EV-8c26f1003bb3,joined_on_time,False,MODEL_APPLIED_FROM_CALIBRATED_FRAMEWORK
client_interview_1,BM-001,Status Quo Bias,APP-02256,EV-eeaeccd500ae,joined_on_time,False,MODEL_APPLIED_FROM_CALIBRATED_FRAMEWORK
client_interview_1,BM-010,Endowment Effect,APP-02256,EV-3e2a86adad39,joined_on_time,False,HUMAN_REVIEWED
offer_accepted,BM-001,Status Quo Bias,APP-02256,EV-d697a0e2ea7e,joined_on_time,False,MODEL_APPLIED_FROM_CALIBRATED_FRAMEWORK
offer_accepted,BM-001,Status Quo Bias,APP-02256,EV-188fda3eb419,joined_on_time,False,MODEL_APPLIED_FROM_CALIBRATED_FRAMEWORK
offer_accepted,BM-006,Friction,APP-02259,EV-bfc4f3fa4dbf,joined_late,False,MODEL_APPLIED_FROM_CALIBRATED_FRAMEWORK
screened,BM-023,Goal Gradient,APP-02261,EV-60703ebb169d,withdrew_post_acceptance,True,MODEL_APPLIED_FROM_CALIBRATED_FRAMEWORK
submitted,BM-006,Friction,APP-02267,EV-a8f10f8fa8c8,joined_late,False,MODEL_APPLIED_FROM_CALIBRATED_FRAMEWORK
client_interview_1,BM-006,Friction,APP-02267,EV-b421494321c2,joined_late,False,MODEL_APPLIED_FROM_CALIBRATED_FRAMEWORK
background_check,BM-006,Friction,APP-02267,EV-0b3903a51d72,joined_late,False,MODEL_APPLIED_FROM_CALIBRATED_FRAMEWORK
background_check,BM-006,Friction,APP-02267,EV-5e0f48b1a864,joined_late,False,MODEL_APPLIED_FROM_CALIBRATED_FRAMEWORK
onboarding_docs_sent,BM-006,Friction,APP-02267,EV-8b99c6a38929,joined_late,False,MODEL_APPLIED_FROM_CALIBRATED_FRAMEWORK
onboarding_docs_sent,BM-006,Friction,APP-02267,EV-fe4e62c1682b,joined_late,False,MODEL_APPLIED_FROM_CALIBRATED_FRAMEWORK
onboarding_docs_sent,BM-006,Friction,APP-02267,EV-1539ef5182e1,joined_late,False,MODEL_APPLIED_FROM_CALIBRATED_FRAMEWORK
client_interview_2,BM-002,Loss Aversion,APP-02270,EV-3eef37d56613,declined_offer,True,MODEL_APPLIED_FROM_CALIBRATED_FRAMEWORK
offer_extended,BM-002,Loss Aversion,APP-02273,EV-54d57e54ec7a,declined_offer,True,MODEL_APPLIED_FROM_CALIBRATED_FRAMEWORK
submitted,BM-020,Commitment / Consistency,APP-02275,EV-0cf209c8205c,joined_on_time,False,MODEL_APPLIED_FROM_CALIBRATED_FRAMEWORK
background_check,BM-006,Friction,APP-02275,EV-180d7d6d04d2,joined_on_time,False,MODEL_APPLIED_FROM_CALIBRATED_FRAMEWORK
submitted,BM-011,Reciprocity,APP-02276,EV-0267ffeda3e9,withdrew_post_acceptance,True,MODEL_APPLIED_FROM_CALIBRATED_FRAMEWORK
submitted,BM-018,Identity Signaling,APP-02276,EV-b1c72050ae60,withdrew_post_acceptance,True,MODEL_APPLIED_FROM_CALIBRATED_FRAMEWORK
client_interview_1,BM-006,Friction,APP-02278,EV-a88b79524e92,joined_on_time,False,MODEL_APPLIED_FROM_CALIBRATED_FRAMEWORK
background_check,BM-006,Friction,APP-02278,EV-e400b5782f5e,joined_on_time,False,MODEL_APPLIED_FROM_CALIBRATED_FRAMEWORK
background_check,BM-006,Friction,APP-02278,EV-2e41eee6849c,joined_on_time,False,MODEL_APPLIED_FROM_CALIBRATED_FRAMEWORK
unknown,BM-006,Friction,APP-02279,EV-650a2f51b9d9,joined_on_time,False,MODEL_APPLIED_FROM_CALIBRATED_FRAMEWORK
submitted,BM-006,Friction,APP-02279,EV-1a1b158498ca,joined_on_time,False,MODEL_APPLIED_FROM_CALIBRATED_FRAMEWORK
submitted,BM-006,Friction,APP-02279,EV-d2a684fcff27,joined_on_time,False,MODEL_APPLIED_FROM_CALIBRATED_FRAMEWORK
offer_accepted,BM-006,Friction,APP-02279,EV-3a54473ce64a,joined_on_time,False,MODEL_APPLIED_FROM_CALIBRATED_FRAMEWORK
screened,BM-029,Uncertainty / Ambiguity Aversion,APP-02281,EV-8560d375ea74,joined_on_time,False,HUMAN_REVIEWED
client_interview_2,BM-006,Friction,APP-02281,EV-2edb39366176,joined_on_time,False,MODEL_APPLIED_FROM_CALIBRATED_FRAMEWORK
client_interview_2,BM-006,Friction,APP-02281,EV-3f0f7bfee1d5,joined_on_time,False,MODEL_APPLIED_FROM_CALIBRATED_FRAMEWORK
onboarding_docs_sent,BM-006,Friction,APP-02281,EV-d43cebec96a1,joined_on_time,False,MODEL_APPLIED_FROM_CALIBRATED_FRAMEWORK
screened,BM-001,Status Quo Bias,APP-02282,EV-9ccb4bc1ee58,joined_on_time,False,MODEL_APPLIED_FROM_CALIBRATED_FRAMEWORK
screened,BM-014,Confirmation Bias,APP-02282,EV-3d79d5e8a491,joined_on_time,False,MODEL_APPLIED_FROM_CALIBRATED_FRAMEWORK
submitted,BM-001,Status Quo Bias,APP-02282,EV-1dadc12b74a8,joined_on_time,False,MODEL_APPLIED_FROM_CALIBRATED_FRAMEWORK
offer_accepted,BM-001,Status Quo Bias,APP-02282,EV-389e201b4dff,joined_on_time,False,MODEL_APPLIED_FROM_CALIBRATED_FRAMEWORK
offer_accepted,BM-014,Confirmation Bias,APP-02282,EV-f408dcce3ec9,joined_on_time,False,MODEL_APPLIED_FROM_CALIBRATED_FRAMEWORK
onboarding_docs_sent,BM-001,Status Quo Bias,APP-02282,EV-50a1bc7a72ba,joined_on_time,False,MODEL_APPLIED_FROM_CALIBRATED_FRAMEWORK
onboarding_docs_sent,BM-014,Confirmation Bias,APP-02282,EV-9cd69d063b43,joined_on_time,False,MODEL_APPLIED_FROM_CALIBRATED_FRAMEWORK
onboarding_docs_sent,BM-001,Status Quo Bias,APP-02282,EV-2a761c433277,joined_on_time,False,MODEL_APPLIED_FROM_CALIBRATED_FRAMEWORK
submitted,BM-006,Friction,APP-02284,EV-6612880d27d7,joined_on_time,False,MODEL_APPLIED_FROM_CALIBRATED_FRAMEWORK
screened,BM-002,Loss Aversion,APP-02285,EV-d2e2ffc5bbd2,declined_offer,True,MODEL_APPLIED_FROM_CALIBRATED_FRAMEWORK
client_interview_1,BM-001,Status Quo Bias,APP-02285,EV-7fde00df2b99,declined_offer,True,HUMAN_REVIEWED
client_interview_1,BM-029,Uncertainty / Ambiguity Aversion,APP-02285,EV-0dc1863b63c9,declined_offer,True,MODEL_APPLIED_FROM_CALIBRATED_FRAMEWORK
client_interview_1,BM-001,Status Quo Bias,APP-02285,EV-b0d742132adc,declined_offer,True,MODEL_APPLIED_FROM_CALIBRATED_FRAMEWORK
client_interview_1,BM-002,Loss Aversion,APP-02285,EV-eb05299ab1f8,declined_offer,True,MODEL_APPLIED_FROM_CALIBRATED_FRAMEWORK
client_interview_1,BM-029,Uncertainty / Ambiguity Aversion,APP-02285,EV-6f2b28265011,declined_offer,True,MODEL_APPLIED_FROM_CALIBRATED_FRAMEWORK
client_interview_1,BM-029,Uncertainty / Ambiguity Aversion,APP-02285,EV-dbf75eb70db6,declined_offer,True,MODEL_APPLIED_FROM_CALIBRATED_FRAMEWORK
client_interview_1,BM-029,Uncertainty / Ambiguity Aversion,APP-02285,EV-5987b85298a5,declined_offer,True,MODEL_APPLIED_FROM_CALIBRATED_FRAMEWORK
client_interview_1,BM-029,Uncertainty / Ambiguity Aversion,APP-02285,EV-985af0c18fd2,declined_offer,True,MODEL_APPLIED_FROM_CALIBRATED_FRAMEWORK
client_interview_1,BM-029,Uncertainty / Ambiguity Aversion,APP-02285,EV-a3415839dcf9,declined_offer,True,MODEL_APPLIED_FROM_CALIBRATED_FRAMEWORK
unknown,BM-020,Commitment / Consistency,APP-02286,EV-49587b3ef473,joined_on_time,False,MODEL_APPLIED_FROM_CALIBRATED_FRAMEWORK
screened,BM-011,Reciprocity,APP-02289,EV-ae7d4bab38c5,withdrew_post_acceptance,True,MODEL_APPLIED_FROM_CALIBRATED_FRAMEWORK
offer_extended,BM-002,Loss Aversion,APP-02289,EV-caa22e7e093e,withdrew_post_acceptance,True,MODEL_APPLIED_FROM_CALIBRATED_FRAMEWORK
screened,BM-023,Goal Gradient,APP-02291,EV-1b658595e221,joined_late,False,MODEL_APPLIED_FROM_CALIBRATED_FRAMEWORK
offer_extended,BM-023,Goal Gradient,APP-02291,EV-88d0f9174c0f,joined_late,False,MODEL_APPLIED_FROM_CALIBRATED_FRAMEWORK
offer_accepted,BM-023,Goal Gradient,APP-02291,EV-0eb153fd0438,joined_late,False,MODEL_APPLIED_FROM_CALIBRATED_FRAMEWORK
background_check,BM-023,Goal Gradient,APP-02291,EV-fdd90a3b62e8,joined_late,False,MODEL_APPLIED_FROM_CALIBRATED_FRAMEWORK
client_interview_1,BM-006,Friction,APP-02292,EV-f760fe500e89,joined_on_time,False,MODEL_APPLIED_FROM_CALIBRATED_FRAMEWORK
background_check,BM-006,Friction,APP-02292,EV-6589735d8349,joined_on_time,False,MODEL_APPLIED_FROM_CALIBRATED_FRAMEWORK
background_check,BM-006,Friction,APP-02292,EV-0d54a5ca3095,joined_on_time,False,MODEL_APPLIED_FROM_CALIBRATED_FRAMEWORK
submitted,BM-005,Choice Overload,APP-02293,EV-ab2d7bdfe754,joined_on_time,False,MODEL_APPLIED_FROM_CALIBRATED_FRAMEWORK
offer_extended,BM-005,Choice Overload,APP-02293,EV-3c2890f6d98d,joined_on_time,False,MODEL_APPLIED_FROM_CALIBRATED_FRAMEWORK
offer_extended,BM-005,Choice Overload,APP-02293,EV-251101179608,joined_on_time,False,MODEL_APPLIED_FROM_CALIBRATED_FRAMEWORK
offer_accepted,BM-005,Choice Overload,APP-02293,EV-c3265de29a6f,joined_on_time,False,MODEL_APPLIED_FROM_CALIBRATED_FRAMEWORK
offer_accepted,BM-029,Uncertainty / Ambiguity Aversion,APP-02293,EV-4fe92e71b8d5,joined_on_time,False,MODEL_APPLIED_FROM_CALIBRATED_FRAMEWORK
offer_accepted,BM-005,Choice Overload,APP-02293,EV-0f6d1e370795,joined_on_time,False,MODEL_APPLIED_FROM_CALIBRATED_FRAMEWORK
background_check,BM-005,Choice Overload,APP-02293,EV-bc0e484efc3d,joined_on_time,False,MODEL_APPLIED_FROM_CALIBRATED_FRAMEWORK
offer_accepted,BM-002,Loss Aversion,APP-02294,EV-d0b3b2d35588,withdrew_post_acceptance,True,MODEL_APPLIED_FROM_CALIBRATED_FRAMEWORK
client_interview_1,BM-020,Commitment / Consistency,APP-02295,EV-afcb82ef1b59,joined_on_time,False,MODEL_APPLIED_FROM_CALIBRATED_FRAMEWORK
onboarding_docs_sent,BM-006,Friction,APP-02295,EV-ab1a035232a6,joined_on_time,False,MODEL_APPLIED_FROM_CALIBRATED_FRAMEWORK
unknown,BM-023,Goal Gradient,APP-02297,EV-961b743abdf9,declined_offer,True,MODEL_APPLIED_FROM_CALIBRATED_FRAMEWORK
screened,BM-023,Goal Gradient,APP-02297,EV-c1b9602f736b,declined_offer,True,MODEL_APPLIED_FROM_CALIBRATED_FRAMEWORK
client_interview_1,BM-014,Confirmation Bias,APP-02299,EV-9dc2b6c5c260,joined_on_time,False,MODEL_APPLIED_FROM_CALIBRATED_FRAMEWORK
offer_accepted,BM-014,Confirmation Bias,APP-02299,EV-9ac9e41efbf2,joined_on_time,False,MODEL_APPLIED_FROM_CALIBRATED_FRAMEWORK
offer_accepted,BM-014,Confirmation Bias,APP-02299,EV-22d828d7bb3a,joined_on_time,False,MODEL_APPLIED_FROM_CALIBRATED_FRAMEWORK
client_interview_1,BM-006,Friction,APP-02300,EV-7c3d8ccf4e58,joined_on_time,False,MODEL_APPLIED_FROM_CALIBRATED_FRAMEWORK
offer_accepted,BM-006,Friction,APP-02300,EV-137222fa68a2,joined_on_time,False,MODEL_APPLIED_FROM_CALIBRATED_FRAMEWORK
offer_accepted,BM-006,Friction,APP-02300,EV-69caace20265,joined_on_time,False,MODEL_APPLIED_FROM_CALIBRATED_FRAMEWORK
offer_accepted,BM-006,Friction,APP-02300,EV-19b1feef4a25,joined_on_time,False,MODEL_APPLIED_FROM_CALIBRATED_FRAMEWORK
offer_accepted,BM-006,Friction,APP-02300,EV-26442c1c1e5a,joined_on_time,False,MODEL_APPLIED_FROM_CALIBRATED_FRAMEWORK
offer_accepted,BM-006,Friction,APP-02300,EV-d10f8cd9f840,joined_on_time,False,MODEL_APPLIED_FROM_CALIBRATED_FRAMEWORK
onboarding_docs_sent,BM-006,Friction,APP-02300,EV-b76a6138d7c3,joined_on_time,False,MODEL_APPLIED_FROM_CALIBRATED_FRAMEWORK
background_check,BM-029,Uncertainty / Ambiguity Aversion,APP-02301,EV-4d0cfa96a692,joined_late,False,MODEL_APPLIED_FROM_CALIBRATED_FRAMEWORK
onboarding_docs_sent,BM-029,Uncertainty / Ambiguity Aversion,APP-02301,EV-9ad9b7625cb4,joined_late,False,MODEL_APPLIED_FROM_CALIBRATED_FRAMEWORK
onboarding_docs_sent,BM-029,Uncertainty / Ambiguity Aversion,APP-02301,EV-28b4662c52db,joined_late,False,MODEL_APPLIED_FROM_CALIBRATED_FRAMEWORK
onboarding_docs_sent,BM-029,Uncertainty / Ambiguity Aversion,APP-02301,EV-71ec6f5003e4,joined_late,False,MODEL_APPLIED_FROM_CALIBRATED_FRAMEWORK
unknown,BM-023,Goal Gradient,APP-02302,EV-0e3e36d45a52,joined_on_time,False,MODEL_APPLIED_FROM_CALIBRATED_FRAMEWORK
submitted,BM-023,Goal Gradient,APP-02302,EV-6eed5677d90a,joined_on_time,False,MODEL_APPLIED_FROM_CALIBRATED_FRAMEWORK
submitted,BM-001,Status Quo Bias,APP-02302,EV-0de48dd097ce,joined_on_time,False,MODEL_APPLIED_FROM_CALIBRATED_FRAMEWORK
client_interview_2,BM-023,Goal Gradient,APP-02302,EV-0d4e68fa6217,joined_on_time,False,MODEL_APPLIED_FROM_CALIBRATED_FRAMEWORK
offer_extended,BM-023,Goal Gradient,APP-02302,EV-c0367fa45427,joined_on_time,False,MODEL_APPLIED_FROM_CALIBRATED_FRAMEWORK
offer_extended,BM-001,Status Quo Bias,APP-02302,EV-4e6589b1f521,joined_on_time,False,MODEL_APPLIED_FROM_CALIBRATED_FRAMEWORK
screened,BM-029,Uncertainty / Ambiguity Aversion,APP-02304,EV-6a46651ae36c,declined_offer,True,MODEL_APPLIED_FROM_CALIBRATED_FRAMEWORK
screened,BM-029,Uncertainty / Ambiguity Aversion,APP-02304,EV-6ef44e78c95f,declined_offer,True,MODEL_APPLIED_FROM_CALIBRATED_FRAMEWORK
submitted,BM-001,Status Quo Bias,APP-02304,EV-08b5be4d77a4,declined_offer,True,MODEL_APPLIED_FROM_CALIBRATED_FRAMEWORK
submitted,BM-001,Status Quo Bias,APP-02304,EV-a1fb2ad0c48d,declined_offer,True,MODEL_APPLIED_FROM_CALIBRATED_FRAMEWORK
submitted,BM-001,Status Quo Bias,APP-02304,EV-f09166457047,declined_offer,True,MODEL_APPLIED_FROM_CALIBRATED_FRAMEWORK
submitted,BM-001,Status Quo Bias,APP-02304,EV-635c2b9128cb,declined_offer,True,MODEL_APPLIED_FROM_CALIBRATED_FRAMEWORK
submitted,BM-001,Status Quo Bias,APP-02304,EV-74dcd4c3475f,declined_offer,True,MODEL_APPLIED_FROM_CALIBRATED_FRAMEWORK
client_interview_1,BM-001,Status Quo Bias,APP-02304,EV-c707f1f81c31,declined_offer,True,MODEL_APPLIED_FROM_CALIBRATED_FRAMEWORK
submitted,BM-011,Reciprocity,APP-02305,EV-14c5f80c1cab,declined_offer,True,MODEL_APPLIED_FROM_CALIBRATED_FRAMEWORK
submitted,BM-011,Reciprocity,APP-02305,EV-16c351a4c181,declined_offer,True,MODEL_APPLIED_FROM_CALIBRATED_FRAMEWORK
client_interview_1,BM-011,Reciprocity,APP-02305,EV-a0d321e69734,declined_offer,True,MODEL_APPLIED_FROM_CALIBRATED_FRAMEWORK
unknown,BM-001,Status Quo Bias,APP-02306,EV-f25dc817b2b5,accepted_no_show,True,MODEL_APPLIED_FROM_CALIBRATED_FRAMEWORK
submitted,BM-001,Status Quo Bias,APP-02306,EV-a3d15e1b4d36,accepted_no_show,True,MODEL_APPLIED_FROM_CALIBRATED_FRAMEWORK
submitted,BM-014,Confirmation Bias,APP-02306,EV-2cd673e3f3c4,accepted_no_show,True,MODEL_APPLIED_FROM_CALIBRATED_FRAMEWORK
client_interview_1,BM-001,Status Quo Bias,APP-02306,EV-90aa16599984,accepted_no_show,True,MODEL_APPLIED_FROM_CALIBRATED_FRAMEWORK
client_interview_1,BM-014,Confirmation Bias,APP-02306,EV-0537988397a0,accepted_no_show,True,MODEL_APPLIED_FROM_CALIBRATED_FRAMEWORK
client_interview_1,BM-001,Status Quo Bias,APP-02306,EV-d3d9f5c56afb,accepted_no_show,True,MODEL_APPLIED_FROM_CALIBRATED_FRAMEWORK
client_interview_1,BM-014,Confirmation Bias,APP-02306,EV-9ca4f6ab92eb,accepted_no_show,True,MODEL_APPLIED_FROM_CALIBRATED_FRAMEWORK
offer_accepted,BM-006,Friction,APP-02306,EV-9c3afd069230,accepted_no_show,True,HUMAN_REVIEWED
offer_accepted,BM-014,Confirmation Bias,APP-02306,EV-3526901b1e5b,accepted_no_show,True,MODEL_APPLIED_FROM_CALIBRATED_FRAMEWORK
offer_accepted,BM-001,Status Quo Bias,APP-02306,EV-fad2f7bde531,accepted_no_show,True,MODEL_APPLIED_FROM_CALIBRATED_FRAMEWORK
offer_accepted,BM-001,Status Quo Bias,APP-02306,EV-aae0e3f6af70,accepted_no_show,True,MODEL_APPLIED_FROM_CALIBRATED_FRAMEWORK
screened,BM-006,Friction,APP-02307,EV-f2d2ae9485ce,withdrew_post_acceptance,True,MODEL_APPLIED_FROM_CALIBRATED_FRAMEWORK
client_interview_1,BM-006,Friction,APP-02307,EV-eb66b32c65aa,withdrew_post_acceptance,True,MODEL_APPLIED_FROM_CALIBRATED_FRAMEWORK
client_interview_1,BM-006,Friction,APP-02307,EV-ded2d279e019,withdrew_post_acceptance,True,MODEL_APPLIED_FROM_CALIBRATED_FRAMEWORK
client_interview_1,BM-006,Friction,APP-02307,EV-be1303623b2f,withdrew_post_acceptance,True,MODEL_APPLIED_FROM_CALIBRATED_FRAMEWORK
offer_extended,BM-006,Friction,APP-02307,EV-b188d6d73222,withdrew_post_acceptance,True,MODEL_APPLIED_FROM_CALIBRATED_FRAMEWORK
offer_extended,BM-006,Friction,APP-02307,EV-acaa7b710226,withdrew_post_acceptance,True,MODEL_APPLIED_FROM_CALIBRATED_FRAMEWORK
offer_accepted,BM-006,Friction,APP-02307,EV-d991b2fdf740,withdrew_post_acceptance,True,MODEL_APPLIED_FROM_CALIBRATED_FRAMEWORK
offer_accepted,BM-002,Loss Aversion,APP-02307,EV-aa067f064ff0,withdrew_post_acceptance,True,MODEL_APPLIED_FROM_CALIBRATED_FRAMEWORK
offer_accepted,BM-029,Uncertainty / Ambiguity Aversion,APP-02308,EV-82679366645d,withdrew_post_acceptance,True,MODEL_APPLIED_FROM_CALIBRATED_FRAMEWORK
offer_accepted,BM-029,Uncertainty / Ambiguity Aversion,APP-02308,EV-cae03acdeb24,withdrew_post_acceptance,True,MODEL_APPLIED_FROM_CALIBRATED_FRAMEWORK
submitted,BM-020,Commitment / Consistency,APP-02311,EV-1e9ac0cfdf48,joined_on_time,False,MODEL_APPLIED_FROM_CALIBRATED_FRAMEWORK
offer_accepted,BM-020,Commitment / Consistency,APP-02311,EV-a1caad6c6737,joined_on_time,False,MODEL_APPLIED_FROM_CALIBRATED_FRAMEWORK
submitted,BM-001,Status Quo Bias,APP-02313,EV-d0d4e11a66d2,withdrew_post_acceptance,True,MODEL_APPLIED_FROM_CALIBRATED_FRAMEWORK
client_interview_1,BM-001,Status Quo Bias,APP-02313,EV-46a09b2a7515,withdrew_post_acceptance,True,MODEL_APPLIED_FROM_CALIBRATED_FRAMEWORK
offer_accepted,BM-011,Reciprocity,APP-02314,EV-069509c7c0eb,joined_on_time,False,MODEL_APPLIED_FROM_CALIBRATED_FRAMEWORK
offer_extended,BM-029,Uncertainty / Ambiguity Aversion,APP-02318,EV-367abe75269d,rejected_by_client,True,MODEL_APPLIED_FROM_CALIBRATED_FRAMEWORK
submitted,BM-029,Uncertainty / Ambiguity Aversion,APP-02320,EV-fb82cac2674f,joined_on_time,False,MODEL_APPLIED_FROM_CALIBRATED_FRAMEWORK
submitted,BM-029,Uncertainty / Ambiguity Aversion,APP-02320,EV-6c45f15d1782,joined_on_time,False,MODEL_APPLIED_FROM_CALIBRATED_FRAMEWORK
submitted,BM-029,Uncertainty / Ambiguity Aversion,APP-02320,EV-b36a5e4bc55f,joined_on_time,False,HUMAN_REVIEWED
client_interview_1,BM-029,Uncertainty / Ambiguity Aversion,APP-02320,EV-46bc9f5d5d08,joined_on_time,False,MODEL_APPLIED_FROM_CALIBRATED_FRAMEWORK
offer_extended,BM-029,Uncertainty / Ambiguity Aversion,APP-02320,EV-1c25335a8a0d,joined_on_time,False,MODEL_APPLIED_FROM_CALIBRATED_FRAMEWORK
offer_accepted,BM-029,Uncertainty / Ambiguity Aversion,APP-02320,EV-3a5d138d2900,joined_on_time,False,MODEL_APPLIED_FROM_CALIBRATED_FRAMEWORK
onboarding_docs_sent,BM-029,Uncertainty / Ambiguity Aversion,APP-02320,EV-02b5017143ad,joined_on_time,False,MODEL_APPLIED_FROM_CALIBRATED_FRAMEWORK
unknown,BM-006,Friction,APP-02321,EV-a21a8f7ba3ec,joined_on_time,False,MODEL_APPLIED_FROM_CALIBRATED_FRAMEWORK
client_interview_1,BM-011,Reciprocity,APP-02321,EV-e4628f04ab92,joined_on_time,False,MODEL_APPLIED_FROM_CALIBRATED_FRAMEWORK
background_check,BM-006,Friction,APP-02321,EV-f376e9e4e8ce,joined_on_time,False,MODEL_APPLIED_FROM_CALIBRATED_FRAMEWORK
background_check,BM-011,Reciprocity,APP-02321,EV-e62765cbab52,joined_on_time,False,MODEL_APPLIED_FROM_CALIBRATED_FRAMEWORK
onboarding_docs_sent,BM-006,Friction,APP-02321,EV-ffe022e1fccd,joined_on_time,False,MODEL_APPLIED_FROM_CALIBRATED_FRAMEWORK
onboarding_docs_sent,BM-006,Friction,APP-02321,EV-7c10e05e94c6,joined_on_time,False,MODEL_APPLIED_FROM_CALIBRATED_FRAMEWORK
unknown,BM-023,Goal Gradient,APP-02324,EV-23b2a2324a89,accepted_no_show,True,MODEL_APPLIED_FROM_CALIBRATED_FRAMEWORK
client_interview_1,BM-006,Friction,APP-02324,EV-3cb2d745ef01,accepted_no_show,True,MODEL_APPLIED_FROM_CALIBRATED_FRAMEWORK
offer_extended,BM-006,Friction,APP-02324,EV-6949dc9fef3f,accepted_no_show,True,HUMAN_REVIEWED
background_check,BM-006,Friction,APP-02324,EV-71dc4808722d,accepted_no_show,True,MODEL_APPLIED_FROM_CALIBRATED_FRAMEWORK
background_check,BM-006,Friction,APP-02324,EV-4e9f98fc1dbe,accepted_no_show,True,MODEL_APPLIED_FROM_CALIBRATED_FRAMEWORK
client_interview_1,BM-020,Commitment / Consistency,APP-02325,EV-ba350f6c1c92,joined_on_time,False,MODEL_APPLIED_FROM_CALIBRATED_FRAMEWORK
client_interview_1,BM-018,Identity Signaling,APP-02325,EV-9282e6461080,joined_on_time,False,MODEL_APPLIED_FROM_CALIBRATED_FRAMEWORK
offer_extended,BM-020,Commitment / Consistency,APP-02325,EV-f153aabc39dc,joined_on_time,False,MODEL_APPLIED_FROM_CALIBRATED_FRAMEWORK
offer_extended,BM-018,Identity Signaling,APP-02325,EV-2fa0d5e4cfaa,joined_on_time,False,MODEL_APPLIED_FROM_CALIBRATED_FRAMEWORK
submitted,BM-006,Friction,APP-02327,EV-4997f8ef8b83,withdrew_post_acceptance,True,MODEL_APPLIED_FROM_CALIBRATED_FRAMEWORK
client_interview_2,BM-006,Friction,APP-02327,EV-1e18be6d4682,withdrew_post_acceptance,True,MODEL_APPLIED_FROM_CALIBRATED_FRAMEWORK
client_interview_2,BM-006,Friction,APP-02327,EV-6b94e90d7a45,withdrew_post_acceptance,True,MODEL_APPLIED_FROM_CALIBRATED_FRAMEWORK
submitted,BM-006,Friction,APP-02329,EV-6db48416593c,joined_on_time,False,MODEL_APPLIED_FROM_CALIBRATED_FRAMEWORK
submitted,BM-006,Friction,APP-02329,EV-1d2a9bc17973,joined_on_time,False,MODEL_APPLIED_FROM_CALIBRATED_FRAMEWORK
client_interview_1,BM-006,Friction,APP-02329,EV-9c26529b54f4,joined_on_time,False,MODEL_APPLIED_FROM_CALIBRATED_FRAMEWORK
client_interview_1,BM-006,Friction,APP-02329,EV-fda4441e2342,joined_on_time,False,MODEL_APPLIED_FROM_CALIBRATED_FRAMEWORK
client_interview_1,BM-006,Friction,APP-02329,EV-34c292a4670d,joined_on_time,False,MODEL_APPLIED_FROM_CALIBRATED_FRAMEWORK
client_interview_1,BM-006,Friction,APP-02329,EV-5018d804f7dc,joined_on_time,False,MODEL_APPLIED_FROM_CALIBRATED_FRAMEWORK
submitted,BM-011,Reciprocity,APP-02334,EV-46157b6c1b05,joined_on_time,False,MODEL_APPLIED_FROM_CALIBRATED_FRAMEWORK
submitted,BM-018,Identity Signaling,APP-02334,EV-1afd5e99d203,joined_on_time,False,MODEL_APPLIED_FROM_CALIBRATED_FRAMEWORK
offer_accepted,BM-011,Reciprocity,APP-02334,EV-7fce2e9dadb3,joined_on_time,False,MODEL_APPLIED_FROM_CALIBRATED_FRAMEWORK
offer_accepted,BM-018,Identity Signaling,APP-02334,EV-e6cb4837471b,joined_on_time,False,MODEL_APPLIED_FROM_CALIBRATED_FRAMEWORK
background_check,BM-011,Reciprocity,APP-02334,EV-485da57a85a7,joined_on_time,False,MODEL_APPLIED_FROM_CALIBRATED_FRAMEWORK
background_check,BM-018,Identity Signaling,APP-02334,EV-6a71eb6fa2b8,joined_on_time,False,MODEL_APPLIED_FROM_CALIBRATED_FRAMEWORK
offer_extended,BM-005,Choice Overload,APP-02337,EV-7aa85c14ac0f,joined_on_time,False,MODEL_APPLIED_FROM_CALIBRATED_FRAMEWORK
offer_accepted,BM-005,Choice Overload,APP-02337,EV-3dcdd735bf26,joined_on_time,False,MODEL_APPLIED_FROM_CALIBRATED_FRAMEWORK
offer_accepted,BM-005,Choice Overload,APP-02337,EV-dcf7d3057ef2,joined_on_time,False,MODEL_APPLIED_FROM_CALIBRATED_FRAMEWORK
onboarding_docs_sent,BM-005,Choice Overload,APP-02337,EV-3ccaee908aa9,joined_on_time,False,MODEL_APPLIED_FROM_CALIBRATED_FRAMEWORK
submitted,BM-023,Goal Gradient,APP-02343,EV-ea76052580c5,withdrew_post_acceptance,True,MODEL_APPLIED_FROM_CALIBRATED_FRAMEWORK
unknown,BM-006,Friction,APP-02345,EV-fcd4678403ae,joined_on_time,False,MODEL_APPLIED_FROM_CALIBRATED_FRAMEWORK
screened,BM-006,Friction,APP-02345,EV-fa05cabecef3,joined_on_time,False,MODEL_APPLIED_FROM_CALIBRATED_FRAMEWORK
submitted,BM-006,Friction,APP-02345,EV-807028ab04e8,joined_on_time,False,MODEL_APPLIED_FROM_CALIBRATED_FRAMEWORK
submitted,BM-006,Friction,APP-02345,EV-22b9cd03332c,joined_on_time,False,MODEL_APPLIED_FROM_CALIBRATED_FRAMEWORK
submitted,BM-006,Friction,APP-02345,EV-27fd851ba12f,joined_on_time,False,MODEL_APPLIED_FROM_CALIBRATED_FRAMEWORK
offer_extended,BM-006,Friction,APP-02345,EV-396ae2fb03fd,joined_on_time,False,MODEL_APPLIED_FROM_CALIBRATED_FRAMEWORK
offer_accepted,BM-006,Friction,APP-02345,EV-cdb73a95fc39,joined_on_time,False,MODEL_APPLIED_FROM_CALIBRATED_FRAMEWORK
onboarding_docs_sent,BM-006,Friction,APP-02345,EV-9f9a5da96edd,joined_on_time,False,MODEL_APPLIED_FROM_CALIBRATED_FRAMEWORK
onboarding_docs_sent,BM-029,Uncertainty / Ambiguity Aversion,APP-02345,EV-f37d0c560d56,joined_on_time,False,MODEL_APPLIED_FROM_CALIBRATED_FRAMEWORK
onboarding_docs_sent,BM-006,Friction,APP-02345,EV-ad36fadbb66d,joined_on_time,False,MODEL_APPLIED_FROM_CALIBRATED_FRAMEWORK
onboarding_docs_sent,BM-001,Status Quo Bias,APP-02345,EV-d888fa583529,joined_on_time,False,HUMAN_REVIEWED
background_check,BM-002,Loss Aversion,APP-02346,EV-d36db23990c9,joined_on_time,False,MODEL_APPLIED_FROM_CALIBRATED_FRAMEWORK
onboarding_docs_sent,BM-002,Loss Aversion,APP-02346,EV-d2b9c4c0ac12,joined_on_time,False,MODEL_APPLIED_FROM_CALIBRATED_FRAMEWORK
client_interview_1,BM-014,Confirmation Bias,APP-02347,EV-83e0ff0537bb,joined_on_time,False,MODEL_APPLIED_FROM_CALIBRATED_FRAMEWORK
client_interview_2,BM-014,Confirmation Bias,APP-02347,EV-0ede058ff2fc,joined_on_time,False,MODEL_APPLIED_FROM_CALIBRATED_FRAMEWORK
offer_accepted,BM-001,Status Quo Bias,APP-02348,EV-a9247ccac56c,accepted_no_show,True,MODEL_APPLIED_FROM_CALIBRATED_FRAMEWORK
background_check,BM-001,Status Quo Bias,APP-02348,EV-214901ceba2e,accepted_no_show,True,MODEL_APPLIED_FROM_CALIBRATED_FRAMEWORK
background_check,BM-001,Status Quo Bias,APP-02348,EV-ec39d95a15d3,accepted_no_show,True,MODEL_APPLIED_FROM_CALIBRATED_FRAMEWORK
background_check,BM-029,Uncertainty / Ambiguity Aversion,APP-02348,EV-0f4be25c7d96,accepted_no_show,True,MODEL_APPLIED_FROM_CALIBRATED_FRAMEWORK
onboarding_docs_sent,BM-001,Status Quo Bias,APP-02348,EV-4fb01015eaa3,accepted_no_show,True,MODEL_APPLIED_FROM_CALIBRATED_FRAMEWORK
submitted,BM-029,Uncertainty / Ambiguity Aversion,APP-02349,EV-c25a2bebb807,joined_on_time,False,MODEL_APPLIED_FROM_CALIBRATED_FRAMEWORK
submitted,BM-029,Uncertainty / Ambiguity Aversion,APP-02349,EV-8633b92e1cd3,joined_on_time,False,MODEL_APPLIED_FROM_CALIBRATED_FRAMEWORK
unknown,BM-006,Friction,APP-02352,EV-5ef4d4479287,joined_on_time,False,MODEL_APPLIED_FROM_CALIBRATED_FRAMEWORK
submitted,BM-006,Friction,APP-02352,EV-e42068126751,joined_on_time,False,MODEL_APPLIED_FROM_CALIBRATED_FRAMEWORK
client_interview_1,BM-006,Friction,APP-02352,EV-114660772661,joined_on_time,False,MODEL_APPLIED_FROM_CALIBRATED_FRAMEWORK
client_interview_1,BM-006,Friction,APP-02352,EV-4a41229b0c5c,joined_on_time,False,MODEL_APPLIED_FROM_CALIBRATED_FRAMEWORK
background_check,BM-006,Friction,APP-02352,EV-639713100404,joined_on_time,False,MODEL_APPLIED_FROM_CALIBRATED_FRAMEWORK
background_check,BM-006,Friction,APP-02352,EV-4b7c04d17c5e,joined_on_time,False,MODEL_APPLIED_FROM_CALIBRATED_FRAMEWORK
onboarding_docs_sent,BM-006,Friction,APP-02352,EV-de671945d5a3,joined_on_time,False,MODEL_APPLIED_FROM_CALIBRATED_FRAMEWORK
submitted,BM-023,Goal Gradient,APP-02353,EV-6fba0fa23e9a,withdrew_post_acceptance,True,MODEL_APPLIED_FROM_CALIBRATED_FRAMEWORK
offer_accepted,BM-023,Goal Gradient,APP-02353,EV-f8597f5a7a03,withdrew_post_acceptance,True,MODEL_APPLIED_FROM_CALIBRATED_FRAMEWORK
screened,BM-020,Commitment / Consistency,APP-02354,EV-d056d9e748ed,joined_on_time,False,MODEL_APPLIED_FROM_CALIBRATED_FRAMEWORK
submitted,BM-006,Friction,APP-02354,EV-c132335eed75,joined_on_time,False,MODEL_APPLIED_FROM_CALIBRATED_FRAMEWORK
client_interview_2,BM-020,Commitment / Consistency,APP-02354,EV-6d33165f93c2,joined_on_time,False,MODEL_APPLIED_FROM_CALIBRATED_FRAMEWORK
client_interview_2,BM-006,Friction,APP-02355,EV-810d275f1db4,joined_on_time,False,MODEL_APPLIED_FROM_CALIBRATED_FRAMEWORK
submitted,BM-029,Uncertainty / Ambiguity Aversion,APP-02358,EV-01561e23807f,joined_on_time,False,MODEL_APPLIED_FROM_CALIBRATED_FRAMEWORK
client_interview_1,BM-029,Uncertainty / Ambiguity Aversion,APP-02358,EV-5134c38adb64,joined_on_time,False,MODEL_APPLIED_FROM_CALIBRATED_FRAMEWORK
offer_extended,BM-029,Uncertainty / Ambiguity Aversion,APP-02358,EV-c5314b3d09b6,joined_on_time,False,MODEL_APPLIED_FROM_CALIBRATED_FRAMEWORK
offer_extended,BM-002,Loss Aversion,APP-02359,EV-efd817d63bc6,withdrew_post_acceptance,True,MODEL_APPLIED_FROM_CALIBRATED_FRAMEWORK
submitted,BM-006,Friction,APP-02360,EV-2982f5405875,accepted_no_show,True,MODEL_APPLIED_FROM_CALIBRATED_FRAMEWORK
client_interview_1,BM-029,Uncertainty / Ambiguity Aversion,APP-02360,EV-fac985bcd11c,accepted_no_show,True,MODEL_APPLIED_FROM_CALIBRATED_FRAMEWORK
client_interview_1,BM-006,Friction,APP-02360,EV-157a21f6663b,accepted_no_show,True,MODEL_APPLIED_FROM_CALIBRATED_FRAMEWORK
offer_accepted,BM-006,Friction,APP-02360,EV-83b402f0837f,accepted_no_show,True,MODEL_APPLIED_FROM_CALIBRATED_FRAMEWORK
background_check,BM-006,Friction,APP-02360,EV-eb553e112ca9,accepted_no_show,True,MODEL_APPLIED_FROM_CALIBRATED_FRAMEWORK
background_check,BM-006,Friction,APP-02360,EV-02f76bc85ee5,accepted_no_show,True,MODEL_APPLIED_FROM_CALIBRATED_FRAMEWORK
unknown,BM-006,Friction,APP-02367,EV-8be61e864ffa,withdrew_post_acceptance,True,MODEL_APPLIED_FROM_CALIBRATED_FRAMEWORK
offer_extended,BM-006,Friction,APP-02367,EV-1188231c6c45,withdrew_post_acceptance,True,MODEL_APPLIED_FROM_CALIBRATED_FRAMEWORK
offer_accepted,BM-006,Friction,APP-02367,EV-3535fb3a65a3,withdrew_post_acceptance,True,MODEL_APPLIED_FROM_CALIBRATED_FRAMEWORK
offer_extended,BM-006,Friction,APP-02372,EV-c6c63b73cadf,joined_on_time,False,MODEL_APPLIED_FROM_CALIBRATED_FRAMEWORK
background_check,BM-006,Friction,APP-02372,EV-b7fe29b4eea8,joined_on_time,False,MODEL_APPLIED_FROM_CALIBRATED_FRAMEWORK
background_check,BM-006,Friction,APP-02372,EV-d11f5319b787,joined_on_time,False,HUMAN_REVIEWED
background_check,BM-006,Friction,APP-02372,EV-9e13d56a5adf,joined_on_time,False,MODEL_APPLIED_FROM_CALIBRATED_FRAMEWORK
background_check,BM-006,Friction,APP-02372,EV-18d45fadd7bb,joined_on_time,False,MODEL_APPLIED_FROM_CALIBRATED_FRAMEWORK
offer_extended,BM-006,Friction,APP-02376,EV-b5dea118ffa5,joined_on_time,False,MODEL_APPLIED_FROM_CALIBRATED_FRAMEWORK
offer_accepted,BM-006,Friction,APP-02376,EV-179646da3143,joined_on_time,False,MODEL_APPLIED_FROM_CALIBRATED_FRAMEWORK
offer_accepted,BM-006,Friction,APP-02376,EV-14c55d5dd050,joined_on_time,False,MODEL_APPLIED_FROM_CALIBRATED_FRAMEWORK
background_check,BM-029,Uncertainty / Ambiguity Aversion,APP-02376,EV-cd97fe7a57f7,joined_on_time,False,MODEL_APPLIED_FROM_CALIBRATED_FRAMEWORK
background_check,BM-006,Friction,APP-02376,EV-4c91fd910129,joined_on_time,False,MODEL_APPLIED_FROM_CALIBRATED_FRAMEWORK
background_check,BM-006,Friction,APP-02376,EV-0d34540b01ca,joined_on_time,False,MODEL_APPLIED_FROM_CALIBRATED_FRAMEWORK
background_check,BM-006,Friction,APP-02376,EV-d4c7e8b09360,joined_on_time,False,MODEL_APPLIED_FROM_CALIBRATED_FRAMEWORK
offer_extended,BM-002,Loss Aversion,APP-02378,EV-476688b3559a,declined_offer,True,MODEL_APPLIED_FROM_CALIBRATED_FRAMEWORK
screened,BM-006,Friction,APP-02379,EV-726bb909091e,joined_late,False,MODEL_APPLIED_FROM_CALIBRATED_FRAMEWORK
screened,BM-011,Reciprocity,APP-02379,EV-b7941b3f1e80,joined_late,False,MODEL_APPLIED_FROM_CALIBRATED_FRAMEWORK
submitted,BM-006,Friction,APP-02379,EV-f2f6d1854f1d,joined_late,False,MODEL_APPLIED_FROM_CALIBRATED_FRAMEWORK
submitted,BM-006,Friction,APP-02379,EV-3488a4642668,joined_late,False,MODEL_APPLIED_FROM_CALIBRATED_FRAMEWORK
submitted,BM-006,Friction,APP-02379,EV-daf4a0ef7209,joined_late,False,MODEL_APPLIED_FROM_CALIBRATED_FRAMEWORK
submitted,BM-006,Friction,APP-02379,EV-66b2674838d9,joined_late,False,MODEL_APPLIED_FROM_CALIBRATED_FRAMEWORK
submitted,BM-006,Friction,APP-02379,EV-30d93e000116,joined_late,False,MODEL_APPLIED_FROM_CALIBRATED_FRAMEWORK
client_interview_1,BM-006,Friction,APP-02379,EV-dc696fe91e4f,joined_late,False,MODEL_APPLIED_FROM_CALIBRATED_FRAMEWORK
client_interview_2,BM-006,Friction,APP-02379,EV-327d4dbf65fd,joined_late,False,MODEL_APPLIED_FROM_CALIBRATED_FRAMEWORK
client_interview_2,BM-006,Friction,APP-02379,EV-e3bd3e90b92b,joined_late,False,MODEL_APPLIED_FROM_CALIBRATED_FRAMEWORK
offer_accepted,BM-006,Friction,APP-02379,EV-115f526502a7,joined_late,False,MODEL_APPLIED_FROM_CALIBRATED_FRAMEWORK
background_check,BM-006,Friction,APP-02379,EV-7933849f7551,joined_late,False,MODEL_APPLIED_FROM_CALIBRATED_FRAMEWORK
onboarding_docs_sent,BM-006,Friction,APP-02379,EV-f465df023f13,joined_late,False,MODEL_APPLIED_FROM_CALIBRATED_FRAMEWORK
onboarding_docs_sent,BM-006,Friction,APP-02379,EV-e1d544377386,joined_late,False,MODEL_APPLIED_FROM_CALIBRATED_FRAMEWORK
onboarding_docs_sent,BM-006,Friction,APP-02379,EV-9aaeabbbe199,joined_late,False,MODEL_APPLIED_FROM_CALIBRATED_FRAMEWORK
onboarding_docs_sent,BM-006,Friction,APP-02379,EV-e4ae7e4f7498,joined_late,False,MODEL_APPLIED_FROM_CALIBRATED_FRAMEWORK
onboarding_docs_sent,BM-006,Friction,APP-02379,EV-a721610ad955,joined_late,False,MODEL_APPLIED_FROM_CALIBRATED_FRAMEWORK
onboarding_docs_sent,BM-006,Friction,APP-02379,EV-96bb7731dbb5,joined_late,False,MODEL_APPLIED_FROM_CALIBRATED_FRAMEWORK
onboarding_docs_sent,BM-011,Reciprocity,APP-02379,EV-c32d33747d4a,joined_late,False,MODEL_APPLIED_FROM_CALIBRATED_FRAMEWORK
onboarding_docs_sent,BM-006,Friction,APP-02379,EV-92c700111fa4,joined_late,False,MODEL_APPLIED_FROM_CALIBRATED_FRAMEWORK
unknown,BM-029,Uncertainty / Ambiguity Aversion,APP-02393,EV-e78cc5979258,rejected_by_client,True,MODEL_APPLIED_FROM_CALIBRATED_FRAMEWORK
submitted,BM-029,Uncertainty / Ambiguity Aversion,APP-02393,EV-da495bad86d8,rejected_by_client,True,MODEL_APPLIED_FROM_CALIBRATED_FRAMEWORK
client_interview_1,BM-029,Uncertainty / Ambiguity Aversion,APP-02393,EV-1cdf3535adf9,rejected_by_client,True,MODEL_APPLIED_FROM_CALIBRATED_FRAMEWORK
unknown,BM-023,Goal Gradient,APP-02394,EV-03a325ba6d0e,joined_on_time,False,MODEL_APPLIED_FROM_CALIBRATED_FRAMEWORK
submitted,BM-023,Goal Gradient,APP-02394,EV-563b42537f78,joined_on_time,False,MODEL_APPLIED_FROM_CALIBRATED_FRAMEWORK
submitted,BM-023,Goal Gradient,APP-02394,EV-a96513631bb4,joined_on_time,False,MODEL_APPLIED_FROM_CALIBRATED_FRAMEWORK
submitted,BM-023,Goal Gradient,APP-02394,EV-67ccedc0ed01,joined_on_time,False,MODEL_APPLIED_FROM_CALIBRATED_FRAMEWORK
submitted,BM-023,Goal Gradient,APP-02394,EV-74cf021cec0f,joined_on_time,False,MODEL_APPLIED_FROM_CALIBRATED_FRAMEWORK
client_interview_1,BM-023,Goal Gradient,APP-02394,EV-f8e2e7e5a350,joined_on_time,False,MODEL_APPLIED_FROM_CALIBRATED_FRAMEWORK
client_interview_1,BM-023,Goal Gradient,APP-02394,EV-4aa1644ffe76,joined_on_time,False,MODEL_APPLIED_FROM_CALIBRATED_FRAMEWORK
client_interview_1,BM-023,Goal Gradient,APP-02394,EV-df9359239179,joined_on_time,False,MODEL_APPLIED_FROM_CALIBRATED_FRAMEWORK
onboarding_docs_sent,BM-023,Goal Gradient,APP-02394,EV-b0c73b70db34,joined_on_time,False,MODEL_APPLIED_FROM_CALIBRATED_FRAMEWORK
onboarding_docs_sent,BM-023,Goal Gradient,APP-02394,EV-4e784a521fd6,joined_on_time,False,MODEL_APPLIED_FROM_CALIBRATED_FRAMEWORK
screened,BM-006,Friction,APP-02396,EV-9e3a111ff8a4,joined_late,False,MODEL_APPLIED_FROM_CALIBRATED_FRAMEWORK
screened,BM-006,Friction,APP-02396,EV-840a739c4b22,joined_late,False,MODEL_APPLIED_FROM_CALIBRATED_FRAMEWORK
screened,BM-006,Friction,APP-02396,EV-1f14d09a83a2,joined_late,False,MODEL_APPLIED_FROM_CALIBRATED_FRAMEWORK
submitted,BM-006,Friction,APP-02396,EV-4c515caf6f76,joined_late,False,MODEL_APPLIED_FROM_CALIBRATED_FRAMEWORK
client_interview_1,BM-006,Friction,APP-02396,EV-3aceb780f4c9,joined_late,False,MODEL_APPLIED_FROM_CALIBRATED_FRAMEWORK
client_interview_1,BM-011,Reciprocity,APP-02396,EV-2425b45bb727,joined_late,False,MODEL_APPLIED_FROM_CALIBRATED_FRAMEWORK
client_interview_1,BM-006,Friction,APP-02396,EV-1652c803b1b1,joined_late,False,MODEL_APPLIED_FROM_CALIBRATED_FRAMEWORK
offer_extended,BM-006,Friction,APP-02396,EV-eeaa2a03e766,joined_late,False,MODEL_APPLIED_FROM_CALIBRATED_FRAMEWORK
offer_accepted,BM-006,Friction,APP-02396,EV-a0f012e76d93,joined_late,False,MODEL_APPLIED_FROM_CALIBRATED_FRAMEWORK
offer_accepted,BM-006,Friction,APP-02396,EV-3869e9aaf13c,joined_late,False,MODEL_APPLIED_FROM_CALIBRATED_FRAMEWORK
offer_accepted,BM-011,Reciprocity,APP-02396,EV-43db9042b049,joined_late,False,MODEL_APPLIED_FROM_CALIBRATED_FRAMEWORK
background_check,BM-006,Friction,APP-02396,EV-f901a3b3214c,joined_late,False,MODEL_APPLIED_FROM_CALIBRATED_FRAMEWORK
background_check,BM-006,Friction,APP-02396,EV-60c918ad7881,joined_late,False,MODEL_APPLIED_FROM_CALIBRATED_FRAMEWORK
background_check,BM-006,Friction,APP-02396,EV-8e8e3c25f633,joined_late,False,MODEL_APPLIED_FROM_CALIBRATED_FRAMEWORK
background_check,BM-011,Reciprocity,APP-02396,EV-454d160412ce,joined_late,False,MODEL_APPLIED_FROM_CALIBRATED_FRAMEWORK
background_check,BM-006,Friction,APP-02396,EV-7685e0595d4d,joined_late,False,MODEL_APPLIED_FROM_CALIBRATED_FRAMEWORK
background_check,BM-006,Friction,APP-02396,EV-c8c9a1c2545b,joined_late,False,MODEL_APPLIED_FROM_CALIBRATED_FRAMEWORK
screened,BM-006,Friction,APP-02398,EV-961f7b004ea9,withdrew_post_acceptance,True,MODEL_APPLIED_FROM_CALIBRATED_FRAMEWORK
screened,BM-006,Friction,APP-02398,EV-6b3e6d071e10,withdrew_post_acceptance,True,MODEL_APPLIED_FROM_CALIBRATED_FRAMEWORK
offer_extended,BM-006,Friction,APP-02398,EV-030419dc880a,withdrew_post_acceptance,True,MODEL_APPLIED_FROM_CALIBRATED_FRAMEWORK
offer_accepted,BM-006,Friction,APP-02398,EV-220e9ab7971e,withdrew_post_acceptance,True,MODEL_APPLIED_FROM_CALIBRATED_FRAMEWORK
screened,BM-001,Status Quo Bias,APP-02400,EV-ae53a1f07303,withdrew_post_acceptance,True,MODEL_APPLIED_FROM_CALIBRATED_FRAMEWORK
submitted,BM-001,Status Quo Bias,APP-02400,EV-aec0ba795b30,withdrew_post_acceptance,True,MODEL_APPLIED_FROM_CALIBRATED_FRAMEWORK
submitted,BM-029,Uncertainty / Ambiguity Aversion,APP-02400,EV-79a5ff06ea08,withdrew_post_acceptance,True,MODEL_APPLIED_FROM_CALIBRATED_FRAMEWORK
submitted,BM-029,Uncertainty / Ambiguity Aversion,APP-02400,EV-afb8d9e75568,withdrew_post_acceptance,True,MODEL_APPLIED_FROM_CALIBRATED_FRAMEWORK
submitted,BM-001,Status Quo Bias,APP-02400,EV-e528d96c797f,withdrew_post_acceptance,True,MODEL_APPLIED_FROM_CALIBRATED_FRAMEWORK
client_interview_2,BM-001,Status Quo Bias,APP-02400,EV-3300aa5e75db,withdrew_post_acceptance,True,MODEL_APPLIED_FROM_CALIBRATED_FRAMEWORK
client_interview_2,BM-029,Uncertainty / Ambiguity Aversion,APP-02400,EV-3e7e0a561e22,withdrew_post_acceptance,True,MODEL_APPLIED_FROM_CALIBRATED_FRAMEWORK
offer_accepted,BM-001,Status Quo Bias,APP-02400,EV-a50281555a31,withdrew_post_acceptance,True,MODEL_APPLIED_FROM_CALIBRATED_FRAMEWORK
background_check,BM-001,Status Quo Bias,APP-02400,EV-78701fec3f30,withdrew_post_acceptance,True,MODEL_APPLIED_FROM_CALIBRATED_FRAMEWORK
background_check,BM-001,Status Quo Bias,APP-02400,EV-f4816b069da8,withdrew_post_acceptance,True,MODEL_APPLIED_FROM_CALIBRATED_FRAMEWORK
background_check,BM-001,Status Quo Bias,APP-02400,EV-c1dbc74073d4,withdrew_post_acceptance,True,MODEL_APPLIED_FROM_CALIBRATED_FRAMEWORK
background_check,BM-001,Status Quo Bias,APP-02400,EV-7e567042016c,withdrew_post_acceptance,True,MODEL_APPLIED_FROM_CALIBRATED_FRAMEWORK
screened,BM-006,Friction,APP-02404,EV-ff5cdd35cd19,rejected_by_client,True,MODEL_APPLIED_FROM_CALIBRATED_FRAMEWORK
screened,BM-006,Friction,APP-02404,EV-c2801b58c9b7,rejected_by_client,True,MODEL_APPLIED_FROM_CALIBRATED_FRAMEWORK
screened,BM-006,Friction,APP-02404,EV-f5207239a3aa,rejected_by_client,True,MODEL_APPLIED_FROM_CALIBRATED_FRAMEWORK
client_interview_1,BM-006,Friction,APP-02404,EV-73ac4b6ec9db,rejected_by_client,True,MODEL_APPLIED_FROM_CALIBRATED_FRAMEWORK
client_interview_1,BM-006,Friction,APP-02404,EV-2f1287cdbecf,rejected_by_client,True,MODEL_APPLIED_FROM_CALIBRATED_FRAMEWORK
client_interview_1,BM-011,Reciprocity,APP-02404,EV-ec5d22d0db23,rejected_by_client,True,MODEL_APPLIED_FROM_CALIBRATED_FRAMEWORK
client_interview_1,BM-011,Reciprocity,APP-02404,EV-24eacd1cffe7,rejected_by_client,True,MODEL_APPLIED_FROM_CALIBRATED_FRAMEWORK
client_interview_2,BM-006,Friction,APP-02404,EV-805b6753c22e,rejected_by_client,True,MODEL_APPLIED_FROM_CALIBRATED_FRAMEWORK
offer_extended,BM-006,Friction,APP-02404,EV-929bdb50f950,rejected_by_client,True,MODEL_APPLIED_FROM_CALIBRATED_FRAMEWORK
offer_extended,BM-011,Reciprocity,APP-02404,EV-ce2ece2f0475,rejected_by_client,True,MODEL_APPLIED_FROM_CALIBRATED_FRAMEWORK
background_check,BM-006,Friction,APP-02404,EV-802fdb5e6b62,rejected_by_client,True,MODEL_APPLIED_FROM_CALIBRATED_FRAMEWORK
background_check,BM-011,Reciprocity,APP-02404,EV-4cda7ed2a320,rejected_by_client,True,MODEL_APPLIED_FROM_CALIBRATED_FRAMEWORK
background_check,BM-006,Friction,APP-02404,EV-95cb1c2a670e,rejected_by_client,True,MODEL_APPLIED_FROM_CALIBRATED_FRAMEWORK
client_interview_2,BM-020,Commitment / Consistency,APP-02409,EV-79dffd70b498,joined_on_time,False,MODEL_APPLIED_FROM_CALIBRATED_FRAMEWORK
client_interview_2,BM-018,Identity Signaling,APP-02409,EV-8a5a5a157b9d,joined_on_time,False,MODEL_APPLIED_FROM_CALIBRATED_FRAMEWORK
offer_extended,BM-020,Commitment / Consistency,APP-02409,EV-5ed22176f9bc,joined_on_time,False,MODEL_APPLIED_FROM_CALIBRATED_FRAMEWORK
offer_extended,BM-018,Identity Signaling,APP-02409,EV-e8da048e8bd4,joined_on_time,False,MODEL_APPLIED_FROM_CALIBRATED_FRAMEWORK
offer_extended,BM-018,Identity Signaling,APP-02409,EV-764fbaeed119,joined_on_time,False,MODEL_APPLIED_FROM_CALIBRATED_FRAMEWORK
screened,BM-023,Goal Gradient,APP-02411,EV-eb82d3332354,joined_late,False,MODEL_APPLIED_FROM_CALIBRATED_FRAMEWORK
offer_accepted,BM-023,Goal Gradient,APP-02411,EV-b555fb33eaec,joined_late,False,MODEL_APPLIED_FROM_CALIBRATED_FRAMEWORK
offer_accepted,BM-023,Goal Gradient,APP-02411,EV-91073290ddff,joined_late,False,MODEL_APPLIED_FROM_CALIBRATED_FRAMEWORK
background_check,BM-023,Goal Gradient,APP-02411,EV-78bba9dcb2c8,joined_late,False,MODEL_APPLIED_FROM_CALIBRATED_FRAMEWORK
background_check,BM-023,Goal Gradient,APP-02411,EV-3214e3afaade,joined_late,False,MODEL_APPLIED_FROM_CALIBRATED_FRAMEWORK
offer_accepted,BM-020,Commitment / Consistency,APP-02414,EV-908990ef02f1,joined_late,False,MODEL_APPLIED_FROM_CALIBRATED_FRAMEWORK
offer_accepted,BM-018,Identity Signaling,APP-02414,EV-f553dd0339f9,joined_late,False,MODEL_APPLIED_FROM_CALIBRATED_FRAMEWORK
background_check,BM-018,Identity Signaling,APP-02414,EV-c5f8427d2b85,joined_late,False,MODEL_APPLIED_FROM_CALIBRATED_FRAMEWORK
onboarding_docs_sent,BM-018,Identity Signaling,APP-02414,EV-2325acbf8d82,joined_late,False,MODEL_APPLIED_FROM_CALIBRATED_FRAMEWORK
screened,BM-006,Friction,APP-02415,EV-017bf717c75f,rejected_by_client,True,MODEL_APPLIED_FROM_CALIBRATED_FRAMEWORK
submitted,BM-006,Friction,APP-02415,EV-263b5c7d4801,rejected_by_client,True,MODEL_APPLIED_FROM_CALIBRATED_FRAMEWORK
submitted,BM-011,Reciprocity,APP-02415,EV-af18ea164f2d,rejected_by_client,True,MODEL_APPLIED_FROM_CALIBRATED_FRAMEWORK
submitted,BM-006,Friction,APP-02415,EV-80cac288a82b,rejected_by_client,True,MODEL_APPLIED_FROM_CALIBRATED_FRAMEWORK
submitted,BM-006,Friction,APP-02415,EV-32426ca86759,rejected_by_client,True,MODEL_APPLIED_FROM_CALIBRATED_FRAMEWORK
submitted,BM-006,Friction,APP-02415,EV-b9e536e6bcc8,rejected_by_client,True,MODEL_APPLIED_FROM_CALIBRATED_FRAMEWORK
client_interview_1,BM-006,Friction,APP-02415,EV-043c266a54c5,rejected_by_client,True,HUMAN_REVIEWED
client_interview_1,BM-006,Friction,APP-02415,EV-059428deb89a,rejected_by_client,True,MODEL_APPLIED_FROM_CALIBRATED_FRAMEWORK
offer_accepted,BM-006,Friction,APP-02415,EV-f6c4fecf5f4e,rejected_by_client,True,MODEL_APPLIED_FROM_CALIBRATED_FRAMEWORK
offer_accepted,BM-011,Reciprocity,APP-02415,EV-39c2f2e57b7d,rejected_by_client,True,MODEL_APPLIED_FROM_CALIBRATED_FRAMEWORK
offer_accepted,BM-006,Friction,APP-02415,EV-4fd661a62f39,rejected_by_client,True,MODEL_APPLIED_FROM_CALIBRATED_FRAMEWORK
client_interview_1,BM-029,Uncertainty / Ambiguity Aversion,APP-02418,EV-9e50270bd4e0,accepted_no_show,True,MODEL_APPLIED_FROM_CALIBRATED_FRAMEWORK
background_check,BM-029,Uncertainty / Ambiguity Aversion,APP-02418,EV-8f567f37b252,accepted_no_show,True,MODEL_APPLIED_FROM_CALIBRATED_FRAMEWORK
unknown,BM-006,Friction,APP-02419,EV-f83386abbab1,accepted_no_show,True,MODEL_APPLIED_FROM_CALIBRATED_FRAMEWORK
unknown,BM-006,Friction,APP-02419,EV-d6103181ca5c,accepted_no_show,True,MODEL_APPLIED_FROM_CALIBRATED_FRAMEWORK
offer_accepted,BM-006,Friction,APP-02419,EV-9c837d337757,accepted_no_show,True,MODEL_APPLIED_FROM_CALIBRATED_FRAMEWORK
offer_accepted,BM-006,Friction,APP-02419,EV-2e18911ab46e,accepted_no_show,True,MODEL_APPLIED_FROM_CALIBRATED_FRAMEWORK
offer_accepted,BM-006,Friction,APP-02419,EV-5c23e396c67f,accepted_no_show,True,MODEL_APPLIED_FROM_CALIBRATED_FRAMEWORK
submitted,BM-006,Friction,APP-02424,EV-b56d83408cb5,joined_on_time,False,MODEL_APPLIED_FROM_CALIBRATED_FRAMEWORK
client_interview_1,BM-006,Friction,APP-02425,EV-92d2136ab527,joined_on_time,False,MODEL_APPLIED_FROM_CALIBRATED_FRAMEWORK
submitted,BM-001,Status Quo Bias,APP-02428,EV-d97f2e7071a6,joined_on_time,False,MODEL_APPLIED_FROM_CALIBRATED_FRAMEWORK
client_interview_1,BM-001,Status Quo Bias,APP-02428,EV-1da5dd26b33b,joined_on_time,False,MODEL_APPLIED_FROM_CALIBRATED_FRAMEWORK
offer_accepted,BM-001,Status Quo Bias,APP-02428,EV-5ff59301caf4,joined_on_time,False,MODEL_APPLIED_FROM_CALIBRATED_FRAMEWORK
background_check,BM-001,Status Quo Bias,APP-02428,EV-aacf29af4998,joined_on_time,False,MODEL_APPLIED_FROM_CALIBRATED_FRAMEWORK
background_check,BM-001,Status Quo Bias,APP-02428,EV-055e996a4e9d,joined_on_time,False,MODEL_APPLIED_FROM_CALIBRATED_FRAMEWORK
client_interview_1,BM-006,Friction,APP-02429,EV-bf59ab1e5e68,joined_late,False,MODEL_APPLIED_FROM_CALIBRATED_FRAMEWORK
client_interview_2,BM-023,Goal Gradient,APP-02429,EV-e624d25211f7,joined_late,False,MODEL_APPLIED_FROM_CALIBRATED_FRAMEWORK
client_interview_2,BM-023,Goal Gradient,APP-02429,EV-5a0f91aa1372,joined_late,False,MODEL_APPLIED_FROM_CALIBRATED_FRAMEWORK
client_interview_2,BM-006,Friction,APP-02429,EV-3e4ffc42265c,joined_late,False,MODEL_APPLIED_FROM_CALIBRATED_FRAMEWORK
client_interview_2,BM-006,Friction,APP-02429,EV-97aa10ba2e01,joined_late,False,HUMAN_REVIEWED
background_check,BM-006,Friction,APP-02429,EV-5f2c661c8fd9,joined_late,False,MODEL_APPLIED_FROM_CALIBRATED_FRAMEWORK
offer_accepted,BM-006,Friction,APP-02432,EV-727d47de5f56,joined_late,False,MODEL_APPLIED_FROM_CALIBRATED_FRAMEWORK
background_check,BM-006,Friction,APP-02432,EV-368dfc80d4e9,joined_late,False,MODEL_APPLIED_FROM_CALIBRATED_FRAMEWORK
onboarding_docs_sent,BM-006,Friction,APP-02432,EV-e46645faf9fd,joined_late,False,MODEL_APPLIED_FROM_CALIBRATED_FRAMEWORK
onboarding_docs_sent,BM-006,Friction,APP-02434,EV-68e47181d8e2,joined_on_time,False,MODEL_APPLIED_FROM_CALIBRATED_FRAMEWORK
submitted,BM-001,Status Quo Bias,APP-02435,EV-1492c935c04b,joined_on_time,False,MODEL_APPLIED_FROM_CALIBRATED_FRAMEWORK
submitted,BM-001,Status Quo Bias,APP-02435,EV-846f996b7624,joined_on_time,False,MODEL_APPLIED_FROM_CALIBRATED_FRAMEWORK
submitted,BM-014,Confirmation Bias,APP-02435,EV-f28e1c39c7f0,joined_on_time,False,MODEL_APPLIED_FROM_CALIBRATED_FRAMEWORK
submitted,BM-001,Status Quo Bias,APP-02435,EV-3afb6e37786d,joined_on_time,False,MODEL_APPLIED_FROM_CALIBRATED_FRAMEWORK
submitted,BM-014,Confirmation Bias,APP-02435,EV-3f3a6065a3c0,joined_on_time,False,MODEL_APPLIED_FROM_CALIBRATED_FRAMEWORK
offer_accepted,BM-001,Status Quo Bias,APP-02435,EV-5e58ce128048,joined_on_time,False,MODEL_APPLIED_FROM_CALIBRATED_FRAMEWORK
offer_accepted,BM-001,Status Quo Bias,APP-02435,EV-298e89dab589,joined_on_time,False,MODEL_APPLIED_FROM_CALIBRATED_FRAMEWORK
offer_accepted,BM-014,Confirmation Bias,APP-02435,EV-2fa098c6bad7,joined_on_time,False,MODEL_APPLIED_FROM_CALIBRATED_FRAMEWORK
submitted,BM-006,Friction,APP-02436,EV-5fe74ff9714b,withdrew_post_acceptance,True,HUMAN_REVIEWED
client_interview_1,BM-006,Friction,APP-02436,EV-4b7683114a43,withdrew_post_acceptance,True,MODEL_APPLIED_FROM_CALIBRATED_FRAMEWORK
client_interview_1,BM-006,Friction,APP-02436,EV-a597336f505d,withdrew_post_acceptance,True,MODEL_APPLIED_FROM_CALIBRATED_FRAMEWORK
client_interview_1,BM-006,Friction,APP-02436,EV-dbc8a1f87378,withdrew_post_acceptance,True,MODEL_APPLIED_FROM_CALIBRATED_FRAMEWORK
client_interview_1,BM-006,Friction,APP-02436,EV-48e4083c3b6e,withdrew_post_acceptance,True,MODEL_APPLIED_FROM_CALIBRATED_FRAMEWORK
screened,BM-001,Status Quo Bias,APP-02437,EV-fa0271551711,declined_offer,True,MODEL_APPLIED_FROM_CALIBRATED_FRAMEWORK
screened,BM-014,Confirmation Bias,APP-02437,EV-1e162a9c8073,declined_offer,True,MODEL_APPLIED_FROM_CALIBRATED_FRAMEWORK
submitted,BM-001,Status Quo Bias,APP-02437,EV-f41d5e8484f7,declined_offer,True,MODEL_APPLIED_FROM_CALIBRATED_FRAMEWORK
submitted,BM-014,Confirmation Bias,APP-02437,EV-930a2ef57f22,declined_offer,True,MODEL_APPLIED_FROM_CALIBRATED_FRAMEWORK
submitted,BM-001,Status Quo Bias,APP-02437,EV-30b7f205e7b9,declined_offer,True,MODEL_APPLIED_FROM_CALIBRATED_FRAMEWORK
submitted,BM-001,Status Quo Bias,APP-02437,EV-817972c68c55,declined_offer,True,MODEL_APPLIED_FROM_CALIBRATED_FRAMEWORK
submitted,BM-014,Confirmation Bias,APP-02437,EV-0548e550d371,declined_offer,True,MODEL_APPLIED_FROM_CALIBRATED_FRAMEWORK
submitted,BM-001,Status Quo Bias,APP-02437,EV-64778ff42be4,declined_offer,True,MODEL_APPLIED_FROM_CALIBRATED_FRAMEWORK
submitted,BM-001,Status Quo Bias,APP-02437,EV-cc682030cdbc,declined_offer,True,MODEL_APPLIED_FROM_CALIBRATED_FRAMEWORK
client_interview_1,BM-014,Confirmation Bias,APP-02437,EV-6f7cf8611f48,declined_offer,True,MODEL_APPLIED_FROM_CALIBRATED_FRAMEWORK
client_interview_1,BM-001,Status Quo Bias,APP-02437,EV-d50d14fea8a7,declined_offer,True,MODEL_APPLIED_FROM_CALIBRATED_FRAMEWORK
client_interview_1,BM-002,Loss Aversion,APP-02437,EV-705af44a77f6,declined_offer,True,MODEL_APPLIED_FROM_CALIBRATED_FRAMEWORK
unknown,BM-023,Goal Gradient,APP-02438,EV-e0cd88fdf3fa,withdrew_post_acceptance,True,MODEL_APPLIED_FROM_CALIBRATED_FRAMEWORK
submitted,BM-023,Goal Gradient,APP-02438,EV-f9776d275d6d,withdrew_post_acceptance,True,MODEL_APPLIED_FROM_CALIBRATED_FRAMEWORK
client_interview_1,BM-023,Goal Gradient,APP-02438,EV-e263bfbbbbae,withdrew_post_acceptance,True,MODEL_APPLIED_FROM_CALIBRATED_FRAMEWORK
client_interview_1,BM-023,Goal Gradient,APP-02438,EV-448177ee73a8,withdrew_post_acceptance,True,MODEL_APPLIED_FROM_CALIBRATED_FRAMEWORK
background_check,BM-023,Goal Gradient,APP-02438,EV-d32140515f0a,withdrew_post_acceptance,True,MODEL_APPLIED_FROM_CALIBRATED_FRAMEWORK
background_check,BM-023,Goal Gradient,APP-02438,EV-a9f836c0d6c1,withdrew_post_acceptance,True,MODEL_APPLIED_FROM_CALIBRATED_FRAMEWORK
background_check,BM-002,Loss Aversion,APP-02438,EV-478cbf58ff5a,withdrew_post_acceptance,True,MODEL_APPLIED_FROM_CALIBRATED_FRAMEWORK
submitted,BM-029,Uncertainty / Ambiguity Aversion,APP-02440,EV-a7800de40b91,joined_late,False,MODEL_APPLIED_FROM_CALIBRATED_FRAMEWORK
submitted,BM-029,Uncertainty / Ambiguity Aversion,APP-02440,EV-296872d6d454,joined_late,False,MODEL_APPLIED_FROM_CALIBRATED_FRAMEWORK
submitted,BM-029,Uncertainty / Ambiguity Aversion,APP-02440,EV-42794dd5847f,joined_late,False,MODEL_APPLIED_FROM_CALIBRATED_FRAMEWORK
background_check,BM-029,Uncertainty / Ambiguity Aversion,APP-02440,EV-e30be1c634ab,joined_late,False,MODEL_APPLIED_FROM_CALIBRATED_FRAMEWORK
onboarding_docs_sent,BM-029,Uncertainty / Ambiguity Aversion,APP-02440,EV-a7df23e3c8d6,joined_late,False,MODEL_APPLIED_FROM_CALIBRATED_FRAMEWORK
onboarding_docs_sent,BM-029,Uncertainty / Ambiguity Aversion,APP-02440,EV-e45e61df664e,joined_late,False,MODEL_APPLIED_FROM_CALIBRATED_FRAMEWORK
screened,BM-006,Friction,APP-02442,EV-40a18926e97b,joined_on_time,False,MODEL_APPLIED_FROM_CALIBRATED_FRAMEWORK
submitted,BM-006,Friction,APP-02442,EV-8fbf8d69341c,joined_on_time,False,HUMAN_REVIEWED
submitted,BM-006,Friction,APP-02442,EV-828cde25d1d5,joined_on_time,False,MODEL_APPLIED_FROM_CALIBRATED_FRAMEWORK
submitted,BM-006,Friction,APP-02442,EV-8b6e0d30cdde,joined_on_time,False,MODEL_APPLIED_FROM_CALIBRATED_FRAMEWORK
offer_extended,BM-011,Reciprocity,APP-02444,EV-e5b445559bc6,joined_late,False,MODEL_APPLIED_FROM_CALIBRATED_FRAMEWORK
background_check,BM-011,Reciprocity,APP-02444,EV-f4b60f6e04a2,joined_late,False,MODEL_APPLIED_FROM_CALIBRATED_FRAMEWORK
background_check,BM-011,Reciprocity,APP-02444,EV-7d42029ba9a6,joined_late,False,MODEL_APPLIED_FROM_CALIBRATED_FRAMEWORK
screened,BM-011,Reciprocity,APP-02445,EV-a0b35399f67f,joined_on_time,False,MODEL_APPLIED_FROM_CALIBRATED_FRAMEWORK
client_interview_1,BM-011,Reciprocity,APP-02445,EV-80748f5bf939,joined_on_time,False,MODEL_APPLIED_FROM_CALIBRATED_FRAMEWORK
submitted,BM-011,Reciprocity,APP-02446,EV-f2a7d3dd98f7,declined_offer,True,MODEL_APPLIED_FROM_CALIBRATED_FRAMEWORK
submitted,BM-011,Reciprocity,APP-02446,EV-82acc8bb7ad5,declined_offer,True,MODEL_APPLIED_FROM_CALIBRATED_FRAMEWORK
submitted,BM-011,Reciprocity,APP-02446,EV-d09d44fa5e54,declined_offer,True,MODEL_APPLIED_FROM_CALIBRATED_FRAMEWORK
screened,BM-002,Loss Aversion,APP-02448,EV-e1e779d34fce,declined_offer,True,MODEL_APPLIED_FROM_CALIBRATED_FRAMEWORK
client_interview_2,BM-029,Uncertainty / Ambiguity Aversion,APP-02448,EV-1a2bb60c252b,declined_offer,True,MODEL_APPLIED_FROM_CALIBRATED_FRAMEWORK
client_interview_2,BM-029,Uncertainty / Ambiguity Aversion,APP-02448,EV-a68fc736e161,declined_offer,True,MODEL_APPLIED_FROM_CALIBRATED_FRAMEWORK
client_interview_2,BM-002,Loss Aversion,APP-02448,EV-409d39f4a48f,declined_offer,True,MODEL_APPLIED_FROM_CALIBRATED_FRAMEWORK
offer_extended,BM-029,Uncertainty / Ambiguity Aversion,APP-02448,EV-911fa51764e0,declined_offer,True,MODEL_APPLIED_FROM_CALIBRATED_FRAMEWORK
offer_extended,BM-029,Uncertainty / Ambiguity Aversion,APP-02448,EV-d29da4e5bc10,declined_offer,True,MODEL_APPLIED_FROM_CALIBRATED_FRAMEWORK
screened,BM-006,Friction,APP-02452,EV-c3d343c35d3d,joined_on_time,False,MODEL_APPLIED_FROM_CALIBRATED_FRAMEWORK
screened,BM-011,Reciprocity,APP-02452,EV-8b17f237ff03,joined_on_time,False,MODEL_APPLIED_FROM_CALIBRATED_FRAMEWORK
submitted,BM-006,Friction,APP-02452,EV-23dce12fd3d8,joined_on_time,False,MODEL_APPLIED_FROM_CALIBRATED_FRAMEWORK
submitted,BM-006,Friction,APP-02452,EV-2fd3fa6241f1,joined_on_time,False,MODEL_APPLIED_FROM_CALIBRATED_FRAMEWORK
client_interview_2,BM-006,Friction,APP-02452,EV-f584d544748d,joined_on_time,False,MODEL_APPLIED_FROM_CALIBRATED_FRAMEWORK
client_interview_2,BM-006,Friction,APP-02452,EV-3ecb87762d9e,joined_on_time,False,MODEL_APPLIED_FROM_CALIBRATED_FRAMEWORK
client_interview_2,BM-006,Friction,APP-02452,EV-c62ac3983c57,joined_on_time,False,MODEL_APPLIED_FROM_CALIBRATED_FRAMEWORK
offer_accepted,BM-006,Friction,APP-02452,EV-90503e35c15c,joined_on_time,False,MODEL_APPLIED_FROM_CALIBRATED_FRAMEWORK
offer_accepted,BM-006,Friction,APP-02452,EV-19c2157f2914,joined_on_time,False,MODEL_APPLIED_FROM_CALIBRATED_FRAMEWORK
onboarding_docs_sent,BM-006,Friction,APP-02452,EV-1e2ae65ef16c,joined_on_time,False,MODEL_APPLIED_FROM_CALIBRATED_FRAMEWORK
unknown,BM-006,Friction,APP-02453,EV-96a13c319d4c,joined_on_time,False,MODEL_APPLIED_FROM_CALIBRATED_FRAMEWORK
unknown,BM-006,Friction,APP-02453,EV-428d4d2b8b30,joined_on_time,False,MODEL_APPLIED_FROM_CALIBRATED_FRAMEWORK
submitted,BM-006,Friction,APP-02453,EV-dc0e597cd3cb,joined_on_time,False,MODEL_APPLIED_FROM_CALIBRATED_FRAMEWORK
submitted,BM-006,Friction,APP-02453,EV-b0f40af2ef45,joined_on_time,False,MODEL_APPLIED_FROM_CALIBRATED_FRAMEWORK
client_interview_1,BM-006,Friction,APP-02453,EV-4726b2f50280,joined_on_time,False,MODEL_APPLIED_FROM_CALIBRATED_FRAMEWORK
client_interview_1,BM-006,Friction,APP-02453,EV-f2e66dd5ee61,joined_on_time,False,MODEL_APPLIED_FROM_CALIBRATED_FRAMEWORK
client_interview_1,BM-006,Friction,APP-02453,EV-5bf3f3986b06,joined_on_time,False,MODEL_APPLIED_FROM_CALIBRATED_FRAMEWORK
offer_accepted,BM-006,Friction,APP-02453,EV-d5bfe9d7bebc,joined_on_time,False,MODEL_APPLIED_FROM_CALIBRATED_FRAMEWORK
offer_accepted,BM-006,Friction,APP-02453,EV-d9601af08df4,joined_on_time,False,MODEL_APPLIED_FROM_CALIBRATED_FRAMEWORK
submitted,BM-029,Uncertainty / Ambiguity Aversion,APP-02456,EV-545b5ce95586,declined_offer,True,MODEL_APPLIED_FROM_CALIBRATED_FRAMEWORK
client_interview_1,BM-002,Loss Aversion,APP-02456,EV-5b8a32e2f387,declined_offer,True,MODEL_APPLIED_FROM_CALIBRATED_FRAMEWORK
client_interview_1,BM-002,Loss Aversion,APP-02456,EV-3dfef17ea847,declined_offer,True,MODEL_APPLIED_FROM_CALIBRATED_FRAMEWORK
client_interview_2,BM-029,Uncertainty / Ambiguity Aversion,APP-02456,EV-19974e71b44a,declined_offer,True,MODEL_APPLIED_FROM_CALIBRATED_FRAMEWORK
client_interview_2,BM-001,Status Quo Bias,APP-02456,EV-c0863e391db2,declined_offer,True,MODEL_APPLIED_FROM_CALIBRATED_FRAMEWORK
client_interview_2,BM-001,Status Quo Bias,APP-02456,EV-a06fe5485503,declined_offer,True,MODEL_APPLIED_FROM_CALIBRATED_FRAMEWORK
offer_extended,BM-029,Uncertainty / Ambiguity Aversion,APP-02459,EV-499de595af2e,joined_on_time,False,MODEL_APPLIED_FROM_CALIBRATED_FRAMEWORK
offer_accepted,BM-029,Uncertainty / Ambiguity Aversion,APP-02459,EV-ce414d397d6c,joined_on_time,False,MODEL_APPLIED_FROM_CALIBRATED_FRAMEWORK
background_check,BM-029,Uncertainty / Ambiguity Aversion,APP-02459,EV-1323dcd26f0c,joined_on_time,False,MODEL_APPLIED_FROM_CALIBRATED_FRAMEWORK
submitted,BM-029,Uncertainty / Ambiguity Aversion,APP-02460,EV-952054715725,joined_on_time,False,HUMAN_REVIEWED
submitted,BM-011,Reciprocity,APP-02467,EV-39f0da3ef616,withdrew_post_acceptance,True,MODEL_APPLIED_FROM_CALIBRATED_FRAMEWORK
client_interview_2,BM-011,Reciprocity,APP-02467,EV-ecf198c24b02,withdrew_post_acceptance,True,MODEL_APPLIED_FROM_CALIBRATED_FRAMEWORK
background_check,BM-011,Reciprocity,APP-02467,EV-655f5e7ab34a,withdrew_post_acceptance,True,MODEL_APPLIED_FROM_CALIBRATED_FRAMEWORK
submitted,BM-006,Friction,APP-02469,EV-8f853e0a12a2,accepted_no_show,True,MODEL_APPLIED_FROM_CALIBRATED_FRAMEWORK
submitted,BM-006,Friction,APP-02469,EV-5d48d50a29cb,accepted_no_show,True,MODEL_APPLIED_FROM_CALIBRATED_FRAMEWORK
client_interview_1,BM-006,Friction,APP-02469,EV-0ba4a9c3ce3a,accepted_no_show,True,MODEL_APPLIED_FROM_CALIBRATED_FRAMEWORK
client_interview_1,BM-006,Friction,APP-02469,EV-ac5af1ee2075,accepted_no_show,True,HUMAN_REVIEWED
unknown,BM-023,Goal Gradient,APP-02470,EV-92fb0f98c335,joined_late,False,MODEL_APPLIED_FROM_CALIBRATED_FRAMEWORK
submitted,BM-023,Goal Gradient,APP-02470,EV-92182cf5d0e7,joined_late,False,MODEL_APPLIED_FROM_CALIBRATED_FRAMEWORK
client_interview_1,BM-023,Goal Gradient,APP-02470,EV-ca3dcd5e0bea,joined_late,False,MODEL_APPLIED_FROM_CALIBRATED_FRAMEWORK
client_interview_1,BM-023,Goal Gradient,APP-02470,EV-52ca29c47be5,joined_late,False,MODEL_APPLIED_FROM_CALIBRATED_FRAMEWORK
offer_extended,BM-023,Goal Gradient,APP-02470,EV-b5b1ea1d0d3d,joined_late,False,MODEL_APPLIED_FROM_CALIBRATED_FRAMEWORK
offer_extended,BM-023,Goal Gradient,APP-02470,EV-346afbee445b,joined_late,False,MODEL_APPLIED_FROM_CALIBRATED_FRAMEWORK
background_check,BM-023,Goal Gradient,APP-02470,EV-d7026ad29f7c,joined_late,False,MODEL_APPLIED_FROM_CALIBRATED_FRAMEWORK
submitted,BM-023,Goal Gradient,APP-02472,EV-c0f1ff63896f,withdrew_post_acceptance,True,MODEL_APPLIED_FROM_CALIBRATED_FRAMEWORK
offer_accepted,BM-023,Goal Gradient,APP-02472,EV-6bf26ec1b70b,withdrew_post_acceptance,True,MODEL_APPLIED_FROM_CALIBRATED_FRAMEWORK
submitted,BM-006,Friction,APP-02475,EV-8546215c5336,joined_on_time,False,HUMAN_REVIEWED
screened,BM-006,Friction,APP-02478,EV-a83e2a7e74fd,joined_on_time,False,MODEL_APPLIED_FROM_CALIBRATED_FRAMEWORK
submitted,BM-006,Friction,APP-02478,EV-0fa6af5062a7,joined_on_time,False,MODEL_APPLIED_FROM_CALIBRATED_FRAMEWORK
submitted,BM-006,Friction,APP-02478,EV-6a10ff0faaba,joined_on_time,False,MODEL_APPLIED_FROM_CALIBRATED_FRAMEWORK
submitted,BM-006,Friction,APP-02478,EV-a94e918cd673,joined_on_time,False,MODEL_APPLIED_FROM_CALIBRATED_FRAMEWORK
submitted,BM-006,Friction,APP-02478,EV-d69763840064,joined_on_time,False,MODEL_APPLIED_FROM_CALIBRATED_FRAMEWORK
submitted,BM-006,Friction,APP-02478,EV-e3c8d6cf6a06,joined_on_time,False,MODEL_APPLIED_FROM_CALIBRATED_FRAMEWORK
client_interview_2,BM-006,Friction,APP-02478,EV-20e2753eaa72,joined_on_time,False,MODEL_APPLIED_FROM_CALIBRATED_FRAMEWORK
offer_accepted,BM-006,Friction,APP-02478,EV-609a3976b678,joined_on_time,False,MODEL_APPLIED_FROM_CALIBRATED_FRAMEWORK
offer_accepted,BM-006,Friction,APP-02478,EV-80e671a8b18c,joined_on_time,False,MODEL_APPLIED_FROM_CALIBRATED_FRAMEWORK
offer_accepted,BM-006,Friction,APP-02478,EV-6f8b2509e9b6,joined_on_time,False,MODEL_APPLIED_FROM_CALIBRATED_FRAMEWORK
background_check,BM-006,Friction,APP-02480,EV-9d39fbacebcf,joined_on_time,False,MODEL_APPLIED_FROM_CALIBRATED_FRAMEWORK
unknown,BM-001,Status Quo Bias,APP-02481,EV-e4f4c4eb54e2,joined_on_time,False,MODEL_APPLIED_FROM_CALIBRATED_FRAMEWORK
unknown,BM-014,Confirmation Bias,APP-02481,EV-7680e2cc7ea1,joined_on_time,False,MODEL_APPLIED_FROM_CALIBRATED_FRAMEWORK
screened,BM-001,Status Quo Bias,APP-02481,EV-0bf77bc8f43c,joined_on_time,False,MODEL_APPLIED_FROM_CALIBRATED_FRAMEWORK
screened,BM-014,Confirmation Bias,APP-02481,EV-7b02e4aa27c1,joined_on_time,False,MODEL_APPLIED_FROM_CALIBRATED_FRAMEWORK
submitted,BM-001,Status Quo Bias,APP-02481,EV-e5e767c77c14,joined_on_time,False,MODEL_APPLIED_FROM_CALIBRATED_FRAMEWORK
submitted,BM-014,Confirmation Bias,APP-02481,EV-143b61a54594,joined_on_time,False,MODEL_APPLIED_FROM_CALIBRATED_FRAMEWORK
submitted,BM-001,Status Quo Bias,APP-02481,EV-8964563a996c,joined_on_time,False,MODEL_APPLIED_FROM_CALIBRATED_FRAMEWORK
submitted,BM-014,Confirmation Bias,APP-02481,EV-2d300aa731ba,joined_on_time,False,MODEL_APPLIED_FROM_CALIBRATED_FRAMEWORK
client_interview_1,BM-001,Status Quo Bias,APP-02481,EV-1d86369c2718,joined_on_time,False,MODEL_APPLIED_FROM_CALIBRATED_FRAMEWORK
client_interview_1,BM-014,Confirmation Bias,APP-02481,EV-1cb5841b0621,joined_on_time,False,MODEL_APPLIED_FROM_CALIBRATED_FRAMEWORK
background_check,BM-001,Status Quo Bias,APP-02481,EV-bf670877414a,joined_on_time,False,MODEL_APPLIED_FROM_CALIBRATED_FRAMEWORK
background_check,BM-001,Status Quo Bias,APP-02481,EV-5279ba82a33d,joined_on_time,False,MODEL_APPLIED_FROM_CALIBRATED_FRAMEWORK
background_check,BM-006,Friction,APP-02484,EV-f9f39f761d5a,joined_on_time,False,MODEL_APPLIED_FROM_CALIBRATED_FRAMEWORK
client_interview_1,BM-023,Goal Gradient,APP-02490,EV-1a2ab82d4a77,withdrew_post_acceptance,True,MODEL_APPLIED_FROM_CALIBRATED_FRAMEWORK
submitted,BM-029,Uncertainty / Ambiguity Aversion,APP-02497,EV-68696851ab80,joined_on_time,False,MODEL_APPLIED_FROM_CALIBRATED_FRAMEWORK
submitted,BM-029,Uncertainty / Ambiguity Aversion,APP-02497,EV-74d952f0be35,joined_on_time,False,MODEL_APPLIED_FROM_CALIBRATED_FRAMEWORK
unknown,BM-006,Friction,APP-02498,EV-0330669c4bc3,joined_on_time,False,MODEL_APPLIED_FROM_CALIBRATED_FRAMEWORK
submitted,BM-006,Friction,APP-02498,EV-a62f9d727395,joined_on_time,False,MODEL_APPLIED_FROM_CALIBRATED_FRAMEWORK
submitted,BM-006,Friction,APP-02498,EV-f488cd44869f,joined_on_time,False,MODEL_APPLIED_FROM_CALIBRATED_FRAMEWORK
submitted,BM-006,Friction,APP-02498,EV-d38dabbb48ba,joined_on_time,False,MODEL_APPLIED_FROM_CALIBRATED_FRAMEWORK
submitted,BM-006,Friction,APP-02498,EV-573ba765055b,joined_on_time,False,MODEL_APPLIED_FROM_CALIBRATED_FRAMEWORK
submitted,BM-006,Friction,APP-02498,EV-52aeae81eb60,joined_on_time,False,MODEL_APPLIED_FROM_CALIBRATED_FRAMEWORK
submitted,BM-006,Friction,APP-02498,EV-30944895eed3,joined_on_time,False,MODEL_APPLIED_FROM_CALIBRATED_FRAMEWORK
client_interview_1,BM-006,Friction,APP-02498,EV-ddc2afe74d2d,joined_on_time,False,MODEL_APPLIED_FROM_CALIBRATED_FRAMEWORK
client_interview_1,BM-011,Reciprocity,APP-02498,EV-b0e5b91e9c6d,joined_on_time,False,MODEL_APPLIED_FROM_CALIBRATED_FRAMEWORK
client_interview_1,BM-006,Friction,APP-02498,EV-c134a7349f4a,joined_on_time,False,MODEL_APPLIED_FROM_CALIBRATED_FRAMEWORK
offer_accepted,BM-006,Friction,APP-02498,EV-21686b6211d5,joined_on_time,False,MODEL_APPLIED_FROM_CALIBRATED_FRAMEWORK
offer_accepted,BM-006,Friction,APP-02498,EV-e44b99385bc7,joined_on_time,False,MODEL_APPLIED_FROM_CALIBRATED_FRAMEWORK
offer_accepted,BM-006,Friction,APP-02498,EV-2e9a076c7873,joined_on_time,False,MODEL_APPLIED_FROM_CALIBRATED_FRAMEWORK
offer_accepted,BM-011,Reciprocity,APP-02498,EV-63d560cb9ddf,joined_on_time,False,MODEL_APPLIED_FROM_CALIBRATED_FRAMEWORK
offer_accepted,BM-006,Friction,APP-02498,EV-6e40dfe15e75,joined_on_time,False,MODEL_APPLIED_FROM_CALIBRATED_FRAMEWORK
offer_accepted,BM-011,Reciprocity,APP-02498,EV-901ee6234862,joined_on_time,False,MODEL_APPLIED_FROM_CALIBRATED_FRAMEWORK
offer_accepted,BM-006,Friction,APP-02498,EV-92fd34c037ac,joined_on_time,False,MODEL_APPLIED_FROM_CALIBRATED_FRAMEWORK
onboarding_docs_sent,BM-006,Friction,APP-02498,EV-7c0a5821e4d8,joined_on_time,False,MODEL_APPLIED_FROM_CALIBRATED_FRAMEWORK
screened,BM-006,Friction,APP-02500,EV-2cee500f7806,joined_late,False,MODEL_APPLIED_FROM_CALIBRATED_FRAMEWORK
screened,BM-011,Reciprocity,APP-02500,EV-8c3c7f58786c,joined_late,False,MODEL_APPLIED_FROM_CALIBRATED_FRAMEWORK
submitted,BM-006,Friction,APP-02500,EV-33dc28a437f5,joined_late,False,MODEL_APPLIED_FROM_CALIBRATED_FRAMEWORK
client_interview_1,BM-006,Friction,APP-02500,EV-54fcccb24e66,joined_late,False,MODEL_APPLIED_FROM_CALIBRATED_FRAMEWORK
client_interview_1,BM-006,Friction,APP-02500,EV-443b788b9d13,joined_late,False,MODEL_APPLIED_FROM_CALIBRATED_FRAMEWORK
client_interview_1,BM-006,Friction,APP-02500,EV-c66e7a849490,joined_late,False,MODEL_APPLIED_FROM_CALIBRATED_FRAMEWORK
client_interview_1,BM-011,Reciprocity,APP-02500,EV-b3c857ba6680,joined_late,False,MODEL_APPLIED_FROM_CALIBRATED_FRAMEWORK
client_interview_1,BM-006,Friction,APP-02500,EV-40c840b1ac80,joined_late,False,MODEL_APPLIED_FROM_CALIBRATED_FRAMEWORK
client_interview_1,BM-006,Friction,APP-02500,EV-265efaf3091c,joined_late,False,MODEL_APPLIED_FROM_CALIBRATED_FRAMEWORK
offer_accepted,BM-006,Friction,APP-02500,EV-7992a1923acc,joined_late,False,MODEL_APPLIED_FROM_CALIBRATED_FRAMEWORK
offer_accepted,BM-006,Friction,APP-02500,EV-62432476fe7b,joined_late,False,MODEL_APPLIED_FROM_CALIBRATED_FRAMEWORK
background_check,BM-011,Reciprocity,APP-02500,EV-059ceb49bad6,joined_late,False,MODEL_APPLIED_FROM_CALIBRATED_FRAMEWORK
background_check,BM-006,Friction,APP-02500,EV-50c078eb9abc,joined_late,False,MODEL_APPLIED_FROM_CALIBRATED_FRAMEWORK
onboarding_docs_sent,BM-006,Friction,APP-02500,EV-a2e44c35b31e,joined_late,False,MODEL_APPLIED_FROM_CALIBRATED_FRAMEWORK
onboarding_docs_sent,BM-006,Friction,APP-02500,EV-d37dda198ff8,joined_late,False,MODEL_APPLIED_FROM_CALIBRATED_FRAMEWORK
