candidate_id,application_id,requisition_id,client_account_id,recruiter_id,job_title,job_family,location_city,location_state,work_arrangement,contract_type,years_experience,application_source,pay_rate_prior,pay_rate_offered,application_date,interview_date,offer_date,offer_response_date,expected_start_date,actual_start_date,offer_extended,offer_accepted,final_disposition,disposition_date,notice_period_days,research_split
CAND-00001,APP-00001,REQ-00053,CLI-002,REC-005,Registered Nurse,Healthcare,Raleigh,NC,remote,1099,8.6,referral,27.14,30.18,2024-07-27,2024-08-16,2024-08-30,2024-09-04,2024-10-04,2024-10-04,True,True,joined_on_time,2024-10-04,13,held_out_test
CAND-00002,APP-00002,REQ-00006,CLI-007,REC-008,Registered Nurse,Healthcare,Philadelphia,PA,onsite,1099,2.1,career_site,37.92,39.66,2025-03-11,2025-03-27,2025-04-14,2025-04-16,2025-04-24,2025-05-08,True,True,joined_late,2025-05-08,21,hypothesis_generation
CAND-00003,APP-00003,REQ-00160,CLI-005,REC-007,Civil Engineer,Engineering,Tucson,AZ,onsite,Contract-to-Hire,2.9,job_board,,38.5,2024-12-04,2024-12-11,2024-12-15,2024-12-17,2025-01-19,2025-01-18,True,True,joined_on_time,2025-01-18,3,discovery
CAND-00004,APP-00004,REQ-00166,CLI-003,REC-018,Accounts Payable Clerk,Finance/Accounting,Nashville,TN,hybrid,Contract-to-Hire,3.5,job_board,30.35,33.37,2024-11-19,2024-11-27,2024-12-04,2024-12-10,2025-01-05,2025-01-06,True,True,joined_on_time,2025-01-06,1,discovery
CAND-00005,APP-00005,REQ-00061,CLI-004,REC-012,Systems Administrator,IT/Technology,Jacksonville,FL,remote,Direct Hire,4.9,job_board,44.13,45.65,2025-03-17,2025-03-27,2025-04-12,2025-04-16,2025-05-01,,True,True,withdrew_post_acceptance,2025-04-29,0,discovery
CAND-00006,APP-00006,REQ-00060,CLI-008,REC-004,Data Analyst,IT/Technology,Tucson,AZ,hybrid,W2 Contract,4.1,staffing_event,40.78,46.21,2025-05-10,2025-05-19,2025-06-01,2025-06-06,2025-06-29,2025-06-29,True,True,joined_on_time,2025-06-29,3,held_out_test
CAND-00007,APP-00007,REQ-00175,CLI-011,REC-012,HR Coordinator,Administrative/Professional,Cincinnati,OH,remote,W2 Contract,14.2,staffing_event,16.64,19.17,2025-06-16,2025-06-23,2025-07-03,2025-07-03,2025-08-02,2025-08-02,True,True,joined_on_time,2025-08-02,15,held_out_test
CAND-00008,APP-00008,REQ-00185,CLI-005,REC-010,Process Engineer,Engineering,Houston,TX,onsite,Direct Hire,3.3,referral,38.41,35.89,2025-06-20,2025-06-26,2025-07-07,2025-07-07,2025-08-10,,True,False,declined_offer,2025-07-07,9,discovery
CAND-00009,APP-00009,REQ-00133,CLI-007,REC-014,Medical Coder,Healthcare,Pittsburgh,PA,onsite,1099,1.4,job_board,,21.72,2024-03-10,2024-03-27,2024-04-09,2024-04-09,2024-05-02,,True,True,withdrew_post_acceptance,2024-04-11,5,hypothesis_generation
CAND-00010,APP-00010,REQ-00173,CLI-006,REC-006,Administrative Assistant,Administrative/Professional,Cincinnati,OH,hybrid,W2 Contract,6.8,recruiter_sourced,27.08,28.52,2025-05-29,2025-06-04,2025-06-16,2025-06-22,2025-06-30,2025-06-30,True,True,joined_on_time,2025-06-30,16,held_out_test
CAND-00011,APP-00011,REQ-00033,CLI-009,REC-016,Quality Engineer,Engineering,Austin,TX,onsite,1099,4.4,recruiter_sourced,41.83,42.98,2024-05-30,2024-06-04,2024-06-06,2024-06-08,2024-06-22,,True,False,declined_offer,2024-06-08,6,held_out_test
CAND-00012,APP-00012,REQ-00092,CLI-011,REC-009,Data Entry Clerk,Administrative/Professional,Houston,TX,onsite,Direct Hire,3.1,recruiter_sourced,22.4,23.12,2024-04-06,2024-04-18,2024-04-27,2024-04-29,2024-05-10,,True,False,declined_offer,2024-04-29,11,discovery
CAND-00013,APP-00013,REQ-00179,CLI-006,REC-018,Senior Accountant,Finance/Accounting,Orlando,FL,hybrid,Contract-to-Hire,2.9,job_board,22.69,25.62,2024-02-25,2024-03-14,2024-03-16,2024-03-21,2024-04-11,2024-05-02,True,True,joined_late,2024-05-02,9,discovery
CAND-00014,APP-00014,REQ-00186,CLI-011,REC-009,Machine Operator,Light Industrial,Indianapolis,IN,onsite,Contract-to-Hire,1.2,recruiter_sourced,17.67,20.83,2025-07-31,2025-08-08,2025-08-12,2025-08-16,2025-09-02,2025-09-01,True,True,joined_on_time,2025-09-01,11,hypothesis_generation
CAND-00015,APP-00015,REQ-00203,CLI-010,REC-008,Executive Assistant,Administrative/Professional,Phoenix,AZ,hybrid,W2 Contract,2.5,recruiter_sourced,22.0,22.94,2024-05-03,2024-05-21,2024-05-24,2024-05-29,2024-06-15,2024-06-15,True,True,joined_on_time,2024-06-15,2,hypothesis_generation
CAND-00016,APP-00016,REQ-00174,CLI-009,REC-007,Mechanical Engineer,Engineering,Jacksonville,FL,onsite,W2 Contract,1.0,job_board,48.82,50.34,2025-02-10,2025-02-16,2025-02-28,2025-03-01,2025-03-11,,True,True,accepted_no_show,2025-03-11,12,discovery
CAND-00017,APP-00017,REQ-00022,CLI-009,REC-016,Civil Engineer,Engineering,Phoenix,AZ,remote,1099,5.5,recruiter_sourced,31.72,39.59,2024-02-18,2024-02-26,2024-03-03,2024-03-03,2024-04-04,2024-04-04,True,True,joined_on_time,2024-04-04,4,discovery
CAND-00018,APP-00018,REQ-00147,CLI-003,REC-003,Senior Accountant,Finance/Accounting,St. Louis,MO,hybrid,1099,2.3,recruiter_sourced,39.03,39.6,2024-05-16,2024-05-31,2024-06-17,2024-06-19,2024-06-28,,True,True,withdrew_post_acceptance,2024-06-23,8,held_out_test
CAND-00019,APP-00019,REQ-00226,CLI-006,REC-018,Bookkeeper,Finance/Accounting,St. Louis,MO,hybrid,W2 Contract,5.5,reapply,20.9,25.84,2025-04-05,2025-04-20,2025-05-06,2025-05-09,2025-05-26,,True,True,rejected_by_client,2025-05-15,17,held_out_test
CAND-00020,APP-00020,REQ-00059,CLI-002,REC-008,Certified Nursing Assistant,Healthcare,Chicago,IL,remote,Direct Hire,4.9,job_board,42.5,42.39,2024-11-07,2024-11-23,2024-11-27,2024-11-30,2024-12-26,,True,True,withdrew_post_acceptance,2024-12-06,10,discovery
CAND-00021,APP-00021,REQ-00086,CLI-002,REC-002,Registered Nurse,Healthcare,Phoenix,AZ,onsite,W2 Contract,1.0,job_board,38.72,40.43,2025-04-21,2025-05-07,2025-05-14,2025-05-19,2025-06-07,2025-06-07,True,True,joined_on_time,2025-06-07,6,held_out_test
CAND-00022,APP-00022,REQ-00008,CLI-001,REC-015,Shipping/Receiving Clerk,Light Industrial,Houston,TX,onsite,W2 Contract,1.6,referral,13.27,15.85,2024-11-14,2024-11-18,2024-11-22,2024-11-27,2024-12-22,2024-12-22,True,True,joined_on_time,2024-12-22,8,hypothesis_generation
CAND-00023,APP-00023,REQ-00193,CLI-003,REC-003,Senior Accountant,Finance/Accounting,Columbus,OH,hybrid,W2 Contract,4.3,referral,25.21,29.12,2024-10-31,2024-11-07,2024-11-11,2024-11-12,2024-12-15,,True,False,declined_offer,2024-11-12,2,hypothesis_generation
CAND-00024,APP-00024,REQ-00063,CLI-007,REC-011,Certified Nursing Assistant,Healthcare,Dallas,TX,onsite,1099,12.4,referral,33.74,31.89,2024-07-08,2024-07-22,2024-08-04,2024-08-07,2024-09-07,2024-09-06,True,True,joined_on_time,2024-09-06,0,discovery
CAND-00025,APP-00025,REQ-00096,CLI-003,REC-012,Accounts Payable Clerk,Finance/Accounting,Kansas City,MO,hybrid,Direct Hire,8.2,job_board,41.02,42.73,2024-05-19,2024-05-27,2024-06-13,2024-06-17,2024-07-05,2024-07-06,True,True,joined_on_time,2024-07-06,8,held_out_test
CAND-00026,APP-00026,REQ-00095,CLI-001,REC-018,Shipping/Receiving Clerk,Light Industrial,Columbus,OH,onsite,W2 Contract,2.0,job_board,,21.68,2024-11-02,2024-11-20,2024-11-28,2024-11-28,2024-12-12,,True,True,withdrew_post_acceptance,2024-12-12,14,discovery
CAND-00027,APP-00027,REQ-00057,CLI-003,REC-018,AR Specialist,Finance/Accounting,Nashville,TN,hybrid,1099,3.9,career_site,,42.2,2024-06-17,2024-06-30,2024-07-13,2024-07-18,2024-07-25,2024-08-14,True,True,joined_late,2024-08-14,10,hypothesis_generation
CAND-00028,APP-00028,REQ-00028,CLI-009,REC-004,Mechanical Engineer,Engineering,Jacksonville,FL,onsite,W2 Contract,5.6,referral,41.8,42.46,2024-10-11,2024-10-30,2024-11-08,2024-11-08,2024-11-24,2024-11-24,True,True,joined_on_time,2024-11-24,1,discovery
CAND-00029,APP-00029,REQ-00024,CLI-009,REC-001,Mechanical Engineer,Engineering,Jacksonville,FL,onsite,W2 Contract,3.2,recruiter_sourced,32.69,36.16,2025-06-22,2025-07-12,2025-07-18,2025-07-22,2025-07-30,2025-07-29,True,True,joined_on_time,2025-07-29,10,held_out_test
CAND-00030,APP-00030,REQ-00201,CLI-009,REC-013,Mechanical Engineer,Engineering,Tampa,FL,remote,Direct Hire,10.0,career_site,54.18,56.36,2024-04-12,2024-04-25,2024-04-29,2024-05-02,2024-05-23,,True,True,withdrew_post_acceptance,2024-05-19,11,discovery
CAND-00031,APP-00031,REQ-00166,CLI-003,REC-006,Accounts Payable Clerk,Finance/Accounting,Nashville,TN,hybrid,Contract-to-Hire,1.3,career_site,30.01,29.52,2024-10-14,2024-10-26,2024-11-02,2024-11-03,2024-11-22,,True,True,accepted_no_show,2024-11-22,2,held_out_test
CAND-00032,APP-00032,REQ-00010,CLI-002,REC-006,Certified Nursing Assistant,Healthcare,Phoenix,AZ,onsite,W2 Contract,11.2,career_site,25.85,27.06,2024-04-21,2024-05-02,2024-05-10,2024-05-15,2024-06-06,,True,False,declined_offer,2024-05-15,10,discovery
CAND-00033,APP-00033,REQ-00184,CLI-009,REC-013,Mechanical Engineer,Engineering,Tampa,FL,onsite,W2 Contract,4.6,referral,37.67,43.35,2025-04-13,2025-05-04,2025-05-10,2025-05-11,2025-06-10,2025-06-11,True,True,joined_on_time,2025-06-11,8,discovery
CAND-00034,APP-00034,REQ-00076,CLI-005,REC-015,Machine Operator,Light Industrial,Jacksonville,FL,onsite,Direct Hire,4.5,job_board,,21.35,2024-04-25,2024-05-16,2024-05-26,2024-05-31,2024-06-11,,True,True,withdrew_post_acceptance,2024-06-10,0,discovery
CAND-00035,APP-00035,REQ-00037,CLI-003,REC-012,AR Specialist,Finance/Accounting,Jacksonville,FL,hybrid,Contract-to-Hire,1.3,job_board,,35.28,2024-09-14,2024-10-02,2024-10-11,2024-10-17,2024-11-15,2024-11-15,True,True,joined_on_time,2024-11-15,6,discovery
CAND-00036,APP-00036,REQ-00094,CLI-001,REC-018,Forklift Operator,Light Industrial,Orlando,FL,remote,W2 Contract,3.7,recruiter_sourced,17.29,17.72,2024-06-11,2024-06-24,2024-06-30,2024-07-02,2024-08-01,2024-08-14,True,True,joined_late,2024-08-14,18,discovery
CAND-00037,APP-00037,REQ-00089,CLI-008,REC-010,Software Engineer,IT/Technology,Houston,TX,hybrid,W2 Contract,10.1,recruiter_sourced,31.19,36.03,2025-05-15,2025-05-25,2025-06-10,2025-06-10,2025-06-28,,True,True,accepted_no_show,2025-06-28,12,discovery
CAND-00038,APP-00038,REQ-00166,CLI-003,REC-003,Accounts Payable Clerk,Finance/Accounting,Nashville,TN,hybrid,Contract-to-Hire,7.1,career_site,34.88,36.07,2024-11-04,2024-11-12,2024-11-24,2024-11-28,2024-12-27,2025-01-09,True,True,joined_late,2025-01-09,5,held_out_test
CAND-00039,APP-00039,REQ-00113,CLI-005,REC-012,Warehouse Associate,Light Industrial,Orlando,FL,onsite,W2 Contract,1.6,recruiter_sourced,14.92,17.93,2024-12-09,2024-12-12,2024-12-16,2024-12-19,2025-01-11,2025-01-28,True,True,joined_late,2025-01-28,4,discovery
CAND-00040,APP-00040,REQ-00101,CLI-011,REC-014,General Laborer,Light Industrial,Chicago,IL,onsite,Contract-to-Hire,10.4,job_board,20.85,21.34,2025-02-01,2025-02-19,2025-03-02,2025-03-06,2025-03-12,,True,False,declined_offer,2025-03-06,18,hypothesis_generation
CAND-00041,APP-00041,REQ-00075,CLI-009,REC-010,Quality Engineer,Engineering,St. Louis,MO,onsite,Direct Hire,5.1,referral,49.02,47.11,2025-02-18,2025-03-04,2025-03-07,2025-03-10,2025-03-18,2025-03-19,True,True,joined_on_time,2025-03-19,15,hypothesis_generation
CAND-00042,APP-00042,REQ-00022,CLI-009,REC-013,Civil Engineer,Engineering,Phoenix,AZ,remote,1099,1.0,recruiter_sourced,45.96,51.14,2024-02-17,2024-02-23,2024-02-29,2024-02-29,2024-03-22,2024-03-22,True,True,joined_on_time,2024-03-22,12,hypothesis_generation
CAND-00043,APP-00043,REQ-00012,CLI-009,REC-013,Project Engineer,Engineering,Austin,TX,onsite,W2 Contract,3.4,job_board,28.58,30.76,2024-12-03,2024-12-22,2024-12-25,2024-12-25,2025-01-05,2025-01-05,True,True,joined_on_time,2025-01-05,10,discovery
CAND-00044,APP-00044,REQ-00120,CLI-002,REC-014,Phlebotomist,Healthcare,Charlotte,NC,hybrid,W2 Contract,1.4,career_site,35.8,38.93,2024-04-14,2024-04-27,2024-05-04,2024-05-07,2024-06-02,2024-06-02,True,True,joined_on_time,2024-06-02,6,discovery
CAND-00045,APP-00045,REQ-00079,CLI-005,REC-018,Material Handler,Light Industrial,Indianapolis,IN,onsite,1099,3.2,career_site,15.06,17.95,2025-05-06,2025-05-12,2025-05-27,2025-05-31,2025-06-15,2025-06-14,True,True,joined_on_time,2025-06-14,5,discovery
CAND-00046,APP-00046,REQ-00055,CLI-002,REC-017,Certified Nursing Assistant,Healthcare,Memphis,TN,onsite,Contract-to-Hire,4.7,recruiter_sourced,41.9,42.05,2024-03-25,2024-04-15,2024-05-02,2024-05-03,2024-05-28,2024-05-29,True,True,joined_on_time,2024-05-29,12,held_out_test
CAND-00047,APP-00047,REQ-00075,CLI-009,REC-004,Quality Engineer,Engineering,St. Louis,MO,onsite,Direct Hire,2.9,job_board,,39.0,2025-02-17,2025-02-23,2025-03-03,2025-03-03,2025-03-27,,True,False,declined_offer,2025-03-03,18,discovery
CAND-00048,APP-00048,REQ-00103,CLI-007,REC-011,Phlebotomist,Healthcare,Chicago,IL,remote,W2 Contract,3.7,recruiter_sourced,35.52,40.42,2024-10-09,2024-10-27,2024-10-30,2024-11-04,2024-11-13,,True,True,withdrew_post_acceptance,2024-11-13,13,discovery
CAND-00049,APP-00049,REQ-00170,CLI-002,REC-017,Pharmacy Technician,Healthcare,Memphis,TN,onsite,Contract-to-Hire,4.4,recruiter_sourced,39.25,45.45,2025-02-13,2025-03-05,2025-03-17,2025-03-21,2025-04-07,2025-05-01,True,True,joined_late,2025-05-01,23,held_out_test
CAND-00050,APP-00050,REQ-00080,CLI-009,REC-013,Process Engineer,Engineering,Pittsburgh,PA,onsite,Direct Hire,7.7,job_board,27.62,33.4,2024-10-30,2024-11-11,2024-11-22,2024-11-27,2024-12-08,2024-12-08,True,True,joined_on_time,2024-12-08,0,discovery
CAND-00051,APP-00051,REQ-00162,CLI-005,REC-015,General Laborer,Light Industrial,Charlotte,NC,onsite,Contract-to-Hire,3.9,job_board,18.53,19.6,2025-01-17,2025-02-06,2025-02-20,2025-02-23,2025-03-13,,True,False,declined_offer,2025-02-23,19,discovery
CAND-00052,APP-00052,REQ-00055,CLI-002,REC-014,Certified Nursing Assistant,Healthcare,Memphis,TN,onsite,Contract-to-Hire,2.2,job_board,,35.71,2024-03-06,2024-03-11,2024-03-24,2024-03-27,2024-04-23,,True,True,accepted_no_show,2024-04-23,13,hypothesis_generation
CAND-00053,APP-00053,REQ-00219,CLI-004,REC-004,Business Systems Analyst,IT/Technology,Philadelphia,PA,remote,Contract-to-Hire,6.0,job_board,50.04,59.43,2025-01-04,2025-01-15,2025-01-21,2025-01-21,2025-02-19,,True,True,accepted_no_show,2025-02-19,20,discovery
CAND-00054,APP-00054,REQ-00119,CLI-009,REC-004,Manufacturing Engineer,Engineering,Kansas City,MO,onsite,Direct Hire,4.4,job_board,33.9,41.77,2025-03-03,2025-03-09,2025-03-24,2025-03-26,2025-04-25,,True,False,declined_offer,2025-03-26,18,hypothesis_generation
CAND-00055,APP-00055,REQ-00005,CLI-002,REC-002,Certified Nursing Assistant,Healthcare,Columbus,OH,onsite,W2 Contract,4.2,recruiter_sourced,,27.5,2025-01-02,2025-01-20,2025-02-06,2025-02-11,2025-02-22,,True,False,declined_offer,2025-02-11,9,discovery
CAND-00056,APP-00056,REQ-00136,CLI-008,REC-007,Business Systems Analyst,IT/Technology,St. Louis,MO,hybrid,W2 Contract,1.6,career_site,51.9,51.33,2024-10-08,2024-10-29,2024-11-07,2024-11-11,2024-12-10,2024-12-09,True,True,joined_on_time,2024-12-09,3,held_out_test
CAND-00057,APP-00057,REQ-00021,CLI-009,REC-014,Manufacturing Engineer,Engineering,Columbus,OH,hybrid,Direct Hire,3.9,career_site,35.91,38.98,2025-06-19,2025-07-04,2025-07-21,2025-07-22,2025-08-23,2025-08-23,True,True,joined_on_time,2025-08-23,14,held_out_test
CAND-00037,APP-00058,REQ-00095,CLI-001,REC-010,Shipping/Receiving Clerk,Light Industrial,Columbus,OH,onsite,W2 Contract,4.0,career_site,15.32,15.28,2025-06-17,2025-07-04,2025-07-22,2025-07-25,2025-08-05,,True,True,withdrew_post_acceptance,2025-08-03,13,hypothesis_generation
CAND-00058,APP-00059,REQ-00105,CLI-007,REC-002,Registered Nurse,Healthcare,Pittsburgh,PA,onsite,Contract-to-Hire,8.7,referral,30.64,33.71,2025-02-01,2025-02-04,2025-02-16,2025-02-22,2025-03-07,2025-03-08,True,True,joined_on_time,2025-03-08,3,discovery
CAND-00059,APP-00060,REQ-00127,CLI-004,REC-004,Data Analyst,IT/Technology,Philadelphia,PA,remote,Direct Hire,1.0,career_site,35.63,43.05,2024-11-19,2024-12-08,2024-12-20,2024-12-20,2025-01-11,2025-01-10,True,True,joined_on_time,2025-01-10,5,held_out_test
CAND-00060,APP-00061,REQ-00145,CLI-010,REC-012,Office Coordinator,Administrative/Professional,Orlando,FL,onsite,Contract-to-Hire,4.7,job_board,24.22,24.42,2024-09-16,2024-10-03,2024-10-13,2024-10-15,2024-11-01,2024-11-02,True,True,joined_on_time,2024-11-02,12,hypothesis_generation
CAND-00061,APP-00062,REQ-00105,CLI-007,REC-008,Registered Nurse,Healthcare,Pittsburgh,PA,onsite,Contract-to-Hire,5.9,job_board,27.56,33.99,2025-02-16,2025-03-05,2025-03-16,2025-03-17,2025-04-07,2025-04-08,True,True,joined_on_time,2025-04-08,9,discovery
CAND-00062,APP-00063,REQ-00070,CLI-004,REC-017,DevOps Engineer,IT/Technology,Nashville,TN,hybrid,W2 Contract,10.0,referral,62.4,66.27,2025-04-09,2025-04-21,2025-05-04,2025-05-08,2025-05-21,2025-05-21,True,True,joined_on_time,2025-05-21,8,discovery
CAND-00063,APP-00064,REQ-00176,CLI-008,REC-012,Systems Administrator,IT/Technology,Austin,TX,hybrid,W2 Contract,3.0,referral,40.02,43.92,2025-05-04,2025-05-20,2025-06-06,2025-06-12,2025-07-03,,True,True,rejected_by_client,2025-06-19,1,hypothesis_generation
CAND-00064,APP-00065,REQ-00109,CLI-009,REC-013,Electrical Engineer,Engineering,Milwaukee,WI,onsite,Contract-to-Hire,3.3,recruiter_sourced,,35.65,2025-02-06,2025-02-12,2025-02-15,2025-02-21,2025-03-14,2025-03-15,True,True,joined_on_time,2025-03-15,11,hypothesis_generation
CAND-00065,APP-00066,REQ-00162,CLI-005,REC-006,General Laborer,Light Industrial,Charlotte,NC,onsite,Contract-to-Hire,3.9,recruiter_sourced,13.68,16.44,2025-02-02,2025-02-23,2025-03-12,2025-03-12,2025-04-07,2025-04-07,True,True,joined_on_time,2025-04-07,12,discovery
CAND-00066,APP-00067,REQ-00111,CLI-006,REC-018,Senior Accountant,Finance/Accounting,Orlando,FL,hybrid,Direct Hire,3.8,recruiter_sourced,20.47,22.44,2024-08-14,2024-09-03,2024-09-19,2024-09-24,2024-10-24,2024-10-24,True,True,joined_on_time,2024-10-24,8,held_out_test
CAND-00067,APP-00068,REQ-00114,CLI-007,REC-008,Radiology Technician,Healthcare,Atlanta,GA,onsite,W2 Contract,2.9,recruiter_sourced,19.89,22.8,2024-11-13,2024-11-27,2024-12-01,2024-12-05,2024-12-12,2024-12-11,True,True,joined_on_time,2024-12-11,3,discovery
CAND-00068,APP-00069,REQ-00106,CLI-002,REC-004,Certified Nursing Assistant,Healthcare,Atlanta,GA,remote,Direct Hire,1.8,recruiter_sourced,31.86,35.84,2024-02-03,2024-02-19,2024-03-03,2024-03-06,2024-03-27,2024-04-11,True,True,joined_late,2024-04-11,11,hypothesis_generation
CAND-00069,APP-00070,REQ-00099,CLI-002,REC-017,Pharmacy Technician,Healthcare,Milwaukee,WI,onsite,W2 Contract,2.9,job_board,43.11,42.89,2024-02-24,2024-03-14,2024-03-20,2024-03-25,2024-04-06,,True,False,declined_offer,2024-03-25,10,discovery
CAND-00070,APP-00071,REQ-00082,CLI-002,REC-018,Pharmacy Technician,Healthcare,Raleigh,NC,onsite,Contract-to-Hire,1.6,recruiter_sourced,24.93,26.7,2024-06-14,2024-06-30,2024-07-14,2024-07-20,2024-07-31,2024-07-31,True,True,joined_on_time,2024-07-31,6,discovery
CAND-00071,APP-00072,REQ-00129,CLI-010,REC-009,Administrative Assistant,Administrative/Professional,Houston,TX,hybrid,Direct Hire,4.4,job_board,15.34,16.28,2024-02-03,2024-02-06,2024-02-15,2024-02-16,2024-02-27,2024-02-26,True,True,joined_on_time,2024-02-26,1,discovery
CAND-00072,APP-00073,REQ-00222,CLI-011,REC-015,Administrative Assistant,Administrative/Professional,Austin,TX,onsite,W2 Contract,9.7,job_board,15.58,16.74,2024-04-10,2024-04-27,2024-05-06,2024-05-10,2024-05-22,2024-05-21,True,True,joined_on_time,2024-05-21,9,discovery
CAND-00073,APP-00074,REQ-00057,CLI-003,REC-006,AR Specialist,Finance/Accounting,Nashville,TN,hybrid,1099,6.7,recruiter_sourced,24.5,26.32,2024-07-18,2024-07-31,2024-08-09,2024-08-11,2024-08-23,,True,True,withdrew_post_acceptance,2024-08-22,10,hypothesis_generation
CAND-00074,APP-00075,REQ-00094,CLI-001,REC-009,Forklift Operator,Light Industrial,Orlando,FL,remote,W2 Contract,1.7,career_site,,24.17,2024-06-18,2024-06-26,2024-07-11,2024-07-15,2024-08-05,2024-08-04,True,True,joined_on_time,2024-08-04,10,held_out_test
CAND-00075,APP-00076,REQ-00147,CLI-003,REC-014,Senior Accountant,Finance/Accounting,St. Louis,MO,hybrid,1099,2.3,recruiter_sourced,34.14,34.18,2024-06-25,2024-07-11,2024-07-26,2024-07-27,2024-08-14,2024-08-14,True,True,joined_on_time,2024-08-14,17,discovery
CAND-00076,APP-00077,REQ-00197,CLI-004,REC-004,Systems Administrator,IT/Technology,Kansas City,MO,remote,W2 Contract,1.4,career_site,48.34,57.18,2025-06-27,2025-07-14,2025-07-17,2025-07-21,2025-08-09,2025-08-25,True,True,joined_late,2025-08-25,4,held_out_test
CAND-00077,APP-00078,REQ-00117,CLI-004,REC-010,Data Analyst,IT/Technology,Tucson,AZ,remote,Contract-to-Hire,3.8,recruiter_sourced,36.21,42.8,2024-03-13,2024-03-30,2024-04-12,2024-04-12,2024-05-09,2024-05-09,True,True,joined_on_time,2024-05-09,20,discovery
CAND-00078,APP-00079,REQ-00073,CLI-004,REC-016,QA Tester,IT/Technology,Milwaukee,WI,remote,Direct Hire,6.0,career_site,45.26,48.59,2024-06-06,2024-06-27,2024-07-05,2024-07-08,2024-07-21,2024-08-03,True,True,joined_late,2024-08-03,1,discovery
CAND-00079,APP-00080,REQ-00230,CLI-003,REC-006,Financial Analyst,Finance/Accounting,Houston,TX,hybrid,W2 Contract,14.8,referral,29.83,33.38,2025-01-05,2025-01-15,2025-01-23,2025-01-26,2025-02-09,,True,False,declined_offer,2025-01-26,7,discovery
CAND-00080,APP-00081,REQ-00165,CLI-008,REC-010,Network Administrator,IT/Technology,Houston,TX,hybrid,Direct Hire,1.0,recruiter_sourced,47.79,53.24,2024-08-13,2024-09-01,2024-09-18,2024-09-21,2024-10-01,2024-10-01,True,True,joined_on_time,2024-10-01,4,held_out_test
CAND-00081,APP-00082,REQ-00180,CLI-002,REC-005,Certified Nursing Assistant,Healthcare,Jacksonville,FL,remote,W2 Contract,4.0,job_board,,43.35,2024-08-31,2024-09-07,2024-09-09,2024-09-11,2024-10-06,2024-10-07,True,True,joined_on_time,2024-10-07,10,discovery
CAND-00082,APP-00083,REQ-00186,CLI-011,REC-009,Machine Operator,Light Industrial,Indianapolis,IN,onsite,Contract-to-Hire,10.1,job_board,20.57,21.34,2025-07-13,2025-07-23,2025-08-09,2025-08-13,2025-09-08,,True,True,withdrew_post_acceptance,2025-09-04,19,hypothesis_generation
CAND-00083,APP-00084,REQ-00101,CLI-011,REC-018,General Laborer,Light Industrial,Chicago,IL,onsite,Contract-to-Hire,3.0,recruiter_sourced,16.9,19.08,2025-02-10,2025-02-24,2025-03-03,2025-03-04,2025-04-05,2025-04-25,True,True,joined_late,2025-04-25,18,discovery
CAND-00084,APP-00085,REQ-00215,CLI-002,REC-014,Medical Coder,Healthcare,Charlotte,NC,onsite,W2 Contract,4.3,career_site,34.68,37.33,2024-06-30,2024-07-03,2024-07-18,2024-07-19,2024-08-17,,True,False,declined_offer,2024-07-19,0,discovery
CAND-00085,APP-00086,REQ-00082,CLI-002,REC-002,Pharmacy Technician,Healthcare,Raleigh,NC,onsite,Contract-to-Hire,5.3,recruiter_sourced,39.0,40.68,2024-06-24,2024-07-12,2024-07-29,2024-07-29,2024-08-08,,True,True,withdrew_post_acceptance,2024-08-07,5,held_out_test
CAND-00086,APP-00087,REQ-00113,CLI-005,REC-003,Warehouse Associate,Light Industrial,Orlando,FL,onsite,W2 Contract,3.7,recruiter_sourced,16.9,20.3,2024-11-27,2024-12-16,2024-12-31,2025-01-06,2025-01-15,2025-01-14,True,True,joined_on_time,2025-01-14,17,discovery
CAND-00087,APP-00088,REQ-00002,CLI-002,REC-002,Medical Coder,Healthcare,Austin,TX,onsite,W2 Contract,5.5,job_board,28.44,29.29,2025-06-21,2025-07-05,2025-07-15,2025-07-21,2025-08-06,2025-08-05,True,True,joined_on_time,2025-08-05,16,discovery
CAND-00088,APP-00089,REQ-00149,CLI-004,REC-010,DevOps Engineer,IT/Technology,St. Louis,MO,onsite,Contract-to-Hire,5.9,job_board,51.19,52.58,2024-11-16,2024-11-21,2024-11-24,2024-11-24,2024-12-16,,True,True,withdrew_post_acceptance,2024-12-07,13,discovery
CAND-00089,APP-00090,REQ-00106,CLI-002,REC-002,Certified Nursing Assistant,Healthcare,Atlanta,GA,remote,Direct Hire,5.3,job_board,31.28,31.84,2024-02-29,2024-03-16,2024-03-28,2024-04-01,2024-04-10,2024-04-11,True,True,joined_on_time,2024-04-11,11,discovery
CAND-00090,APP-00091,REQ-00226,CLI-006,REC-017,Bookkeeper,Finance/Accounting,St. Louis,MO,hybrid,W2 Contract,1.4,career_site,29.46,32.66,2025-05-12,2025-05-16,2025-05-20,2025-05-25,2025-06-07,,True,True,accepted_no_show,2025-06-07,5,discovery
CAND-00091,APP-00092,REQ-00077,CLI-003,REC-004,Accounts Payable Clerk,Finance/Accounting,Tampa,FL,remote,Contract-to-Hire,7.5,job_board,,36.31,2024-02-28,2024-03-02,2024-03-10,2024-03-14,2024-03-24,2024-04-18,True,True,joined_late,2024-04-18,15,hypothesis_generation
CAND-00092,APP-00093,REQ-00155,CLI-003,REC-006,Accounts Payable Clerk,Finance/Accounting,Tampa,FL,hybrid,Direct Hire,3.4,job_board,27.21,26.51,2024-09-27,2024-10-12,2024-10-24,2024-10-27,2024-11-27,,True,True,withdrew_post_acceptance,2024-11-20,17,discovery
CAND-00093,APP-00094,REQ-00127,CLI-004,REC-013,Data Analyst,IT/Technology,Philadelphia,PA,remote,Direct Hire,1.7,job_board,59.74,60.32,2024-11-01,2024-11-06,2024-11-18,2024-11-22,2024-12-22,,True,False,declined_offer,2024-11-22,13,discovery
CAND-00035,APP-00095,REQ-00133,CLI-007,REC-008,Medical Coder,Healthcare,Pittsburgh,PA,onsite,1099,1.5,job_board,40.0,42.06,2024-10-29,2024-11-13,2024-11-28,2024-11-29,2024-12-29,,True,True,rejected_by_client,2024-12-18,3,discovery
CAND-00094,APP-00096,REQ-00122,CLI-004,REC-013,QA Tester,IT/Technology,Tampa,FL,remote,W2 Contract,2.1,referral,68.81,72.26,2025-03-14,2025-03-21,2025-04-04,2025-04-09,2025-05-09,2025-05-09,True,True,joined_on_time,2025-05-09,11,hypothesis_generation
CAND-00095,APP-00097,REQ-00214,CLI-005,REC-009,Warehouse Associate,Light Industrial,Chicago,IL,onsite,Contract-to-Hire,7.4,career_site,15.57,16.62,2025-02-19,2025-03-02,2025-03-07,2025-03-08,2025-03-19,2025-03-19,True,True,joined_on_time,2025-03-19,2,discovery
CAND-00046,APP-00098,REQ-00224,CLI-009,REC-001,Project Engineer,Engineering,Memphis,TN,onsite,W2 Contract,4.4,job_board,46.93,57.11,2025-06-11,2025-06-24,2025-07-08,2025-07-08,2025-07-27,,True,True,accepted_no_show,2025-07-27,19,discovery
CAND-00096,APP-00099,REQ-00217,CLI-001,REC-018,Shipping/Receiving Clerk,Light Industrial,St. Louis,MO,onsite,W2 Contract,9.4,recruiter_sourced,14.18,16.04,2024-10-09,2024-10-24,2024-10-31,2024-11-01,2024-11-18,2024-11-18,True,True,joined_on_time,2024-11-18,18,hypothesis_generation
CAND-00097,APP-00100,REQ-00221,CLI-009,REC-001,Manufacturing Engineer,Engineering,Austin,TX,onsite,W2 Contract,3.7,recruiter_sourced,48.19,51.24,2025-05-09,2025-05-14,2025-05-27,2025-05-29,2025-06-13,2025-06-13,True,True,joined_on_time,2025-06-13,9,discovery
CAND-00098,APP-00101,REQ-00077,CLI-003,REC-012,Accounts Payable Clerk,Finance/Accounting,Tampa,FL,remote,Contract-to-Hire,1.8,job_board,39.95,43.46,2024-03-16,2024-03-31,2024-04-12,2024-04-15,2024-05-02,2024-05-02,True,True,joined_on_time,2024-05-02,8,hypothesis_generation
CAND-00099,APP-00102,REQ-00171,CLI-005,REC-012,Process Engineer,Engineering,Jacksonville,FL,onsite,Contract-to-Hire,1.0,job_board,41.99,45.56,2025-01-13,2025-01-22,2025-02-08,2025-02-10,2025-02-23,,True,False,declined_offer,2025-02-10,9,discovery
CAND-00100,APP-00103,REQ-00106,CLI-002,REC-006,Certified Nursing Assistant,Healthcare,Atlanta,GA,remote,Direct Hire,3.1,referral,35.69,33.62,2024-02-03,2024-02-24,2024-03-04,2024-03-06,2024-03-26,,True,False,declined_offer,2024-03-06,1,discovery
CAND-00101,APP-00104,REQ-00139,CLI-009,REC-007,Quality Engineer,Engineering,Columbus,OH,onsite,W2 Contract,2.8,job_board,,32.87,2024-12-05,2024-12-13,2024-12-15,2024-12-20,2025-01-08,,True,True,withdrew_post_acceptance,2024-12-27,20,discovery
CAND-00102,APP-00105,REQ-00163,CLI-011,REC-018,Shipping/Receiving Clerk,Light Industrial,Orlando,FL,onsite,Direct Hire,3.0,referral,16.41,18.31,2024-06-20,2024-07-02,2024-07-11,2024-07-13,2024-08-11,,True,True,rejected_by_client,2024-07-18,15,discovery
CAND-00103,APP-00106,REQ-00115,CLI-004,REC-001,Business Systems Analyst,IT/Technology,Columbus,OH,remote,W2 Contract,3.5,recruiter_sourced,37.54,42.51,2025-06-17,2025-07-06,2025-07-21,2025-07-25,2025-08-01,2025-08-01,True,True,joined_on_time,2025-08-01,21,discovery
CAND-00104,APP-00107,REQ-00092,CLI-011,REC-003,Data Entry Clerk,Administrative/Professional,Houston,TX,onsite,Direct Hire,2.1,referral,15.67,18.83,2024-04-10,2024-04-14,2024-04-28,2024-05-04,2024-05-18,,True,True,withdrew_post_acceptance,2024-05-17,10,discovery
CAND-00105,APP-00108,REQ-00204,CLI-011,REC-003,Forklift Operator,Light Industrial,Tampa,FL,onsite,Direct Hire,5.5,referral,13.38,13.73,2024-11-11,2024-12-02,2024-12-11,2024-12-14,2025-01-01,2025-01-01,True,True,joined_on_time,2025-01-01,7,hypothesis_generation
CAND-00106,APP-00109,REQ-00146,CLI-006,REC-009,Administrative Assistant,Administrative/Professional,Raleigh,NC,remote,1099,1.1,job_board,17.07,18.36,2025-03-01,2025-03-06,2025-03-11,2025-03-17,2025-04-13,,True,True,withdrew_post_acceptance,2025-03-22,10,discovery
CAND-00107,APP-00110,REQ-00142,CLI-010,REC-012,Data Entry Clerk,Administrative/Professional,Chicago,IL,hybrid,Direct Hire,3.2,recruiter_sourced,20.35,22.56,2024-11-07,2024-11-24,2024-12-10,2024-12-12,2024-12-22,,True,False,declined_offer,2024-12-12,19,hypothesis_generation
CAND-00108,APP-00111,REQ-00092,CLI-011,REC-003,Data Entry Clerk,Administrative/Professional,Houston,TX,onsite,Direct Hire,1.4,job_board,19.88,19.72,2024-04-09,2024-04-19,2024-05-07,2024-05-08,2024-06-03,,True,True,accepted_no_show,2024-06-03,19,hypothesis_generation
CAND-00109,APP-00112,REQ-00097,CLI-006,REC-012,Financial Analyst,Finance/Accounting,Columbus,OH,hybrid,1099,6.2,referral,21.38,23.04,2025-02-18,2025-03-06,2025-03-20,2025-03-20,2025-04-22,,True,True,withdrew_post_acceptance,2025-04-02,10,discovery
CAND-00028,APP-00113,REQ-00208,CLI-003,REC-012,Accounts Payable Clerk,Finance/Accounting,Charlotte,NC,onsite,Direct Hire,2.7,job_board,40.05,39.28,2024-11-10,2024-11-15,2024-11-20,2024-11-26,2024-12-17,,True,True,withdrew_post_acceptance,2024-12-02,21,held_out_test
CAND-00110,APP-00114,REQ-00179,CLI-006,REC-012,Senior Accountant,Finance/Accounting,Orlando,FL,hybrid,Contract-to-Hire,1.8,career_site,33.67,37.46,2024-03-09,2024-03-22,2024-04-05,2024-04-09,2024-04-27,,True,True,withdrew_post_acceptance,2024-04-13,21,discovery
CAND-00111,APP-00115,REQ-00230,CLI-003,REC-015,Financial Analyst,Finance/Accounting,Houston,TX,hybrid,W2 Contract,2.6,referral,39.03,40.17,2025-02-10,2025-03-03,2025-03-07,2025-03-12,2025-03-21,2025-04-03,True,True,joined_late,2025-04-03,10,discovery
CAND-00112,APP-00116,REQ-00025,CLI-006,REC-003,AR Specialist,Finance/Accounting,Nashville,TN,onsite,Direct Hire,2.8,job_board,33.5,36.38,2024-08-06,2024-08-13,2024-08-27,2024-08-30,2024-09-11,,True,True,accepted_no_show,2024-09-11,15,hypothesis_generation
CAND-00113,APP-00117,REQ-00094,CLI-001,REC-015,Forklift Operator,Light Industrial,Orlando,FL,remote,W2 Contract,0.7,job_board,13.98,15.39,2024-06-01,2024-06-18,2024-06-21,2024-06-27,2024-07-12,,True,False,declined_offer,2024-06-27,4,hypothesis_generation
CAND-00114,APP-00118,REQ-00193,CLI-003,REC-010,Senior Accountant,Finance/Accounting,Columbus,OH,hybrid,W2 Contract,12.5,career_site,,38.33,2024-10-05,2024-10-24,2024-11-10,2024-11-13,2024-12-11,2024-12-11,True,True,joined_on_time,2024-12-11,11,hypothesis_generation
CAND-00115,APP-00119,REQ-00109,CLI-009,REC-010,Electrical Engineer,Engineering,Milwaukee,WI,onsite,Contract-to-Hire,16.3,job_board,50.37,52.95,2025-01-28,2025-02-09,2025-02-12,2025-02-14,2025-03-01,2025-03-02,True,True,joined_on_time,2025-03-02,18,hypothesis_generation
CAND-00116,APP-00120,REQ-00018,CLI-008,REC-013,DevOps Engineer,IT/Technology,Tucson,AZ,hybrid,Contract-to-Hire,10.7,recruiter_sourced,52.34,62.54,2024-10-20,2024-10-26,2024-11-05,2024-11-11,2024-12-02,,True,True,withdrew_post_acceptance,2024-11-23,12,held_out_test
CAND-00117,APP-00121,REQ-00010,CLI-002,REC-017,Certified Nursing Assistant,Healthcare,Phoenix,AZ,onsite,W2 Contract,10.7,staffing_event,38.05,46.02,2024-04-01,2024-04-11,2024-04-22,2024-04-28,2024-05-03,,True,True,rejected_by_client,2024-05-02,16,held_out_test
CAND-00118,APP-00122,REQ-00161,CLI-004,REC-010,DevOps Engineer,IT/Technology,Atlanta,GA,remote,Direct Hire,3.1,reapply,52.92,63.97,2024-03-03,2024-03-24,2024-04-06,2024-04-12,2024-05-08,,True,True,withdrew_post_acceptance,2024-05-02,11,discovery
CAND-00119,APP-00123,REQ-00126,CLI-005,REC-013,Mechanical Engineer,Engineering,Austin,TX,onsite,W2 Contract,9.7,career_site,45.09,52.0,2024-11-09,2024-11-30,2024-12-13,2024-12-17,2024-12-31,,True,True,withdrew_post_acceptance,2024-12-27,15,discovery
CAND-00120,APP-00124,REQ-00223,CLI-001,REC-018,Machine Operator,Light Industrial,Memphis,TN,onsite,Direct Hire,1.1,job_board,,23.93,2024-03-24,2024-03-30,2024-04-05,2024-04-11,2024-05-10,2024-05-10,True,True,joined_on_time,2024-05-10,16,discovery
CAND-00121,APP-00125,REQ-00229,CLI-003,REC-016,Financial Analyst,Finance/Accounting,Columbus,OH,hybrid,W2 Contract,3.3,job_board,,29.54,2024-10-31,2024-11-10,2024-11-16,2024-11-21,2024-12-06,,True,True,accepted_no_show,2024-12-06,11,discovery
CAND-00122,APP-00126,REQ-00056,CLI-011,REC-006,Office Coordinator,Administrative/Professional,Austin,TX,onsite,Direct Hire,2.1,recruiter_sourced,18.24,19.75,2024-06-02,2024-06-13,2024-06-28,2024-07-01,2024-07-22,,True,True,withdrew_post_acceptance,2024-07-04,12,discovery
CAND-00123,APP-00127,REQ-00018,CLI-008,REC-010,DevOps Engineer,IT/Technology,Tucson,AZ,hybrid,Contract-to-Hire,2.0,referral,,46.53,2024-10-06,2024-10-23,2024-11-09,2024-11-11,2024-12-07,2024-12-06,True,True,joined_on_time,2024-12-06,12,discovery
CAND-00124,APP-00128,REQ-00020,CLI-011,REC-013,Administrative Assistant,Administrative/Professional,Charlotte,NC,onsite,Contract-to-Hire,4.7,referral,14.55,15.51,2024-10-06,2024-10-20,2024-10-24,2024-10-30,2024-11-20,,True,True,rejected_by_client,2024-11-12,15,hypothesis_generation
CAND-00125,APP-00129,REQ-00069,CLI-010,REC-006,Executive Assistant,Administrative/Professional,Chicago,IL,hybrid,W2 Contract,2.6,career_site,17.44,18.54,2024-07-22,2024-08-12,2024-08-18,2024-08-22,2024-09-12,2024-09-12,True,True,joined_on_time,2024-09-12,4,discovery
CAND-00126,APP-00130,REQ-00072,CLI-002,REC-012,Medical Assistant,Healthcare,Charlotte,NC,onsite,Contract-to-Hire,2.8,job_board,25.95,29.66,2024-12-16,2025-01-02,2025-01-04,2025-01-04,2025-01-19,2025-01-19,True,True,joined_on_time,2025-01-19,4,hypothesis_generation
CAND-00127,APP-00131,REQ-00211,CLI-001,REC-006,Machine Operator,Light Industrial,Austin,TX,onsite,Contract-to-Hire,3.9,career_site,16.58,18.09,2024-04-02,2024-04-13,2024-04-17,2024-04-22,2024-05-08,,True,False,declined_offer,2024-04-22,0,discovery
CAND-00128,APP-00132,REQ-00188,CLI-007,REC-017,Medical Assistant,Healthcare,Pittsburgh,PA,hybrid,W2 Contract,4.0,job_board,39.16,38.74,2024-04-07,2024-04-17,2024-05-02,2024-05-07,2024-05-14,,True,True,accepted_no_show,2024-05-14,2,discovery
CAND-00129,APP-00133,REQ-00206,CLI-006,REC-006,AR Specialist,Finance/Accounting,Indianapolis,IN,hybrid,Contract-to-Hire,2.9,referral,22.54,25.24,2024-10-30,2024-11-16,2024-11-18,2024-11-18,2024-12-20,2024-12-20,True,True,joined_on_time,2024-12-20,7,discovery
CAND-00130,APP-00134,REQ-00094,CLI-001,REC-013,Forklift Operator,Light Industrial,Orlando,FL,remote,W2 Contract,2.8,referral,22.11,22.0,2024-06-10,2024-06-20,2024-07-04,2024-07-04,2024-08-06,2024-08-05,True,True,joined_on_time,2024-08-05,4,discovery
CAND-00131,APP-00135,REQ-00226,CLI-006,REC-009,Bookkeeper,Finance/Accounting,St. Louis,MO,hybrid,W2 Contract,5.3,referral,31.37,30.93,2025-04-06,2025-04-11,2025-04-29,2025-05-03,2025-05-09,2025-05-31,True,True,joined_late,2025-05-31,0,hypothesis_generation
CAND-00132,APP-00136,REQ-00060,CLI-008,REC-007,Data Analyst,IT/Technology,Tucson,AZ,hybrid,W2 Contract,3.9,referral,,37.32,2025-05-31,2025-06-17,2025-06-25,2025-06-25,2025-07-08,2025-07-15,True,True,joined_late,2025-07-15,5,discovery
CAND-00133,APP-00137,REQ-00193,CLI-003,REC-009,Senior Accountant,Finance/Accounting,Columbus,OH,hybrid,W2 Contract,3.3,reapply,27.59,27.54,2024-10-13,2024-10-18,2024-10-27,2024-10-31,2024-11-25,2024-11-26,True,True,joined_on_time,2024-11-26,2,discovery
CAND-00077,APP-00138,REQ-00045,CLI-007,REC-017,Certified Nursing Assistant,Healthcare,Jacksonville,FL,onsite,W2 Contract,2.4,recruiter_sourced,21.86,23.41,2024-11-21,2024-12-06,2024-12-17,2024-12-22,2024-12-28,2024-12-28,True,True,joined_on_time,2024-12-28,6,hypothesis_generation
CAND-00134,APP-00139,REQ-00123,CLI-009,REC-004,Process Engineer,Engineering,Kansas City,MO,onsite,W2 Contract,3.5,job_board,,51.56,2024-12-04,2024-12-07,2024-12-20,2024-12-22,2025-01-03,,True,True,withdrew_post_acceptance,2024-12-29,0,discovery
CAND-00135,APP-00140,REQ-00096,CLI-003,REC-006,Accounts Payable Clerk,Finance/Accounting,Kansas City,MO,hybrid,Direct Hire,16.0,recruiter_sourced,21.66,23.92,2024-05-25,2024-06-12,2024-06-16,2024-06-16,2024-07-14,2024-07-13,True,True,joined_on_time,2024-07-13,9,discovery
CAND-00136,APP-00141,REQ-00142,CLI-010,REC-003,Data Entry Clerk,Administrative/Professional,Chicago,IL,hybrid,Direct Hire,3.9,recruiter_sourced,20.74,20.71,2024-10-30,2024-11-18,2024-12-03,2024-12-06,2025-01-04,,True,True,withdrew_post_acceptance,2024-12-19,6,hypothesis_generation
CAND-00137,APP-00142,REQ-00191,CLI-008,REC-007,Data Analyst,IT/Technology,St. Louis,MO,hybrid,Direct Hire,3.1,recruiter_sourced,33.54,37.88,2024-08-18,2024-08-25,2024-09-06,2024-09-09,2024-10-04,,True,False,declined_offer,2024-09-09,16,discovery
CAND-00138,APP-00143,REQ-00060,CLI-008,REC-007,Data Analyst,IT/Technology,Tucson,AZ,hybrid,W2 Contract,6.0,job_board,51.68,52.21,2025-05-06,2025-05-22,2025-05-27,2025-05-30,2025-06-25,2025-07-17,True,True,joined_late,2025-07-17,16,hypothesis_generation
CAND-00036,APP-00144,REQ-00121,CLI-003,REC-003,AR Specialist,Finance/Accounting,Orlando,FL,hybrid,W2 Contract,5.1,job_board,,27.81,2024-07-11,2024-07-30,2024-08-17,2024-08-23,2024-09-19,2024-09-19,True,True,joined_on_time,2024-09-19,18,discovery
CAND-00139,APP-00145,REQ-00131,CLI-006,REC-018,Executive Assistant,Administrative/Professional,Memphis,TN,hybrid,Direct Hire,2.9,referral,24.68,26.29,2024-04-25,2024-04-28,2024-05-10,2024-05-16,2024-06-02,2024-06-02,True,True,joined_on_time,2024-06-02,16,discovery
CAND-00140,APP-00146,REQ-00139,CLI-009,REC-016,Quality Engineer,Engineering,Columbus,OH,onsite,W2 Contract,6.7,job_board,34.14,38.21,2024-12-09,2024-12-23,2024-12-26,2024-12-29,2025-01-23,2025-01-23,True,True,joined_on_time,2025-01-23,12,held_out_test
CAND-00141,APP-00147,REQ-00126,CLI-005,REC-001,Mechanical Engineer,Engineering,Austin,TX,onsite,W2 Contract,5.5,referral,41.97,47.91,2024-12-09,2024-12-28,2024-12-30,2024-12-30,2025-01-09,2025-01-09,True,True,joined_on_time,2025-01-09,1,discovery
CAND-00142,APP-00148,REQ-00080,CLI-009,REC-010,Process Engineer,Engineering,Pittsburgh,PA,onsite,Direct Hire,1.9,career_site,,39.07,2024-10-26,2024-11-15,2024-11-30,2024-12-01,2024-12-20,2024-12-30,True,True,joined_late,2024-12-30,10,discovery
CAND-00143,APP-00149,REQ-00021,CLI-009,REC-007,Manufacturing Engineer,Engineering,Columbus,OH,hybrid,Direct Hire,13.8,recruiter_sourced,32.83,36.6,2025-07-14,2025-07-18,2025-07-25,2025-07-26,2025-08-29,,True,True,withdrew_post_acceptance,2025-08-29,6,held_out_test
CAND-00144,APP-00150,REQ-00167,CLI-004,REC-008,Systems Administrator,IT/Technology,Pittsburgh,PA,hybrid,Direct Hire,3.1,career_site,,47.47,2024-12-21,2025-01-02,2025-01-14,2025-01-14,2025-02-10,2025-02-10,True,True,joined_on_time,2025-02-10,0,hypothesis_generation
CAND-00145,APP-00151,REQ-00051,CLI-006,REC-009,Executive Assistant,Administrative/Professional,Milwaukee,WI,hybrid,W2 Contract,7.7,referral,18.08,19.33,2025-06-08,2025-06-22,2025-07-09,2025-07-15,2025-08-12,,True,False,declined_offer,2025-07-15,11,discovery
CAND-00102,APP-00152,REQ-00032,CLI-005,REC-006,Forklift Operator,Light Industrial,Columbus,OH,onsite,Contract-to-Hire,8.1,job_board,18.18,20.51,2025-03-15,2025-03-18,2025-03-30,2025-03-30,2025-05-03,2025-05-03,True,True,joined_on_time,2025-05-03,20,discovery
CAND-00146,APP-00153,REQ-00202,CLI-004,REC-015,Software Engineer,IT/Technology,Houston,TX,onsite,W2 Contract,1.7,job_board,,44.71,2025-04-20,2025-05-06,2025-05-23,2025-05-23,2025-06-06,2025-06-06,True,True,joined_on_time,2025-06-06,3,discovery
CAND-00147,APP-00154,REQ-00129,CLI-010,REC-015,Administrative Assistant,Administrative/Professional,Houston,TX,hybrid,Direct Hire,3.7,recruiter_sourced,18.21,22.59,2024-02-19,2024-03-11,2024-03-16,2024-03-20,2024-03-30,2024-03-30,True,True,joined_on_time,2024-03-30,14,discovery
CAND-00148,APP-00155,REQ-00060,CLI-008,REC-010,Data Analyst,IT/Technology,Tucson,AZ,hybrid,W2 Contract,6.1,job_board,47.25,48.16,2025-04-29,2025-05-12,2025-05-26,2025-05-31,2025-06-28,2025-06-28,True,True,joined_on_time,2025-06-28,12,discovery
CAND-00149,APP-00156,REQ-00204,CLI-011,REC-006,Forklift Operator,Light Industrial,Tampa,FL,onsite,Direct Hire,1.9,job_board,20.33,22.18,2024-10-22,2024-10-28,2024-11-03,2024-11-03,2024-11-18,,True,False,declined_offer,2024-11-03,9,hypothesis_generation
CAND-00150,APP-00157,REQ-00077,CLI-003,REC-012,Accounts Payable Clerk,Finance/Accounting,Tampa,FL,remote,Contract-to-Hire,5.4,staffing_event,30.12,31.12,2024-03-19,2024-03-31,2024-04-16,2024-04-18,2024-04-29,,True,False,declined_offer,2024-04-18,0,discovery
CAND-00151,APP-00158,REQ-00014,CLI-007,REC-017,Phlebotomist,Healthcare,Tucson,AZ,remote,Contract-to-Hire,7.1,job_board,,25.69,2024-10-05,2024-10-12,2024-10-16,2024-10-21,2024-11-02,2024-11-02,True,True,joined_on_time,2024-11-02,15,discovery
CAND-00152,APP-00159,REQ-00018,CLI-008,REC-016,DevOps Engineer,IT/Technology,Tucson,AZ,hybrid,Contract-to-Hire,7.1,job_board,38.32,38.77,2024-09-30,2024-10-17,2024-10-26,2024-10-26,2024-11-19,,True,True,withdrew_post_acceptance,2024-10-30,13,discovery
CAND-00153,APP-00160,REQ-00064,CLI-001,REC-003,Warehouse Associate,Light Industrial,Columbus,OH,onsite,W2 Contract,6.7,job_board,23.14,23.76,2024-11-22,2024-12-02,2024-12-08,2024-12-09,2024-12-30,2025-01-13,True,True,joined_late,2025-01-13,4,discovery
CAND-00154,APP-00161,REQ-00202,CLI-004,REC-013,Software Engineer,IT/Technology,Houston,TX,onsite,W2 Contract,2.1,job_board,46.58,48.89,2025-04-18,2025-05-05,2025-05-11,2025-05-11,2025-06-15,,True,False,declined_offer,2025-05-11,11,hypothesis_generation
CAND-00155,APP-00162,REQ-00037,CLI-003,REC-012,AR Specialist,Finance/Accounting,Jacksonville,FL,hybrid,Contract-to-Hire,14.0,recruiter_sourced,34.7,33.96,2024-09-16,2024-10-04,2024-10-06,2024-10-09,2024-11-06,,True,True,withdrew_post_acceptance,2024-10-23,8,discovery
CAND-00156,APP-00163,REQ-00050,CLI-003,REC-006,Staff Accountant,Finance/Accounting,Nashville,TN,hybrid,W2 Contract,6.1,career_site,40.47,42.38,2024-09-05,2024-09-15,2024-09-26,2024-09-29,2024-10-19,,True,True,withdrew_post_acceptance,2024-10-17,17,discovery
CAND-00157,APP-00164,REQ-00088,CLI-004,REC-007,DevOps Engineer,IT/Technology,Tampa,FL,onsite,1099,6.4,job_board,,40.16,2024-02-28,2024-03-18,2024-03-27,2024-04-01,2024-05-01,,True,False,declined_offer,2024-04-01,15,hypothesis_generation
CAND-00158,APP-00165,REQ-00158,CLI-010,REC-012,Customer Service Representative,Administrative/Professional,Phoenix,AZ,hybrid,Contract-to-Hire,0.1,recruiter_sourced,19.76,23.02,2025-04-06,2025-04-20,2025-05-08,2025-05-10,2025-05-30,,True,True,rejected_by_client,2025-05-19,4,discovery
CAND-00159,APP-00166,REQ-00224,CLI-009,REC-013,Project Engineer,Engineering,Memphis,TN,onsite,W2 Contract,2.7,job_board,,45.76,2025-05-24,2025-06-12,2025-06-25,2025-07-01,2025-07-23,2025-07-23,True,True,joined_on_time,2025-07-23,5,held_out_test
CAND-00160,APP-00167,REQ-00062,CLI-011,REC-018,Office Coordinator,Administrative/Professional,Houston,TX,hybrid,W2 Contract,4.7,job_board,16.82,17.56,2025-07-22,2025-07-26,2025-08-04,2025-08-08,2025-09-08,,True,True,withdrew_post_acceptance,2025-08-21,14,discovery
CAND-00161,APP-00168,REQ-00226,CLI-006,REC-006,Bookkeeper,Finance/Accounting,St. Louis,MO,hybrid,W2 Contract,1.9,reapply,29.76,31.04,2025-04-18,2025-05-09,2025-05-11,2025-05-16,2025-06-12,,True,True,rejected_by_client,2025-05-28,8,held_out_test
CAND-00162,APP-00169,REQ-00018,CLI-008,REC-017,DevOps Engineer,IT/Technology,Tucson,AZ,hybrid,Contract-to-Hire,7.3,career_site,34.32,36.05,2024-10-25,2024-11-12,2024-11-23,2024-11-24,2024-12-18,2024-12-22,True,True,joined_late,2024-12-22,17,held_out_test
CAND-00163,APP-00170,REQ-00047,CLI-006,REC-015,Bookkeeper,Finance/Accounting,Orlando,FL,hybrid,W2 Contract,3.6,recruiter_sourced,28.37,29.36,2025-01-30,2025-02-08,2025-02-14,2025-02-16,2025-03-18,2025-03-18,True,True,joined_on_time,2025-03-18,2,discovery
CAND-00164,APP-00171,REQ-00020,CLI-011,REC-004,Administrative Assistant,Administrative/Professional,Charlotte,NC,onsite,Contract-to-Hire,3.6,job_board,17.35,20.0,2024-10-21,2024-10-28,2024-11-02,2024-11-08,2024-11-28,2024-12-12,True,True,joined_late,2024-12-12,15,hypothesis_generation
CAND-00165,APP-00172,REQ-00119,CLI-009,REC-001,Manufacturing Engineer,Engineering,Kansas City,MO,onsite,Direct Hire,1.8,recruiter_sourced,51.51,52.48,2025-03-12,2025-03-24,2025-04-05,2025-04-06,2025-04-20,,True,True,withdrew_post_acceptance,2025-04-18,0,discovery
CAND-00166,APP-00173,REQ-00172,CLI-001,REC-004,Shipping/Receiving Clerk,Light Industrial,Houston,TX,onsite,Contract-to-Hire,6.5,referral,16.57,17.48,2024-12-11,2024-12-31,2025-01-13,2025-01-14,2025-02-13,2025-03-06,True,True,joined_late,2025-03-06,9,discovery
CAND-00167,APP-00174,REQ-00089,CLI-008,REC-002,Software Engineer,IT/Technology,Houston,TX,hybrid,W2 Contract,5.6,job_board,50.44,51.99,2025-06-05,2025-06-08,2025-06-22,2025-06-28,2025-07-26,,True,True,withdrew_post_acceptance,2025-07-17,6,discovery
CAND-00168,APP-00175,REQ-00061,CLI-004,REC-013,Systems Administrator,IT/Technology,Jacksonville,FL,remote,Direct Hire,3.3,job_board,49.38,53.4,2025-03-25,2025-04-07,2025-04-11,2025-04-12,2025-05-02,2025-05-02,True,True,joined_on_time,2025-05-02,14,discovery
CAND-00169,APP-00176,REQ-00146,CLI-006,REC-018,Administrative Assistant,Administrative/Professional,Raleigh,NC,remote,1099,6.3,recruiter_sourced,17.4,17.14,2025-02-20,2025-03-02,2025-03-06,2025-03-08,2025-03-24,,True,False,declined_offer,2025-03-08,15,discovery
CAND-00170,APP-00177,REQ-00226,CLI-006,REC-003,Bookkeeper,Finance/Accounting,St. Louis,MO,hybrid,W2 Contract,5.5,staffing_event,,23.75,2025-04-24,2025-05-12,2025-05-26,2025-05-28,2025-06-22,,True,True,accepted_no_show,2025-06-22,8,discovery
CAND-00171,APP-00178,REQ-00101,CLI-011,REC-015,General Laborer,Light Industrial,Chicago,IL,onsite,Contract-to-Hire,1.0,job_board,14.51,16.64,2025-02-22,2025-02-26,2025-03-09,2025-03-09,2025-03-29,2025-04-09,True,True,joined_late,2025-04-09,22,discovery
CAND-00172,APP-00179,REQ-00108,CLI-007,REC-001,Phlebotomist,Healthcare,Philadelphia,PA,onsite,W2 Contract,0.6,career_site,24.85,28.98,2025-03-05,2025-03-10,2025-03-14,2025-03-16,2025-04-12,,True,True,withdrew_post_acceptance,2025-04-05,14,discovery
CAND-00173,APP-00180,REQ-00204,CLI-011,REC-001,Forklift Operator,Light Industrial,Tampa,FL,onsite,Direct Hire,7.5,career_site,13.13,14.42,2024-11-06,2024-11-22,2024-11-29,2024-11-29,2024-12-12,,True,False,declined_offer,2024-11-29,12,hypothesis_generation
CAND-00174,APP-00181,REQ-00112,CLI-001,REC-012,Forklift Operator,Light Industrial,Pittsburgh,PA,onsite,Contract-to-Hire,5.2,job_board,16.38,19.66,2025-07-30,2025-08-09,2025-08-14,2025-08-14,2025-09-05,,True,False,declined_offer,2025-08-14,13,discovery
CAND-00175,APP-00182,REQ-00195,CLI-002,REC-005,Medical Coder,Healthcare,Columbus,OH,hybrid,Direct Hire,5.6,recruiter_sourced,33.91,35.06,2024-03-07,2024-03-25,2024-04-02,2024-04-02,2024-04-12,2024-04-12,True,True,joined_on_time,2024-04-12,9,held_out_test
CAND-00176,APP-00183,REQ-00099,CLI-002,REC-002,Pharmacy Technician,Healthcare,Milwaukee,WI,onsite,W2 Contract,7.0,recruiter_sourced,39.98,41.38,2024-02-24,2024-03-13,2024-03-23,2024-03-23,2024-04-22,,True,False,declined_offer,2024-03-23,0,discovery
CAND-00177,APP-00184,REQ-00033,CLI-009,REC-007,Quality Engineer,Engineering,Austin,TX,onsite,1099,1.0,job_board,36.36,40.02,2024-05-08,2024-05-25,2024-06-10,2024-06-12,2024-06-27,2024-06-27,True,True,joined_on_time,2024-06-27,16,discovery
CAND-00178,APP-00185,REQ-00225,CLI-006,REC-018,Staff Accountant,Finance/Accounting,Philadelphia,PA,hybrid,Direct Hire,2.3,referral,30.24,32.75,2024-12-27,2025-01-12,2025-01-21,2025-01-25,2025-02-01,,True,False,declined_offer,2025-01-25,12,discovery
CAND-00179,APP-00186,REQ-00109,CLI-009,REC-016,Electrical Engineer,Engineering,Milwaukee,WI,onsite,Contract-to-Hire,9.0,staffing_event,49.16,49.55,2025-01-18,2025-02-05,2025-02-14,2025-02-17,2025-03-05,,True,True,withdrew_post_acceptance,2025-02-20,18,discovery
CAND-00180,APP-00187,REQ-00167,CLI-004,REC-013,Systems Administrator,IT/Technology,Pittsburgh,PA,hybrid,Direct Hire,4.1,reapply,53.64,62.18,2025-01-19,2025-01-26,2025-01-31,2025-02-06,2025-02-24,,True,False,declined_offer,2025-02-06,6,discovery
CAND-00181,APP-00188,REQ-00136,CLI-008,REC-004,Business Systems Analyst,IT/Technology,St. Louis,MO,hybrid,W2 Contract,3.2,job_board,41.14,41.72,2024-10-13,2024-10-29,2024-11-06,2024-11-12,2024-12-06,,True,True,withdrew_post_acceptance,2024-11-17,12,hypothesis_generation
CAND-00182,APP-00189,REQ-00049,CLI-008,REC-016,Systems Administrator,IT/Technology,Milwaukee,WI,hybrid,Direct Hire,6.4,job_board,54.77,62.37,2024-10-06,2024-10-26,2024-11-07,2024-11-13,2024-11-25,,True,False,declined_offer,2024-11-13,0,hypothesis_generation
CAND-00183,APP-00190,REQ-00071,CLI-008,REC-016,Business Systems Analyst,IT/Technology,Philadelphia,PA,hybrid,W2 Contract,5.8,reapply,53.67,50.67,2025-06-06,2025-06-13,2025-06-19,2025-06-23,2025-07-17,2025-07-18,True,True,joined_on_time,2025-07-18,8,discovery
CAND-00184,APP-00191,REQ-00160,CLI-005,REC-001,Civil Engineer,Engineering,Tucson,AZ,onsite,Contract-to-Hire,3.8,reapply,,34.97,2024-11-09,2024-11-23,2024-12-08,2024-12-10,2024-12-30,,True,False,declined_offer,2024-12-10,17,hypothesis_generation
CAND-00185,APP-00192,REQ-00178,CLI-005,REC-001,Quality Engineer,Engineering,Atlanta,GA,onsite,W2 Contract,8.3,job_board,31.72,31.57,2025-05-10,2025-05-25,2025-05-28,2025-05-31,2025-06-17,,True,False,declined_offer,2025-05-31,1,discovery
CAND-00186,APP-00193,REQ-00223,CLI-001,REC-018,Machine Operator,Light Industrial,Memphis,TN,onsite,Direct Hire,6.2,career_site,13.14,16.06,2024-03-05,2024-03-17,2024-03-28,2024-03-30,2024-04-22,2024-04-21,True,True,joined_on_time,2024-04-21,10,discovery
CAND-00187,APP-00194,REQ-00165,CLI-008,REC-014,Network Administrator,IT/Technology,Houston,TX,hybrid,Direct Hire,11.2,staffing_event,56.84,58.63,2024-07-22,2024-08-04,2024-08-14,2024-08-19,2024-09-06,,True,True,withdrew_post_acceptance,2024-08-22,11,discovery
CAND-00188,APP-00195,REQ-00027,CLI-003,REC-012,Payroll Specialist,Finance/Accounting,Milwaukee,WI,hybrid,Contract-to-Hire,11.3,career_site,37.88,42.6,2025-07-21,2025-08-09,2025-08-16,2025-08-16,2025-09-04,2025-09-05,True,True,joined_on_time,2025-09-05,0,hypothesis_generation
CAND-00189,APP-00196,REQ-00166,CLI-003,REC-006,Accounts Payable Clerk,Finance/Accounting,Nashville,TN,hybrid,Contract-to-Hire,1.8,career_site,33.49,40.9,2024-10-23,2024-11-09,2024-11-12,2024-11-14,2024-12-14,,True,True,withdrew_post_acceptance,2024-11-21,11,discovery
CAND-00190,APP-00197,REQ-00071,CLI-008,REC-013,Business Systems Analyst,IT/Technology,Philadelphia,PA,hybrid,W2 Contract,5.9,referral,46.18,48.28,2025-05-11,2025-05-29,2025-06-14,2025-06-15,2025-07-09,,True,True,withdrew_post_acceptance,2025-07-04,20,hypothesis_generation
CAND-00191,APP-00198,REQ-00224,CLI-009,REC-004,Project Engineer,Engineering,Memphis,TN,onsite,W2 Contract,3.0,referral,38.08,43.8,2025-05-23,2025-06-04,2025-06-06,2025-06-09,2025-06-17,,True,True,accepted_no_show,2025-06-17,3,discovery
CAND-00192,APP-00199,REQ-00106,CLI-002,REC-005,Certified Nursing Assistant,Healthcare,Atlanta,GA,remote,Direct Hire,6.1,job_board,39.86,42.74,2024-02-28,2024-03-18,2024-03-20,2024-03-26,2024-04-23,2024-04-22,True,True,joined_on_time,2024-04-22,5,discovery
CAND-00193,APP-00200,REQ-00068,CLI-002,REC-017,Pharmacy Technician,Healthcare,Milwaukee,WI,onsite,Contract-to-Hire,5.4,job_board,31.87,32.34,2024-11-03,2024-11-15,2024-11-25,2024-11-28,2024-12-17,,True,True,withdrew_post_acceptance,2024-12-10,8,discovery
CAND-00194,APP-00201,REQ-00174,CLI-009,REC-010,Mechanical Engineer,Engineering,Jacksonville,FL,onsite,W2 Contract,5.8,career_site,37.86,42.21,2025-02-21,2025-02-27,2025-03-01,2025-03-05,2025-04-01,2025-04-01,True,True,joined_on_time,2025-04-01,7,hypothesis_generation
CAND-00195,APP-00202,REQ-00186,CLI-011,REC-009,Machine Operator,Light Industrial,Indianapolis,IN,onsite,Contract-to-Hire,2.0,job_board,,21.45,2025-07-22,2025-08-04,2025-08-14,2025-08-16,2025-09-13,,True,False,declined_offer,2025-08-16,7,hypothesis_generation
CAND-00196,APP-00203,REQ-00071,CLI-008,REC-004,Business Systems Analyst,IT/Technology,Philadelphia,PA,hybrid,W2 Contract,1.4,career_site,35.65,39.23,2025-05-19,2025-06-03,2025-06-15,2025-06-20,2025-06-29,,True,True,withdrew_post_acceptance,2025-06-21,3,discovery
CAND-00197,APP-00204,REQ-00040,CLI-010,REC-009,Executive Assistant,Administrative/Professional,Charlotte,NC,hybrid,W2 Contract,7.2,recruiter_sourced,22.47,22.2,2024-04-02,2024-04-23,2024-05-01,2024-05-03,2024-06-03,,True,True,rejected_by_client,2024-05-26,16,discovery
CAND-00198,APP-00205,REQ-00038,CLI-011,REC-018,Administrative Assistant,Administrative/Professional,Tampa,FL,onsite,1099,5.8,career_site,15.53,16.19,2024-10-22,2024-11-11,2024-11-18,2024-11-20,2024-12-01,,True,True,rejected_by_client,2024-11-28,3,held_out_test
CAND-00199,APP-00206,REQ-00120,CLI-002,REC-017,Phlebotomist,Healthcare,Charlotte,NC,hybrid,W2 Contract,6.1,career_site,,26.54,2024-03-18,2024-03-23,2024-04-01,2024-04-03,2024-04-18,2024-04-18,True,True,joined_on_time,2024-04-18,24,hypothesis_generation
CAND-00200,APP-00207,REQ-00085,CLI-008,REC-007,DevOps Engineer,IT/Technology,Memphis,TN,onsite,Direct Hire,10.7,recruiter_sourced,55.7,65.1,2025-02-16,2025-02-20,2025-02-24,2025-02-27,2025-03-12,2025-03-31,True,True,joined_late,2025-03-31,7,discovery
CAND-00201,APP-00208,REQ-00144,CLI-006,REC-015,Payroll Specialist,Finance/Accounting,Nashville,TN,hybrid,W2 Contract,4.0,career_site,25.28,26.66,2025-01-29,2025-02-07,2025-02-19,2025-02-22,2025-03-19,2025-03-19,True,True,joined_on_time,2025-03-19,14,held_out_test
CAND-00202,APP-00209,REQ-00031,CLI-001,REC-003,Shipping/Receiving Clerk,Light Industrial,Memphis,TN,onsite,W2 Contract,5.4,staffing_event,15.07,15.84,2025-06-13,2025-06-17,2025-06-19,2025-06-22,2025-07-07,2025-07-07,True,True,joined_on_time,2025-07-07,0,hypothesis_generation
CAND-00203,APP-00210,REQ-00033,CLI-009,REC-013,Quality Engineer,Engineering,Austin,TX,onsite,1099,1.9,reapply,54.73,55.61,2024-05-16,2024-05-23,2024-06-07,2024-06-12,2024-06-30,2024-07-15,True,True,joined_late,2024-07-15,19,discovery
CAND-00133,APP-00211,REQ-00052,CLI-011,REC-012,Data Entry Clerk,Administrative/Professional,Austin,TX,onsite,Contract-to-Hire,2.1,staffing_event,,22.57,2024-11-23,2024-12-12,2024-12-20,2024-12-20,2025-01-20,2025-01-19,True,True,joined_on_time,2025-01-19,9,hypothesis_generation
CAND-00204,APP-00212,REQ-00096,CLI-003,REC-006,Accounts Payable Clerk,Finance/Accounting,Kansas City,MO,hybrid,Direct Hire,11.0,recruiter_sourced,34.32,38.69,2024-05-24,2024-06-12,2024-06-23,2024-06-24,2024-07-05,,True,False,declined_offer,2024-06-24,13,discovery
CAND-00205,APP-00213,REQ-00113,CLI-005,REC-007,Warehouse Associate,Light Industrial,Orlando,FL,onsite,W2 Contract,2.6,recruiter_sourced,12.64,13.54,2024-11-28,2024-12-17,2024-12-29,2025-01-01,2025-01-29,,True,True,withdrew_post_acceptance,2025-01-06,3,hypothesis_generation
CAND-00206,APP-00214,REQ-00063,CLI-007,REC-008,Certified Nursing Assistant,Healthcare,Dallas,TX,onsite,1099,3.7,career_site,,25.51,2024-07-16,2024-07-31,2024-08-02,2024-08-03,2024-08-19,2024-08-19,True,True,joined_on_time,2024-08-19,2,held_out_test
CAND-00207,APP-00215,REQ-00205,CLI-009,REC-013,Process Engineer,Engineering,Chicago,IL,onsite,Contract-to-Hire,8.0,recruiter_sourced,30.64,35.68,2024-10-18,2024-10-22,2024-11-05,2024-11-10,2024-11-23,,True,True,withdrew_post_acceptance,2024-11-23,6,held_out_test
CAND-00208,APP-00216,REQ-00012,CLI-009,REC-013,Project Engineer,Engineering,Austin,TX,onsite,W2 Contract,2.7,job_board,50.08,49.0,2025-01-05,2025-01-09,2025-01-14,2025-01-17,2025-02-07,,True,True,withdrew_post_acceptance,2025-01-30,14,discovery
CAND-00209,APP-00217,REQ-00020,CLI-011,REC-012,Administrative Assistant,Administrative/Professional,Charlotte,NC,onsite,Contract-to-Hire,12.5,referral,19.31,21.52,2024-10-14,2024-10-26,2024-11-10,2024-11-15,2024-11-23,,True,True,accepted_no_show,2024-11-23,7,hypothesis_generation
CAND-00210,APP-00218,REQ-00027,CLI-003,REC-015,Payroll Specialist,Finance/Accounting,Milwaukee,WI,hybrid,Contract-to-Hire,6.6,recruiter_sourced,,35.22,2025-06-26,2025-07-15,2025-07-20,2025-07-22,2025-08-02,,True,True,withdrew_post_acceptance,2025-07-24,14,discovery
CAND-00211,APP-00219,REQ-00010,CLI-002,REC-008,Certified Nursing Assistant,Healthcare,Phoenix,AZ,onsite,W2 Contract,2.3,recruiter_sourced,25.47,25.63,2024-03-31,2024-04-08,2024-04-11,2024-04-15,2024-05-06,,True,False,declined_offer,2024-04-15,16,held_out_test
CAND-00212,APP-00220,REQ-00139,CLI-009,REC-015,Quality Engineer,Engineering,Columbus,OH,onsite,W2 Contract,10.6,recruiter_sourced,36.52,41.46,2024-11-29,2024-12-04,2024-12-09,2024-12-15,2025-01-06,2025-01-06,True,True,joined_on_time,2025-01-06,7,held_out_test
CAND-00213,APP-00221,REQ-00152,CLI-003,REC-015,Accounts Payable Clerk,Finance/Accounting,Houston,TX,hybrid,W2 Contract,5.8,career_site,29.92,28.14,2024-04-23,2024-05-10,2024-05-21,2024-05-23,2024-06-14,2024-06-13,True,True,joined_on_time,2024-06-13,6,discovery
CAND-00214,APP-00222,REQ-00220,CLI-008,REC-001,Network Administrator,IT/Technology,Philadelphia,PA,hybrid,Contract-to-Hire,2.7,reapply,39.06,39.93,2024-12-04,2024-12-10,2024-12-15,2024-12-21,2025-01-18,2025-01-17,True,True,joined_on_time,2025-01-17,5,discovery
CAND-00215,APP-00223,REQ-00067,CLI-006,REC-018,Customer Service Representative,Administrative/Professional,Houston,TX,hybrid,Contract-to-Hire,8.0,recruiter_sourced,23.66,25.08,2024-06-02,2024-06-13,2024-06-17,2024-06-19,2024-07-07,,True,True,accepted_no_show,2024-07-07,11,held_out_test
CAND-00216,APP-00224,REQ-00191,CLI-008,REC-010,Data Analyst,IT/Technology,St. Louis,MO,hybrid,Direct Hire,1.8,career_site,51.37,59.29,2024-08-30,2024-09-17,2024-10-02,2024-10-07,2024-11-06,,True,False,declined_offer,2024-10-07,15,hypothesis_generation
CAND-00217,APP-00225,REQ-00072,CLI-002,REC-017,Medical Assistant,Healthcare,Charlotte,NC,onsite,Contract-to-Hire,5.4,job_board,,44.44,2024-12-24,2025-01-11,2025-01-27,2025-01-28,2025-02-25,,True,True,withdrew_post_acceptance,2025-02-10,13,discovery
CAND-00218,APP-00226,REQ-00230,CLI-003,REC-018,Financial Analyst,Finance/Accounting,Houston,TX,hybrid,W2 Contract,5.7,recruiter_sourced,36.39,41.64,2025-01-06,2025-01-22,2025-02-07,2025-02-07,2025-02-19,2025-02-19,True,True,joined_on_time,2025-02-19,10,discovery
CAND-00219,APP-00227,REQ-00160,CLI-005,REC-016,Civil Engineer,Engineering,Tucson,AZ,onsite,Contract-to-Hire,4.7,reapply,33.05,31.79,2024-12-06,2024-12-27,2025-01-05,2025-01-10,2025-01-25,2025-02-13,True,True,joined_late,2025-02-13,4,discovery
CAND-00220,APP-00228,REQ-00215,CLI-002,REC-011,Medical Coder,Healthcare,Charlotte,NC,onsite,W2 Contract,4.8,recruiter_sourced,33.92,36.52,2024-07-11,2024-07-26,2024-08-01,2024-08-07,2024-08-28,,True,False,declined_offer,2024-08-07,14,held_out_test
CAND-00221,APP-00229,REQ-00101,CLI-011,REC-016,General Laborer,Light Industrial,Chicago,IL,onsite,Contract-to-Hire,10.7,referral,14.59,15.42,2025-01-10,2025-01-28,2025-02-14,2025-02-20,2025-03-01,2025-02-28,True,True,joined_on_time,2025-02-28,10,discovery
CAND-00222,APP-00230,REQ-00147,CLI-003,REC-006,Senior Accountant,Finance/Accounting,St. Louis,MO,hybrid,1099,11.0,job_board,30.86,35.59,2024-05-31,2024-06-15,2024-06-29,2024-07-05,2024-07-16,,True,True,accepted_no_show,2024-07-16,6,discovery
CAND-00223,APP-00231,REQ-00064,CLI-001,REC-015,Warehouse Associate,Light Industrial,Columbus,OH,onsite,W2 Contract,4.1,recruiter_sourced,22.32,25.13,2024-12-23,2025-01-10,2025-01-12,2025-01-12,2025-02-03,2025-02-03,True,True,joined_on_time,2025-02-03,15,held_out_test
CAND-00224,APP-00232,REQ-00077,CLI-003,REC-003,Accounts Payable Clerk,Finance/Accounting,Tampa,FL,remote,Contract-to-Hire,1.5,referral,,33.36,2024-04-05,2024-04-25,2024-05-03,2024-05-08,2024-06-03,,True,False,declined_offer,2024-05-08,0,discovery
CAND-00225,APP-00233,REQ-00055,CLI-002,REC-008,Certified Nursing Assistant,Healthcare,Memphis,TN,onsite,Contract-to-Hire,3.0,career_site,46.32,45.53,2024-03-02,2024-03-20,2024-04-02,2024-04-07,2024-04-26,2024-04-25,True,True,joined_on_time,2024-04-25,3,hypothesis_generation
CAND-00226,APP-00234,REQ-00212,CLI-011,REC-003,HR Coordinator,Administrative/Professional,Chicago,IL,onsite,Direct Hire,3.7,staffing_event,18.52,19.62,2025-04-17,2025-05-06,2025-05-19,2025-05-24,2025-06-01,2025-06-05,True,True,joined_late,2025-06-05,7,discovery
CAND-00227,APP-00235,REQ-00030,CLI-006,REC-002,Administrative Assistant,Administrative/Professional,Indianapolis,IN,hybrid,Direct Hire,1.6,referral,20.37,24.59,2024-09-26,2024-10-07,2024-10-15,2024-10-16,2024-10-28,2024-10-28,True,True,joined_on_time,2024-10-28,11,held_out_test
CAND-00228,APP-00236,REQ-00136,CLI-008,REC-016,Business Systems Analyst,IT/Technology,St. Louis,MO,hybrid,W2 Contract,2.9,job_board,35.93,36.97,2024-10-31,2024-11-21,2024-11-26,2024-12-02,2024-12-20,,True,False,declined_offer,2024-12-02,1,discovery
CAND-00182,APP-00237,REQ-00022,CLI-009,REC-010,Civil Engineer,Engineering,Phoenix,AZ,remote,1099,4.6,career_site,39.68,45.14,2024-11-22,2024-12-10,2024-12-28,2025-01-03,2025-01-12,,True,False,declined_offer,2025-01-03,13,discovery
CAND-00229,APP-00238,REQ-00107,CLI-001,REC-018,Warehouse Associate,Light Industrial,Jacksonville,FL,hybrid,Contract-to-Hire,4.8,recruiter_sourced,21.28,24.61,2024-09-14,2024-09-27,2024-10-15,2024-10-18,2024-11-07,2024-11-08,True,True,joined_on_time,2024-11-08,14,discovery
CAND-00230,APP-00239,REQ-00167,CLI-004,REC-014,Systems Administrator,IT/Technology,Pittsburgh,PA,hybrid,Direct Hire,4.7,recruiter_sourced,41.34,44.69,2025-01-03,2025-01-15,2025-01-31,2025-02-06,2025-02-14,2025-02-14,True,True,joined_on_time,2025-02-14,12,discovery
CAND-00231,APP-00240,REQ-00092,CLI-011,REC-018,Data Entry Clerk,Administrative/Professional,Houston,TX,onsite,Direct Hire,5.6,referral,,23.57,2024-03-19,2024-03-28,2024-04-05,2024-04-06,2024-05-04,,True,True,withdrew_post_acceptance,2024-04-29,8,hypothesis_generation
CAND-00232,APP-00241,REQ-00183,CLI-010,REC-018,Receptionist,Administrative/Professional,Dallas,TX,hybrid,W2 Contract,0.7,referral,,22.94,2024-10-20,2024-11-08,2024-11-20,2024-11-25,2024-12-03,2024-12-03,True,True,joined_on_time,2024-12-03,9,discovery
CAND-00233,APP-00242,REQ-00224,CLI-009,REC-016,Project Engineer,Engineering,Memphis,TN,onsite,W2 Contract,3.9,job_board,34.39,35.92,2025-06-10,2025-06-13,2025-07-01,2025-07-01,2025-07-11,2025-07-26,True,True,joined_late,2025-07-26,10,discovery
CAND-00234,APP-00243,REQ-00130,CLI-011,REC-006,HR Coordinator,Administrative/Professional,Austin,TX,onsite,Contract-to-Hire,1.5,staffing_event,20.03,22.79,2025-04-12,2025-04-19,2025-04-22,2025-04-27,2025-05-27,2025-05-27,True,True,joined_on_time,2025-05-27,4,discovery
CAND-00235,APP-00244,REQ-00031,CLI-001,REC-009,Shipping/Receiving Clerk,Light Industrial,Memphis,TN,onsite,W2 Contract,2.8,referral,18.48,18.8,2025-05-10,2025-05-30,2025-06-08,2025-06-13,2025-07-08,2025-07-28,True,True,joined_late,2025-07-28,14,discovery
CAND-00236,APP-00245,REQ-00015,CLI-001,REC-018,Forklift Operator,Light Industrial,Nashville,TN,onsite,Direct Hire,5.6,recruiter_sourced,,21.7,2025-04-12,2025-04-25,2025-04-28,2025-04-28,2025-05-31,2025-05-31,True,True,joined_on_time,2025-05-31,6,discovery
CAND-00237,APP-00246,REQ-00107,CLI-001,REC-006,Warehouse Associate,Light Industrial,Jacksonville,FL,hybrid,Contract-to-Hire,15.0,referral,18.16,19.05,2024-10-23,2024-11-13,2024-11-21,2024-11-27,2024-12-24,2024-12-24,True,True,joined_on_time,2024-12-24,8,discovery
CAND-00238,APP-00247,REQ-00146,CLI-006,REC-018,Administrative Assistant,Administrative/Professional,Raleigh,NC,remote,1099,7.1,referral,26.25,25.57,2025-02-10,2025-02-14,2025-03-01,2025-03-03,2025-03-28,2025-03-28,True,True,joined_on_time,2025-03-28,9,held_out_test
CAND-00239,APP-00248,REQ-00161,CLI-004,REC-001,DevOps Engineer,IT/Technology,Atlanta,GA,remote,Direct Hire,3.1,career_site,35.41,36.89,2024-04-10,2024-04-23,2024-04-26,2024-05-02,2024-05-26,,True,False,declined_offer,2024-05-02,9,discovery
CAND-00240,APP-00249,REQ-00210,CLI-008,REC-010,QA Tester,IT/Technology,Indianapolis,IN,hybrid,Direct Hire,2.3,recruiter_sourced,32.41,33.79,2025-02-06,2025-02-19,2025-03-09,2025-03-10,2025-03-24,,True,True,withdrew_post_acceptance,2025-03-19,7,discovery
CAND-00241,APP-00250,REQ-00151,CLI-001,REC-012,Shipping/Receiving Clerk,Light Industrial,Pittsburgh,PA,onsite,Contract-to-Hire,7.9,job_board,15.76,15.16,2024-09-27,2024-10-06,2024-10-18,2024-10-20,2024-11-08,2024-11-20,True,True,joined_late,2024-11-20,4,held_out_test
CAND-00242,APP-00251,REQ-00068,CLI-002,REC-014,Pharmacy Technician,Healthcare,Milwaukee,WI,onsite,Contract-to-Hire,6.7,job_board,25.46,28.39,2024-12-14,2024-12-31,2025-01-09,2025-01-14,2025-02-07,2025-02-08,True,True,joined_on_time,2025-02-08,17,discovery
CAND-00243,APP-00252,REQ-00120,CLI-002,REC-017,Phlebotomist,Healthcare,Charlotte,NC,hybrid,W2 Contract,2.7,career_site,,40.65,2024-03-31,2024-04-15,2024-04-25,2024-04-29,2024-05-28,2024-05-28,True,True,joined_on_time,2024-05-28,9,hypothesis_generation
CAND-00244,APP-00253,REQ-00189,CLI-003,REC-015,Bookkeeper,Finance/Accounting,Cincinnati,OH,hybrid,W2 Contract,5.8,recruiter_sourced,34.11,40.07,2024-12-31,2025-01-09,2025-01-21,2025-01-25,2025-02-02,2025-02-01,True,True,joined_on_time,2025-02-01,14,discovery
CAND-00245,APP-00254,REQ-00221,CLI-009,REC-016,Manufacturing Engineer,Engineering,Austin,TX,onsite,W2 Contract,4.9,referral,33.39,37.61,2025-06-03,2025-06-19,2025-06-24,2025-06-25,2025-07-21,,True,True,rejected_by_client,2025-07-18,7,held_out_test
CAND-00246,APP-00255,REQ-00053,CLI-002,REC-011,Registered Nurse,Healthcare,Raleigh,NC,remote,1099,1.8,referral,,38.37,2024-07-16,2024-07-23,2024-07-25,2024-07-28,2024-08-26,2024-08-26,True,True,joined_on_time,2024-08-26,0,discovery
CAND-00247,APP-00256,REQ-00141,CLI-009,REC-001,Civil Engineer,Engineering,Kansas City,MO,onsite,Direct Hire,1.5,recruiter_sourced,30.52,31.67,2024-04-02,2024-04-12,2024-04-22,2024-04-25,2024-05-14,,True,True,accepted_no_show,2024-05-14,0,discovery
CAND-00248,APP-00257,REQ-00031,CLI-001,REC-012,Shipping/Receiving Clerk,Light Industrial,Memphis,TN,onsite,W2 Contract,3.3,referral,16.09,16.9,2025-05-28,2025-06-02,2025-06-05,2025-06-10,2025-06-17,2025-06-17,True,True,joined_on_time,2025-06-17,5,held_out_test
CAND-00249,APP-00258,REQ-00084,CLI-009,REC-007,Quality Engineer,Engineering,Raleigh,NC,onsite,Contract-to-Hire,2.7,recruiter_sourced,46.13,51.44,2024-09-16,2024-10-03,2024-10-17,2024-10-20,2024-11-17,2024-11-16,True,True,joined_on_time,2024-11-16,0,discovery
CAND-00250,APP-00259,REQ-00213,CLI-009,REC-004,Mechanical Engineer,Engineering,Tucson,AZ,onsite,W2 Contract,5.2,job_board,54.11,56.83,2025-05-25,2025-06-06,2025-06-19,2025-06-19,2025-07-16,2025-08-05,True,True,joined_late,2025-08-05,20,discovery
CAND-00251,APP-00260,REQ-00068,CLI-002,REC-002,Pharmacy Technician,Healthcare,Milwaukee,WI,onsite,Contract-to-Hire,1.4,recruiter_sourced,,29.4,2024-11-28,2024-12-10,2024-12-18,2024-12-23,2025-01-20,,True,True,withdrew_post_acceptance,2025-01-16,17,hypothesis_generation
CAND-00252,APP-00261,REQ-00013,CLI-007,REC-017,Pharmacy Technician,Healthcare,Houston,TX,onsite,1099,2.8,job_board,41.92,43.09,2024-12-02,2024-12-13,2024-12-21,2024-12-21,2025-01-05,2025-01-06,True,True,joined_on_time,2025-01-06,16,held_out_test
CAND-00253,APP-00262,REQ-00132,CLI-006,REC-005,Office Coordinator,Administrative/Professional,Chicago,IL,hybrid,Direct Hire,5.2,recruiter_sourced,24.26,25.62,2024-07-23,2024-08-04,2024-08-08,2024-08-10,2024-08-21,2024-08-21,True,True,joined_on_time,2024-08-21,8,discovery
CAND-00254,APP-00263,REQ-00058,CLI-005,REC-007,Project Engineer,Engineering,Tampa,FL,onsite,Direct Hire,4.7,referral,39.05,39.58,2024-03-13,2024-03-18,2024-03-26,2024-03-28,2024-04-20,,True,True,withdrew_post_acceptance,2024-04-12,0,hypothesis_generation
CAND-00255,APP-00264,REQ-00062,CLI-011,REC-018,Office Coordinator,Administrative/Professional,Houston,TX,hybrid,W2 Contract,17.9,recruiter_sourced,23.32,22.67,2025-07-16,2025-08-01,2025-08-08,2025-08-08,2025-08-28,,True,True,withdrew_post_acceptance,2025-08-16,14,held_out_test
CAND-00256,APP-00265,REQ-00055,CLI-002,REC-008,Certified Nursing Assistant,Healthcare,Memphis,TN,onsite,Contract-to-Hire,0.6,referral,31.71,32.78,2024-02-25,2024-03-14,2024-03-30,2024-04-02,2024-04-20,2024-04-20,True,True,joined_on_time,2024-04-20,4,held_out_test
CAND-00257,APP-00266,REQ-00101,CLI-011,REC-006,General Laborer,Light Industrial,Chicago,IL,onsite,Contract-to-Hire,2.3,career_site,,14.34,2025-01-15,2025-01-22,2025-01-30,2025-02-01,2025-03-04,2025-03-03,True,True,joined_on_time,2025-03-03,10,hypothesis_generation
CAND-00258,APP-00267,REQ-00023,CLI-007,REC-014,Phlebotomist,Healthcare,Dallas,TX,onsite,W2 Contract,0.3,recruiter_sourced,25.01,25.1,2024-12-22,2024-12-31,2025-01-03,2025-01-07,2025-01-21,,True,False,declined_offer,2025-01-07,16,discovery
CAND-00259,APP-00268,REQ-00210,CLI-008,REC-016,QA Tester,IT/Technology,Indianapolis,IN,hybrid,Direct Hire,13.3,recruiter_sourced,,38.79,2025-01-25,2025-02-15,2025-02-26,2025-02-27,2025-03-22,2025-03-23,True,True,joined_on_time,2025-03-23,9,hypothesis_generation
CAND-00260,APP-00269,REQ-00089,CLI-008,REC-007,Software Engineer,IT/Technology,Houston,TX,hybrid,W2 Contract,2.5,job_board,,44.88,2025-06-03,2025-06-11,2025-06-29,2025-06-30,2025-07-23,,True,False,declined_offer,2025-06-30,11,discovery
CAND-00261,APP-00270,REQ-00165,CLI-008,REC-016,Network Administrator,IT/Technology,Houston,TX,hybrid,Direct Hire,2.2,job_board,49.75,58.42,2024-07-25,2024-08-04,2024-08-08,2024-08-10,2024-08-29,2024-08-29,True,True,joined_on_time,2024-08-29,8,discovery
CAND-00262,APP-00271,REQ-00054,CLI-005,REC-015,Material Handler,Light Industrial,Chicago,IL,onsite,W2 Contract,1.0,recruiter_sourced,,18.1,2024-06-29,2024-07-03,2024-07-06,2024-07-11,2024-07-26,2024-07-25,True,True,joined_on_time,2024-07-25,7,hypothesis_generation
CAND-00263,APP-00272,REQ-00199,CLI-006,REC-018,Administrative Assistant,Administrative/Professional,Atlanta,GA,hybrid,Direct Hire,1.6,recruiter_sourced,22.2,26.07,2024-03-06,2024-03-21,2024-04-03,2024-04-07,2024-05-03,2024-05-02,True,True,joined_on_time,2024-05-02,19,held_out_test
CAND-00264,APP-00273,REQ-00227,CLI-011,REC-006,HR Coordinator,Administrative/Professional,Indianapolis,IN,onsite,W2 Contract,1.1,career_site,15.57,15.45,2024-11-12,2024-11-30,2024-12-02,2024-12-06,2024-12-16,,True,False,declined_offer,2024-12-06,7,hypothesis_generation
CAND-00265,APP-00274,REQ-00127,CLI-004,REC-001,Data Analyst,IT/Technology,Philadelphia,PA,remote,Direct Hire,4.3,job_board,68.79,70.05,2024-10-27,2024-11-10,2024-11-15,2024-11-20,2024-12-02,,True,True,withdrew_post_acceptance,2024-11-27,8,held_out_test
CAND-00266,APP-00275,REQ-00207,CLI-002,REC-005,Pharmacy Technician,Healthcare,Austin,TX,onsite,1099,7.5,referral,27.46,31.59,2024-04-01,2024-04-22,2024-04-29,2024-05-04,2024-05-22,,True,True,withdrew_post_acceptance,2024-05-05,3,discovery
CAND-00267,APP-00276,REQ-00038,CLI-011,REC-015,Administrative Assistant,Administrative/Professional,Tampa,FL,onsite,1099,1.0,referral,16.73,17.94,2024-10-11,2024-11-01,2024-11-07,2024-11-07,2024-11-22,2024-12-03,True,True,joined_late,2024-12-03,8,discovery
CAND-00268,APP-00277,REQ-00207,CLI-002,REC-013,Pharmacy Technician,Healthcare,Austin,TX,onsite,1099,3.1,referral,38.53,40.93,2024-03-27,2024-03-30,2024-04-10,2024-04-10,2024-04-26,,True,True,withdrew_post_acceptance,2024-04-25,0,discovery
CAND-00269,APP-00278,REQ-00048,CLI-008,REC-010,QA Tester,IT/Technology,Phoenix,AZ,hybrid,Contract-to-Hire,4.9,referral,40.12,40.28,2024-12-06,2024-12-14,2025-01-01,2025-01-03,2025-01-16,,True,True,withdrew_post_acceptance,2025-01-15,19,discovery
CAND-00270,APP-00279,REQ-00172,CLI-001,REC-015,Shipping/Receiving Clerk,Light Industrial,Houston,TX,onsite,Contract-to-Hire,4.4,recruiter_sourced,17.1,17.61,2024-11-24,2024-11-27,2024-12-05,2024-12-09,2024-12-31,2024-12-31,True,True,joined_on_time,2024-12-31,18,hypothesis_generation
CAND-00271,APP-00280,REQ-00160,CLI-005,REC-010,Civil Engineer,Engineering,Tucson,AZ,onsite,Contract-to-Hire,8.9,recruiter_sourced,43.72,43.58,2024-11-14,2024-11-18,2024-12-06,2024-12-12,2024-12-19,,True,True,rejected_by_client,2024-12-13,17,discovery
CAND-00272,APP-00281,REQ-00028,CLI-009,REC-013,Mechanical Engineer,Engineering,Jacksonville,FL,onsite,W2 Contract,5.3,career_site,36.21,39.4,2024-08-28,2024-09-13,2024-10-01,2024-10-04,2024-10-22,,True,True,withdrew_post_acceptance,2024-10-06,14,discovery
CAND-00273,APP-00282,REQ-00210,CLI-008,REC-004,QA Tester,IT/Technology,Indianapolis,IN,hybrid,Direct Hire,1.7,reapply,41.63,47.54,2025-02-01,2025-02-22,2025-02-27,2025-03-02,2025-03-13,2025-03-13,True,True,joined_on_time,2025-03-13,19,hypothesis_generation
CAND-00274,APP-00283,REQ-00147,CLI-003,REC-003,Senior Accountant,Finance/Accounting,St. Louis,MO,hybrid,1099,8.0,recruiter_sourced,31.87,32.88,2024-06-17,2024-06-20,2024-07-08,2024-07-08,2024-08-03,,True,True,withdrew_post_acceptance,2024-07-09,12,discovery
CAND-00275,APP-00284,REQ-00023,CLI-007,REC-017,Phlebotomist,Healthcare,Dallas,TX,onsite,W2 Contract,5.0,recruiter_sourced,25.2,30.52,2024-12-11,2025-01-01,2025-01-11,2025-01-13,2025-02-07,,True,True,withdrew_post_acceptance,2025-01-27,8,discovery
CAND-00276,APP-00285,REQ-00062,CLI-011,REC-018,Office Coordinator,Administrative/Professional,Houston,TX,hybrid,W2 Contract,5.4,recruiter_sourced,15.7,17.73,2025-06-23,2025-07-11,2025-07-18,2025-07-20,2025-08-14,2025-08-15,True,True,joined_on_time,2025-08-15,4,discovery
CAND-00277,APP-00286,REQ-00124,CLI-011,REC-015,Receptionist,Administrative/Professional,Philadelphia,PA,onsite,W2 Contract,2.0,recruiter_sourced,17.93,21.24,2024-11-16,2024-11-22,2024-12-01,2024-12-04,2025-01-05,,True,True,withdrew_post_acceptance,2024-12-15,5,discovery
CAND-00278,APP-00287,REQ-00062,CLI-011,REC-009,Office Coordinator,Administrative/Professional,Houston,TX,hybrid,W2 Contract,5.0,referral,22.25,24.69,2025-07-19,2025-07-27,2025-08-10,2025-08-15,2025-08-20,2025-08-19,True,True,joined_on_time,2025-08-19,16,discovery
CAND-00279,APP-00288,REQ-00110,CLI-002,REC-014,Certified Nursing Assistant,Healthcare,Phoenix,AZ,hybrid,W2 Contract,4.9,recruiter_sourced,31.01,36.72,2024-10-06,2024-10-16,2024-10-29,2024-10-29,2024-11-27,,True,False,declined_offer,2024-10-29,13,discovery
CAND-00280,APP-00289,REQ-00009,CLI-001,REC-012,General Laborer,Light Industrial,Jacksonville,FL,hybrid,W2 Contract,0.8,job_board,,21.82,2025-02-15,2025-02-19,2025-02-26,2025-03-03,2025-03-23,,True,False,declined_offer,2025-03-03,13,discovery
CAND-00281,APP-00290,REQ-00030,CLI-006,REC-018,Administrative Assistant,Administrative/Professional,Indianapolis,IN,hybrid,Direct Hire,4.6,job_board,17.84,18.61,2024-09-14,2024-10-03,2024-10-21,2024-10-26,2024-11-07,,True,True,accepted_no_show,2024-11-07,8,hypothesis_generation
CAND-00282,APP-00291,REQ-00054,CLI-005,REC-009,Material Handler,Light Industrial,Chicago,IL,onsite,W2 Contract,5.4,staffing_event,15.17,15.41,2024-06-06,2024-06-17,2024-07-01,2024-07-03,2024-08-01,,True,True,withdrew_post_acceptance,2024-07-16,0,hypothesis_generation
CAND-00036,APP-00292,REQ-00181,CLI-010,REC-015,Data Entry Clerk,Administrative/Professional,Jacksonville,FL,hybrid,W2 Contract,7.3,job_board,13.52,15.73,2024-07-28,2024-08-18,2024-08-31,2024-09-02,2024-09-18,,True,True,withdrew_post_acceptance,2024-09-10,3,discovery
CAND-00283,APP-00293,REQ-00074,CLI-002,REC-011,Registered Nurse,Healthcare,Jacksonville,FL,remote,Direct Hire,8.7,job_board,35.94,40.53,2024-04-25,2024-05-14,2024-05-19,2024-05-23,2024-05-31,2024-06-01,True,True,joined_on_time,2024-06-01,14,discovery
CAND-00284,APP-00294,REQ-00067,CLI-006,REC-015,Customer Service Representative,Administrative/Professional,Houston,TX,hybrid,Contract-to-Hire,3.1,career_site,19.94,22.62,2024-06-15,2024-07-02,2024-07-16,2024-07-20,2024-08-10,2024-08-10,True,True,joined_on_time,2024-08-10,3,discovery
CAND-00285,APP-00295,REQ-00194,CLI-010,REC-018,Executive Assistant,Administrative/Professional,Milwaukee,WI,onsite,W2 Contract,2.4,career_site,22.27,22.81,2024-05-09,2024-05-20,2024-05-24,2024-05-27,2024-06-23,,True,True,accepted_no_show,2024-06-23,2,discovery
CAND-00286,APP-00296,REQ-00184,CLI-009,REC-016,Mechanical Engineer,Engineering,Tampa,FL,onsite,W2 Contract,1.0,recruiter_sourced,46.53,54.45,2025-04-01,2025-04-21,2025-04-23,2025-04-28,2025-05-11,,True,False,declined_offer,2025-04-28,8,hypothesis_generation
CAND-00287,APP-00297,REQ-00024,CLI-009,REC-010,Mechanical Engineer,Engineering,Jacksonville,FL,onsite,W2 Contract,8.8,job_board,,32.35,2025-06-07,2025-06-25,2025-07-07,2025-07-09,2025-07-23,2025-07-24,True,True,joined_on_time,2025-07-24,0,discovery
CAND-00288,APP-00298,REQ-00131,CLI-006,REC-012,Executive Assistant,Administrative/Professional,Memphis,TN,hybrid,Direct Hire,3.3,referral,,20.32,2024-04-23,2024-05-02,2024-05-11,2024-05-12,2024-05-28,2024-05-29,True,True,joined_on_time,2024-05-29,11,held_out_test
CAND-00289,APP-00299,REQ-00078,CLI-001,REC-003,General Laborer,Light Industrial,Columbus,OH,onsite,Direct Hire,3.4,staffing_event,18.04,19.92,2025-01-07,2025-01-10,2025-01-13,2025-01-19,2025-02-07,2025-02-07,True,True,joined_on_time,2025-02-07,9,hypothesis_generation
CAND-00290,APP-00300,REQ-00024,CLI-009,REC-013,Mechanical Engineer,Engineering,Jacksonville,FL,onsite,W2 Contract,6.0,job_board,35.0,40.47,2025-06-17,2025-07-06,2025-07-16,2025-07-19,2025-08-02,2025-08-03,True,True,joined_on_time,2025-08-03,11,hypothesis_generation
CAND-00291,APP-00301,REQ-00056,CLI-011,REC-012,Office Coordinator,Administrative/Professional,Austin,TX,onsite,Direct Hire,1.9,recruiter_sourced,20.1,23.62,2024-04-22,2024-04-30,2024-05-16,2024-05-16,2024-06-17,,True,True,accepted_no_show,2024-06-17,2,discovery
CAND-00105,APP-00302,REQ-00104,CLI-002,REC-017,Pharmacy Technician,Healthcare,Philadelphia,PA,onsite,Contract-to-Hire,3.0,referral,44.37,47.63,2025-02-21,2025-03-04,2025-03-11,2025-03-15,2025-03-29,2025-04-08,True,True,joined_late,2025-04-08,16,discovery
CAND-00292,APP-00303,REQ-00058,CLI-005,REC-007,Project Engineer,Engineering,Tampa,FL,onsite,Direct Hire,7.4,job_board,25.05,27.55,2024-02-27,2024-03-12,2024-03-25,2024-03-31,2024-04-16,2024-04-27,True,True,joined_late,2024-04-27,12,discovery
CAND-00293,APP-00304,REQ-00042,CLI-008,REC-013,Data Analyst,IT/Technology,Tampa,FL,hybrid,W2 Contract,1.0,referral,40.92,47.16,2024-09-08,2024-09-28,2024-10-13,2024-10-19,2024-11-04,,True,True,withdrew_post_acceptance,2024-10-26,18,discovery
CAND-00294,APP-00305,REQ-00145,CLI-010,REC-012,Office Coordinator,Administrative/Professional,Orlando,FL,onsite,Contract-to-Hire,1.8,recruiter_sourced,16.72,18.89,2024-09-12,2024-10-01,2024-10-13,2024-10-19,2024-11-07,2024-11-07,True,True,joined_on_time,2024-11-07,7,discovery
CAND-00295,APP-00306,REQ-00155,CLI-003,REC-012,Accounts Payable Clerk,Finance/Accounting,Tampa,FL,hybrid,Direct Hire,5.1,job_board,36.78,41.38,2024-09-18,2024-10-06,2024-10-11,2024-10-14,2024-11-13,,True,False,declined_offer,2024-10-14,9,discovery
CAND-00296,APP-00307,REQ-00069,CLI-010,REC-009,Executive Assistant,Administrative/Professional,Chicago,IL,hybrid,W2 Contract,5.2,recruiter_sourced,18.94,18.76,2024-07-18,2024-08-01,2024-08-09,2024-08-13,2024-09-06,,True,True,rejected_by_client,2024-09-03,18,discovery
CAND-00297,APP-00308,REQ-00199,CLI-006,REC-009,Administrative Assistant,Administrative/Professional,Atlanta,GA,hybrid,Direct Hire,9.0,recruiter_sourced,21.55,22.68,2024-03-15,2024-04-01,2024-04-05,2024-04-08,2024-05-04,2024-05-16,True,True,joined_late,2024-05-16,0,discovery
CAND-00298,APP-00309,REQ-00209,CLI-002,REC-005,Medical Assistant,Healthcare,Dallas,TX,onsite,Contract-to-Hire,0.8,recruiter_sourced,39.91,41.44,2024-06-07,2024-06-22,2024-06-26,2024-06-26,2024-07-11,2024-07-11,True,True,joined_on_time,2024-07-11,12,hypothesis_generation
CAND-00299,APP-00310,REQ-00137,CLI-009,REC-016,Electrical Engineer,Engineering,Philadelphia,PA,hybrid,W2 Contract,6.5,referral,52.91,52.29,2024-09-24,2024-10-11,2024-10-24,2024-10-29,2024-11-21,2024-11-22,True,True,joined_on_time,2024-11-22,1,discovery
CAND-00300,APP-00311,REQ-00144,CLI-006,REC-005,Payroll Specialist,Finance/Accounting,Nashville,TN,hybrid,W2 Contract,5.9,career_site,27.9,33.24,2025-02-06,2025-02-16,2025-02-26,2025-03-03,2025-03-30,2025-03-29,True,True,joined_on_time,2025-03-29,0,held_out_test
CAND-00301,APP-00312,REQ-00025,CLI-006,REC-003,AR Specialist,Finance/Accounting,Nashville,TN,onsite,Direct Hire,7.7,recruiter_sourced,32.85,35.96,2024-07-23,2024-08-07,2024-08-25,2024-08-31,2024-09-06,,True,True,withdrew_post_acceptance,2024-09-01,14,held_out_test
CAND-00302,APP-00313,REQ-00178,CLI-005,REC-001,Quality Engineer,Engineering,Atlanta,GA,onsite,W2 Contract,2.0,recruiter_sourced,28.05,31.17,2025-05-09,2025-05-21,2025-06-06,2025-06-11,2025-06-20,,True,False,declined_offer,2025-06-11,18,hypothesis_generation
CAND-00303,APP-00314,REQ-00016,CLI-003,REC-003,Financial Analyst,Finance/Accounting,Jacksonville,FL,onsite,Contract-to-Hire,3.8,career_site,30.7,33.74,2024-04-30,2024-05-18,2024-06-03,2024-06-09,2024-06-30,,True,True,accepted_no_show,2024-06-30,4,held_out_test
CAND-00304,APP-00315,REQ-00071,CLI-008,REC-011,Business Systems Analyst,IT/Technology,Philadelphia,PA,hybrid,W2 Contract,6.1,staffing_event,29.52,34.77,2025-05-12,2025-05-20,2025-06-05,2025-06-10,2025-07-08,,True,True,withdrew_post_acceptance,2025-07-01,8,discovery
CAND-00305,APP-00316,REQ-00098,CLI-002,REC-013,Physical Therapist Asst.,Healthcare,Houston,TX,onsite,Direct Hire,4.7,referral,27.68,28.86,2024-10-20,2024-11-03,2024-11-20,2024-11-24,2024-12-07,2024-12-06,True,True,joined_on_time,2024-12-06,8,hypothesis_generation
CAND-00306,APP-00317,REQ-00065,CLI-003,REC-012,Bookkeeper,Finance/Accounting,Indianapolis,IN,hybrid,Direct Hire,1.4,job_board,34.98,34.57,2024-08-06,2024-08-13,2024-08-26,2024-08-28,2024-09-20,,True,True,withdrew_post_acceptance,2024-09-15,8,held_out_test
CAND-00307,APP-00318,REQ-00168,CLI-004,REC-010,Business Systems Analyst,IT/Technology,Houston,TX,remote,1099,2.1,reapply,62.78,61.77,2025-03-14,2025-03-17,2025-03-30,2025-03-31,2025-04-22,,True,True,accepted_no_show,2025-04-22,11,held_out_test
CAND-00308,APP-00319,REQ-00032,CLI-005,REC-002,Forklift Operator,Light Industrial,Columbus,OH,onsite,Contract-to-Hire,4.2,job_board,20.4,20.18,2025-03-29,2025-04-13,2025-04-27,2025-04-28,2025-05-15,,True,True,withdrew_post_acceptance,2025-05-01,8,discovery
CAND-00309,APP-00320,REQ-00017,CLI-011,REC-015,General Laborer,Light Industrial,Columbus,OH,onsite,W2 Contract,8.7,reapply,17.1,16.95,2025-04-21,2025-05-03,2025-05-13,2025-05-16,2025-05-29,,True,True,withdrew_post_acceptance,2025-05-18,8,discovery
CAND-00310,APP-00321,REQ-00214,CLI-005,REC-003,Warehouse Associate,Light Industrial,Chicago,IL,onsite,Contract-to-Hire,4.2,recruiter_sourced,19.9,20.52,2025-03-30,2025-04-17,2025-04-25,2025-04-27,2025-05-05,,True,True,withdrew_post_acceptance,2025-04-30,5,hypothesis_generation
CAND-00311,APP-00322,REQ-00049,CLI-008,REC-004,Systems Administrator,IT/Technology,Milwaukee,WI,hybrid,Direct Hire,1.3,job_board,51.26,59.95,2024-10-20,2024-10-23,2024-11-01,2024-11-01,2024-11-15,,True,False,declined_offer,2024-11-01,16,held_out_test
CAND-00312,APP-00323,REQ-00066,CLI-001,REC-009,Warehouse Associate,Light Industrial,Chicago,IL,onsite,1099,2.7,staffing_event,19.36,22.84,2024-08-25,2024-08-29,2024-09-10,2024-09-10,2024-10-14,2024-10-14,True,True,joined_on_time,2024-10-14,9,hypothesis_generation
CAND-00313,APP-00324,REQ-00133,CLI-007,REC-002,Medical Coder,Healthcare,Pittsburgh,PA,onsite,1099,1.3,job_board,23.53,25.97,2024-02-23,2024-03-09,2024-03-11,2024-03-11,2024-04-14,,True,True,withdrew_post_acceptance,2024-03-27,3,hypothesis_generation
CAND-00314,APP-00325,REQ-00149,CLI-004,REC-004,DevOps Engineer,IT/Technology,St. Louis,MO,onsite,Contract-to-Hire,4.1,job_board,49.98,52.04,2024-10-05,2024-10-11,2024-10-29,2024-11-03,2024-11-14,,True,True,accepted_no_show,2024-11-14,13,discovery
CAND-00315,APP-00326,REQ-00224,CLI-009,REC-007,Project Engineer,Engineering,Memphis,TN,onsite,W2 Contract,3.6,referral,38.4,36.09,2025-05-09,2025-05-15,2025-05-25,2025-05-28,2025-06-24,2025-06-24,True,True,joined_on_time,2025-06-24,17,discovery
CAND-00316,APP-00327,REQ-00028,CLI-009,REC-016,Mechanical Engineer,Engineering,Jacksonville,FL,onsite,W2 Contract,5.4,job_board,34.88,35.97,2024-09-04,2024-09-07,2024-09-14,2024-09-20,2024-10-02,2024-10-03,True,True,joined_on_time,2024-10-03,17,discovery
CAND-00317,APP-00328,REQ-00072,CLI-002,REC-002,Medical Assistant,Healthcare,Charlotte,NC,onsite,Contract-to-Hire,3.3,reapply,37.78,38.95,2025-01-20,2025-01-27,2025-02-09,2025-02-15,2025-02-21,2025-03-03,True,True,joined_late,2025-03-03,6,discovery
CAND-00318,APP-00329,REQ-00172,CLI-001,REC-018,Shipping/Receiving Clerk,Light Industrial,Houston,TX,onsite,Contract-to-Hire,3.4,job_board,18.93,19.73,2024-12-20,2024-12-27,2025-01-01,2025-01-02,2025-01-26,2025-01-26,True,True,joined_on_time,2025-01-26,9,held_out_test
CAND-00319,APP-00330,REQ-00215,CLI-002,REC-011,Medical Coder,Healthcare,Charlotte,NC,onsite,W2 Contract,9.9,referral,32.14,34.18,2024-06-27,2024-07-04,2024-07-14,2024-07-14,2024-08-08,,True,False,declined_offer,2024-07-14,15,held_out_test
CAND-00320,APP-00331,REQ-00140,CLI-008,REC-013,DevOps Engineer,IT/Technology,Pittsburgh,PA,onsite,Contract-to-Hire,3.6,recruiter_sourced,44.35,48.63,2024-06-14,2024-06-27,2024-07-13,2024-07-15,2024-08-11,2024-08-31,True,True,joined_late,2024-08-31,14,discovery
CAND-00321,APP-00332,REQ-00158,CLI-010,REC-012,Customer Service Representative,Administrative/Professional,Phoenix,AZ,hybrid,Contract-to-Hire,4.5,recruiter_sourced,16.57,17.17,2025-03-31,2025-04-19,2025-05-03,2025-05-08,2025-05-18,2025-05-21,True,True,joined_late,2025-05-21,8,discovery
CAND-00322,APP-00333,REQ-00138,CLI-010,REC-015,Office Coordinator,Administrative/Professional,Nashville,TN,hybrid,Contract-to-Hire,8.5,referral,19.57,22.14,2024-08-27,2024-09-11,2024-09-19,2024-09-23,2024-10-20,2024-11-07,True,True,joined_late,2024-11-07,12,discovery
CAND-00323,APP-00334,REQ-00063,CLI-007,REC-014,Certified Nursing Assistant,Healthcare,Dallas,TX,onsite,1099,5.7,referral,36.89,38.45,2024-08-01,2024-08-20,2024-08-24,2024-08-24,2024-09-07,,True,True,withdrew_post_acceptance,2024-08-27,10,discovery
CAND-00324,APP-00335,REQ-00038,CLI-011,REC-011,Administrative Assistant,Administrative/Professional,Tampa,FL,onsite,1099,1.8,job_board,21.59,22.67,2024-11-03,2024-11-18,2024-12-05,2024-12-09,2025-01-03,2025-01-04,True,True,joined_on_time,2025-01-04,10,discovery
CAND-00325,APP-00336,REQ-00209,CLI-002,REC-005,Medical Assistant,Healthcare,Dallas,TX,onsite,Contract-to-Hire,11.1,job_board,,25.96,2024-05-21,2024-06-08,2024-06-12,2024-06-15,2024-07-17,2024-07-16,True,True,joined_on_time,2024-07-16,16,held_out_test
CAND-00326,APP-00337,REQ-00052,CLI-011,REC-009,Data Entry Clerk,Administrative/Professional,Austin,TX,onsite,Contract-to-Hire,5.6,career_site,19.59,22.25,2024-10-18,2024-10-22,2024-10-26,2024-11-01,2024-11-14,2024-11-13,True,True,joined_on_time,2024-11-13,5,held_out_test
CAND-00327,APP-00338,REQ-00038,CLI-011,REC-006,Administrative Assistant,Administrative/Professional,Tampa,FL,onsite,1099,4.4,job_board,23.26,22.58,2024-10-09,2024-10-24,2024-11-01,2024-11-02,2024-11-27,,True,True,withdrew_post_acceptance,2024-11-24,3,hypothesis_generation
CAND-00328,APP-00339,REQ-00047,CLI-006,REC-015,Bookkeeper,Finance/Accounting,Orlando,FL,hybrid,W2 Contract,3.4,referral,22.61,27.21,2025-01-23,2025-02-13,2025-02-26,2025-03-03,2025-03-22,2025-04-16,True,True,joined_late,2025-04-16,18,held_out_test
CAND-00329,APP-00340,REQ-00030,CLI-006,REC-006,Administrative Assistant,Administrative/Professional,Indianapolis,IN,hybrid,Direct Hire,1.0,recruiter_sourced,19.03,21.67,2024-09-16,2024-09-24,2024-10-10,2024-10-12,2024-10-30,2024-11-19,True,True,joined_late,2024-11-19,8,discovery
CAND-00330,APP-00341,REQ-00101,CLI-011,REC-003,General Laborer,Light Industrial,Chicago,IL,onsite,Contract-to-Hire,5.7,recruiter_sourced,17.16,17.2,2025-02-02,2025-02-15,2025-02-24,2025-02-28,2025-03-23,,True,True,accepted_no_show,2025-03-23,1,discovery
CAND-00331,APP-00342,REQ-00089,CLI-008,REC-007,Software Engineer,IT/Technology,Houston,TX,hybrid,W2 Contract,3.1,staffing_event,53.2,58.16,2025-05-20,2025-05-24,2025-06-04,2025-06-08,2025-06-14,,True,True,accepted_no_show,2025-06-14,5,discovery
CAND-00332,APP-00343,REQ-00060,CLI-008,REC-001,Data Analyst,IT/Technology,Tucson,AZ,hybrid,W2 Contract,2.2,job_board,58.25,63.76,2025-05-05,2025-05-16,2025-06-03,2025-06-07,2025-07-01,,True,True,rejected_by_client,2025-06-26,7,held_out_test
CAND-00333,APP-00344,REQ-00097,CLI-006,REC-012,Financial Analyst,Finance/Accounting,Columbus,OH,hybrid,1099,10.7,job_board,,26.44,2025-02-01,2025-02-11,2025-02-20,2025-02-22,2025-03-27,,True,False,declined_offer,2025-02-22,15,held_out_test
CAND-00334,APP-00345,REQ-00084,CLI-009,REC-013,Quality Engineer,Engineering,Raleigh,NC,onsite,Contract-to-Hire,4.1,referral,56.07,55.98,2024-08-08,2024-08-16,2024-09-02,2024-09-08,2024-10-04,2024-10-05,True,True,joined_on_time,2024-10-05,0,hypothesis_generation
CAND-00335,APP-00346,REQ-00054,CLI-005,REC-009,Material Handler,Light Industrial,Chicago,IL,onsite,W2 Contract,3.0,recruiter_sourced,15.77,19.15,2024-07-17,2024-08-07,2024-08-21,2024-08-21,2024-09-24,,True,False,declined_offer,2024-08-21,15,discovery
CAND-00336,APP-00347,REQ-00188,CLI-007,REC-008,Medical Assistant,Healthcare,Pittsburgh,PA,hybrid,W2 Contract,3.3,recruiter_sourced,,36.25,2024-04-24,2024-05-04,2024-05-06,2024-05-11,2024-06-09,2024-06-09,True,True,joined_on_time,2024-06-09,6,discovery
CAND-00337,APP-00348,REQ-00112,CLI-001,REC-009,Forklift Operator,Light Industrial,Pittsburgh,PA,onsite,Contract-to-Hire,3.8,recruiter_sourced,14.48,15.93,2025-07-05,2025-07-12,2025-07-15,2025-07-20,2025-08-17,2025-09-01,True,True,joined_late,2025-09-01,1,discovery
CAND-00338,APP-00349,REQ-00076,CLI-005,REC-015,Machine Operator,Light Industrial,Jacksonville,FL,onsite,Direct Hire,8.2,recruiter_sourced,16.09,19.19,2024-05-30,2024-06-11,2024-06-25,2024-06-26,2024-07-09,,True,True,rejected_by_client,2024-07-02,17,discovery
CAND-00339,APP-00350,REQ-00206,CLI-006,REC-015,AR Specialist,Finance/Accounting,Indianapolis,IN,hybrid,Contract-to-Hire,2.5,recruiter_sourced,23.41,24.94,2024-10-27,2024-11-03,2024-11-09,2024-11-12,2024-12-06,2024-12-06,True,True,joined_on_time,2024-12-06,7,held_out_test
CAND-00340,APP-00351,REQ-00081,CLI-003,REC-015,Senior Accountant,Finance/Accounting,Jacksonville,FL,hybrid,W2 Contract,1.7,job_board,39.26,40.85,2024-11-26,2024-12-12,2024-12-24,2024-12-29,2025-01-21,,True,True,accepted_no_show,2025-01-21,6,discovery
CAND-00341,APP-00352,REQ-00207,CLI-002,REC-011,Pharmacy Technician,Healthcare,Austin,TX,onsite,1099,3.9,recruiter_sourced,34.7,37.11,2024-03-14,2024-03-17,2024-03-28,2024-03-29,2024-04-18,2024-04-19,True,True,joined_on_time,2024-04-19,20,hypothesis_generation
CAND-00342,APP-00353,REQ-00222,CLI-011,REC-014,Administrative Assistant,Administrative/Professional,Austin,TX,onsite,W2 Contract,2.1,job_board,18.38,19.61,2024-05-16,2024-05-26,2024-06-03,2024-06-08,2024-06-24,2024-06-24,True,True,joined_on_time,2024-06-24,23,held_out_test
CAND-00343,APP-00354,REQ-00013,CLI-007,REC-002,Pharmacy Technician,Healthcare,Houston,TX,onsite,1099,6.6,career_site,,39.04,2024-12-08,2024-12-20,2024-12-22,2024-12-24,2025-01-23,2025-01-22,True,True,joined_on_time,2025-01-22,4,discovery
CAND-00344,APP-00355,REQ-00204,CLI-011,REC-003,Forklift Operator,Light Industrial,Tampa,FL,onsite,Direct Hire,3.6,job_board,14.39,17.02,2024-11-13,2024-11-24,2024-12-11,2024-12-15,2025-01-13,2025-01-13,True,True,joined_on_time,2025-01-13,1,hypothesis_generation
CAND-00345,APP-00356,REQ-00072,CLI-002,REC-011,Medical Assistant,Healthcare,Charlotte,NC,onsite,Contract-to-Hire,4.9,recruiter_sourced,42.01,39.28,2025-01-25,2025-01-29,2025-02-09,2025-02-10,2025-03-16,2025-03-17,True,True,joined_on_time,2025-03-17,14,hypothesis_generation
CAND-00346,APP-00357,REQ-00084,CLI-009,REC-016,Quality Engineer,Engineering,Raleigh,NC,onsite,Contract-to-Hire,2.8,recruiter_sourced,44.57,54.69,2024-08-08,2024-08-22,2024-08-27,2024-08-27,2024-09-15,,True,True,withdrew_post_acceptance,2024-09-09,18,hypothesis_generation
CAND-00347,APP-00358,REQ-00208,CLI-003,REC-015,Accounts Payable Clerk,Finance/Accounting,Charlotte,NC,onsite,Direct Hire,3.6,career_site,26.28,28.26,2024-11-03,2024-11-23,2024-11-27,2024-11-28,2024-12-13,,True,True,accepted_no_show,2024-12-13,18,discovery
CAND-00348,APP-00359,REQ-00074,CLI-002,REC-014,Registered Nurse,Healthcare,Jacksonville,FL,remote,Direct Hire,13.8,job_board,,27.3,2024-03-21,2024-04-02,2024-04-14,2024-04-17,2024-05-06,2024-05-14,True,True,joined_late,2024-05-14,11,held_out_test
CAND-00349,APP-00360,REQ-00006,CLI-007,REC-008,Registered Nurse,Healthcare,Philadelphia,PA,onsite,1099,10.1,staffing_event,,43.08,2025-02-11,2025-02-22,2025-02-25,2025-03-02,2025-03-15,,True,True,withdrew_post_acceptance,2025-03-09,15,held_out_test
CAND-00350,APP-00361,REQ-00085,CLI-008,REC-004,DevOps Engineer,IT/Technology,Memphis,TN,onsite,Direct Hire,1.0,career_site,,43.23,2025-01-30,2025-02-09,2025-02-15,2025-02-17,2025-03-09,,True,False,declined_offer,2025-02-17,15,discovery
CAND-00351,APP-00362,REQ-00139,CLI-009,REC-016,Quality Engineer,Engineering,Columbus,OH,onsite,W2 Contract,4.3,referral,39.65,43.62,2024-12-12,2024-12-22,2025-01-06,2025-01-07,2025-02-03,,True,True,withdrew_post_acceptance,2025-01-12,9,hypothesis_generation
CAND-00352,APP-00363,REQ-00215,CLI-002,REC-014,Medical Coder,Healthcare,Charlotte,NC,onsite,W2 Contract,2.2,job_board,31.93,34.13,2024-07-30,2024-08-20,2024-08-28,2024-09-03,2024-09-11,2024-09-11,True,True,joined_on_time,2024-09-11,9,discovery
CAND-00353,APP-00364,REQ-00009,CLI-001,REC-012,General Laborer,Light Industrial,Jacksonville,FL,hybrid,W2 Contract,5.3,referral,22.36,23.61,2025-01-22,2025-01-30,2025-02-11,2025-02-11,2025-03-10,,True,False,declined_offer,2025-02-11,8,discovery
CAND-00354,APP-00365,REQ-00145,CLI-010,REC-006,Office Coordinator,Administrative/Professional,Orlando,FL,onsite,Contract-to-Hire,4.8,referral,15.75,16.08,2024-09-10,2024-09-26,2024-10-11,2024-10-13,2024-11-04,,True,False,declined_offer,2024-10-13,8,hypothesis_generation
CAND-00355,APP-00366,REQ-00150,CLI-009,REC-004,Manufacturing Engineer,Engineering,Tucson,AZ,onsite,Direct Hire,1.4,job_board,41.28,47.1,2025-02-04,2025-02-15,2025-02-24,2025-02-28,2025-03-13,2025-03-13,True,True,joined_on_time,2025-03-13,7,discovery
CAND-00356,APP-00367,REQ-00163,CLI-011,REC-003,Shipping/Receiving Clerk,Light Industrial,Orlando,FL,onsite,Direct Hire,13.7,job_board,15.42,16.13,2024-06-24,2024-07-12,2024-07-25,2024-07-26,2024-08-16,2024-09-03,True,True,joined_late,2024-09-03,15,discovery
CAND-00357,APP-00368,REQ-00079,CLI-005,REC-006,Material Handler,Light Industrial,Indianapolis,IN,onsite,1099,3.6,reapply,18.72,20.27,2025-05-02,2025-05-13,2025-05-28,2025-05-29,2025-06-30,2025-06-30,True,True,joined_on_time,2025-06-30,6,hypothesis_generation
CAND-00358,APP-00369,REQ-00038,CLI-011,REC-006,Administrative Assistant,Administrative/Professional,Tampa,FL,onsite,1099,2.0,career_site,15.56,16.59,2024-10-31,2024-11-13,2024-11-29,2024-11-30,2024-12-22,,True,False,declined_offer,2024-11-30,10,discovery
CAND-00359,APP-00370,REQ-00008,CLI-001,REC-015,Shipping/Receiving Clerk,Light Industrial,Houston,TX,onsite,W2 Contract,4.1,referral,17.32,20.82,2024-11-21,2024-12-12,2024-12-30,2025-01-04,2025-01-31,2025-01-30,True,True,joined_on_time,2025-01-30,15,discovery
CAND-00360,APP-00371,REQ-00216,CLI-003,REC-012,Bookkeeper,Finance/Accounting,St. Louis,MO,hybrid,Contract-to-Hire,9.2,career_site,24.46,27.87,2024-12-30,2025-01-19,2025-02-02,2025-02-07,2025-02-13,2025-02-14,True,True,joined_on_time,2025-02-14,4,discovery
CAND-00361,APP-00372,REQ-00029,CLI-009,REC-004,Mechanical Engineer,Engineering,Houston,TX,onsite,W2 Contract,3.2,career_site,43.68,50.73,2024-03-03,2024-03-15,2024-03-31,2024-04-01,2024-04-23,,True,True,accepted_no_show,2024-04-23,10,discovery
CAND-00362,APP-00373,REQ-00079,CLI-005,REC-018,Material Handler,Light Industrial,Indianapolis,IN,onsite,1099,10.2,recruiter_sourced,15.51,14.9,2025-04-15,2025-04-20,2025-05-08,2025-05-08,2025-05-23,2025-05-24,True,True,joined_on_time,2025-05-24,14,discovery
CAND-00363,APP-00374,REQ-00110,CLI-002,REC-002,Certified Nursing Assistant,Healthcare,Phoenix,AZ,hybrid,W2 Contract,5.9,recruiter_sourced,27.22,29.8,2024-09-06,2024-09-09,2024-09-16,2024-09-19,2024-10-14,2024-10-14,True,True,joined_on_time,2024-10-14,8,discovery
CAND-00364,APP-00375,REQ-00173,CLI-006,REC-012,Administrative Assistant,Administrative/Professional,Cincinnati,OH,hybrid,W2 Contract,1.8,referral,,18.76,2025-06-13,2025-06-21,2025-06-26,2025-06-26,2025-07-09,2025-07-09,True,True,joined_on_time,2025-07-09,8,hypothesis_generation
CAND-00365,APP-00376,REQ-00003,CLI-002,REC-014,Physical Therapist Asst.,Healthcare,St. Louis,MO,hybrid,W2 Contract,7.7,referral,22.08,24.65,2024-11-17,2024-12-07,2024-12-21,2024-12-21,2025-01-24,2025-01-24,True,True,joined_on_time,2025-01-24,7,held_out_test
CAND-00366,APP-00377,REQ-00035,CLI-005,REC-003,Forklift Operator,Light Industrial,Chicago,IL,onsite,Contract-to-Hire,1.0,career_site,13.12,14.09,2024-05-04,2024-05-11,2024-05-18,2024-05-24,2024-06-19,,True,False,declined_offer,2024-05-24,13,held_out_test
CAND-00367,APP-00378,REQ-00090,CLI-011,REC-009,Warehouse Associate,Light Industrial,Atlanta,GA,onsite,W2 Contract,6.7,job_board,17.29,18.57,2025-01-02,2025-01-09,2025-01-17,2025-01-17,2025-02-15,,True,False,declined_offer,2025-01-17,11,discovery
CAND-00368,APP-00379,REQ-00002,CLI-002,REC-011,Medical Coder,Healthcare,Austin,TX,onsite,W2 Contract,3.3,recruiter_sourced,26.4,25.71,2025-07-07,2025-07-25,2025-08-03,2025-08-04,2025-08-31,2025-08-31,True,True,joined_on_time,2025-08-31,9,hypothesis_generation
CAND-00369,APP-00380,REQ-00170,CLI-002,REC-002,Pharmacy Technician,Healthcare,Memphis,TN,onsite,Contract-to-Hire,3.5,job_board,30.73,37.3,2025-01-20,2025-02-09,2025-02-17,2025-02-17,2025-03-04,2025-03-04,True,True,joined_on_time,2025-03-04,8,held_out_test
CAND-00370,APP-00381,REQ-00076,CLI-005,REC-003,Machine Operator,Light Industrial,Jacksonville,FL,onsite,Direct Hire,2.9,referral,17.62,19.77,2024-04-26,2024-05-08,2024-05-20,2024-05-20,2024-05-31,,True,True,accepted_no_show,2024-05-31,10,discovery
CAND-00371,APP-00382,REQ-00019,CLI-011,REC-006,Shipping/Receiving Clerk,Light Industrial,Columbus,OH,onsite,Contract-to-Hire,4.0,referral,18.2,17.37,2024-11-13,2024-12-04,2024-12-11,2024-12-14,2025-01-13,2025-02-03,True,True,joined_late,2025-02-03,5,hypothesis_generation
CAND-00372,APP-00383,REQ-00204,CLI-011,REC-003,Forklift Operator,Light Industrial,Tampa,FL,onsite,Direct Hire,7.2,recruiter_sourced,14.27,15.8,2024-10-30,2024-11-04,2024-11-19,2024-11-25,2024-12-16,2024-12-15,True,True,joined_on_time,2024-12-15,8,discovery
CAND-00373,APP-00384,REQ-00002,CLI-002,REC-002,Medical Coder,Healthcare,Austin,TX,onsite,W2 Contract,2.2,recruiter_sourced,34.09,34.68,2025-06-23,2025-07-02,2025-07-10,2025-07-14,2025-07-21,2025-07-20,True,True,joined_on_time,2025-07-20,16,hypothesis_generation
CAND-00374,APP-00385,REQ-00036,CLI-009,REC-010,Project Engineer,Engineering,Nashville,TN,onsite,Direct Hire,2.4,career_site,,44.5,2024-02-28,2024-03-11,2024-03-26,2024-03-30,2024-04-15,,True,False,declined_offer,2024-03-30,11,discovery
CAND-00375,APP-00386,REQ-00068,CLI-002,REC-005,Pharmacy Technician,Healthcare,Milwaukee,WI,onsite,Contract-to-Hire,6.5,recruiter_sourced,28.91,30.52,2024-12-04,2024-12-22,2024-12-29,2025-01-02,2025-01-15,2025-01-15,True,True,joined_on_time,2025-01-15,3,hypothesis_generation
CAND-00013,APP-00387,REQ-00155,CLI-003,REC-014,Accounts Payable Clerk,Finance/Accounting,Tampa,FL,hybrid,Direct Hire,0.9,referral,36.31,38.96,2024-10-07,2024-10-16,2024-10-31,2024-11-03,2024-11-11,,True,False,declined_offer,2024-11-03,18,discovery
CAND-00376,APP-00388,REQ-00121,CLI-003,REC-003,AR Specialist,Finance/Accounting,Orlando,FL,hybrid,W2 Contract,3.3,job_board,25.48,27.21,2024-05-12,2024-05-24,2024-06-04,2024-06-08,2024-07-01,,True,False,declined_offer,2024-06-08,0,discovery
CAND-00377,APP-00389,REQ-00216,CLI-003,REC-003,Bookkeeper,Finance/Accounting,St. Louis,MO,hybrid,Contract-to-Hire,1.4,recruiter_sourced,37.26,37.73,2025-01-18,2025-01-21,2025-01-28,2025-01-29,2025-02-17,2025-03-02,True,True,joined_late,2025-03-02,18,discovery
CAND-00378,APP-00390,REQ-00070,CLI-004,REC-015,DevOps Engineer,IT/Technology,Nashville,TN,hybrid,W2 Contract,2.4,reapply,49.36,53.1,2025-04-20,2025-05-08,2025-05-14,2025-05-19,2025-06-07,,True,True,rejected_by_client,2025-06-06,6,discovery
CAND-00379,APP-00391,REQ-00107,CLI-001,REC-010,Warehouse Associate,Light Industrial,Jacksonville,FL,hybrid,Contract-to-Hire,7.9,career_site,15.78,16.7,2024-10-04,2024-10-23,2024-11-03,2024-11-07,2024-12-06,2024-12-06,True,True,joined_on_time,2024-12-06,13,discovery
CAND-00380,APP-00392,REQ-00191,CLI-008,REC-004,Data Analyst,IT/Technology,St. Louis,MO,hybrid,Direct Hire,4.4,reapply,,42.38,2024-09-03,2024-09-17,2024-09-21,2024-09-22,2024-10-09,2024-10-12,True,True,joined_late,2024-10-12,5,discovery
CAND-00381,APP-00393,REQ-00042,CLI-008,REC-016,Data Analyst,IT/Technology,Tampa,FL,hybrid,W2 Contract,6.8,recruiter_sourced,31.81,36.36,2024-09-12,2024-09-18,2024-09-29,2024-10-04,2024-10-19,2024-10-18,True,True,joined_on_time,2024-10-18,0,discovery
CAND-00382,APP-00394,REQ-00109,CLI-009,REC-010,Electrical Engineer,Engineering,Milwaukee,WI,onsite,Contract-to-Hire,1.4,recruiter_sourced,,53.79,2025-01-15,2025-01-24,2025-02-11,2025-02-13,2025-02-26,,True,True,withdrew_post_acceptance,2025-02-15,7,discovery
CAND-00383,APP-00395,REQ-00170,CLI-002,REC-005,Pharmacy Technician,Healthcare,Memphis,TN,onsite,Contract-to-Hire,8.0,recruiter_sourced,23.47,26.96,2025-02-17,2025-03-08,2025-03-14,2025-03-15,2025-04-03,2025-04-21,True,True,joined_late,2025-04-21,25,hypothesis_generation
CAND-00384,APP-00396,REQ-00118,CLI-006,REC-009,Accounts Payable Clerk,Finance/Accounting,Memphis,TN,onsite,1099,6.0,career_site,,27.04,2024-05-12,2024-05-19,2024-05-27,2024-06-01,2024-06-07,2024-06-07,True,True,joined_on_time,2024-06-07,6,held_out_test
CAND-00385,APP-00397,REQ-00055,CLI-002,REC-002,Certified Nursing Assistant,Healthcare,Memphis,TN,onsite,Contract-to-Hire,1.8,referral,38.63,48.23,2024-02-19,2024-02-24,2024-03-07,2024-03-10,2024-03-18,2024-03-24,True,True,joined_late,2024-03-24,9,discovery
CAND-00386,APP-00398,REQ-00014,CLI-007,REC-002,Phlebotomist,Healthcare,Tucson,AZ,remote,Contract-to-Hire,2.9,referral,22.39,24.69,2024-10-22,2024-10-31,2024-11-08,2024-11-10,2024-11-26,,True,True,rejected_by_client,2024-11-21,9,discovery
CAND-00387,APP-00399,REQ-00003,CLI-002,REC-008,Physical Therapist Asst.,Healthcare,St. Louis,MO,hybrid,W2 Contract,3.7,job_board,,34.17,2024-11-02,2024-11-22,2024-12-10,2024-12-10,2024-12-26,,True,True,withdrew_post_acceptance,2024-12-22,11,held_out_test
CAND-00388,APP-00400,REQ-00055,CLI-002,REC-005,Certified Nursing Assistant,Healthcare,Memphis,TN,onsite,Contract-to-Hire,11.1,recruiter_sourced,24.72,26.78,2024-03-06,2024-03-18,2024-03-30,2024-04-03,2024-04-23,2024-04-22,True,True,joined_on_time,2024-04-22,13,discovery
CAND-00389,APP-00401,REQ-00209,CLI-002,REC-017,Medical Assistant,Healthcare,Dallas,TX,onsite,Contract-to-Hire,4.6,job_board,37.48,43.35,2024-06-10,2024-06-18,2024-07-04,2024-07-08,2024-07-25,,True,False,declined_offer,2024-07-08,3,discovery
CAND-00390,APP-00402,REQ-00146,CLI-006,REC-018,Administrative Assistant,Administrative/Professional,Raleigh,NC,remote,1099,4.9,job_board,,18.65,2025-03-05,2025-03-22,2025-03-28,2025-03-28,2025-05-02,2025-05-02,True,True,joined_on_time,2025-05-02,7,discovery
CAND-00391,APP-00403,REQ-00025,CLI-006,REC-018,AR Specialist,Finance/Accounting,Nashville,TN,onsite,Direct Hire,3.9,recruiter_sourced,,31.31,2024-07-22,2024-07-29,2024-08-08,2024-08-10,2024-08-30,,True,True,accepted_no_show,2024-08-30,10,discovery
CAND-00392,APP-00404,REQ-00222,CLI-011,REC-009,Administrative Assistant,Administrative/Professional,Austin,TX,onsite,W2 Contract,2.5,job_board,16.31,18.46,2024-04-08,2024-04-26,2024-05-12,2024-05-18,2024-05-27,2024-05-27,True,True,joined_on_time,2024-05-27,9,held_out_test
CAND-00393,APP-00405,REQ-00112,CLI-001,REC-015,Forklift Operator,Light Industrial,Pittsburgh,PA,onsite,Contract-to-Hire,3.9,reapply,20.73,20.68,2025-08-10,2025-08-15,2025-08-26,2025-08-30,2025-09-19,,True,True,withdrew_post_acceptance,2025-09-12,0,held_out_test
CAND-00394,APP-00406,REQ-00167,CLI-004,REC-013,Systems Administrator,IT/Technology,Pittsburgh,PA,hybrid,Direct Hire,1.0,staffing_event,37.63,44.39,2024-12-27,2025-01-09,2025-01-17,2025-01-23,2025-02-18,2025-02-19,True,True,joined_on_time,2025-02-19,4,discovery
CAND-00395,APP-00407,REQ-00161,CLI-004,REC-013,DevOps Engineer,IT/Technology,Atlanta,GA,remote,Direct Hire,11.4,referral,49.6,58.06,2024-03-30,2024-04-04,2024-04-21,2024-04-21,2024-05-19,,True,True,withdrew_post_acceptance,2024-05-11,10,hypothesis_generation
CAND-00396,APP-00408,REQ-00130,CLI-011,REC-012,HR Coordinator,Administrative/Professional,Austin,TX,onsite,Contract-to-Hire,12.5,job_board,14.55,17.87,2025-04-27,2025-05-12,2025-05-24,2025-05-27,2025-06-23,,True,True,withdrew_post_acceptance,2025-06-18,5,discovery
CAND-00397,APP-00409,REQ-00036,CLI-009,REC-004,Project Engineer,Engineering,Nashville,TN,onsite,Direct Hire,1.0,reapply,50.36,51.42,2024-03-01,2024-03-08,2024-03-24,2024-03-28,2024-04-12,2024-04-12,True,True,joined_on_time,2024-04-12,4,discovery
CAND-00398,APP-00410,REQ-00021,CLI-009,REC-004,Manufacturing Engineer,Engineering,Columbus,OH,hybrid,Direct Hire,1.0,job_board,41.53,44.98,2025-06-28,2025-07-10,2025-07-25,2025-07-30,2025-08-15,2025-08-14,True,True,joined_on_time,2025-08-14,2,discovery
CAND-00399,APP-00411,REQ-00035,CLI-005,REC-006,Forklift Operator,Light Industrial,Chicago,IL,onsite,Contract-to-Hire,2.8,recruiter_sourced,19.7,23.11,2024-03-26,2024-03-30,2024-04-01,2024-04-06,2024-04-28,2024-04-28,True,True,joined_on_time,2024-04-28,7,held_out_test
CAND-00400,APP-00412,REQ-00045,CLI-007,REC-002,Certified Nursing Assistant,Healthcare,Jacksonville,FL,onsite,W2 Contract,2.3,referral,25.23,25.58,2024-12-22,2025-01-06,2025-01-20,2025-01-23,2025-02-12,,True,True,withdrew_post_acceptance,2025-02-10,7,discovery
CAND-00401,APP-00413,REQ-00025,CLI-006,REC-012,AR Specialist,Finance/Accounting,Nashville,TN,onsite,Direct Hire,3.4,recruiter_sourced,,23.26,2024-07-28,2024-08-13,2024-08-19,2024-08-21,2024-09-19,,True,False,declined_offer,2024-08-21,4,discovery
CAND-00402,APP-00414,REQ-00037,CLI-003,REC-003,AR Specialist,Finance/Accounting,Jacksonville,FL,hybrid,Contract-to-Hire,7.1,referral,27.85,29.51,2024-08-20,2024-09-05,2024-09-11,2024-09-11,2024-09-25,,True,True,withdrew_post_acceptance,2024-09-22,9,discovery
CAND-00403,APP-00415,REQ-00108,CLI-007,REC-006,Phlebotomist,Healthcare,Philadelphia,PA,onsite,W2 Contract,4.4,referral,36.4,39.1,2025-04-08,2025-04-16,2025-05-02,2025-05-06,2025-05-25,2025-05-26,True,True,joined_on_time,2025-05-26,23,held_out_test
CAND-00404,APP-00416,REQ-00135,CLI-010,REC-017,Receptionist,Administrative/Professional,Nashville,TN,hybrid,W2 Contract,3.1,job_board,23.46,25.75,2025-07-03,2025-07-24,2025-08-10,2025-08-16,2025-09-12,,True,True,rejected_by_client,2025-08-24,4,discovery
CAND-00405,APP-00417,REQ-00104,CLI-002,REC-011,Pharmacy Technician,Healthcare,Philadelphia,PA,onsite,Contract-to-Hire,5.7,recruiter_sourced,,30.68,2025-03-05,2025-03-26,2025-04-12,2025-04-17,2025-05-03,2025-05-02,True,True,joined_on_time,2025-05-02,10,discovery
CAND-00406,APP-00418,REQ-00128,CLI-010,REC-006,Customer Service Representative,Administrative/Professional,Houston,TX,hybrid,Direct Hire,3.3,staffing_event,,21.11,2025-01-03,2025-01-14,2025-01-30,2025-02-03,2025-02-11,2025-03-02,True,True,joined_late,2025-03-02,12,hypothesis_generation
CAND-00407,APP-00419,REQ-00058,CLI-005,REC-014,Project Engineer,Engineering,Tampa,FL,onsite,Direct Hire,1.0,referral,29.45,28.74,2024-03-01,2024-03-06,2024-03-17,2024-03-21,2024-03-28,,True,True,rejected_by_client,2024-03-24,11,discovery
CAND-00408,APP-00420,REQ-00029,CLI-009,REC-010,Mechanical Engineer,Engineering,Houston,TX,onsite,W2 Contract,3.7,recruiter_sourced,48.6,53.61,2024-03-08,2024-03-22,2024-04-02,2024-04-04,2024-04-17,2024-04-21,True,True,joined_late,2024-04-21,1,discovery
CAND-00409,APP-00421,REQ-00182,CLI-011,REC-018,Data Entry Clerk,Administrative/Professional,Cincinnati,OH,remote,W2 Contract,6.2,job_board,19.3,21.81,2024-07-18,2024-07-26,2024-07-29,2024-08-03,2024-08-17,2024-08-18,True,True,joined_on_time,2024-08-18,14,hypothesis_generation
CAND-00410,APP-00422,REQ-00050,CLI-003,REC-003,Staff Accountant,Finance/Accounting,Nashville,TN,hybrid,W2 Contract,7.4,career_site,39.69,42.36,2024-08-12,2024-08-19,2024-08-29,2024-08-31,2024-09-16,2024-09-15,True,True,joined_on_time,2024-09-15,10,discovery
CAND-00411,APP-00423,REQ-00218,CLI-007,REC-014,Radiology Technician,Healthcare,Kansas City,MO,onsite,Direct Hire,4.3,recruiter_sourced,35.39,40.32,2024-05-04,2024-05-15,2024-05-24,2024-05-27,2024-06-08,,True,False,declined_offer,2024-05-27,11,hypothesis_generation
CAND-00412,APP-00424,REQ-00163,CLI-011,REC-009,Shipping/Receiving Clerk,Light Industrial,Orlando,FL,onsite,Direct Hire,4.8,referral,18.95,21.21,2024-06-03,2024-06-21,2024-07-06,2024-07-12,2024-07-28,2024-07-28,True,True,joined_on_time,2024-07-28,9,hypothesis_generation
CAND-00413,APP-00425,REQ-00014,CLI-007,REC-005,Phlebotomist,Healthcare,Tucson,AZ,remote,Contract-to-Hire,5.8,job_board,35.22,35.46,2024-10-25,2024-10-31,2024-11-03,2024-11-04,2024-11-27,2024-11-27,True,True,joined_on_time,2024-11-27,11,hypothesis_generation
CAND-00414,APP-00426,REQ-00188,CLI-007,REC-017,Medical Assistant,Healthcare,Pittsburgh,PA,hybrid,W2 Contract,5.7,job_board,22.27,23.15,2024-05-01,2024-05-16,2024-06-02,2024-06-04,2024-06-16,2024-06-17,True,True,joined_on_time,2024-06-17,16,held_out_test
CAND-00397,APP-00427,REQ-00064,CLI-001,REC-002,Warehouse Associate,Light Industrial,Columbus,OH,onsite,W2 Contract,6.2,recruiter_sourced,22.02,22.77,2024-12-20,2025-01-08,2025-01-11,2025-01-11,2025-02-07,,True,True,withdrew_post_acceptance,2025-02-01,18,held_out_test
CAND-00415,APP-00428,REQ-00064,CLI-001,REC-015,Warehouse Associate,Light Industrial,Columbus,OH,onsite,W2 Contract,1.0,recruiter_sourced,20.35,21.74,2024-12-09,2024-12-15,2024-12-25,2024-12-30,2025-01-22,2025-01-22,True,True,joined_on_time,2025-01-22,13,hypothesis_generation
CAND-00416,APP-00429,REQ-00172,CLI-001,REC-018,Shipping/Receiving Clerk,Light Industrial,Houston,TX,onsite,Contract-to-Hire,5.3,recruiter_sourced,14.85,17.59,2024-11-22,2024-11-30,2024-12-12,2024-12-16,2024-12-22,2024-12-21,True,True,joined_on_time,2024-12-21,0,discovery
CAND-00051,APP-00430,REQ-00150,CLI-009,REC-003,Manufacturing Engineer,Engineering,Tucson,AZ,onsite,Direct Hire,3.1,job_board,29.75,30.37,2025-03-03,2025-03-13,2025-03-24,2025-03-26,2025-04-09,,True,True,accepted_no_show,2025-04-09,6,discovery
CAND-00417,APP-00431,REQ-00092,CLI-011,REC-003,Data Entry Clerk,Administrative/Professional,Houston,TX,onsite,Direct Hire,2.7,career_site,18.99,22.8,2024-04-10,2024-04-16,2024-04-21,2024-04-21,2024-05-20,2024-05-20,True,True,joined_on_time,2024-05-20,9,hypothesis_generation
CAND-00418,APP-00432,REQ-00211,CLI-001,REC-003,Machine Operator,Light Industrial,Austin,TX,onsite,Contract-to-Hire,1.2,job_board,19.34,21.6,2024-04-10,2024-04-15,2024-05-01,2024-05-03,2024-06-04,2024-06-04,True,True,joined_on_time,2024-06-04,16,discovery
CAND-00419,APP-00433,REQ-00128,CLI-010,REC-009,Customer Service Representative,Administrative/Professional,Houston,TX,hybrid,Direct Hire,10.1,job_board,20.93,24.85,2024-12-05,2024-12-20,2025-01-01,2025-01-01,2025-01-19,2025-01-30,True,True,joined_late,2025-01-30,6,discovery
CAND-00420,APP-00434,REQ-00115,CLI-004,REC-010,Business Systems Analyst,IT/Technology,Columbus,OH,remote,W2 Contract,2.9,referral,56.36,65.39,2025-05-22,2025-06-09,2025-06-14,2025-06-15,2025-07-11,2025-07-27,True,True,joined_late,2025-07-27,12,discovery
CAND-00421,APP-00435,REQ-00098,CLI-002,REC-011,Physical Therapist Asst.,Healthcare,Houston,TX,onsite,Direct Hire,10.3,job_board,42.03,44.93,2024-09-16,2024-09-27,2024-10-13,2024-10-13,2024-11-07,,True,True,accepted_no_show,2024-11-07,13,discovery
CAND-00422,APP-00436,REQ-00150,CLI-009,REC-001,Manufacturing Engineer,Engineering,Tucson,AZ,onsite,Direct Hire,3.5,job_board,29.97,30.55,2025-02-15,2025-03-02,2025-03-04,2025-03-08,2025-04-05,2025-04-05,True,True,joined_on_time,2025-04-05,5,discovery
CAND-00423,APP-00437,REQ-00113,CLI-005,REC-018,Warehouse Associate,Light Industrial,Orlando,FL,onsite,W2 Contract,8.3,recruiter_sourced,17.34,20.72,2024-11-14,2024-12-02,2024-12-07,2024-12-11,2025-01-03,2025-01-17,True,True,joined_late,2025-01-17,17,held_out_test
CAND-00424,APP-00438,REQ-00222,CLI-011,REC-012,Administrative Assistant,Administrative/Professional,Austin,TX,onsite,W2 Contract,0.8,job_board,17.67,18.56,2024-05-18,2024-05-31,2024-06-04,2024-06-10,2024-06-28,2024-06-28,True,True,joined_on_time,2024-06-28,4,discovery
CAND-00425,APP-00439,REQ-00116,CLI-009,REC-013,Electrical Engineer,Engineering,Tampa,FL,hybrid,1099,4.9,referral,30.55,31.93,2025-06-02,2025-06-17,2025-06-22,2025-06-27,2025-07-24,,True,True,withdrew_post_acceptance,2025-07-09,12,discovery
CAND-00426,APP-00440,REQ-00020,CLI-011,REC-018,Administrative Assistant,Administrative/Professional,Charlotte,NC,onsite,Contract-to-Hire,2.4,job_board,13.78,16.9,2024-10-03,2024-10-24,2024-11-02,2024-11-05,2024-11-24,,True,True,rejected_by_client,2024-11-08,17,held_out_test
CAND-00427,APP-00441,REQ-00054,CLI-005,REC-012,Material Handler,Light Industrial,Chicago,IL,onsite,W2 Contract,2.0,staffing_event,13.53,13.71,2024-07-04,2024-07-17,2024-07-20,2024-07-22,2024-08-24,2024-08-28,True,True,joined_late,2024-08-28,1,hypothesis_generation
CAND-00428,APP-00442,REQ-00025,CLI-006,REC-018,AR Specialist,Finance/Accounting,Nashville,TN,onsite,Direct Hire,1.2,career_site,,24.77,2024-07-22,2024-08-11,2024-08-17,2024-08-22,2024-09-14,2024-09-14,True,True,joined_on_time,2024-09-14,12,discovery
CAND-00429,APP-00443,REQ-00045,CLI-007,REC-014,Certified Nursing Assistant,Healthcare,Jacksonville,FL,onsite,W2 Contract,5.2,recruiter_sourced,35.97,35.65,2024-11-17,2024-11-21,2024-11-30,2024-12-05,2024-12-30,,True,False,declined_offer,2024-12-05,11,hypothesis_generation
CAND-00430,APP-00444,REQ-00044,CLI-010,REC-018,Receptionist,Administrative/Professional,Memphis,TN,hybrid,W2 Contract,3.3,career_site,21.3,23.59,2024-10-18,2024-10-26,2024-10-30,2024-11-05,2024-11-12,2024-11-11,True,True,joined_on_time,2024-11-11,12,discovery
CAND-00431,APP-00445,REQ-00055,CLI-002,REC-002,Certified Nursing Assistant,Healthcare,Memphis,TN,onsite,Contract-to-Hire,0.9,recruiter_sourced,28.12,28.37,2024-03-15,2024-03-30,2024-04-11,2024-04-11,2024-05-12,2024-05-13,True,True,joined_on_time,2024-05-13,0,discovery
CAND-00432,APP-00446,REQ-00123,CLI-009,REC-004,Process Engineer,Engineering,Kansas City,MO,onsite,W2 Contract,1.7,job_board,30.52,31.82,2024-12-03,2024-12-14,2024-12-20,2024-12-26,2025-01-12,,True,False,declined_offer,2024-12-26,0,discovery
CAND-00433,APP-00447,REQ-00085,CLI-008,REC-013,DevOps Engineer,IT/Technology,Memphis,TN,onsite,Direct Hire,4.0,career_site,32.09,38.55,2025-02-13,2025-02-19,2025-03-05,2025-03-11,2025-03-20,,True,True,withdrew_post_acceptance,2025-03-12,1,hypothesis_generation
CAND-00434,APP-00448,REQ-00011,CLI-005,REC-017,Manufacturing Engineer,Engineering,Jacksonville,FL,onsite,W2 Contract,1.3,job_board,28.3,31.23,2024-08-17,2024-09-07,2024-09-18,2024-09-21,2024-10-20,,True,False,declined_offer,2024-09-21,5,discovery
CAND-00435,APP-00449,REQ-00177,CLI-006,REC-006,AR Specialist,Finance/Accounting,Phoenix,AZ,hybrid,Direct Hire,2.2,job_board,31.32,29.35,2025-02-20,2025-03-03,2025-03-21,2025-03-24,2025-04-13,,True,False,declined_offer,2025-03-24,11,discovery
CAND-00436,APP-00450,REQ-00049,CLI-008,REC-013,Systems Administrator,IT/Technology,Milwaukee,WI,hybrid,Direct Hire,6.2,job_board,45.88,51.92,2024-11-09,2024-11-14,2024-11-25,2024-11-27,2024-12-18,2024-12-17,True,True,joined_on_time,2024-12-17,9,discovery
CAND-00437,APP-00451,REQ-00223,CLI-001,REC-003,Machine Operator,Light Industrial,Memphis,TN,onsite,Direct Hire,6.5,referral,,19.77,2024-02-23,2024-03-14,2024-04-01,2024-04-02,2024-04-25,,True,False,declined_offer,2024-04-02,12,discovery
CAND-00438,APP-00452,REQ-00222,CLI-011,REC-009,Administrative Assistant,Administrative/Professional,Austin,TX,onsite,W2 Contract,1.5,reapply,20.21,24.04,2024-04-14,2024-05-02,2024-05-19,2024-05-20,2024-06-03,,True,True,withdrew_post_acceptance,2024-05-31,10,held_out_test
CAND-00439,APP-00453,REQ-00211,CLI-001,REC-003,Machine Operator,Light Industrial,Austin,TX,onsite,Contract-to-Hire,6.4,job_board,24.09,24.2,2024-04-17,2024-04-30,2024-05-16,2024-05-16,2024-05-29,,True,True,withdrew_post_acceptance,2024-05-28,17,discovery
CAND-00440,APP-00454,REQ-00038,CLI-011,REC-006,Administrative Assistant,Administrative/Professional,Tampa,FL,onsite,1099,5.0,recruiter_sourced,23.14,22.07,2024-11-03,2024-11-13,2024-11-29,2024-12-03,2024-12-27,2024-12-27,True,True,joined_on_time,2024-12-27,12,discovery
CAND-00441,APP-00455,REQ-00028,CLI-009,REC-004,Mechanical Engineer,Engineering,Jacksonville,FL,onsite,W2 Contract,6.3,job_board,31.88,33.32,2024-09-17,2024-10-03,2024-10-11,2024-10-14,2024-10-28,2024-10-27,True,True,joined_on_time,2024-10-27,17,discovery
CAND-00442,APP-00456,REQ-00131,CLI-006,REC-003,Executive Assistant,Administrative/Professional,Memphis,TN,hybrid,Direct Hire,1.4,job_board,19.35,19.57,2024-04-17,2024-04-25,2024-05-09,2024-05-11,2024-05-23,2024-05-23,True,True,joined_on_time,2024-05-23,9,discovery
CAND-00443,APP-00457,REQ-00192,CLI-008,REC-007,Business Systems Analyst,IT/Technology,Jacksonville,FL,hybrid,Direct Hire,7.3,job_board,51.75,56.05,2025-02-25,2025-03-08,2025-03-14,2025-03-14,2025-04-07,2025-04-24,True,True,joined_late,2025-04-24,11,discovery
CAND-00444,APP-00458,REQ-00083,CLI-008,REC-004,QA Tester,IT/Technology,Tucson,AZ,hybrid,Direct Hire,2.2,job_board,46.97,46.52,2024-04-18,2024-04-26,2024-05-05,2024-05-05,2024-05-28,2024-05-29,True,True,joined_on_time,2024-05-29,16,discovery
CAND-00445,APP-00459,REQ-00124,CLI-011,REC-015,Receptionist,Administrative/Professional,Philadelphia,PA,onsite,W2 Contract,6.4,job_board,20.8,23.13,2024-10-31,2024-11-10,2024-11-19,2024-11-21,2024-12-12,,True,False,declined_offer,2024-11-21,10,discovery
CAND-00446,APP-00460,REQ-00068,CLI-002,REC-014,Pharmacy Technician,Healthcare,Milwaukee,WI,onsite,Contract-to-Hire,7.3,staffing_event,32.76,32.72,2024-11-29,2024-12-17,2025-01-04,2025-01-04,2025-01-27,2025-02-15,True,True,joined_late,2025-02-15,8,hypothesis_generation
CAND-00447,APP-00461,REQ-00173,CLI-006,REC-012,Administrative Assistant,Administrative/Professional,Cincinnati,OH,hybrid,W2 Contract,6.7,recruiter_sourced,20.22,20.62,2025-05-29,2025-06-14,2025-06-22,2025-06-23,2025-07-13,,True,False,declined_offer,2025-06-23,0,discovery
CAND-00448,APP-00462,REQ-00196,CLI-008,REC-001,Data Analyst,IT/Technology,Chicago,IL,hybrid,Direct Hire,3.3,job_board,54.47,56.3,2025-04-02,2025-04-23,2025-04-25,2025-04-28,2025-05-19,2025-05-26,True,True,joined_late,2025-05-26,5,held_out_test
CAND-00449,APP-00463,REQ-00004,CLI-003,REC-004,AR Specialist,Finance/Accounting,Tampa,FL,hybrid,W2 Contract,5.9,referral,36.1,41.12,2024-07-06,2024-07-09,2024-07-13,2024-07-16,2024-08-14,2024-08-14,True,True,joined_on_time,2024-08-14,18,held_out_test
CAND-00450,APP-00464,REQ-00187,CLI-007,REC-011,Phlebotomist,Healthcare,St. Louis,MO,onsite,1099,2.6,career_site,26.87,30.26,2025-04-05,2025-04-14,2025-04-18,2025-04-22,2025-05-08,,True,True,accepted_no_show,2025-05-08,6,discovery
CAND-00451,APP-00465,REQ-00005,CLI-002,REC-014,Certified Nursing Assistant,Healthcare,Columbus,OH,onsite,W2 Contract,6.3,recruiter_sourced,29.95,30.3,2025-02-04,2025-02-19,2025-03-04,2025-03-07,2025-04-02,,True,True,withdrew_post_acceptance,2025-03-09,4,discovery
CAND-00452,APP-00466,REQ-00152,CLI-003,REC-018,Accounts Payable Clerk,Finance/Accounting,Houston,TX,hybrid,W2 Contract,4.7,recruiter_sourced,29.54,33.53,2024-04-21,2024-04-28,2024-05-10,2024-05-11,2024-06-06,2024-06-05,True,True,joined_on_time,2024-06-05,19,discovery
CAND-00453,APP-00467,REQ-00198,CLI-001,REC-018,Forklift Operator,Light Industrial,Milwaukee,WI,onsite,Direct Hire,11.6,recruiter_sourced,22.87,23.58,2025-01-18,2025-02-03,2025-02-13,2025-02-13,2025-02-25,,True,True,accepted_no_show,2025-02-25,13,hypothesis_generation
CAND-00454,APP-00468,REQ-00135,CLI-010,REC-012,Receptionist,Administrative/Professional,Nashville,TN,hybrid,W2 Contract,14.1,recruiter_sourced,15.32,17.95,2025-06-26,2025-07-16,2025-07-27,2025-07-30,2025-08-25,,True,True,rejected_by_client,2025-08-11,10,discovery
CAND-00455,APP-00469,REQ-00069,CLI-010,REC-006,Executive Assistant,Administrative/Professional,Chicago,IL,hybrid,W2 Contract,4.0,job_board,22.44,24.27,2024-07-31,2024-08-08,2024-08-19,2024-08-19,2024-09-01,,True,False,declined_offer,2024-08-19,17,hypothesis_generation
CAND-00456,APP-00470,REQ-00161,CLI-004,REC-016,DevOps Engineer,IT/Technology,Atlanta,GA,remote,Direct Hire,1.9,career_site,45.12,52.15,2024-03-05,2024-03-08,2024-03-19,2024-03-22,2024-04-19,2024-04-20,True,True,joined_on_time,2024-04-20,10,held_out_test
CAND-00457,APP-00471,REQ-00143,CLI-003,REC-018,Financial Analyst,Finance/Accounting,Charlotte,NC,remote,1099,3.7,recruiter_sourced,39.92,39.32,2025-06-16,2025-06-28,2025-07-06,2025-07-06,2025-07-16,,True,True,withdrew_post_acceptance,2025-07-10,10,discovery
CAND-00458,APP-00472,REQ-00018,CLI-008,REC-010,DevOps Engineer,IT/Technology,Tucson,AZ,hybrid,Contract-to-Hire,1.0,recruiter_sourced,42.09,43.43,2024-10-10,2024-10-23,2024-11-09,2024-11-13,2024-12-10,2024-12-11,True,True,joined_on_time,2024-12-11,4,discovery
CAND-00459,APP-00473,REQ-00171,CLI-005,REC-007,Process Engineer,Engineering,Jacksonville,FL,onsite,Contract-to-Hire,2.5,recruiter_sourced,,41.51,2024-12-25,2025-01-06,2025-01-13,2025-01-19,2025-01-31,2025-01-31,True,True,joined_on_time,2025-01-31,1,held_out_test
CAND-00460,APP-00474,REQ-00184,CLI-009,REC-001,Mechanical Engineer,Engineering,Tampa,FL,onsite,W2 Contract,5.0,recruiter_sourced,42.2,51.27,2025-03-30,2025-04-07,2025-04-18,2025-04-19,2025-05-03,,True,True,accepted_no_show,2025-05-03,0,hypothesis_generation
CAND-00461,APP-00475,REQ-00112,CLI-001,REC-002,Forklift Operator,Light Industrial,Pittsburgh,PA,onsite,Contract-to-Hire,2.7,reapply,17.34,18.46,2025-08-07,2025-08-13,2025-08-16,2025-08-18,2025-09-13,,True,False,declined_offer,2025-08-18,11,discovery
CAND-00462,APP-00476,REQ-00121,CLI-003,REC-009,AR Specialist,Finance/Accounting,Orlando,FL,hybrid,W2 Contract,4.6,referral,23.75,26.33,2024-05-03,2024-05-17,2024-05-23,2024-05-25,2024-06-16,2024-06-17,True,True,joined_on_time,2024-06-17,11,discovery
CAND-00463,APP-00477,REQ-00219,CLI-004,REC-015,Business Systems Analyst,IT/Technology,Philadelphia,PA,remote,Contract-to-Hire,1.0,career_site,66.32,68.15,2024-12-08,2024-12-26,2025-01-01,2025-01-04,2025-01-21,,True,True,withdrew_post_acceptance,2025-01-09,6,held_out_test
CAND-00464,APP-00478,REQ-00138,CLI-010,REC-018,Office Coordinator,Administrative/Professional,Nashville,TN,hybrid,Contract-to-Hire,1.5,career_site,,20.1,2024-09-22,2024-10-13,2024-10-19,2024-10-25,2024-11-16,,True,True,withdrew_post_acceptance,2024-11-09,12,held_out_test
CAND-00465,APP-00479,REQ-00043,CLI-008,REC-016,Data Analyst,IT/Technology,Memphis,TN,hybrid,Contract-to-Hire,5.2,job_board,47.13,48.33,2024-03-31,2024-04-12,2024-04-14,2024-04-17,2024-05-13,,True,True,withdrew_post_acceptance,2024-04-25,15,discovery
CAND-00466,APP-00480,REQ-00091,CLI-006,REC-009,Data Entry Clerk,Administrative/Professional,Tucson,AZ,hybrid,1099,5.1,job_board,26.59,26.86,2025-04-22,2025-05-03,2025-05-11,2025-05-11,2025-05-23,2025-05-24,True,True,joined_on_time,2025-05-24,7,discovery
CAND-00467,APP-00481,REQ-00133,CLI-007,REC-013,Medical Coder,Healthcare,Pittsburgh,PA,onsite,1099,2.3,staffing_event,36.38,39.78,2024-02-17,2024-03-06,2024-03-18,2024-03-22,2024-04-16,,True,True,withdrew_post_acceptance,2024-04-08,3,discovery
CAND-00468,APP-00482,REQ-00167,CLI-004,REC-008,Systems Administrator,IT/Technology,Pittsburgh,PA,hybrid,Direct Hire,5.4,recruiter_sourced,65.44,67.61,2025-01-09,2025-01-25,2025-02-07,2025-02-10,2025-02-28,,True,True,withdrew_post_acceptance,2025-02-11,15,held_out_test
CAND-00469,APP-00483,REQ-00196,CLI-008,REC-007,Data Analyst,IT/Technology,Chicago,IL,hybrid,Direct Hire,2.8,job_board,46.16,49.24,2025-04-18,2025-05-05,2025-05-20,2025-05-26,2025-06-13,2025-06-25,True,True,joined_late,2025-06-25,6,held_out_test
CAND-00470,APP-00484,REQ-00116,CLI-009,REC-016,Electrical Engineer,Engineering,Tampa,FL,hybrid,1099,1.4,career_site,39.65,48.79,2025-05-17,2025-05-24,2025-06-01,2025-06-03,2025-06-26,,True,True,withdrew_post_acceptance,2025-06-20,16,discovery
CAND-00471,APP-00485,REQ-00200,CLI-001,REC-014,Warehouse Associate,Light Industrial,Tampa,FL,onsite,Direct Hire,1.7,referral,17.2,17.27,2025-01-24,2025-02-09,2025-02-19,2025-02-22,2025-03-06,2025-03-07,True,True,joined_on_time,2025-03-07,9,discovery
CAND-00472,APP-00486,REQ-00229,CLI-003,REC-006,Financial Analyst,Finance/Accounting,Columbus,OH,hybrid,W2 Contract,3.7,job_board,25.67,26.52,2024-10-14,2024-10-26,2024-11-06,2024-11-09,2024-12-03,2024-12-03,True,True,joined_on_time,2024-12-03,10,hypothesis_generation
CAND-00473,APP-00487,REQ-00074,CLI-002,REC-005,Registered Nurse,Healthcare,Jacksonville,FL,remote,Direct Hire,1.7,career_site,34.28,35.39,2024-04-29,2024-05-11,2024-05-26,2024-05-27,2024-06-20,2024-06-20,True,True,joined_on_time,2024-06-20,3,discovery
CAND-00474,APP-00488,REQ-00013,CLI-007,REC-011,Pharmacy Technician,Healthcare,Houston,TX,onsite,1099,0.3,referral,21.62,22.96,2024-11-27,2024-12-15,2024-12-30,2025-01-05,2025-01-17,,True,True,withdrew_post_acceptance,2025-01-16,17,discovery
CAND-00475,APP-00489,REQ-00219,CLI-004,REC-007,Business Systems Analyst,IT/Technology,Philadelphia,PA,remote,Contract-to-Hire,4.6,job_board,37.6,42.02,2025-01-06,2025-01-27,2025-01-30,2025-01-31,2025-02-19,,True,True,withdrew_post_acceptance,2025-02-15,15,discovery
CAND-00476,APP-00490,REQ-00040,CLI-010,REC-007,Executive Assistant,Administrative/Professional,Charlotte,NC,hybrid,W2 Contract,2.0,job_board,22.67,23.99,2024-03-18,2024-04-01,2024-04-04,2024-04-06,2024-04-23,,True,True,withdrew_post_acceptance,2024-04-23,11,discovery
CAND-00477,APP-00491,REQ-00008,CLI-001,REC-015,Shipping/Receiving Clerk,Light Industrial,Houston,TX,onsite,W2 Contract,1.5,job_board,22.76,22.96,2024-12-07,2024-12-15,2024-12-27,2025-01-02,2025-01-16,2025-01-16,True,True,joined_on_time,2025-01-16,2,discovery
CAND-00478,APP-00492,REQ-00027,CLI-003,REC-003,Payroll Specialist,Finance/Accounting,Milwaukee,WI,hybrid,Contract-to-Hire,5.8,career_site,33.73,40.0,2025-07-10,2025-07-29,2025-08-09,2025-08-11,2025-09-12,,True,True,accepted_no_show,2025-09-12,14,discovery
CAND-00479,APP-00493,REQ-00073,CLI-004,REC-004,QA Tester,IT/Technology,Milwaukee,WI,remote,Direct Hire,4.1,recruiter_sourced,35.02,40.96,2024-06-13,2024-07-03,2024-07-21,2024-07-27,2024-08-17,,True,True,withdrew_post_acceptance,2024-08-14,16,held_out_test
CAND-00480,APP-00494,REQ-00081,CLI-003,REC-012,Senior Accountant,Finance/Accounting,Jacksonville,FL,hybrid,W2 Contract,4.5,job_board,32.3,35.14,2024-10-28,2024-10-31,2024-11-17,2024-11-19,2024-12-06,2024-12-06,True,True,joined_on_time,2024-12-06,7,discovery
CAND-00481,APP-00495,REQ-00088,CLI-004,REC-013,DevOps Engineer,IT/Technology,Tampa,FL,onsite,1099,10.6,job_board,51.4,56.78,2024-02-23,2024-02-29,2024-03-09,2024-03-10,2024-04-10,2024-04-17,True,True,joined_late,2024-04-17,16,discovery
CAND-00482,APP-00496,REQ-00032,CLI-005,REC-006,Forklift Operator,Light Industrial,Columbus,OH,onsite,Contract-to-Hire,6.0,recruiter_sourced,19.32,19.78,2025-03-19,2025-03-25,2025-03-29,2025-03-29,2025-05-02,,True,False,declined_offer,2025-03-29,17,discovery
CAND-00483,APP-00497,REQ-00149,CLI-004,REC-001,DevOps Engineer,IT/Technology,St. Louis,MO,onsite,Contract-to-Hire,5.3,reapply,60.93,65.8,2024-10-05,2024-10-09,2024-10-26,2024-10-26,2024-11-13,2024-11-12,True,True,joined_on_time,2024-11-12,9,discovery
CAND-00484,APP-00498,REQ-00118,CLI-006,REC-003,Accounts Payable Clerk,Finance/Accounting,Memphis,TN,onsite,1099,6.1,job_board,,33.21,2024-06-13,2024-06-21,2024-07-04,2024-07-04,2024-07-16,2024-07-16,True,True,joined_on_time,2024-07-16,9,discovery
CAND-00485,APP-00499,REQ-00074,CLI-002,REC-012,Registered Nurse,Healthcare,Jacksonville,FL,remote,Direct Hire,7.7,recruiter_sourced,37.38,41.85,2024-04-26,2024-05-15,2024-05-24,2024-05-28,2024-06-21,,True,True,accepted_no_show,2024-06-21,19,discovery
CAND-00486,APP-00500,REQ-00140,CLI-008,REC-013,DevOps Engineer,IT/Technology,Pittsburgh,PA,onsite,Contract-to-Hire,14.6,staffing_event,38.79,47.34,2024-06-14,2024-07-04,2024-07-06,2024-07-11,2024-07-19,,True,True,accepted_no_show,2024-07-19,0,held_out_test
CAND-00487,APP-00501,REQ-00063,CLI-007,REC-014,Certified Nursing Assistant,Healthcare,Dallas,TX,onsite,1099,2.3,recruiter_sourced,25.41,27.86,2024-08-20,2024-08-28,2024-09-13,2024-09-18,2024-09-26,,True,True,accepted_no_show,2024-09-26,16,discovery
CAND-00488,APP-00502,REQ-00097,CLI-006,REC-012,Financial Analyst,Finance/Accounting,Columbus,OH,hybrid,1099,14.6,job_board,32.72,30.9,2025-02-25,2025-03-10,2025-03-15,2025-03-18,2025-03-28,2025-03-29,True,True,joined_on_time,2025-03-29,0,discovery
CAND-00489,APP-00503,REQ-00115,CLI-004,REC-016,Business Systems Analyst,IT/Technology,Columbus,OH,remote,W2 Contract,1.0,job_board,42.47,46.67,2025-05-12,2025-05-27,2025-06-07,2025-06-10,2025-07-06,2025-07-18,True,True,joined_late,2025-07-18,10,discovery
CAND-00490,APP-00504,REQ-00199,CLI-006,REC-006,Administrative Assistant,Administrative/Professional,Atlanta,GA,hybrid,Direct Hire,1.4,staffing_event,25.01,24.07,2024-02-19,2024-02-24,2024-03-12,2024-03-17,2024-04-02,,True,False,declined_offer,2024-03-17,6,discovery
CAND-00491,APP-00505,REQ-00218,CLI-007,REC-017,Radiology Technician,Healthcare,Kansas City,MO,onsite,Direct Hire,14.2,recruiter_sourced,36.99,37.7,2024-04-20,2024-04-26,2024-05-02,2024-05-05,2024-05-24,2024-05-25,True,True,joined_on_time,2024-05-25,2,hypothesis_generation
CAND-00492,APP-00506,REQ-00083,CLI-008,REC-014,QA Tester,IT/Technology,Tucson,AZ,hybrid,Direct Hire,4.6,job_board,,35.18,2024-03-21,2024-04-03,2024-04-11,2024-04-15,2024-05-03,2024-05-02,True,True,joined_on_time,2024-05-02,7,hypothesis_generation
CAND-00493,APP-00507,REQ-00206,CLI-006,REC-018,AR Specialist,Finance/Accounting,Indianapolis,IN,hybrid,Contract-to-Hire,9.5,reapply,26.5,27.86,2024-12-06,2024-12-21,2025-01-03,2025-01-06,2025-02-03,2025-02-04,True,True,joined_on_time,2025-02-04,9,discovery
CAND-00494,APP-00508,REQ-00056,CLI-011,REC-002,Office Coordinator,Administrative/Professional,Austin,TX,onsite,Direct Hire,7.6,job_board,23.33,23.92,2024-05-22,2024-05-28,2024-06-02,2024-06-04,2024-06-27,2024-06-27,True,True,joined_on_time,2024-06-27,10,discovery
CAND-00495,APP-00509,REQ-00066,CLI-001,REC-003,Warehouse Associate,Light Industrial,Chicago,IL,onsite,1099,4.0,career_site,22.28,24.55,2024-07-28,2024-07-31,2024-08-07,2024-08-10,2024-09-05,2024-09-29,True,True,joined_late,2024-09-29,4,hypothesis_generation
CAND-00496,APP-00510,REQ-00164,CLI-011,REC-015,Shipping/Receiving Clerk,Light Industrial,St. Louis,MO,onsite,Direct Hire,3.7,referral,14.45,16.07,2024-02-13,2024-03-02,2024-03-18,2024-03-19,2024-04-06,2024-04-06,True,True,joined_on_time,2024-04-06,15,discovery
CAND-00497,APP-00511,REQ-00091,CLI-006,REC-015,Data Entry Clerk,Administrative/Professional,Tucson,AZ,hybrid,1099,2.4,recruiter_sourced,,18.75,2025-04-15,2025-04-19,2025-05-04,2025-05-04,2025-05-26,2025-05-26,True,True,joined_on_time,2025-05-26,14,discovery
CAND-00498,APP-00512,REQ-00138,CLI-010,REC-012,Office Coordinator,Administrative/Professional,Nashville,TN,hybrid,Contract-to-Hire,5.8,job_board,16.49,18.46,2024-08-25,2024-09-06,2024-09-13,2024-09-16,2024-10-06,,True,False,declined_offer,2024-09-16,15,discovery
CAND-00499,APP-00513,REQ-00052,CLI-011,REC-012,Data Entry Clerk,Administrative/Professional,Austin,TX,onsite,Contract-to-Hire,10.7,referral,20.03,21.92,2024-11-20,2024-12-10,2024-12-27,2024-12-30,2025-01-23,2025-01-23,True,True,joined_on_time,2025-01-23,7,hypothesis_generation
CAND-00500,APP-00514,REQ-00181,CLI-010,REC-009,Data Entry Clerk,Administrative/Professional,Jacksonville,FL,hybrid,W2 Contract,3.3,referral,17.84,20.22,2024-02-01,2024-02-13,2024-02-25,2024-02-25,2024-03-06,2024-03-27,True,True,joined_late,2024-03-27,6,discovery
CAND-00501,APP-00515,REQ-00020,CLI-011,REC-009,Administrative Assistant,Administrative/Professional,Charlotte,NC,onsite,Contract-to-Hire,4.7,job_board,,16.89,2024-11-07,2024-11-20,2024-12-04,2024-12-04,2024-12-27,2024-12-27,True,True,joined_on_time,2024-12-27,7,hypothesis_generation
CAND-00502,APP-00516,REQ-00090,CLI-011,REC-005,Warehouse Associate,Light Industrial,Atlanta,GA,onsite,W2 Contract,2.9,referral,14.69,15.36,2024-12-08,2024-12-20,2024-12-24,2024-12-29,2025-01-05,,True,True,withdrew_post_acceptance,2025-01-05,22,discovery
CAND-00323,APP-00517,REQ-00159,CLI-006,REC-006,Customer Service Representative,Administrative/Professional,Charlotte,NC,hybrid,W2 Contract,6.6,recruiter_sourced,,18.53,2025-05-16,2025-06-06,2025-06-24,2025-06-27,2025-07-12,2025-07-11,True,True,joined_on_time,2025-07-11,8,discovery
CAND-00503,APP-00518,REQ-00021,CLI-009,REC-007,Manufacturing Engineer,Engineering,Columbus,OH,hybrid,Direct Hire,3.3,recruiter_sourced,29.85,32.76,2025-07-02,2025-07-20,2025-07-25,2025-07-30,2025-08-25,,True,True,withdrew_post_acceptance,2025-08-06,5,hypothesis_generation
CAND-00504,APP-00519,REQ-00023,CLI-007,REC-005,Phlebotomist,Healthcare,Dallas,TX,onsite,W2 Contract,3.5,staffing_event,24.09,22.96,2024-12-08,2024-12-13,2024-12-21,2024-12-23,2025-01-08,2025-01-07,True,True,joined_on_time,2025-01-07,10,hypothesis_generation
CAND-00505,APP-00520,REQ-00083,CLI-008,REC-004,QA Tester,IT/Technology,Tucson,AZ,hybrid,Direct Hire,5.0,referral,37.36,45.51,2024-03-16,2024-04-06,2024-04-18,2024-04-20,2024-04-30,,True,False,declined_offer,2024-04-20,20,discovery
CAND-00506,APP-00521,REQ-00117,CLI-004,REC-010,Data Analyst,IT/Technology,Tucson,AZ,remote,Contract-to-Hire,6.1,referral,50.24,55.66,2024-03-04,2024-03-16,2024-03-31,2024-04-05,2024-04-27,2024-04-27,True,True,joined_on_time,2024-04-27,5,discovery
CAND-00507,APP-00522,REQ-00076,CLI-005,REC-009,Machine Operator,Light Industrial,Jacksonville,FL,onsite,Direct Hire,2.7,referral,20.17,19.19,2024-05-23,2024-05-26,2024-06-13,2024-06-19,2024-06-28,2024-06-29,True,True,joined_on_time,2024-06-29,18,discovery
CAND-00508,APP-00523,REQ-00200,CLI-001,REC-009,Warehouse Associate,Light Industrial,Tampa,FL,onsite,Direct Hire,4.0,reapply,,17.23,2025-01-21,2025-02-06,2025-02-09,2025-02-13,2025-02-25,,True,True,withdrew_post_acceptance,2025-02-19,14,discovery
CAND-00509,APP-00524,REQ-00063,CLI-007,REC-005,Certified Nursing Assistant,Healthcare,Dallas,TX,onsite,1099,4.5,career_site,20.77,24.16,2024-07-25,2024-07-30,2024-08-07,2024-08-13,2024-08-30,2024-08-30,True,True,joined_on_time,2024-08-30,11,discovery
CAND-00510,APP-00525,REQ-00229,CLI-003,REC-007,Financial Analyst,Finance/Accounting,Columbus,OH,hybrid,W2 Contract,3.0,referral,36.68,36.83,2024-10-06,2024-10-16,2024-10-21,2024-10-22,2024-11-06,2024-11-05,True,True,joined_on_time,2024-11-05,11,hypothesis_generation
CAND-00511,APP-00526,REQ-00048,CLI-008,REC-010,QA Tester,IT/Technology,Phoenix,AZ,hybrid,Contract-to-Hire,10.9,recruiter_sourced,,61.59,2024-12-07,2024-12-16,2024-12-23,2024-12-25,2025-01-06,,True,True,withdrew_post_acceptance,2024-12-26,11,held_out_test
CAND-00512,APP-00527,REQ-00140,CLI-008,REC-016,DevOps Engineer,IT/Technology,Pittsburgh,PA,onsite,Contract-to-Hire,6.9,career_site,,44.56,2024-07-13,2024-07-31,2024-08-02,2024-08-02,2024-08-14,2024-08-14,True,True,joined_on_time,2024-08-14,13,discovery
CAND-00513,APP-00528,REQ-00047,CLI-006,REC-012,Bookkeeper,Finance/Accounting,Orlando,FL,hybrid,W2 Contract,2.6,referral,26.72,33.1,2025-02-08,2025-02-15,2025-02-24,2025-02-24,2025-03-24,,True,False,declined_offer,2025-02-24,3,held_out_test
CAND-00514,APP-00529,REQ-00090,CLI-011,REC-015,Warehouse Associate,Light Industrial,Atlanta,GA,onsite,W2 Contract,3.9,career_site,,14.31,2025-01-11,2025-01-22,2025-02-08,2025-02-08,2025-02-25,,True,False,declined_offer,2025-02-08,5,discovery
CAND-00515,APP-00530,REQ-00097,CLI-006,REC-009,Financial Analyst,Finance/Accounting,Columbus,OH,hybrid,1099,3.8,reapply,33.13,32.97,2025-02-17,2025-03-05,2025-03-13,2025-03-14,2025-03-26,,True,True,withdrew_post_acceptance,2025-03-17,7,discovery
CAND-00516,APP-00531,REQ-00211,CLI-001,REC-012,Machine Operator,Light Industrial,Austin,TX,onsite,Contract-to-Hire,4.3,job_board,21.23,23.38,2024-05-01,2024-05-07,2024-05-19,2024-05-23,2024-06-11,2024-06-29,True,True,joined_late,2024-06-29,20,discovery
CAND-00517,APP-00532,REQ-00136,CLI-008,REC-004,Business Systems Analyst,IT/Technology,St. Louis,MO,hybrid,W2 Contract,3.5,recruiter_sourced,41.13,39.98,2024-11-19,2024-11-23,2024-11-26,2024-12-01,2024-12-31,2024-12-31,True,True,joined_on_time,2024-12-31,12,discovery
CAND-00518,APP-00533,REQ-00146,CLI-006,REC-009,Administrative Assistant,Administrative/Professional,Raleigh,NC,remote,1099,1.2,recruiter_sourced,20.74,23.18,2025-03-15,2025-03-21,2025-03-30,2025-04-05,2025-04-23,2025-05-08,True,True,joined_late,2025-05-08,9,discovery
CAND-00519,APP-00534,REQ-00118,CLI-006,REC-009,Accounts Payable Clerk,Finance/Accounting,Memphis,TN,onsite,1099,7.0,job_board,,28.27,2024-05-21,2024-05-29,2024-06-14,2024-06-19,2024-07-04,,True,False,declined_offer,2024-06-19,8,discovery
CAND-00520,APP-00535,REQ-00122,CLI-004,REC-006,QA Tester,IT/Technology,Tampa,FL,remote,W2 Contract,3.0,reapply,50.89,52.43,2025-03-25,2025-03-30,2025-04-16,2025-04-19,2025-05-19,2025-05-19,True,True,joined_on_time,2025-05-19,15,held_out_test
CAND-00521,APP-00536,REQ-00101,CLI-011,REC-005,General Laborer,Light Industrial,Chicago,IL,onsite,Contract-to-Hire,1.7,career_site,17.38,17.14,2025-02-06,2025-02-14,2025-02-24,2025-02-28,2025-03-08,2025-03-08,True,True,joined_on_time,2025-03-08,10,hypothesis_generation
CAND-00522,APP-00537,REQ-00144,CLI-006,REC-012,Payroll Specialist,Finance/Accounting,Nashville,TN,hybrid,W2 Contract,5.7,referral,24.91,26.6,2025-01-29,2025-02-15,2025-02-21,2025-02-21,2025-03-15,,True,True,rejected_by_client,2025-02-28,11,discovery
CAND-00523,APP-00538,REQ-00163,CLI-011,REC-015,Shipping/Receiving Clerk,Light Industrial,Orlando,FL,onsite,Direct Hire,5.8,job_board,18.97,20.81,2024-06-04,2024-06-11,2024-06-26,2024-07-02,2024-07-16,2024-07-16,True,True,joined_on_time,2024-07-16,7,discovery
CAND-00524,APP-00539,REQ-00226,CLI-006,REC-009,Bookkeeper,Finance/Accounting,St. Louis,MO,hybrid,W2 Contract,0.8,career_site,25.24,30.68,2025-05-05,2025-05-14,2025-05-18,2025-05-21,2025-06-08,,True,True,accepted_no_show,2025-06-08,6,discovery
CAND-00525,APP-00540,REQ-00065,CLI-003,REC-015,Bookkeeper,Finance/Accounting,Indianapolis,IN,hybrid,Direct Hire,4.3,career_site,30.76,35.18,2024-07-19,2024-07-29,2024-08-02,2024-08-05,2024-08-18,2024-08-29,True,True,joined_late,2024-08-29,22,discovery
CAND-00526,APP-00541,REQ-00085,CLI-008,REC-001,DevOps Engineer,IT/Technology,Memphis,TN,onsite,Direct Hire,2.1,referral,43.35,46.97,2025-02-25,2025-03-11,2025-03-18,2025-03-22,2025-03-31,2025-03-30,True,True,joined_on_time,2025-03-30,9,held_out_test
CAND-00527,APP-00542,REQ-00230,CLI-003,REC-012,Financial Analyst,Finance/Accounting,Houston,TX,hybrid,W2 Contract,6.7,job_board,29.62,31.83,2025-01-29,2025-02-07,2025-02-17,2025-02-19,2025-03-22,2025-03-22,True,True,joined_on_time,2025-03-22,16,held_out_test
CAND-00528,APP-00543,REQ-00008,CLI-001,REC-006,Shipping/Receiving Clerk,Light Industrial,Houston,TX,onsite,W2 Contract,3.0,referral,15.31,17.46,2024-11-15,2024-11-23,2024-12-08,2024-12-14,2024-12-22,2024-12-21,True,True,joined_on_time,2024-12-21,8,discovery
CAND-00529,APP-00544,REQ-00070,CLI-004,REC-004,DevOps Engineer,IT/Technology,Nashville,TN,hybrid,W2 Contract,1.0,recruiter_sourced,30.88,36.22,2025-04-05,2025-04-22,2025-04-26,2025-04-26,2025-05-21,,True,True,accepted_no_show,2025-05-21,17,discovery
CAND-00530,APP-00545,REQ-00095,CLI-001,REC-018,Shipping/Receiving Clerk,Light Industrial,Columbus,OH,onsite,W2 Contract,3.5,referral,16.43,17.93,2024-10-07,2024-10-18,2024-10-22,2024-10-22,2024-11-18,2024-11-17,True,True,joined_on_time,2024-11-17,18,held_out_test
CAND-00531,APP-00546,REQ-00089,CLI-008,REC-010,Software Engineer,IT/Technology,Houston,TX,hybrid,W2 Contract,4.7,career_site,,59.93,2025-05-30,2025-06-03,2025-06-05,2025-06-07,2025-07-01,,True,False,declined_offer,2025-06-07,10,discovery
CAND-00532,APP-00547,REQ-00125,CLI-010,REC-012,Customer Service Representative,Administrative/Professional,Columbus,OH,hybrid,Contract-to-Hire,4.0,staffing_event,20.32,19.33,2024-10-12,2024-11-02,2024-11-09,2024-11-11,2024-11-24,,True,True,withdrew_post_acceptance,2024-11-20,0,discovery
CAND-00533,APP-00548,REQ-00049,CLI-008,REC-010,Systems Administrator,IT/Technology,Milwaukee,WI,hybrid,Direct Hire,5.4,referral,48.06,52.41,2024-10-22,2024-11-02,2024-11-07,2024-11-09,2024-11-18,2024-11-18,True,True,joined_on_time,2024-11-18,11,discovery
CAND-00534,APP-00549,REQ-00076,CLI-005,REC-018,Machine Operator,Light Industrial,Jacksonville,FL,onsite,Direct Hire,1.6,job_board,,17.09,2024-05-21,2024-06-01,2024-06-19,2024-06-21,2024-07-12,2024-07-12,True,True,joined_on_time,2024-07-12,7,held_out_test
CAND-00535,APP-00550,REQ-00181,CLI-010,REC-006,Data Entry Clerk,Administrative/Professional,Jacksonville,FL,hybrid,W2 Contract,6.1,referral,18.17,22.18,2024-02-19,2024-02-28,2024-03-05,2024-03-05,2024-03-22,2024-03-22,True,True,joined_on_time,2024-03-22,15,discovery
CAND-00536,APP-00551,REQ-00047,CLI-006,REC-006,Bookkeeper,Finance/Accounting,Orlando,FL,hybrid,W2 Contract,5.0,job_board,,23.12,2025-01-24,2025-02-11,2025-02-14,2025-02-17,2025-03-07,2025-03-08,True,True,joined_on_time,2025-03-08,1,discovery
CAND-00537,APP-00552,REQ-00070,CLI-004,REC-001,DevOps Engineer,IT/Technology,Nashville,TN,hybrid,W2 Contract,3.1,job_board,58.3,67.73,2025-03-30,2025-04-11,2025-04-18,2025-04-24,2025-05-03,,True,False,declined_offer,2025-04-24,13,discovery
CAND-00538,APP-00553,REQ-00157,CLI-006,REC-015,Receptionist,Administrative/Professional,Dallas,TX,hybrid,1099,0.9,job_board,,23.41,2024-07-22,2024-07-25,2024-08-12,2024-08-18,2024-09-09,,True,True,rejected_by_client,2024-08-24,18,discovery
CAND-00539,APP-00554,REQ-00054,CLI-005,REC-006,Material Handler,Light Industrial,Chicago,IL,onsite,W2 Contract,4.9,job_board,22.28,21.94,2024-07-19,2024-07-31,2024-08-05,2024-08-08,2024-08-26,,True,False,declined_offer,2024-08-08,19,discovery
CAND-00540,APP-00555,REQ-00036,CLI-009,REC-007,Project Engineer,Engineering,Nashville,TN,onsite,Direct Hire,1.0,career_site,43.4,50.14,2024-02-15,2024-03-03,2024-03-13,2024-03-17,2024-04-13,,True,False,declined_offer,2024-03-17,10,discovery
CAND-00541,APP-00556,REQ-00071,CLI-008,REC-016,Business Systems Analyst,IT/Technology,Philadelphia,PA,hybrid,W2 Contract,3.3,recruiter_sourced,38.93,38.51,2025-06-01,2025-06-22,2025-06-28,2025-06-29,2025-07-09,2025-08-01,True,True,joined_late,2025-08-01,16,discovery
CAND-00542,APP-00557,REQ-00071,CLI-008,REC-016,Business Systems Analyst,IT/Technology,Philadelphia,PA,hybrid,W2 Contract,6.6,recruiter_sourced,38.69,43.41,2025-06-11,2025-06-19,2025-06-28,2025-07-04,2025-07-20,,True,False,declined_offer,2025-07-04,9,discovery
CAND-00543,APP-00558,REQ-00047,CLI-006,REC-006,Bookkeeper,Finance/Accounting,Orlando,FL,hybrid,W2 Contract,3.5,job_board,28.05,30.44,2025-01-22,2025-01-29,2025-02-03,2025-02-05,2025-02-28,2025-02-28,True,True,joined_on_time,2025-02-28,13,held_out_test
CAND-00544,APP-00559,REQ-00004,CLI-003,REC-018,AR Specialist,Finance/Accounting,Tampa,FL,hybrid,W2 Contract,4.7,referral,35.49,40.59,2024-07-05,2024-07-24,2024-08-01,2024-08-04,2024-08-25,2024-08-25,True,True,joined_on_time,2024-08-25,13,discovery
CAND-00545,APP-00560,REQ-00128,CLI-010,REC-003,Customer Service Representative,Administrative/Professional,Houston,TX,hybrid,Direct Hire,5.8,referral,19.75,20.34,2024-12-24,2025-01-09,2025-01-13,2025-01-13,2025-02-08,,True,True,accepted_no_show,2025-02-08,10,discovery
CAND-00546,APP-00561,REQ-00173,CLI-006,REC-018,Administrative Assistant,Administrative/Professional,Cincinnati,OH,hybrid,W2 Contract,1.2,referral,,23.62,2025-07-06,2025-07-25,2025-08-12,2025-08-12,2025-08-31,,True,False,declined_offer,2025-08-12,13,discovery
CAND-00547,APP-00562,REQ-00035,CLI-005,REC-012,Forklift Operator,Light Industrial,Chicago,IL,onsite,Contract-to-Hire,4.5,referral,13.71,15.25,2024-03-31,2024-04-10,2024-04-28,2024-05-01,2024-05-17,,True,True,withdrew_post_acceptance,2024-05-03,0,discovery
CAND-00548,APP-00563,REQ-00057,CLI-003,REC-015,AR Specialist,Finance/Accounting,Nashville,TN,hybrid,1099,5.1,recruiter_sourced,24.24,27.02,2024-07-09,2024-07-30,2024-08-09,2024-08-11,2024-08-27,2024-09-17,True,True,joined_late,2024-09-17,10,discovery
CAND-00549,APP-00564,REQ-00180,CLI-002,REC-002,Certified Nursing Assistant,Healthcare,Jacksonville,FL,remote,W2 Contract,6.7,job_board,30.03,35.77,2024-09-03,2024-09-18,2024-09-21,2024-09-21,2024-10-14,,True,True,withdrew_post_acceptance,2024-10-14,8,hypothesis_generation
CAND-00550,APP-00565,REQ-00072,CLI-002,REC-017,Medical Assistant,Healthcare,Charlotte,NC,onsite,Contract-to-Hire,3.5,recruiter_sourced,,30.23,2024-12-30,2025-01-07,2025-01-15,2025-01-16,2025-01-27,,True,True,rejected_by_client,2025-01-26,9,discovery
CAND-00551,APP-00566,REQ-00130,CLI-011,REC-012,HR Coordinator,Administrative/Professional,Austin,TX,onsite,Contract-to-Hire,0.5,recruiter_sourced,18.85,22.53,2025-04-02,2025-04-20,2025-05-06,2025-05-11,2025-05-28,,True,True,withdrew_post_acceptance,2025-05-27,11,held_out_test
CAND-00552,APP-00567,REQ-00202,CLI-004,REC-016,Software Engineer,IT/Technology,Houston,TX,onsite,W2 Contract,2.8,referral,34.01,37.4,2025-05-28,2025-06-02,2025-06-08,2025-06-09,2025-06-18,,True,False,declined_offer,2025-06-09,13,discovery
CAND-00553,APP-00568,REQ-00148,CLI-004,REC-016,Data Analyst,IT/Technology,Philadelphia,PA,remote,1099,9.6,recruiter_sourced,55.05,53.83,2024-02-07,2024-02-17,2024-03-03,2024-03-09,2024-04-02,2024-04-22,True,True,joined_late,2024-04-22,7,discovery
CAND-00554,APP-00569,REQ-00162,CLI-005,REC-012,General Laborer,Light Industrial,Charlotte,NC,onsite,Contract-to-Hire,1.2,job_board,20.74,22.21,2025-01-27,2025-02-03,2025-02-19,2025-02-22,2025-03-16,2025-03-15,True,True,joined_on_time,2025-03-15,6,discovery
CAND-00555,APP-00570,REQ-00104,CLI-002,REC-001,Pharmacy Technician,Healthcare,Philadelphia,PA,onsite,Contract-to-Hire,4.7,job_board,35.92,35.75,2025-02-09,2025-02-24,2025-02-27,2025-03-01,2025-03-09,,True,True,accepted_no_show,2025-03-09,24,discovery
CAND-00556,APP-00571,REQ-00168,CLI-004,REC-010,Business Systems Analyst,IT/Technology,Houston,TX,remote,1099,1.4,referral,35.52,42.1,2025-03-24,2025-04-05,2025-04-08,2025-04-11,2025-04-30,2025-05-18,True,True,joined_late,2025-05-18,5,discovery
CAND-00557,APP-00572,REQ-00031,CLI-001,REC-006,Shipping/Receiving Clerk,Light Industrial,Memphis,TN,onsite,W2 Contract,15.0,job_board,17.3,19.24,2025-06-06,2025-06-26,2025-06-30,2025-07-02,2025-07-30,2025-07-30,True,True,joined_on_time,2025-07-30,11,hypothesis_generation
CAND-00558,APP-00573,REQ-00230,CLI-003,REC-009,Financial Analyst,Finance/Accounting,Houston,TX,hybrid,W2 Contract,7.3,career_site,25.72,27.77,2025-02-06,2025-02-22,2025-02-24,2025-02-25,2025-03-15,,True,True,withdrew_post_acceptance,2025-03-04,12,hypothesis_generation
CAND-00559,APP-00574,REQ-00143,CLI-003,REC-006,Financial Analyst,Finance/Accounting,Charlotte,NC,remote,1099,1.0,career_site,40.11,39.22,2025-06-27,2025-07-14,2025-07-20,2025-07-22,2025-08-22,,True,True,accepted_no_show,2025-08-22,12,hypothesis_generation
CAND-00560,APP-00575,REQ-00133,CLI-007,REC-017,Medical Coder,Healthcare,Pittsburgh,PA,onsite,1099,7.1,reapply,30.68,33.42,2024-03-06,2024-03-14,2024-03-22,2024-03-24,2024-04-23,,True,False,declined_offer,2024-03-24,10,discovery
CAND-00561,APP-00576,REQ-00168,CLI-004,REC-004,Business Systems Analyst,IT/Technology,Houston,TX,remote,1099,2.5,referral,41.14,46.33,2025-02-25,2025-03-13,2025-03-30,2025-04-01,2025-04-16,2025-04-16,True,True,joined_on_time,2025-04-16,9,discovery
CAND-00562,APP-00577,REQ-00052,CLI-011,REC-009,Data Entry Clerk,Administrative/Professional,Austin,TX,onsite,Contract-to-Hire,18.7,referral,16.37,17.03,2024-11-06,2024-11-25,2024-11-28,2024-12-04,2024-12-10,,True,True,withdrew_post_acceptance,2024-12-07,8,discovery
CAND-00563,APP-00578,REQ-00146,CLI-006,REC-003,Administrative Assistant,Administrative/Professional,Raleigh,NC,remote,1099,6.9,job_board,21.33,21.33,2025-03-02,2025-03-16,2025-03-19,2025-03-25,2025-04-15,2025-04-15,True,True,joined_on_time,2025-04-15,10,discovery
CAND-00564,APP-00579,REQ-00128,CLI-010,REC-018,Customer Service Representative,Administrative/Professional,Houston,TX,hybrid,Direct Hire,6.3,referral,20.02,22.58,2025-01-02,2025-01-06,2025-01-22,2025-01-28,2025-02-15,2025-02-21,True,True,joined_late,2025-02-21,4,held_out_test
CAND-00565,APP-00580,REQ-00086,CLI-002,REC-013,Registered Nurse,Healthcare,Phoenix,AZ,onsite,W2 Contract,3.2,reapply,,34.23,2025-04-18,2025-05-08,2025-05-11,2025-05-15,2025-05-24,2025-05-24,True,True,joined_on_time,2025-05-24,8,discovery
CAND-00566,APP-00581,REQ-00068,CLI-002,REC-008,Pharmacy Technician,Healthcare,Milwaukee,WI,onsite,Contract-to-Hire,3.3,referral,37.76,44.91,2024-11-21,2024-12-09,2024-12-14,2024-12-15,2025-01-13,2025-01-13,True,True,joined_on_time,2025-01-13,3,held_out_test
CAND-00567,APP-00582,REQ-00223,CLI-001,REC-003,Machine Operator,Light Industrial,Memphis,TN,onsite,Direct Hire,4.3,staffing_event,16.82,19.51,2024-03-16,2024-03-19,2024-03-28,2024-04-03,2024-05-02,2024-05-20,True,True,joined_late,2024-05-20,1,discovery
CAND-00568,APP-00583,REQ-00051,CLI-006,REC-003,Executive Assistant,Administrative/Professional,Milwaukee,WI,hybrid,W2 Contract,1.5,referral,24.51,25.84,2025-07-04,2025-07-14,2025-07-20,2025-07-26,2025-08-23,2025-08-24,True,True,joined_on_time,2025-08-24,0,hypothesis_generation
CAND-00569,APP-00584,REQ-00001,CLI-004,REC-004,Software Engineer,IT/Technology,Atlanta,GA,remote,W2 Contract,12.5,career_site,,55.37,2024-05-15,2024-06-03,2024-06-16,2024-06-16,2024-07-10,2024-07-10,True,True,joined_on_time,2024-07-10,10,discovery
CAND-00570,APP-00585,REQ-00211,CLI-001,REC-003,Machine Operator,Light Industrial,Austin,TX,onsite,Contract-to-Hire,2.2,staffing_event,18.96,19.04,2024-04-19,2024-04-23,2024-05-07,2024-05-13,2024-05-18,,True,False,declined_offer,2024-05-13,5,discovery
CAND-00571,APP-00586,REQ-00207,CLI-002,REC-014,Pharmacy Technician,Healthcare,Austin,TX,onsite,1099,4.4,staffing_event,35.17,40.38,2024-04-11,2024-04-30,2024-05-11,2024-05-14,2024-06-02,,True,False,declined_offer,2024-05-14,2,discovery
CAND-00572,APP-00587,REQ-00181,CLI-010,REC-008,Data Entry Clerk,Administrative/Professional,Jacksonville,FL,hybrid,W2 Contract,2.6,career_site,18.85,19.65,2024-02-11,2024-02-22,2024-03-11,2024-03-15,2024-03-25,2024-03-25,True,True,joined_on_time,2024-03-25,12,discovery
CAND-00573,APP-00588,REQ-00004,CLI-003,REC-015,AR Specialist,Finance/Accounting,Tampa,FL,hybrid,W2 Contract,6.1,referral,25.06,27.24,2024-07-22,2024-08-06,2024-08-14,2024-08-16,2024-08-26,,True,False,declined_offer,2024-08-16,7,discovery
CAND-00574,APP-00589,REQ-00040,CLI-010,REC-012,Executive Assistant,Administrative/Professional,Charlotte,NC,hybrid,W2 Contract,3.6,recruiter_sourced,18.03,20.81,2024-03-16,2024-03-25,2024-03-29,2024-04-02,2024-04-25,2024-04-25,True,True,joined_on_time,2024-04-25,11,discovery
CAND-00538,APP-00590,REQ-00220,CLI-008,REC-001,Network Administrator,IT/Technology,Philadelphia,PA,hybrid,Contract-to-Hire,1.0,job_board,34.28,38.24,2024-12-18,2024-12-30,2025-01-14,2025-01-18,2025-01-27,2025-01-26,True,True,joined_on_time,2025-01-26,16,discovery
CAND-00575,APP-00591,REQ-00009,CLI-001,REC-001,General Laborer,Light Industrial,Jacksonville,FL,hybrid,W2 Contract,3.1,recruiter_sourced,16.45,20.43,2025-02-14,2025-02-20,2025-03-08,2025-03-10,2025-04-05,2025-04-04,True,True,joined_on_time,2025-04-04,10,discovery
CAND-00576,APP-00592,REQ-00081,CLI-003,REC-018,Senior Accountant,Finance/Accounting,Jacksonville,FL,hybrid,W2 Contract,2.9,referral,,39.97,2024-11-29,2024-12-19,2024-12-28,2024-12-30,2025-01-16,,True,True,withdrew_post_acceptance,2025-01-09,8,held_out_test
CAND-00577,APP-00593,REQ-00229,CLI-003,REC-018,Financial Analyst,Finance/Accounting,Columbus,OH,hybrid,W2 Contract,4.0,job_board,23.02,25.24,2024-10-05,2024-10-14,2024-10-27,2024-10-30,2024-11-09,,True,False,declined_offer,2024-10-30,1,hypothesis_generation
CAND-00578,APP-00594,REQ-00030,CLI-006,REC-012,Administrative Assistant,Administrative/Professional,Indianapolis,IN,hybrid,Direct Hire,16.5,recruiter_sourced,23.21,21.91,2024-08-15,2024-08-24,2024-09-09,2024-09-09,2024-09-30,,True,False,declined_offer,2024-09-09,9,held_out_test
CAND-00579,APP-00595,REQ-00075,CLI-009,REC-013,Quality Engineer,Engineering,St. Louis,MO,onsite,Direct Hire,4.1,career_site,32.63,38.68,2025-02-27,2025-03-15,2025-03-31,2025-04-05,2025-04-25,2025-04-25,True,True,joined_on_time,2025-04-25,15,discovery
CAND-00580,APP-00596,REQ-00058,CLI-005,REC-009,Project Engineer,Engineering,Tampa,FL,onsite,Direct Hire,5.6,recruiter_sourced,36.67,44.66,2024-02-08,2024-02-27,2024-03-16,2024-03-16,2024-04-17,2024-04-17,True,True,joined_on_time,2024-04-17,4,discovery
CAND-00581,APP-00597,REQ-00137,CLI-009,REC-016,Electrical Engineer,Engineering,Philadelphia,PA,hybrid,W2 Contract,1.6,recruiter_sourced,,37.0,2024-10-12,2024-10-28,2024-11-02,2024-11-02,2024-11-23,,True,False,declined_offer,2024-11-02,0,held_out_test
CAND-00582,APP-00598,REQ-00147,CLI-003,REC-015,Senior Accountant,Finance/Accounting,St. Louis,MO,hybrid,1099,3.1,recruiter_sourced,35.07,35.38,2024-06-06,2024-06-18,2024-07-05,2024-07-05,2024-08-09,,True,True,withdrew_post_acceptance,2024-07-15,11,discovery
CAND-00583,APP-00599,REQ-00158,CLI-010,REC-003,Customer Service Representative,Administrative/Professional,Phoenix,AZ,hybrid,Contract-to-Hire,9.4,career_site,18.11,21.83,2025-04-03,2025-04-21,2025-04-23,2025-04-23,2025-05-20,,True,True,withdrew_post_acceptance,2025-05-05,10,discovery
CAND-00584,APP-00600,REQ-00044,CLI-010,REC-012,Receptionist,Administrative/Professional,Memphis,TN,hybrid,W2 Contract,7.8,recruiter_sourced,,15.17,2024-10-18,2024-11-02,2024-11-19,2024-11-25,2024-12-22,,True,True,withdrew_post_acceptance,2024-12-22,13,discovery
CAND-00585,APP-00601,REQ-00076,CLI-005,REC-015,Machine Operator,Light Industrial,Jacksonville,FL,onsite,Direct Hire,3.9,referral,19.1,21.79,2024-05-22,2024-06-04,2024-06-08,2024-06-14,2024-07-07,2024-07-08,True,True,joined_on_time,2024-07-08,16,discovery
CAND-00586,APP-00602,REQ-00184,CLI-009,REC-010,Mechanical Engineer,Engineering,Tampa,FL,onsite,W2 Contract,6.0,staffing_event,,52.16,2025-03-14,2025-03-25,2025-03-29,2025-04-04,2025-04-13,,True,True,rejected_by_client,2025-04-05,21,discovery
CAND-00587,APP-00603,REQ-00024,CLI-009,REC-013,Mechanical Engineer,Engineering,Jacksonville,FL,onsite,W2 Contract,4.1,recruiter_sourced,40.17,48.49,2025-06-27,2025-07-17,2025-07-20,2025-07-24,2025-08-15,2025-08-15,True,True,joined_on_time,2025-08-15,16,discovery
CAND-00588,APP-00604,REQ-00146,CLI-006,REC-003,Administrative Assistant,Administrative/Professional,Raleigh,NC,remote,1099,1.6,job_board,17.13,18.52,2025-03-05,2025-03-14,2025-03-23,2025-03-29,2025-04-24,,True,True,withdrew_post_acceptance,2025-04-17,13,discovery
CAND-00589,APP-00605,REQ-00208,CLI-003,REC-012,Accounts Payable Clerk,Finance/Accounting,Charlotte,NC,onsite,Direct Hire,4.9,career_site,26.48,30.95,2024-11-28,2024-12-14,2024-12-21,2024-12-24,2024-12-31,2025-01-01,True,True,joined_on_time,2025-01-01,17,held_out_test
CAND-00590,APP-00606,REQ-00078,CLI-001,REC-003,General Laborer,Light Industrial,Columbus,OH,onsite,Direct Hire,7.7,recruiter_sourced,14.88,16.64,2024-12-01,2024-12-09,2024-12-19,2024-12-25,2024-12-31,2024-12-31,True,True,joined_on_time,2024-12-31,5,discovery
CAND-00591,APP-00607,REQ-00225,CLI-006,REC-018,Staff Accountant,Finance/Accounting,Philadelphia,PA,hybrid,Direct Hire,5.2,staffing_event,33.06,35.45,2025-01-30,2025-02-03,2025-02-14,2025-02-17,2025-02-27,2025-02-27,True,True,joined_on_time,2025-02-27,16,hypothesis_generation
CAND-00592,APP-00608,REQ-00158,CLI-010,REC-009,Customer Service Representative,Administrative/Professional,Phoenix,AZ,hybrid,Contract-to-Hire,1.2,job_board,21.15,25.31,2025-03-22,2025-04-12,2025-04-21,2025-04-24,2025-05-17,2025-05-18,True,True,joined_on_time,2025-05-18,4,discovery
CAND-00593,APP-00609,REQ-00148,CLI-004,REC-007,Data Analyst,IT/Technology,Philadelphia,PA,remote,1099,4.1,recruiter_sourced,59.74,71.83,2024-02-19,2024-02-22,2024-03-08,2024-03-13,2024-03-25,2024-03-28,True,True,joined_late,2024-03-28,15,discovery
CAND-00594,APP-00610,REQ-00110,CLI-002,REC-005,Certified Nursing Assistant,Healthcare,Phoenix,AZ,hybrid,W2 Contract,2.1,reapply,33.02,33.12,2024-10-09,2024-10-25,2024-11-10,2024-11-10,2024-12-10,2024-12-11,True,True,joined_on_time,2024-12-11,24,discovery
CAND-00595,APP-00611,REQ-00094,CLI-001,REC-009,Forklift Operator,Light Industrial,Orlando,FL,remote,W2 Contract,6.0,reapply,17.49,21.39,2024-05-24,2024-06-09,2024-06-25,2024-06-25,2024-07-05,,True,True,withdrew_post_acceptance,2024-07-03,23,discovery
CAND-00596,APP-00612,REQ-00019,CLI-011,REC-002,Shipping/Receiving Clerk,Light Industrial,Columbus,OH,onsite,Contract-to-Hire,2.0,staffing_event,15.65,18.13,2024-11-15,2024-12-03,2024-12-13,2024-12-17,2024-12-31,,True,False,declined_offer,2024-12-17,11,held_out_test
CAND-00597,APP-00613,REQ-00112,CLI-001,REC-004,Forklift Operator,Light Industrial,Pittsburgh,PA,onsite,Contract-to-Hire,4.9,career_site,17.92,20.34,2025-07-18,2025-08-06,2025-08-17,2025-08-17,2025-09-01,2025-09-02,True,True,joined_on_time,2025-09-02,8,held_out_test
CAND-00598,APP-00614,REQ-00016,CLI-003,REC-003,Financial Analyst,Finance/Accounting,Jacksonville,FL,onsite,Contract-to-Hire,2.2,career_site,32.48,34.44,2024-04-15,2024-04-26,2024-05-11,2024-05-12,2024-06-09,2024-06-28,True,True,joined_late,2024-06-28,9,discovery
CAND-00599,APP-00615,REQ-00018,CLI-008,REC-015,DevOps Engineer,IT/Technology,Tucson,AZ,hybrid,Contract-to-Hire,6.8,career_site,47.49,50.94,2024-11-01,2024-11-18,2024-11-28,2024-11-29,2024-12-29,2024-12-29,True,True,joined_on_time,2024-12-29,12,discovery
CAND-00600,APP-00616,REQ-00190,CLI-010,REC-015,HR Coordinator,Administrative/Professional,Indianapolis,IN,hybrid,Contract-to-Hire,3.8,job_board,,18.33,2025-05-04,2025-05-22,2025-05-24,2025-05-24,2025-06-24,2025-07-02,True,True,joined_late,2025-07-02,4,held_out_test
CAND-00601,APP-00617,REQ-00078,CLI-001,REC-012,General Laborer,Light Industrial,Columbus,OH,onsite,Direct Hire,2.4,referral,18.01,20.71,2025-01-05,2025-01-22,2025-01-27,2025-01-29,2025-02-18,2025-03-12,True,True,joined_late,2025-03-12,8,discovery
CAND-00602,APP-00618,REQ-00111,CLI-006,REC-018,Senior Accountant,Finance/Accounting,Orlando,FL,hybrid,Direct Hire,4.6,recruiter_sourced,,34.34,2024-07-20,2024-08-06,2024-08-08,2024-08-09,2024-09-10,,True,True,withdrew_post_acceptance,2024-08-11,7,discovery
CAND-00603,APP-00619,REQ-00126,CLI-005,REC-004,Mechanical Engineer,Engineering,Austin,TX,onsite,W2 Contract,4.8,referral,49.01,51.71,2024-12-05,2024-12-15,2024-12-24,2024-12-27,2025-01-14,,True,True,withdrew_post_acceptance,2024-12-29,15,held_out_test
CAND-00604,APP-00620,REQ-00088,CLI-004,REC-001,DevOps Engineer,IT/Technology,Tampa,FL,onsite,1099,1.0,recruiter_sourced,,48.99,2024-03-13,2024-04-03,2024-04-21,2024-04-24,2024-05-06,2024-05-07,True,True,joined_on_time,2024-05-07,11,held_out_test
CAND-00605,APP-00621,REQ-00036,CLI-009,REC-001,Project Engineer,Engineering,Nashville,TN,onsite,Direct Hire,4.8,job_board,40.14,42.02,2024-02-05,2024-02-15,2024-03-04,2024-03-09,2024-04-08,2024-04-08,True,True,joined_on_time,2024-04-08,17,discovery
CAND-00606,APP-00622,REQ-00206,CLI-006,REC-018,AR Specialist,Finance/Accounting,Indianapolis,IN,hybrid,Contract-to-Hire,1.2,job_board,35.24,37.23,2024-11-30,2024-12-17,2024-12-19,2024-12-22,2025-01-18,,True,True,withdrew_post_acceptance,2025-01-13,24,hypothesis_generation
CAND-00607,APP-00623,REQ-00123,CLI-009,REC-014,Process Engineer,Engineering,Kansas City,MO,onsite,W2 Contract,3.4,recruiter_sourced,,41.59,2024-11-16,2024-11-27,2024-12-02,2024-12-07,2024-12-28,2024-12-28,True,True,joined_on_time,2024-12-28,11,discovery
CAND-00608,APP-00624,REQ-00108,CLI-007,REC-017,Phlebotomist,Healthcare,Philadelphia,PA,onsite,W2 Contract,5.2,career_site,30.76,31.03,2025-03-12,2025-03-25,2025-03-27,2025-03-30,2025-04-12,2025-04-12,True,True,joined_on_time,2025-04-12,13,hypothesis_generation
CAND-00609,APP-00625,REQ-00060,CLI-008,REC-016,Data Analyst,IT/Technology,Tucson,AZ,hybrid,W2 Contract,2.3,recruiter_sourced,52.58,60.82,2025-06-04,2025-06-14,2025-06-22,2025-06-23,2025-07-12,,True,True,rejected_by_client,2025-07-03,14,hypothesis_generation
CAND-00610,APP-00626,REQ-00015,CLI-001,REC-003,Forklift Operator,Light Industrial,Nashville,TN,onsite,Direct Hire,2.1,referral,19.27,22.83,2025-03-20,2025-04-02,2025-04-12,2025-04-13,2025-04-25,,True,True,accepted_no_show,2025-04-25,21,discovery
CAND-00611,APP-00627,REQ-00184,CLI-009,REC-001,Mechanical Engineer,Engineering,Tampa,FL,onsite,W2 Contract,6.0,reapply,,35.35,2025-04-14,2025-05-01,2025-05-06,2025-05-11,2025-05-30,2025-06-20,True,True,joined_late,2025-06-20,1,held_out_test
CAND-00612,APP-00628,REQ-00045,CLI-007,REC-002,Certified Nursing Assistant,Healthcare,Jacksonville,FL,onsite,W2 Contract,1.3,job_board,27.21,26.91,2024-12-22,2025-01-08,2025-01-11,2025-01-13,2025-02-09,,True,True,accepted_no_show,2025-02-09,0,discovery
CAND-00613,APP-00629,REQ-00013,CLI-007,REC-002,Pharmacy Technician,Healthcare,Houston,TX,onsite,1099,1.3,job_board,25.22,30.42,2024-12-28,2025-01-12,2025-01-17,2025-01-21,2025-02-20,2025-02-20,True,True,joined_on_time,2025-02-20,0,discovery
CAND-00614,APP-00630,REQ-00049,CLI-008,REC-010,Systems Administrator,IT/Technology,Milwaukee,WI,hybrid,Direct Hire,10.5,career_site,49.16,53.32,2024-10-29,2024-11-11,2024-11-13,2024-11-16,2024-12-09,2024-12-09,True,True,joined_on_time,2024-12-09,3,discovery
CAND-00069,APP-00631,REQ-00226,CLI-006,REC-003,Bookkeeper,Finance/Accounting,St. Louis,MO,hybrid,W2 Contract,3.8,reapply,26.99,29.5,2025-05-05,2025-05-26,2025-06-01,2025-06-06,2025-06-27,,True,True,accepted_no_show,2025-06-27,7,discovery
CAND-00615,APP-00632,REQ-00041,CLI-002,REC-011,Registered Nurse,Healthcare,Austin,TX,onsite,Contract-to-Hire,1.7,job_board,25.55,27.39,2024-07-13,2024-07-17,2024-07-20,2024-07-21,2024-08-08,2024-08-29,True,True,joined_late,2024-08-29,8,discovery
CAND-00616,APP-00633,REQ-00048,CLI-008,REC-007,QA Tester,IT/Technology,Phoenix,AZ,hybrid,Contract-to-Hire,12.1,reapply,45.9,50.34,2024-12-14,2024-12-26,2025-01-07,2025-01-09,2025-01-28,2025-01-27,True,True,joined_on_time,2025-01-27,2,discovery
CAND-00617,APP-00634,REQ-00111,CLI-006,REC-003,Senior Accountant,Finance/Accounting,Orlando,FL,hybrid,Direct Hire,3.0,career_site,34.93,37.88,2024-08-17,2024-08-26,2024-09-03,2024-09-08,2024-09-19,,True,False,declined_offer,2024-09-08,2,held_out_test
CAND-00618,APP-00635,REQ-00069,CLI-010,REC-006,Executive Assistant,Administrative/Professional,Chicago,IL,hybrid,W2 Contract,2.8,referral,15.65,17.7,2024-08-15,2024-08-28,2024-09-09,2024-09-13,2024-09-28,2024-09-28,True,True,joined_on_time,2024-09-28,3,discovery
CAND-00619,APP-00636,REQ-00154,CLI-010,REC-012,Office Coordinator,Administrative/Professional,Phoenix,AZ,hybrid,W2 Contract,7.2,recruiter_sourced,,16.65,2025-03-04,2025-03-14,2025-03-23,2025-03-26,2025-04-21,,True,True,withdrew_post_acceptance,2025-04-02,12,hypothesis_generation
CAND-00620,APP-00637,REQ-00218,CLI-007,REC-017,Radiology Technician,Healthcare,Kansas City,MO,onsite,Direct Hire,3.6,job_board,,34.94,2024-04-17,2024-05-01,2024-05-03,2024-05-03,2024-05-24,,True,True,accepted_no_show,2024-05-24,28,hypothesis_generation
CAND-00621,APP-00638,REQ-00192,CLI-008,REC-004,Business Systems Analyst,IT/Technology,Jacksonville,FL,hybrid,Direct Hire,6.4,referral,,51.25,2025-03-01,2025-03-15,2025-03-18,2025-03-18,2025-04-03,,True,True,rejected_by_client,2025-03-25,8,discovery
CAND-00622,APP-00639,REQ-00043,CLI-008,REC-007,Data Analyst,IT/Technology,Memphis,TN,hybrid,Contract-to-Hire,10.2,career_site,51.54,58.64,2024-04-19,2024-04-28,2024-04-30,2024-05-01,2024-05-18,,True,False,declined_offer,2024-05-01,7,discovery
CAND-00136,APP-00640,REQ-00079,CLI-005,REC-018,Material Handler,Light Industrial,Indianapolis,IN,onsite,1099,5.2,referral,,20.59,2025-04-30,2025-05-13,2025-05-21,2025-05-23,2025-06-14,,True,True,withdrew_post_acceptance,2025-05-31,14,discovery
CAND-00623,APP-00641,REQ-00213,CLI-009,REC-016,Mechanical Engineer,Engineering,Tucson,AZ,onsite,W2 Contract,1.1,staffing_event,,44.48,2025-05-24,2025-06-09,2025-06-13,2025-06-13,2025-06-27,2025-06-27,True,True,joined_on_time,2025-06-27,14,discovery
CAND-00624,APP-00642,REQ-00029,CLI-009,REC-013,Mechanical Engineer,Engineering,Houston,TX,onsite,W2 Contract,5.5,recruiter_sourced,36.55,39.68,2024-03-01,2024-03-11,2024-03-14,2024-03-20,2024-04-12,2024-04-13,True,True,joined_on_time,2024-04-13,13,held_out_test
CAND-00625,APP-00643,REQ-00050,CLI-003,REC-006,Staff Accountant,Finance/Accounting,Nashville,TN,hybrid,W2 Contract,6.9,referral,24.61,28.12,2024-08-11,2024-08-18,2024-09-05,2024-09-09,2024-09-30,2024-09-30,True,True,joined_on_time,2024-09-30,6,discovery
CAND-00626,APP-00644,REQ-00199,CLI-006,REC-018,Administrative Assistant,Administrative/Professional,Atlanta,GA,hybrid,Direct Hire,7.4,recruiter_sourced,18.13,17.68,2024-02-11,2024-03-01,2024-03-14,2024-03-17,2024-04-09,,True,False,declined_offer,2024-03-17,24,held_out_test
CAND-00627,APP-00645,REQ-00126,CLI-005,REC-016,Mechanical Engineer,Engineering,Austin,TX,onsite,W2 Contract,3.7,recruiter_sourced,,38.23,2024-12-10,2024-12-28,2025-01-07,2025-01-11,2025-01-29,,True,False,declined_offer,2025-01-11,22,discovery
CAND-00628,APP-00646,REQ-00109,CLI-009,REC-004,Electrical Engineer,Engineering,Milwaukee,WI,onsite,Contract-to-Hire,2.4,recruiter_sourced,35.72,42.14,2025-01-04,2025-01-13,2025-01-24,2025-01-27,2025-02-15,,True,False,declined_offer,2025-01-27,11,discovery
CAND-00629,APP-00647,REQ-00222,CLI-011,REC-009,Administrative Assistant,Administrative/Professional,Austin,TX,onsite,W2 Contract,2.1,referral,14.8,16.76,2024-04-15,2024-05-04,2024-05-17,2024-05-18,2024-06-14,,True,True,accepted_no_show,2024-06-14,13,held_out_test
CAND-00630,APP-00648,REQ-00071,CLI-008,REC-010,Business Systems Analyst,IT/Technology,Philadelphia,PA,hybrid,W2 Contract,1.6,recruiter_sourced,59.01,56.96,2025-05-31,2025-06-13,2025-06-23,2025-06-26,2025-07-03,2025-07-03,True,True,joined_on_time,2025-07-03,6,discovery
CAND-00631,APP-00649,REQ-00031,CLI-001,REC-018,Shipping/Receiving Clerk,Light Industrial,Memphis,TN,onsite,W2 Contract,1.6,job_board,20.32,24.01,2025-05-09,2025-05-29,2025-06-02,2025-06-08,2025-06-20,,True,True,withdrew_post_acceptance,2025-06-12,10,hypothesis_generation
CAND-00632,APP-00650,REQ-00149,CLI-004,REC-007,DevOps Engineer,IT/Technology,St. Louis,MO,onsite,Contract-to-Hire,1.8,recruiter_sourced,48.55,49.24,2024-10-15,2024-10-26,2024-11-06,2024-11-11,2024-12-10,,True,True,withdrew_post_acceptance,2024-12-03,9,discovery
CAND-00633,APP-00651,REQ-00049,CLI-008,REC-014,Systems Administrator,IT/Technology,Milwaukee,WI,hybrid,Direct Hire,4.4,staffing_event,,60.6,2024-11-09,2024-11-29,2024-12-09,2024-12-09,2025-01-12,2025-01-12,True,True,joined_on_time,2025-01-12,0,discovery
CAND-00634,APP-00652,REQ-00060,CLI-008,REC-010,Data Analyst,IT/Technology,Tucson,AZ,hybrid,W2 Contract,6.3,referral,48.9,57.27,2025-05-28,2025-06-16,2025-06-22,2025-06-28,2025-07-14,2025-07-14,True,True,joined_on_time,2025-07-14,4,discovery
CAND-00635,APP-00653,REQ-00188,CLI-007,REC-011,Medical Assistant,Healthcare,Pittsburgh,PA,hybrid,W2 Contract,6.2,reapply,28.12,28.63,2024-05-04,2024-05-21,2024-06-02,2024-06-08,2024-06-14,2024-06-14,True,True,joined_on_time,2024-06-14,6,discovery
CAND-00636,APP-00654,REQ-00215,CLI-002,REC-006,Medical Coder,Healthcare,Charlotte,NC,onsite,W2 Contract,2.1,recruiter_sourced,43.57,41.88,2024-08-09,2024-08-29,2024-08-31,2024-09-02,2024-09-14,,True,False,declined_offer,2024-09-02,17,hypothesis_generation
CAND-00637,APP-00655,REQ-00213,CLI-009,REC-007,Mechanical Engineer,Engineering,Tucson,AZ,onsite,W2 Contract,3.3,recruiter_sourced,46.02,52.14,2025-04-21,2025-05-05,2025-05-17,2025-05-18,2025-06-09,,True,False,declined_offer,2025-05-18,14,discovery
CAND-00638,APP-00656,REQ-00105,CLI-007,REC-017,Registered Nurse,Healthcare,Pittsburgh,PA,onsite,Contract-to-Hire,8.2,referral,23.8,25.38,2025-01-23,2025-01-27,2025-02-02,2025-02-03,2025-02-22,2025-02-23,True,True,joined_on_time,2025-02-23,1,discovery
CAND-00639,APP-00657,REQ-00175,CLI-011,REC-012,HR Coordinator,Administrative/Professional,Cincinnati,OH,remote,W2 Contract,8.0,job_board,22.52,21.56,2025-06-15,2025-07-03,2025-07-08,2025-07-10,2025-08-05,2025-08-05,True,True,joined_on_time,2025-08-05,10,held_out_test
CAND-00640,APP-00658,REQ-00061,CLI-004,REC-001,Systems Administrator,IT/Technology,Jacksonville,FL,remote,Direct Hire,3.2,recruiter_sourced,62.26,66.05,2025-04-01,2025-04-19,2025-04-21,2025-04-22,2025-05-07,,True,False,declined_offer,2025-04-22,8,discovery
CAND-00641,APP-00659,REQ-00109,CLI-009,REC-007,Electrical Engineer,Engineering,Milwaukee,WI,onsite,Contract-to-Hire,2.7,referral,53.9,52.0,2025-01-10,2025-01-14,2025-01-27,2025-01-31,2025-02-06,2025-02-06,True,True,joined_on_time,2025-02-06,7,discovery
CAND-00642,APP-00660,REQ-00182,CLI-011,REC-012,Data Entry Clerk,Administrative/Professional,Cincinnati,OH,remote,W2 Contract,3.4,job_board,20.65,22.64,2024-07-09,2024-07-14,2024-07-28,2024-08-03,2024-08-13,,True,True,accepted_no_show,2024-08-13,16,hypothesis_generation
CAND-00643,APP-00661,REQ-00202,CLI-004,REC-007,Software Engineer,IT/Technology,Houston,TX,onsite,W2 Contract,4.8,referral,59.55,72.58,2025-05-29,2025-06-19,2025-06-30,2025-07-04,2025-07-16,2025-07-17,True,True,joined_on_time,2025-07-17,3,discovery
CAND-00644,APP-00662,REQ-00135,CLI-010,REC-009,Receptionist,Administrative/Professional,Nashville,TN,hybrid,W2 Contract,8.8,recruiter_sourced,14.01,15.41,2025-06-28,2025-07-08,2025-07-26,2025-07-28,2025-08-23,2025-08-23,True,True,joined_on_time,2025-08-23,4,hypothesis_generation
CAND-00645,APP-00663,REQ-00214,CLI-005,REC-018,Warehouse Associate,Light Industrial,Chicago,IL,onsite,Contract-to-Hire,2.8,career_site,19.12,22.47,2025-04-01,2025-04-13,2025-04-27,2025-05-01,2025-06-01,2025-06-01,True,True,joined_on_time,2025-06-01,11,discovery
CAND-00646,APP-00664,REQ-00045,CLI-007,REC-014,Certified Nursing Assistant,Healthcare,Jacksonville,FL,onsite,W2 Contract,5.7,recruiter_sourced,33.9,35.73,2024-12-07,2024-12-28,2025-01-02,2025-01-05,2025-02-03,,True,True,withdrew_post_acceptance,2025-01-07,16,discovery
CAND-00647,APP-00665,REQ-00126,CLI-005,REC-007,Mechanical Engineer,Engineering,Austin,TX,onsite,W2 Contract,1.9,job_board,,45.21,2024-11-30,2024-12-09,2024-12-26,2024-12-29,2025-01-29,2025-01-30,True,True,joined_on_time,2025-01-30,0,discovery
CAND-00648,APP-00666,REQ-00195,CLI-002,REC-002,Medical Coder,Healthcare,Columbus,OH,hybrid,Direct Hire,1.6,reapply,25.16,26.61,2024-04-08,2024-04-25,2024-05-02,2024-05-04,2024-05-18,,True,True,accepted_no_show,2024-05-18,11,held_out_test
CAND-00649,APP-00667,REQ-00075,CLI-009,REC-001,Quality Engineer,Engineering,St. Louis,MO,onsite,Direct Hire,10.1,referral,42.1,42.1,2025-03-18,2025-03-31,2025-04-14,2025-04-20,2025-04-30,,True,True,withdrew_post_acceptance,2025-04-27,15,held_out_test
CAND-00650,APP-00668,REQ-00031,CLI-001,REC-003,Shipping/Receiving Clerk,Light Industrial,Memphis,TN,onsite,W2 Contract,7.5,recruiter_sourced,20.77,20.5,2025-05-12,2025-05-30,2025-06-15,2025-06-15,2025-06-27,2025-07-17,True,True,joined_late,2025-07-17,1,discovery
CAND-00651,APP-00669,REQ-00018,CLI-008,REC-004,DevOps Engineer,IT/Technology,Tucson,AZ,hybrid,Contract-to-Hire,6.0,career_site,46.01,49.62,2024-10-06,2024-10-09,2024-10-14,2024-10-15,2024-11-02,2024-11-08,True,True,joined_late,2024-11-08,10,discovery
CAND-00652,APP-00670,REQ-00222,CLI-011,REC-006,Administrative Assistant,Administrative/Professional,Austin,TX,onsite,W2 Contract,6.4,referral,16.48,17.98,2024-04-07,2024-04-21,2024-04-28,2024-04-29,2024-05-30,2024-05-29,True,True,joined_on_time,2024-05-29,16,hypothesis_generation
CAND-00653,APP-00671,REQ-00009,CLI-001,REC-007,General Laborer,Light Industrial,Jacksonville,FL,hybrid,W2 Contract,0.5,referral,20.57,20.25,2025-02-10,2025-03-01,2025-03-06,2025-03-09,2025-04-07,2025-04-19,True,True,joined_late,2025-04-19,13,hypothesis_generation
CAND-00654,APP-00672,REQ-00119,CLI-009,REC-001,Manufacturing Engineer,Engineering,Kansas City,MO,onsite,Direct Hire,3.3,career_site,35.29,41.37,2025-02-10,2025-02-20,2025-02-28,2025-02-28,2025-03-10,2025-03-10,True,True,joined_on_time,2025-03-10,6,discovery
CAND-00655,APP-00673,REQ-00100,CLI-003,REC-009,Bookkeeper,Finance/Accounting,Chicago,IL,hybrid,W2 Contract,1.0,referral,26.5,30.65,2025-02-01,2025-02-07,2025-02-14,2025-02-19,2025-03-01,2025-02-28,True,True,joined_on_time,2025-02-28,16,hypothesis_generation
CAND-00656,APP-00674,REQ-00177,CLI-006,REC-009,AR Specialist,Finance/Accounting,Phoenix,AZ,hybrid,Direct Hire,5.7,job_board,28.6,28.12,2025-02-16,2025-03-08,2025-03-22,2025-03-25,2025-04-04,,True,False,declined_offer,2025-03-25,29,discovery
CAND-00657,APP-00675,REQ-00051,CLI-006,REC-009,Executive Assistant,Administrative/Professional,Milwaukee,WI,hybrid,W2 Contract,2.1,recruiter_sourced,21.37,21.13,2025-05-20,2025-06-04,2025-06-12,2025-06-15,2025-06-29,2025-07-04,True,True,joined_late,2025-07-04,9,discovery
CAND-00658,APP-00676,REQ-00110,CLI-002,REC-017,Certified Nursing Assistant,Healthcare,Phoenix,AZ,hybrid,W2 Contract,2.2,job_board,26.45,31.55,2024-08-31,2024-09-12,2024-09-29,2024-09-29,2024-10-31,,True,True,withdrew_post_acceptance,2024-10-10,12,hypothesis_generation
CAND-00659,APP-00677,REQ-00028,CLI-009,REC-013,Mechanical Engineer,Engineering,Jacksonville,FL,onsite,W2 Contract,7.7,referral,34.05,35.56,2024-10-07,2024-10-14,2024-10-26,2024-10-27,2024-11-25,2024-11-25,True,True,joined_on_time,2024-11-25,8,hypothesis_generation
CAND-00660,APP-00678,REQ-00165,CLI-008,REC-015,Network Administrator,IT/Technology,Houston,TX,hybrid,Direct Hire,4.4,recruiter_sourced,32.71,33.16,2024-07-07,2024-07-28,2024-08-13,2024-08-16,2024-09-08,2024-09-08,True,True,joined_on_time,2024-09-08,22,discovery
CAND-00124,APP-00679,REQ-00171,CLI-005,REC-004,Process Engineer,Engineering,Jacksonville,FL,onsite,Contract-to-Hire,4.2,job_board,31.36,34.67,2024-12-25,2025-01-04,2025-01-08,2025-01-08,2025-01-22,,True,False,declined_offer,2025-01-08,10,discovery
CAND-00661,APP-00680,REQ-00031,CLI-001,REC-006,Shipping/Receiving Clerk,Light Industrial,Memphis,TN,onsite,W2 Contract,1.5,referral,14.33,15.62,2025-05-17,2025-06-03,2025-06-15,2025-06-16,2025-07-03,,True,False,declined_offer,2025-06-16,4,discovery
CAND-00662,APP-00681,REQ-00141,CLI-009,REC-013,Civil Engineer,Engineering,Kansas City,MO,onsite,Direct Hire,6.5,referral,49.74,56.02,2024-04-12,2024-04-15,2024-04-24,2024-04-30,2024-05-27,,True,True,withdrew_post_acceptance,2024-05-11,11,discovery
CAND-00663,APP-00682,REQ-00209,CLI-002,REC-014,Medical Assistant,Healthcare,Dallas,TX,onsite,Contract-to-Hire,2.3,staffing_event,35.19,38.59,2024-06-28,2024-07-08,2024-07-22,2024-07-26,2024-08-11,,True,True,accepted_no_show,2024-08-11,7,discovery
CAND-00664,APP-00683,REQ-00187,CLI-007,REC-002,Phlebotomist,Healthcare,St. Louis,MO,onsite,1099,3.7,staffing_event,33.38,40.4,2025-02-24,2025-03-03,2025-03-11,2025-03-12,2025-03-23,2025-03-23,True,True,joined_on_time,2025-03-23,3,hypothesis_generation
CAND-00665,APP-00684,REQ-00075,CLI-009,REC-004,Quality Engineer,Engineering,St. Louis,MO,onsite,Direct Hire,2.9,referral,33.27,37.6,2025-03-01,2025-03-10,2025-03-19,2025-03-22,2025-04-03,,True,True,accepted_no_show,2025-04-03,8,held_out_test
CAND-00666,APP-00685,REQ-00067,CLI-006,REC-009,Customer Service Representative,Administrative/Professional,Houston,TX,hybrid,Contract-to-Hire,7.0,job_board,,24.75,2024-06-21,2024-07-09,2024-07-13,2024-07-15,2024-08-04,,True,True,accepted_no_show,2024-08-04,0,hypothesis_generation
CAND-00667,APP-00686,REQ-00176,CLI-008,REC-010,Systems Administrator,IT/Technology,Austin,TX,hybrid,W2 Contract,2.3,referral,53.34,56.62,2025-05-14,2025-06-01,2025-06-03,2025-06-09,2025-06-25,2025-06-25,True,True,joined_on_time,2025-06-25,11,held_out_test
CAND-00668,APP-00687,REQ-00008,CLI-001,REC-011,Shipping/Receiving Clerk,Light Industrial,Houston,TX,onsite,W2 Contract,3.0,referral,22.54,24.49,2024-11-16,2024-11-24,2024-12-04,2024-12-07,2024-12-28,2025-01-09,True,True,joined_late,2025-01-09,13,discovery
CAND-00669,APP-00688,REQ-00225,CLI-006,REC-015,Staff Accountant,Finance/Accounting,Philadelphia,PA,hybrid,Direct Hire,7.5,recruiter_sourced,26.04,28.18,2024-12-26,2025-01-04,2025-01-10,2025-01-11,2025-01-20,2025-01-19,True,True,joined_on_time,2025-01-19,19,discovery
CAND-00670,APP-00689,REQ-00038,CLI-011,REC-007,Administrative Assistant,Administrative/Professional,Tampa,FL,onsite,1099,6.1,recruiter_sourced,,24.3,2024-10-26,2024-11-10,2024-11-23,2024-11-26,2024-12-18,2024-12-18,True,True,joined_on_time,2024-12-18,10,held_out_test
CAND-00671,APP-00690,REQ-00152,CLI-003,REC-012,Accounts Payable Clerk,Finance/Accounting,Houston,TX,hybrid,W2 Contract,2.1,recruiter_sourced,28.44,32.45,2024-04-24,2024-05-03,2024-05-18,2024-05-20,2024-06-21,2024-06-21,True,True,joined_on_time,2024-06-21,0,hypothesis_generation
CAND-00672,APP-00691,REQ-00004,CLI-003,REC-018,AR Specialist,Finance/Accounting,Tampa,FL,hybrid,W2 Contract,3.9,job_board,36.42,43.84,2024-07-27,2024-08-12,2024-08-21,2024-08-22,2024-09-15,,True,True,withdrew_post_acceptance,2024-08-24,8,discovery
CAND-00673,APP-00692,REQ-00151,CLI-001,REC-003,Shipping/Receiving Clerk,Light Industrial,Pittsburgh,PA,onsite,Contract-to-Hire,4.3,referral,18.65,19.46,2024-10-17,2024-10-24,2024-11-03,2024-11-07,2024-11-27,2024-11-27,True,True,joined_on_time,2024-11-27,0,discovery
CAND-00674,APP-00693,REQ-00057,CLI-003,REC-003,AR Specialist,Finance/Accounting,Nashville,TN,hybrid,1099,8.1,referral,,40.33,2024-06-17,2024-07-02,2024-07-06,2024-07-10,2024-07-22,,True,False,declined_offer,2024-07-10,12,discovery
CAND-00675,APP-00694,REQ-00069,CLI-010,REC-015,Executive Assistant,Administrative/Professional,Chicago,IL,hybrid,W2 Contract,2.1,job_board,19.13,21.43,2024-07-29,2024-08-18,2024-09-01,2024-09-05,2024-09-20,2024-09-20,True,True,joined_on_time,2024-09-20,3,discovery
CAND-00676,APP-00695,REQ-00095,CLI-001,REC-003,Shipping/Receiving Clerk,Light Industrial,Columbus,OH,onsite,W2 Contract,4.2,career_site,20.63,21.89,2024-10-16,2024-10-25,2024-11-08,2024-11-13,2024-11-27,2024-11-26,True,True,joined_on_time,2024-11-26,19,held_out_test
CAND-00677,APP-00696,REQ-00049,CLI-008,REC-015,Systems Administrator,IT/Technology,Milwaukee,WI,hybrid,Direct Hire,1.1,job_board,40.22,44.87,2024-10-02,2024-10-18,2024-11-05,2024-11-08,2024-12-05,,True,False,declined_offer,2024-11-08,8,discovery
CAND-00678,APP-00697,REQ-00052,CLI-011,REC-006,Data Entry Clerk,Administrative/Professional,Austin,TX,onsite,Contract-to-Hire,4.4,referral,14.11,15.61,2024-10-26,2024-11-03,2024-11-21,2024-11-21,2024-12-15,,True,False,declined_offer,2024-11-21,11,held_out_test
CAND-00679,APP-00698,REQ-00202,CLI-004,REC-004,Software Engineer,IT/Technology,Houston,TX,onsite,W2 Contract,6.6,reapply,67.61,71.8,2025-04-25,2025-05-11,2025-05-27,2025-06-01,2025-06-25,2025-07-01,True,True,joined_late,2025-07-01,16,discovery
CAND-00680,APP-00699,REQ-00049,CLI-008,REC-010,Systems Administrator,IT/Technology,Milwaukee,WI,hybrid,Direct Hire,1.9,job_board,60.19,63.87,2024-10-20,2024-10-25,2024-11-06,2024-11-06,2024-12-04,2024-12-14,True,True,joined_late,2024-12-14,11,discovery
CAND-00681,APP-00700,REQ-00163,CLI-011,REC-003,Shipping/Receiving Clerk,Light Industrial,Orlando,FL,onsite,Direct Hire,7.3,referral,16.46,18.78,2024-05-25,2024-05-29,2024-06-03,2024-06-04,2024-06-29,2024-06-28,True,True,joined_on_time,2024-06-28,11,held_out_test
CAND-00682,APP-00701,REQ-00100,CLI-003,REC-012,Bookkeeper,Finance/Accounting,Chicago,IL,hybrid,W2 Contract,3.8,referral,27.24,26.94,2025-01-10,2025-01-23,2025-02-04,2025-02-10,2025-02-21,2025-02-21,True,True,joined_on_time,2025-02-21,8,hypothesis_generation
CAND-00683,APP-00702,REQ-00126,CLI-005,REC-013,Mechanical Engineer,Engineering,Austin,TX,onsite,W2 Contract,3.2,career_site,37.04,40.33,2024-11-18,2024-11-21,2024-12-07,2024-12-13,2025-01-08,2025-01-23,True,True,joined_late,2025-01-23,7,discovery
CAND-00684,APP-00703,REQ-00042,CLI-008,REC-001,Data Analyst,IT/Technology,Tampa,FL,hybrid,W2 Contract,9.4,job_board,32.23,36.11,2024-10-05,2024-10-15,2024-10-28,2024-10-31,2024-11-26,2024-12-20,True,True,joined_late,2024-12-20,12,discovery
CAND-00685,APP-00704,REQ-00164,CLI-011,REC-015,Shipping/Receiving Clerk,Light Industrial,St. Louis,MO,onsite,Direct Hire,3.6,job_board,14.12,14.15,2024-02-21,2024-03-05,2024-03-07,2024-03-12,2024-03-28,,True,True,accepted_no_show,2024-03-28,8,held_out_test
CAND-00686,APP-00705,REQ-00212,CLI-011,REC-007,HR Coordinator,Administrative/Professional,Chicago,IL,onsite,Direct Hire,5.9,referral,20.92,20.89,2025-03-28,2025-04-15,2025-04-29,2025-05-04,2025-05-28,2025-05-27,True,True,joined_on_time,2025-05-27,1,discovery
CAND-00687,APP-00706,REQ-00066,CLI-001,REC-018,Warehouse Associate,Light Industrial,Chicago,IL,onsite,1099,4.1,referral,21.02,20.56,2024-07-31,2024-08-09,2024-08-15,2024-08-21,2024-09-10,2024-09-11,True,True,joined_on_time,2024-09-11,18,discovery
CAND-00688,APP-00707,REQ-00200,CLI-001,REC-006,Warehouse Associate,Light Industrial,Tampa,FL,onsite,Direct Hire,4.8,recruiter_sourced,18.41,21.08,2024-12-23,2025-01-12,2025-01-28,2025-01-29,2025-02-21,2025-02-20,True,True,joined_on_time,2025-02-20,8,held_out_test
CAND-00689,APP-00708,REQ-00165,CLI-008,REC-004,Network Administrator,IT/Technology,Houston,TX,hybrid,Direct Hire,5.1,referral,46.59,56.2,2024-08-14,2024-08-17,2024-08-24,2024-08-26,2024-09-15,2024-09-15,True,True,joined_on_time,2024-09-15,11,discovery
CAND-00690,APP-00709,REQ-00032,CLI-005,REC-018,Forklift Operator,Light Industrial,Columbus,OH,onsite,Contract-to-Hire,1.5,job_board,13.86,15.9,2025-04-25,2025-05-15,2025-06-01,2025-06-01,2025-07-06,,True,True,withdrew_post_acceptance,2025-06-23,15,discovery
CAND-00691,APP-00710,REQ-00151,CLI-001,REC-014,Shipping/Receiving Clerk,Light Industrial,Pittsburgh,PA,onsite,Contract-to-Hire,3.7,job_board,18.2,19.59,2024-10-10,2024-10-25,2024-11-09,2024-11-15,2024-11-26,2024-11-26,True,True,joined_on_time,2024-11-26,0,hypothesis_generation
CAND-00692,APP-00711,REQ-00013,CLI-007,REC-002,Pharmacy Technician,Healthcare,Houston,TX,onsite,1099,6.7,referral,,40.03,2024-12-14,2024-12-20,2025-01-02,2025-01-03,2025-01-22,,True,True,withdrew_post_acceptance,2025-01-16,7,held_out_test
CAND-00693,APP-00712,REQ-00083,CLI-008,REC-007,QA Tester,IT/Technology,Tucson,AZ,hybrid,Direct Hire,5.4,job_board,60.33,66.24,2024-04-14,2024-04-30,2024-05-12,2024-05-18,2024-06-02,,True,True,withdrew_post_acceptance,2024-05-31,9,discovery
CAND-00694,APP-00713,REQ-00094,CLI-001,REC-015,Forklift Operator,Light Industrial,Orlando,FL,remote,W2 Contract,3.4,job_board,18.43,18.55,2024-06-20,2024-07-10,2024-07-26,2024-07-28,2024-08-09,2024-08-21,True,True,joined_late,2024-08-21,11,discovery
CAND-00695,APP-00714,REQ-00221,CLI-009,REC-005,Manufacturing Engineer,Engineering,Austin,TX,onsite,W2 Contract,10.4,job_board,40.93,45.23,2025-05-21,2025-05-25,2025-06-06,2025-06-08,2025-07-02,,True,True,withdrew_post_acceptance,2025-07-01,5,discovery
CAND-00696,APP-00715,REQ-00172,CLI-001,REC-018,Shipping/Receiving Clerk,Light Industrial,Houston,TX,onsite,Contract-to-Hire,1.8,job_board,,15.9,2024-12-11,2024-12-15,2024-12-27,2024-12-28,2025-01-28,2025-01-28,True,True,joined_on_time,2025-01-28,0,discovery
CAND-00697,APP-00716,REQ-00075,CLI-009,REC-012,Quality Engineer,Engineering,St. Louis,MO,onsite,Direct Hire,5.4,referral,36.82,38.02,2025-02-16,2025-02-24,2025-03-13,2025-03-18,2025-04-04,,True,True,accepted_no_show,2025-04-04,8,discovery
CAND-00698,APP-00717,REQ-00152,CLI-003,REC-003,Accounts Payable Clerk,Finance/Accounting,Houston,TX,hybrid,W2 Contract,3.1,recruiter_sourced,37.73,40.36,2024-05-08,2024-05-22,2024-06-05,2024-06-08,2024-06-17,,True,True,accepted_no_show,2024-06-17,10,discovery
CAND-00699,APP-00718,REQ-00015,CLI-001,REC-009,Forklift Operator,Light Industrial,Nashville,TN,onsite,Direct Hire,6.1,referral,20.61,20.25,2025-03-31,2025-04-06,2025-04-12,2025-04-14,2025-05-16,2025-05-17,True,True,joined_on_time,2025-05-17,20,discovery
CAND-00700,APP-00719,REQ-00042,CLI-008,REC-002,Data Analyst,IT/Technology,Tampa,FL,hybrid,W2 Contract,1.0,recruiter_sourced,52.98,53.98,2024-10-17,2024-11-07,2024-11-13,2024-11-16,2024-12-15,2024-12-15,True,True,joined_on_time,2024-12-15,17,hypothesis_generation
CAND-00701,APP-00720,REQ-00103,CLI-007,REC-005,Phlebotomist,Healthcare,Chicago,IL,remote,W2 Contract,7.7,referral,31.31,33.43,2024-09-25,2024-10-16,2024-10-21,2024-10-26,2024-11-25,,True,False,declined_offer,2024-10-26,19,held_out_test
CAND-00702,APP-00721,REQ-00109,CLI-009,REC-005,Electrical Engineer,Engineering,Milwaukee,WI,onsite,Contract-to-Hire,14.4,referral,48.88,53.71,2025-01-19,2025-01-23,2025-01-28,2025-01-30,2025-02-22,2025-03-02,True,True,joined_late,2025-03-02,10,discovery
CAND-00703,APP-00722,REQ-00108,CLI-007,REC-011,Phlebotomist,Healthcare,Philadelphia,PA,onsite,W2 Contract,2.8,referral,29.08,33.81,2025-03-27,2025-04-03,2025-04-17,2025-04-18,2025-04-28,2025-05-04,True,True,joined_late,2025-05-04,10,discovery
CAND-00704,APP-00723,REQ-00083,CLI-008,REC-007,QA Tester,IT/Technology,Tucson,AZ,hybrid,Direct Hire,1.9,referral,40.74,44.95,2024-03-22,2024-03-27,2024-04-12,2024-04-18,2024-05-12,2024-05-12,True,True,joined_on_time,2024-05-12,7,discovery
CAND-00116,APP-00724,REQ-00157,CLI-006,REC-009,Receptionist,Administrative/Professional,Dallas,TX,hybrid,1099,2.0,recruiter_sourced,23.44,27.33,2024-11-22,2024-12-11,2024-12-20,2024-12-20,2025-01-17,2025-01-18,True,True,joined_on_time,2025-01-18,18,discovery
CAND-00705,APP-00725,REQ-00089,CLI-008,REC-018,Software Engineer,IT/Technology,Houston,TX,hybrid,W2 Contract,1.5,referral,44.66,48.97,2025-06-05,2025-06-13,2025-06-27,2025-06-30,2025-07-27,,True,True,accepted_no_show,2025-07-27,9,held_out_test
CAND-00706,APP-00726,REQ-00031,CLI-001,REC-015,Shipping/Receiving Clerk,Light Industrial,Memphis,TN,onsite,W2 Contract,2.4,job_board,,21.42,2025-05-24,2025-06-13,2025-06-20,2025-06-23,2025-07-22,,True,True,withdrew_post_acceptance,2025-06-24,5,held_out_test
CAND-00707,APP-00727,REQ-00049,CLI-008,REC-001,Systems Administrator,IT/Technology,Milwaukee,WI,hybrid,Direct Hire,1.0,recruiter_sourced,31.12,34.92,2024-11-08,2024-11-14,2024-11-22,2024-11-27,2024-12-05,2024-12-05,True,True,joined_on_time,2024-12-05,7,discovery
CAND-00708,APP-00728,REQ-00057,CLI-003,REC-007,AR Specialist,Finance/Accounting,Nashville,TN,hybrid,1099,1.4,recruiter_sourced,28.85,32.21,2024-06-12,2024-06-18,2024-06-21,2024-06-22,2024-07-19,,True,False,declined_offer,2024-06-22,3,hypothesis_generation
CAND-00709,APP-00729,REQ-00013,CLI-007,REC-002,Pharmacy Technician,Healthcare,Houston,TX,onsite,1099,7.7,job_board,25.21,31.92,2024-11-25,2024-12-07,2024-12-20,2024-12-24,2025-01-04,2025-01-04,True,True,joined_on_time,2025-01-04,8,hypothesis_generation
CAND-00710,APP-00730,REQ-00014,CLI-007,REC-002,Phlebotomist,Healthcare,Tucson,AZ,remote,Contract-to-Hire,3.2,recruiter_sourced,,28.5,2024-10-18,2024-11-06,2024-11-17,2024-11-22,2024-12-14,2024-12-14,True,True,joined_on_time,2024-12-14,7,discovery
CAND-00711,APP-00731,REQ-00084,CLI-009,REC-016,Quality Engineer,Engineering,Raleigh,NC,onsite,Contract-to-Hire,7.7,referral,30.69,35.36,2024-08-26,2024-09-01,2024-09-04,2024-09-05,2024-09-15,2024-09-15,True,True,joined_on_time,2024-09-15,9,discovery
CAND-00712,APP-00732,REQ-00043,CLI-008,REC-004,Data Analyst,IT/Technology,Memphis,TN,hybrid,Contract-to-Hire,6.4,referral,47.02,45.08,2024-04-11,2024-04-27,2024-05-01,2024-05-05,2024-05-19,,True,True,withdrew_post_acceptance,2024-05-10,3,held_out_test
CAND-00713,APP-00733,REQ-00075,CLI-009,REC-010,Quality Engineer,Engineering,St. Louis,MO,onsite,Direct Hire,3.7,referral,,38.15,2025-02-18,2025-02-25,2025-03-05,2025-03-05,2025-04-04,2025-04-04,True,True,joined_on_time,2025-04-04,6,discovery
CAND-00714,APP-00734,REQ-00031,CLI-001,REC-015,Shipping/Receiving Clerk,Light Industrial,Memphis,TN,onsite,W2 Contract,4.0,referral,15.1,16.39,2025-05-16,2025-06-04,2025-06-11,2025-06-14,2025-06-25,,True,True,rejected_by_client,2025-06-20,6,held_out_test
CAND-00715,APP-00735,REQ-00079,CLI-005,REC-010,Material Handler,Light Industrial,Indianapolis,IN,onsite,1099,1.5,staffing_event,15.98,17.03,2025-04-07,2025-04-18,2025-04-23,2025-04-27,2025-05-06,2025-05-07,True,True,joined_on_time,2025-05-07,10,hypothesis_generation
CAND-00716,APP-00736,REQ-00201,CLI-009,REC-016,Mechanical Engineer,Engineering,Tampa,FL,remote,Direct Hire,3.9,reapply,31.62,33.55,2024-04-07,2024-04-17,2024-04-27,2024-04-27,2024-05-10,2024-05-10,True,True,joined_on_time,2024-05-10,13,discovery
CAND-00717,APP-00737,REQ-00027,CLI-003,REC-014,Payroll Specialist,Finance/Accounting,Milwaukee,WI,hybrid,Contract-to-Hire,2.5,reapply,35.18,37.71,2025-06-24,2025-07-13,2025-07-24,2025-07-28,2025-08-28,,True,True,withdrew_post_acceptance,2025-08-13,9,discovery
CAND-00718,APP-00738,REQ-00192,CLI-008,REC-016,Business Systems Analyst,IT/Technology,Jacksonville,FL,hybrid,Direct Hire,3.0,recruiter_sourced,54.77,63.31,2025-03-07,2025-03-11,2025-03-18,2025-03-20,2025-04-21,,True,False,declined_offer,2025-03-20,8,discovery
CAND-00719,APP-00739,REQ-00026,CLI-001,REC-018,Material Handler,Light Industrial,Kansas City,MO,onsite,W2 Contract,5.8,recruiter_sourced,,21.45,2024-09-01,2024-09-16,2024-10-03,2024-10-07,2024-10-17,2024-10-17,True,True,joined_on_time,2024-10-17,4,held_out_test
CAND-00720,APP-00740,REQ-00126,CLI-005,REC-016,Mechanical Engineer,Engineering,Austin,TX,onsite,W2 Contract,2.3,recruiter_sourced,33.56,33.06,2024-11-20,2024-12-04,2024-12-13,2024-12-18,2025-01-11,2025-01-11,True,True,joined_on_time,2025-01-11,18,discovery
CAND-00721,APP-00741,REQ-00125,CLI-010,REC-012,Customer Service Representative,Administrative/Professional,Columbus,OH,hybrid,Contract-to-Hire,1.3,recruiter_sourced,21.1,24.66,2024-11-02,2024-11-18,2024-12-06,2024-12-11,2024-12-23,,True,True,withdrew_post_acceptance,2024-12-16,0,discovery
CAND-00722,APP-00742,REQ-00169,CLI-002,REC-008,Medical Assistant,Healthcare,Tucson,AZ,onsite,Contract-to-Hire,8.4,career_site,25.48,26.69,2025-05-05,2025-05-10,2025-05-19,2025-05-19,2025-06-03,,True,True,withdrew_post_acceptance,2025-05-29,8,hypothesis_generation
CAND-00723,APP-00743,REQ-00111,CLI-006,REC-015,Senior Accountant,Finance/Accounting,Orlando,FL,hybrid,Direct Hire,5.2,staffing_event,31.99,35.36,2024-07-13,2024-08-01,2024-08-07,2024-08-10,2024-09-01,2024-09-02,True,True,joined_on_time,2024-09-02,12,discovery
CAND-00188,APP-00744,REQ-00114,CLI-007,REC-011,Radiology Technician,Healthcare,Atlanta,GA,onsite,W2 Contract,8.3,referral,38.46,39.82,2025-09-02,2025-09-12,2025-09-30,2025-10-05,2025-10-29,,True,True,accepted_no_show,2025-10-29,14,held_out_test
CAND-00724,APP-00745,REQ-00082,CLI-002,REC-005,Pharmacy Technician,Healthcare,Raleigh,NC,onsite,Contract-to-Hire,6.6,career_site,34.0,38.62,2024-06-28,2024-07-12,2024-07-18,2024-07-22,2024-08-08,,True,False,declined_offer,2024-07-22,9,hypothesis_generation
CAND-00725,APP-00746,REQ-00001,CLI-004,REC-018,Software Engineer,IT/Technology,Atlanta,GA,remote,W2 Contract,4.3,job_board,,44.43,2024-05-13,2024-05-26,2024-06-04,2024-06-10,2024-07-01,2024-06-30,True,True,joined_on_time,2024-06-30,13,held_out_test
CAND-00726,APP-00747,REQ-00010,CLI-002,REC-008,Certified Nursing Assistant,Healthcare,Phoenix,AZ,onsite,W2 Contract,2.4,referral,30.72,36.49,2024-03-19,2024-03-28,2024-04-08,2024-04-13,2024-05-04,2024-05-03,True,True,joined_on_time,2024-05-03,12,held_out_test
CAND-00727,APP-00748,REQ-00038,CLI-011,REC-009,Administrative Assistant,Administrative/Professional,Tampa,FL,onsite,1099,7.0,job_board,15.2,16.35,2024-11-03,2024-11-20,2024-12-02,2024-12-04,2024-12-23,2024-12-22,True,True,joined_on_time,2024-12-22,16,held_out_test
CAND-00728,APP-00749,REQ-00113,CLI-005,REC-012,Warehouse Associate,Light Industrial,Orlando,FL,onsite,W2 Contract,10.8,recruiter_sourced,20.81,21.74,2024-11-16,2024-12-05,2024-12-23,2024-12-24,2025-01-15,2025-01-21,True,True,joined_late,2025-01-21,13,held_out_test
CAND-00655,APP-00750,REQ-00166,CLI-003,REC-010,Accounts Payable Clerk,Finance/Accounting,Nashville,TN,hybrid,Contract-to-Hire,1.3,recruiter_sourced,25.71,27.04,2025-03-10,2025-03-24,2025-04-08,2025-04-09,2025-05-05,,True,True,rejected_by_client,2025-05-05,7,hypothesis_generation
CAND-00729,APP-00751,REQ-00181,CLI-010,REC-018,Data Entry Clerk,Administrative/Professional,Jacksonville,FL,hybrid,W2 Contract,4.4,recruiter_sourced,19.03,20.89,2024-02-05,2024-02-19,2024-02-27,2024-02-27,2024-03-14,,True,False,declined_offer,2024-02-27,6,discovery
CAND-00730,APP-00752,REQ-00185,CLI-005,REC-010,Process Engineer,Engineering,Houston,TX,onsite,Direct Hire,2.9,career_site,33.41,33.78,2025-07-05,2025-07-14,2025-07-31,2025-08-05,2025-08-18,,True,True,withdrew_post_acceptance,2025-08-07,18,discovery
CAND-00731,APP-00753,REQ-00177,CLI-006,REC-018,AR Specialist,Finance/Accounting,Phoenix,AZ,hybrid,Direct Hire,1.0,referral,23.73,26.1,2025-01-27,2025-02-11,2025-03-01,2025-03-06,2025-04-03,,True,True,withdrew_post_acceptance,2025-04-02,13,hypothesis_generation
CAND-00732,APP-00754,REQ-00010,CLI-002,REC-013,Certified Nursing Assistant,Healthcare,Phoenix,AZ,onsite,W2 Contract,6.4,reapply,23.75,25.71,2024-03-25,2024-04-08,2024-04-26,2024-04-26,2024-05-30,2024-06-23,True,True,joined_late,2024-06-23,11,held_out_test
CAND-00733,APP-00755,REQ-00189,CLI-003,REC-012,Bookkeeper,Finance/Accounting,Cincinnati,OH,hybrid,W2 Contract,1.1,recruiter_sourced,22.29,25.43,2024-12-03,2024-12-21,2024-12-25,2024-12-31,2025-01-17,,True,True,accepted_no_show,2025-01-17,18,hypothesis_generation
CAND-00734,APP-00756,REQ-00118,CLI-006,REC-018,Accounts Payable Clerk,Finance/Accounting,Memphis,TN,onsite,1099,2.9,job_board,26.37,28.12,2024-05-21,2024-06-01,2024-06-10,2024-06-15,2024-07-03,2024-07-03,True,True,joined_on_time,2024-07-03,15,held_out_test
CAND-00735,APP-00757,REQ-00140,CLI-008,REC-016,DevOps Engineer,IT/Technology,Pittsburgh,PA,onsite,Contract-to-Hire,1.0,job_board,,60.16,2024-07-11,2024-08-01,2024-08-07,2024-08-08,2024-08-20,2024-08-20,True,True,joined_on_time,2024-08-20,20,discovery
CAND-00736,APP-00758,REQ-00059,CLI-002,REC-005,Certified Nursing Assistant,Healthcare,Chicago,IL,remote,Direct Hire,3.8,job_board,33.22,36.8,2024-11-01,2024-11-05,2024-11-19,2024-11-22,2024-12-15,2024-12-27,True,True,joined_late,2024-12-27,3,hypothesis_generation
CAND-00737,APP-00759,REQ-00224,CLI-009,REC-004,Project Engineer,Engineering,Memphis,TN,onsite,W2 Contract,2.2,job_board,30.87,34.2,2025-06-06,2025-06-10,2025-06-21,2025-06-21,2025-07-09,,True,True,withdrew_post_acceptance,2025-07-03,9,discovery
CAND-00738,APP-00760,REQ-00057,CLI-003,REC-018,AR Specialist,Finance/Accounting,Nashville,TN,hybrid,1099,8.7,career_site,32.58,31.01,2024-07-02,2024-07-05,2024-07-08,2024-07-13,2024-08-10,,True,True,withdrew_post_acceptance,2024-07-24,10,discovery
CAND-00739,APP-00761,REQ-00198,CLI-001,REC-009,Forklift Operator,Light Industrial,Milwaukee,WI,onsite,Direct Hire,4.2,recruiter_sourced,14.94,18.06,2025-01-04,2025-01-22,2025-02-04,2025-02-06,2025-02-23,,True,False,declined_offer,2025-02-06,10,discovery
CAND-00740,APP-00762,REQ-00166,CLI-003,REC-018,Accounts Payable Clerk,Finance/Accounting,Nashville,TN,hybrid,Contract-to-Hire,4.8,recruiter_sourced,36.66,36.12,2024-10-19,2024-11-02,2024-11-20,2024-11-24,2024-12-11,,True,False,declined_offer,2024-11-24,6,discovery
CAND-00741,APP-00763,REQ-00192,CLI-008,REC-004,Business Systems Analyst,IT/Technology,Jacksonville,FL,hybrid,Direct Hire,6.2,career_site,42.44,42.77,2025-02-22,2025-02-28,2025-03-03,2025-03-07,2025-04-02,2025-04-02,True,True,joined_on_time,2025-04-02,13,discovery
CAND-00742,APP-00764,REQ-00164,CLI-011,REC-003,Shipping/Receiving Clerk,Light Industrial,St. Louis,MO,onsite,Direct Hire,6.2,referral,21.69,20.69,2024-03-14,2024-04-01,2024-04-09,2024-04-13,2024-05-12,,True,True,accepted_no_show,2024-05-12,10,discovery
CAND-00743,APP-00765,REQ-00110,CLI-002,REC-005,Certified Nursing Assistant,Healthcare,Phoenix,AZ,hybrid,W2 Contract,2.9,job_board,,34.53,2024-10-13,2024-11-02,2024-11-15,2024-11-17,2024-12-09,,True,False,declined_offer,2024-11-17,15,hypothesis_generation
CAND-00744,APP-00766,REQ-00030,CLI-006,REC-012,Administrative Assistant,Administrative/Professional,Indianapolis,IN,hybrid,Direct Hire,8.6,recruiter_sourced,,18.13,2024-09-07,2024-09-10,2024-09-17,2024-09-21,2024-10-05,,True,True,withdrew_post_acceptance,2024-10-03,14,held_out_test
CAND-00745,APP-00767,REQ-00197,CLI-004,REC-002,Systems Administrator,IT/Technology,Kansas City,MO,remote,W2 Contract,2.1,job_board,,69.33,2025-07-14,2025-07-23,2025-08-06,2025-08-09,2025-09-06,,True,True,withdrew_post_acceptance,2025-08-27,19,discovery
CAND-00746,APP-00768,REQ-00130,CLI-011,REC-012,HR Coordinator,Administrative/Professional,Austin,TX,onsite,Contract-to-Hire,4.2,recruiter_sourced,21.38,20.75,2025-04-12,2025-05-02,2025-05-16,2025-05-19,2025-06-14,,True,True,withdrew_post_acceptance,2025-05-28,6,held_out_test
CAND-00747,APP-00769,REQ-00104,CLI-002,REC-005,Pharmacy Technician,Healthcare,Philadelphia,PA,onsite,Contract-to-Hire,8.8,referral,,42.3,2025-03-06,2025-03-25,2025-04-10,2025-04-14,2025-05-12,,True,False,declined_offer,2025-04-14,4,discovery
CAND-00748,APP-00770,REQ-00189,CLI-003,REC-009,Bookkeeper,Finance/Accounting,Cincinnati,OH,hybrid,W2 Contract,7.4,referral,30.52,29.86,2024-12-21,2024-12-29,2025-01-07,2025-01-07,2025-02-03,,True,False,declined_offer,2025-01-07,0,discovery
CAND-00749,APP-00771,REQ-00219,CLI-004,REC-016,Business Systems Analyst,IT/Technology,Philadelphia,PA,remote,Contract-to-Hire,2.1,career_site,61.54,66.53,2024-12-18,2024-12-22,2024-12-31,2025-01-06,2025-01-16,,True,False,declined_offer,2025-01-06,20,held_out_test
CAND-00750,APP-00772,REQ-00141,CLI-009,REC-016,Civil Engineer,Engineering,Kansas City,MO,onsite,Direct Hire,3.4,staffing_event,33.59,39.18,2024-04-24,2024-05-14,2024-05-24,2024-05-29,2024-06-07,2024-06-07,True,True,joined_on_time,2024-06-07,9,hypothesis_generation
CAND-00751,APP-00773,REQ-00180,CLI-002,REC-018,Certified Nursing Assistant,Healthcare,Jacksonville,FL,remote,W2 Contract,4.3,referral,39.39,43.47,2024-08-08,2024-08-22,2024-08-31,2024-09-05,2024-09-18,2024-09-18,True,True,joined_on_time,2024-09-18,2,discovery
CAND-00752,APP-00774,REQ-00163,CLI-011,REC-015,Shipping/Receiving Clerk,Light Industrial,Orlando,FL,onsite,Direct Hire,1.9,job_board,15.54,18.22,2024-07-01,2024-07-16,2024-07-26,2024-08-01,2024-08-25,,True,True,withdrew_post_acceptance,2024-08-22,16,hypothesis_generation
CAND-00753,APP-00775,REQ-00062,CLI-011,REC-012,Office Coordinator,Administrative/Professional,Houston,TX,hybrid,W2 Contract,5.0,job_board,22.35,25.46,2025-06-27,2025-07-12,2025-07-18,2025-07-21,2025-08-04,2025-08-04,True,True,joined_on_time,2025-08-04,9,held_out_test
CAND-00754,APP-00776,REQ-00118,CLI-006,REC-003,Accounts Payable Clerk,Finance/Accounting,Memphis,TN,onsite,1099,4.3,job_board,,25.26,2024-06-04,2024-06-13,2024-06-30,2024-07-05,2024-07-15,,True,True,withdrew_post_acceptance,2024-07-10,6,discovery
CAND-00755,APP-00777,REQ-00045,CLI-007,REC-005,Certified Nursing Assistant,Healthcare,Jacksonville,FL,onsite,W2 Contract,3.0,referral,36.01,37.13,2024-12-21,2024-12-26,2025-01-10,2025-01-11,2025-02-03,,True,True,accepted_no_show,2025-02-03,7,hypothesis_generation
CAND-00756,APP-00778,REQ-00121,CLI-003,REC-005,AR Specialist,Finance/Accounting,Orlando,FL,hybrid,W2 Contract,14.3,referral,34.14,32.33,2024-04-04,2024-04-07,2024-04-12,2024-04-15,2024-05-04,,True,True,withdrew_post_acceptance,2024-04-16,20,hypothesis_generation
CAND-00757,APP-00779,REQ-00119,CLI-009,REC-016,Manufacturing Engineer,Engineering,Kansas City,MO,onsite,Direct Hire,2.1,job_board,35.97,38.77,2025-02-06,2025-02-13,2025-02-15,2025-02-21,2025-02-25,,True,True,withdrew_post_acceptance,2025-02-22,13,discovery
CAND-00758,APP-00780,REQ-00213,CLI-009,REC-016,Mechanical Engineer,Engineering,Tucson,AZ,onsite,W2 Contract,2.2,recruiter_sourced,53.26,54.17,2025-04-29,2025-05-16,2025-05-23,2025-05-25,2025-06-12,,True,True,rejected_by_client,2025-06-10,9,discovery
CAND-00759,APP-00781,REQ-00112,CLI-001,REC-015,Forklift Operator,Light Industrial,Pittsburgh,PA,onsite,Contract-to-Hire,6.6,recruiter_sourced,15.35,16.74,2025-08-05,2025-08-09,2025-08-14,2025-08-18,2025-09-02,,True,False,declined_offer,2025-08-18,19,held_out_test
CAND-00222,APP-00782,REQ-00125,CLI-010,REC-006,Customer Service Representative,Administrative/Professional,Columbus,OH,hybrid,Contract-to-Hire,5.8,job_board,17.62,19.59,2024-10-05,2024-10-19,2024-10-30,2024-10-31,2024-11-30,2024-11-30,True,True,joined_on_time,2024-11-30,4,hypothesis_generation
CAND-00760,APP-00783,REQ-00212,CLI-011,REC-012,HR Coordinator,Administrative/Professional,Chicago,IL,onsite,Direct Hire,0.9,job_board,,18.08,2025-03-15,2025-03-27,2025-04-09,2025-04-09,2025-05-08,2025-05-08,True,True,joined_on_time,2025-05-08,14,hypothesis_generation
CAND-00761,APP-00784,REQ-00148,CLI-004,REC-001,Data Analyst,IT/Technology,Philadelphia,PA,remote,1099,6.5,recruiter_sourced,49.26,52.77,2024-02-01,2024-02-09,2024-02-24,2024-02-25,2024-03-26,,True,False,declined_offer,2024-02-25,10,discovery
CAND-00762,APP-00785,REQ-00112,CLI-001,REC-009,Forklift Operator,Light Industrial,Pittsburgh,PA,onsite,Contract-to-Hire,2.9,career_site,15.35,15.73,2025-07-13,2025-07-24,2025-07-28,2025-08-03,2025-08-07,2025-08-07,True,True,joined_on_time,2025-08-07,5,held_out_test
CAND-00763,APP-00786,REQ-00054,CLI-005,REC-009,Material Handler,Light Industrial,Chicago,IL,onsite,W2 Contract,0.2,referral,14.22,16.57,2024-07-04,2024-07-22,2024-07-26,2024-07-26,2024-08-23,2024-08-23,True,True,joined_on_time,2024-08-23,17,hypothesis_generation
CAND-00764,APP-00787,REQ-00013,CLI-007,REC-006,Pharmacy Technician,Healthcare,Houston,TX,onsite,1099,2.0,recruiter_sourced,26.88,29.85,2024-11-28,2024-12-13,2024-12-26,2024-12-28,2025-01-20,2025-01-20,True,True,joined_on_time,2025-01-20,1,discovery
CAND-00765,APP-00788,REQ-00001,CLI-004,REC-013,Software Engineer,IT/Technology,Atlanta,GA,remote,W2 Contract,11.9,job_board,,58.65,2024-05-10,2024-05-20,2024-06-03,2024-06-06,2024-06-30,2024-06-30,True,True,joined_on_time,2024-06-30,19,discovery
CAND-00766,APP-00789,REQ-00134,CLI-010,REC-015,Administrative Assistant,Administrative/Professional,Raleigh,NC,hybrid,W2 Contract,7.3,recruiter_sourced,14.46,15.63,2025-03-08,2025-03-24,2025-04-11,2025-04-15,2025-05-15,2025-05-15,True,True,joined_on_time,2025-05-15,17,discovery
CAND-00018,APP-00790,REQ-00030,CLI-006,REC-009,Administrative Assistant,Administrative/Professional,Indianapolis,IN,hybrid,Direct Hire,4.8,recruiter_sourced,,21.81,2024-09-04,2024-09-10,2024-09-13,2024-09-15,2024-10-04,,True,True,withdrew_post_acceptance,2024-09-20,2,discovery
CAND-00767,APP-00791,REQ-00190,CLI-010,REC-015,HR Coordinator,Administrative/Professional,Indianapolis,IN,hybrid,Contract-to-Hire,3.3,job_board,18.21,22.14,2025-04-16,2025-04-20,2025-04-26,2025-04-26,2025-05-28,,True,True,withdrew_post_acceptance,2025-05-06,13,hypothesis_generation
CAND-00768,APP-00792,REQ-00035,CLI-005,REC-018,Forklift Operator,Light Industrial,Chicago,IL,onsite,Contract-to-Hire,2.0,job_board,14.27,15.87,2024-04-15,2024-05-06,2024-05-10,2024-05-13,2024-06-08,,True,True,withdrew_post_acceptance,2024-05-19,6,hypothesis_generation
CAND-00769,APP-00793,REQ-00033,CLI-009,REC-004,Quality Engineer,Engineering,Austin,TX,onsite,1099,4.4,job_board,37.95,40.45,2024-04-19,2024-05-05,2024-05-11,2024-05-17,2024-05-26,2024-05-26,True,True,joined_on_time,2024-05-26,8,held_out_test
CAND-00770,APP-00794,REQ-00127,CLI-004,REC-010,Data Analyst,IT/Technology,Philadelphia,PA,remote,Direct Hire,4.9,recruiter_sourced,42.23,53.21,2024-10-31,2024-11-03,2024-11-14,2024-11-14,2024-11-28,,True,True,withdrew_post_acceptance,2024-11-15,0,discovery
CAND-00771,APP-00795,REQ-00054,CLI-005,REC-001,Material Handler,Light Industrial,Chicago,IL,onsite,W2 Contract,10.2,recruiter_sourced,16.2,17.29,2024-06-17,2024-07-03,2024-07-19,2024-07-23,2024-08-20,,True,True,rejected_by_client,2024-08-19,6,held_out_test
CAND-00772,APP-00796,REQ-00036,CLI-009,REC-016,Project Engineer,Engineering,Nashville,TN,onsite,Direct Hire,4.3,staffing_event,35.92,42.41,2024-02-09,2024-02-16,2024-02-24,2024-02-27,2024-03-24,2024-03-23,True,True,joined_on_time,2024-03-23,6,discovery
CAND-00773,APP-00797,REQ-00132,CLI-006,REC-018,Office Coordinator,Administrative/Professional,Chicago,IL,hybrid,Direct Hire,9.0,career_site,25.74,27.82,2024-07-26,2024-08-12,2024-08-29,2024-08-31,2024-09-28,2024-09-28,True,True,joined_on_time,2024-09-28,8,discovery
CAND-00774,APP-00798,REQ-00030,CLI-006,REC-017,Administrative Assistant,Administrative/Professional,Indianapolis,IN,hybrid,Direct Hire,4.0,referral,23.71,26.76,2024-09-04,2024-09-10,2024-09-15,2024-09-15,2024-10-06,,True,True,rejected_by_client,2024-10-05,9,discovery
CAND-00775,APP-00799,REQ-00159,CLI-006,REC-003,Customer Service Representative,Administrative/Professional,Charlotte,NC,hybrid,W2 Contract,8.6,recruiter_sourced,21.61,25.15,2025-05-24,2025-05-27,2025-06-07,2025-06-08,2025-07-04,2025-07-04,True,True,joined_on_time,2025-07-04,12,discovery
CAND-00776,APP-00800,REQ-00194,CLI-010,REC-006,Executive Assistant,Administrative/Professional,Milwaukee,WI,onsite,W2 Contract,6.9,recruiter_sourced,16.36,18.31,2024-05-08,2024-05-26,2024-05-29,2024-05-29,2024-06-18,,True,False,declined_offer,2024-05-29,8,held_out_test
CAND-00777,APP-00801,REQ-00166,CLI-003,REC-003,Accounts Payable Clerk,Finance/Accounting,Nashville,TN,hybrid,Contract-to-Hire,12.0,staffing_event,30.8,35.27,2024-10-29,2024-11-11,2024-11-25,2024-11-30,2024-12-16,,True,True,accepted_no_show,2024-12-16,4,hypothesis_generation
CAND-00778,APP-00802,REQ-00145,CLI-010,REC-001,Office Coordinator,Administrative/Professional,Orlando,FL,onsite,Contract-to-Hire,3.8,recruiter_sourced,,17.09,2024-09-07,2024-09-26,2024-10-01,2024-10-05,2024-11-05,2024-11-05,True,True,joined_on_time,2024-11-05,4,discovery
CAND-00779,APP-00803,REQ-00096,CLI-003,REC-012,Accounts Payable Clerk,Finance/Accounting,Kansas City,MO,hybrid,Direct Hire,4.8,job_board,37.5,44.46,2024-05-04,2024-05-21,2024-05-25,2024-05-30,2024-06-06,2024-06-06,True,True,joined_on_time,2024-06-06,9,discovery
CAND-00780,APP-00804,REQ-00104,CLI-002,REC-001,Pharmacy Technician,Healthcare,Philadelphia,PA,onsite,Contract-to-Hire,9.5,job_board,27.49,27.75,2025-03-10,2025-03-29,2025-04-16,2025-04-21,2025-05-15,2025-05-16,True,True,joined_on_time,2025-05-16,12,discovery
CAND-00781,APP-00805,REQ-00171,CLI-005,REC-010,Process Engineer,Engineering,Jacksonville,FL,onsite,Contract-to-Hire,2.7,recruiter_sourced,41.29,46.6,2024-12-14,2024-12-30,2025-01-02,2025-01-07,2025-02-05,2025-03-01,True,True,joined_late,2025-03-01,25,discovery
CAND-00782,APP-00806,REQ-00063,CLI-007,REC-014,Certified Nursing Assistant,Healthcare,Dallas,TX,onsite,1099,3.3,recruiter_sourced,,34.8,2024-07-15,2024-07-21,2024-07-23,2024-07-24,2024-08-26,,True,True,withdrew_post_acceptance,2024-08-13,1,hypothesis_generation
CAND-00783,APP-00807,REQ-00087,CLI-001,REC-012,Machine Operator,Light Industrial,Jacksonville,FL,onsite,Contract-to-Hire,3.7,job_board,19.11,19.07,2025-02-27,2025-03-04,2025-03-14,2025-03-18,2025-04-04,2025-04-04,True,True,joined_on_time,2025-04-04,17,discovery
CAND-00784,APP-00808,REQ-00083,CLI-008,REC-016,QA Tester,IT/Technology,Tucson,AZ,hybrid,Direct Hire,7.1,staffing_event,,53.96,2024-03-27,2024-04-13,2024-04-19,2024-04-19,2024-05-17,,True,True,accepted_no_show,2024-05-17,3,held_out_test
CAND-00785,APP-00809,REQ-00175,CLI-011,REC-009,HR Coordinator,Administrative/Professional,Cincinnati,OH,remote,W2 Contract,2.3,career_site,15.45,18.36,2025-06-29,2025-07-13,2025-07-31,2025-08-06,2025-08-29,2025-08-29,True,True,joined_on_time,2025-08-29,5,hypothesis_generation
CAND-00786,APP-00810,REQ-00162,CLI-005,REC-015,General Laborer,Light Industrial,Charlotte,NC,onsite,Contract-to-Hire,8.0,job_board,,22.61,2025-02-12,2025-02-16,2025-02-25,2025-03-02,2025-03-24,2025-03-23,True,True,joined_on_time,2025-03-23,9,discovery
CAND-00787,APP-00811,REQ-00052,CLI-011,REC-009,Data Entry Clerk,Administrative/Professional,Austin,TX,onsite,Contract-to-Hire,3.3,recruiter_sourced,20.5,23.81,2024-11-20,2024-12-05,2024-12-21,2024-12-26,2025-01-02,2025-01-02,True,True,joined_on_time,2025-01-02,17,discovery
CAND-00788,APP-00812,REQ-00003,CLI-002,REC-002,Physical Therapist Asst.,Healthcare,St. Louis,MO,hybrid,W2 Contract,2.0,career_site,,40.85,2024-10-22,2024-11-07,2024-11-15,2024-11-18,2024-12-05,2024-12-10,True,True,joined_late,2024-12-10,11,discovery
CAND-00789,APP-00813,REQ-00193,CLI-003,REC-006,Senior Accountant,Finance/Accounting,Columbus,OH,hybrid,W2 Contract,5.0,job_board,31.47,35.76,2024-10-23,2024-11-12,2024-11-18,2024-11-21,2024-12-02,,True,True,withdrew_post_acceptance,2024-12-02,13,held_out_test
CAND-00790,APP-00814,REQ-00143,CLI-003,REC-015,Financial Analyst,Finance/Accounting,Charlotte,NC,remote,1099,5.1,career_site,28.41,30.13,2025-05-24,2025-06-09,2025-06-26,2025-06-27,2025-07-07,2025-07-07,True,True,joined_on_time,2025-07-07,7,discovery
CAND-00791,APP-00815,REQ-00031,CLI-001,REC-014,Shipping/Receiving Clerk,Light Industrial,Memphis,TN,onsite,W2 Contract,2.8,recruiter_sourced,17.75,20.09,2025-06-16,2025-06-24,2025-06-28,2025-06-29,2025-07-10,2025-07-10,True,True,joined_on_time,2025-07-10,13,hypothesis_generation
CAND-00792,APP-00816,REQ-00212,CLI-011,REC-018,HR Coordinator,Administrative/Professional,Chicago,IL,onsite,Direct Hire,8.2,recruiter_sourced,19.26,20.92,2025-04-03,2025-04-14,2025-04-21,2025-04-27,2025-05-02,2025-05-07,True,True,joined_late,2025-05-07,5,discovery
CAND-00793,APP-00817,REQ-00197,CLI-004,REC-005,Systems Administrator,IT/Technology,Kansas City,MO,remote,W2 Contract,5.6,job_board,40.8,46.21,2025-06-27,2025-07-13,2025-07-30,2025-08-02,2025-08-26,,True,True,withdrew_post_acceptance,2025-08-25,7,held_out_test
CAND-00794,APP-00818,REQ-00109,CLI-009,REC-007,Electrical Engineer,Engineering,Milwaukee,WI,onsite,Contract-to-Hire,4.3,recruiter_sourced,45.52,51.78,2025-01-28,2025-02-06,2025-02-10,2025-02-15,2025-03-13,,True,False,declined_offer,2025-02-15,7,discovery
CAND-00795,APP-00819,REQ-00162,CLI-005,REC-009,General Laborer,Light Industrial,Charlotte,NC,onsite,Contract-to-Hire,6.5,job_board,,16.88,2025-01-20,2025-01-27,2025-02-13,2025-02-19,2025-03-05,,True,True,withdrew_post_acceptance,2025-02-21,11,discovery
CAND-00796,APP-00820,REQ-00193,CLI-003,REC-009,Senior Accountant,Finance/Accounting,Columbus,OH,hybrid,W2 Contract,6.7,staffing_event,,28.48,2024-09-23,2024-09-30,2024-10-16,2024-10-21,2024-11-13,2024-11-12,True,True,joined_on_time,2024-11-12,10,hypothesis_generation
CAND-00797,APP-00821,REQ-00014,CLI-007,REC-011,Phlebotomist,Healthcare,Tucson,AZ,remote,Contract-to-Hire,7.5,referral,32.76,32.28,2024-10-13,2024-10-22,2024-10-30,2024-11-04,2024-11-27,2024-11-26,True,True,joined_on_time,2024-11-26,13,discovery
CAND-00798,APP-00822,REQ-00156,CLI-009,REC-001,Manufacturing Engineer,Engineering,Cincinnati,OH,onsite,Contract-to-Hire,3.1,recruiter_sourced,,36.73,2025-05-09,2025-05-27,2025-06-12,2025-06-15,2025-07-05,,True,False,declined_offer,2025-06-15,10,held_out_test
CAND-00799,APP-00823,REQ-00009,CLI-001,REC-015,General Laborer,Light Industrial,Jacksonville,FL,hybrid,W2 Contract,4.5,job_board,18.1,17.48,2025-02-03,2025-02-19,2025-03-04,2025-03-05,2025-03-31,2025-04-01,True,True,joined_on_time,2025-04-01,7,held_out_test
CAND-00800,APP-00824,REQ-00087,CLI-001,REC-012,Machine Operator,Light Industrial,Jacksonville,FL,onsite,Contract-to-Hire,6.4,referral,16.62,18.89,2025-03-21,2025-04-02,2025-04-07,2025-04-07,2025-05-12,2025-05-11,True,True,joined_on_time,2025-05-11,12,held_out_test
CAND-00801,APP-00825,REQ-00160,CLI-005,REC-013,Civil Engineer,Engineering,Tucson,AZ,onsite,Contract-to-Hire,3.3,recruiter_sourced,29.42,33.84,2024-11-09,2024-11-29,2024-12-04,2024-12-09,2024-12-28,2024-12-29,True,True,joined_on_time,2024-12-29,0,discovery
CAND-00802,APP-00826,REQ-00016,CLI-003,REC-018,Financial Analyst,Finance/Accounting,Jacksonville,FL,onsite,Contract-to-Hire,5.2,job_board,30.08,38.08,2024-05-04,2024-05-24,2024-06-07,2024-06-07,2024-06-23,2024-06-23,True,True,joined_on_time,2024-06-23,8,discovery
CAND-00803,APP-00827,REQ-00109,CLI-009,REC-013,Electrical Engineer,Engineering,Milwaukee,WI,onsite,Contract-to-Hire,1.5,recruiter_sourced,32.05,32.44,2025-01-21,2025-02-05,2025-02-07,2025-02-09,2025-03-14,2025-03-14,True,True,joined_on_time,2025-03-14,14,discovery
CAND-00804,APP-00828,REQ-00154,CLI-010,REC-018,Office Coordinator,Administrative/Professional,Phoenix,AZ,hybrid,W2 Contract,5.8,referral,17.44,18.75,2025-03-28,2025-04-13,2025-04-16,2025-04-16,2025-04-26,2025-05-03,True,True,joined_late,2025-05-03,0,discovery
CAND-00805,APP-00829,REQ-00058,CLI-005,REC-007,Project Engineer,Engineering,Tampa,FL,onsite,Direct Hire,3.7,staffing_event,48.71,47.44,2024-03-07,2024-03-22,2024-03-30,2024-04-03,2024-04-29,2024-05-14,True,True,joined_late,2024-05-14,16,discovery
CAND-00806,APP-00830,REQ-00151,CLI-001,REC-009,Shipping/Receiving Clerk,Light Industrial,Pittsburgh,PA,onsite,Contract-to-Hire,3.0,recruiter_sourced,,21.54,2024-10-08,2024-10-23,2024-10-30,2024-11-02,2024-11-19,,True,False,declined_offer,2024-11-02,4,held_out_test
CAND-00807,APP-00831,REQ-00099,CLI-002,REC-005,Pharmacy Technician,Healthcare,Milwaukee,WI,onsite,W2 Contract,20.0,recruiter_sourced,37.22,44.18,2024-02-25,2024-03-11,2024-03-21,2024-03-27,2024-04-17,2024-04-25,True,True,joined_late,2024-04-25,20,discovery
CAND-00808,APP-00832,REQ-00111,CLI-006,REC-012,Senior Accountant,Finance/Accounting,Orlando,FL,hybrid,Direct Hire,4.2,job_board,22.7,24.56,2024-07-18,2024-08-08,2024-08-14,2024-08-14,2024-09-12,2024-09-13,True,True,joined_on_time,2024-09-13,4,discovery
CAND-00809,APP-00833,REQ-00172,CLI-001,REC-007,Shipping/Receiving Clerk,Light Industrial,Houston,TX,onsite,Contract-to-Hire,7.6,job_board,18.31,18.06,2024-12-04,2024-12-21,2025-01-03,2025-01-04,2025-01-20,2025-01-20,True,True,joined_on_time,2025-01-20,3,discovery
CAND-00810,APP-00834,REQ-00099,CLI-002,REC-017,Pharmacy Technician,Healthcare,Milwaukee,WI,onsite,W2 Contract,2.6,reapply,31.84,31.9,2024-03-12,2024-03-23,2024-03-27,2024-03-28,2024-04-26,,True,True,withdrew_post_acceptance,2024-03-29,3,hypothesis_generation
CAND-00811,APP-00835,REQ-00090,CLI-011,REC-003,Warehouse Associate,Light Industrial,Atlanta,GA,onsite,W2 Contract,7.5,job_board,13.95,16.67,2025-01-12,2025-01-23,2025-01-30,2025-01-30,2025-02-11,2025-02-11,True,True,joined_on_time,2025-02-11,5,hypothesis_generation
CAND-00812,APP-00836,REQ-00139,CLI-009,REC-017,Quality Engineer,Engineering,Columbus,OH,onsite,W2 Contract,4.6,recruiter_sourced,48.94,53.58,2024-11-12,2024-11-15,2024-11-30,2024-11-30,2024-12-25,,True,True,accepted_no_show,2024-12-25,4,discovery
CAND-00813,APP-00837,REQ-00038,CLI-011,REC-001,Administrative Assistant,Administrative/Professional,Tampa,FL,onsite,1099,6.1,recruiter_sourced,,20.78,2024-11-15,2024-12-02,2024-12-09,2024-12-10,2024-12-28,,True,True,accepted_no_show,2024-12-28,9,discovery
CAND-00814,APP-00838,REQ-00140,CLI-008,REC-016,DevOps Engineer,IT/Technology,Pittsburgh,PA,onsite,Contract-to-Hire,5.4,career_site,41.11,40.62,2024-07-10,2024-07-23,2024-08-05,2024-08-08,2024-09-03,,True,True,accepted_no_show,2024-09-03,15,discovery
CAND-00815,APP-00839,REQ-00161,CLI-004,REC-004,DevOps Engineer,IT/Technology,Atlanta,GA,remote,Direct Hire,4.3,career_site,48.38,46.06,2024-03-12,2024-03-15,2024-03-17,2024-03-21,2024-04-12,2024-04-19,True,True,joined_late,2024-04-19,7,discovery
CAND-00816,APP-00840,REQ-00161,CLI-004,REC-001,DevOps Engineer,IT/Technology,Atlanta,GA,remote,Direct Hire,4.5,recruiter_sourced,51.67,62.9,2024-02-26,2024-03-04,2024-03-14,2024-03-16,2024-04-08,2024-04-08,True,True,joined_on_time,2024-04-08,22,discovery
CAND-00817,APP-00841,REQ-00216,CLI-003,REC-006,Bookkeeper,Finance/Accounting,St. Louis,MO,hybrid,Contract-to-Hire,2.7,referral,26.18,27.83,2025-02-01,2025-02-19,2025-03-06,2025-03-10,2025-03-28,2025-03-28,True,True,joined_on_time,2025-03-28,15,discovery
CAND-00818,APP-00842,REQ-00055,CLI-002,REC-017,Certified Nursing Assistant,Healthcare,Memphis,TN,onsite,Contract-to-Hire,2.7,job_board,27.35,31.21,2024-04-02,2024-04-23,2024-05-04,2024-05-05,2024-06-08,2024-06-08,True,True,joined_on_time,2024-06-08,10,discovery
CAND-00819,APP-00843,REQ-00015,CLI-001,REC-005,Forklift Operator,Light Industrial,Nashville,TN,onsite,Direct Hire,3.7,recruiter_sourced,19.53,21.52,2025-04-16,2025-04-29,2025-05-04,2025-05-08,2025-05-26,2025-05-26,True,True,joined_on_time,2025-05-26,18,hypothesis_generation
CAND-00820,APP-00844,REQ-00055,CLI-002,REC-008,Certified Nursing Assistant,Healthcare,Memphis,TN,onsite,Contract-to-Hire,2.5,recruiter_sourced,,31.65,2024-02-21,2024-03-11,2024-03-21,2024-03-25,2024-04-13,,True,True,withdrew_post_acceptance,2024-04-04,5,hypothesis_generation
CAND-00178,APP-00845,REQ-00118,CLI-006,REC-012,Accounts Payable Clerk,Finance/Accounting,Memphis,TN,onsite,1099,5.5,reapply,25.5,29.61,2025-02-08,2025-02-13,2025-02-21,2025-02-26,2025-03-14,,True,True,withdrew_post_acceptance,2025-03-10,8,hypothesis_generation
CAND-00686,APP-00846,REQ-00055,CLI-002,REC-002,Certified Nursing Assistant,Healthcare,Memphis,TN,onsite,Contract-to-Hire,4.8,job_board,36.03,40.91,2025-05-07,2025-05-20,2025-05-29,2025-06-02,2025-06-10,2025-06-10,True,True,joined_on_time,2025-06-10,12,hypothesis_generation
CAND-00821,APP-00847,REQ-00210,CLI-008,REC-013,QA Tester,IT/Technology,Indianapolis,IN,hybrid,Direct Hire,2.5,job_board,29.32,32.25,2025-02-06,2025-02-11,2025-02-26,2025-03-03,2025-04-01,2025-04-17,True,True,joined_late,2025-04-17,13,discovery
CAND-00822,APP-00848,REQ-00086,CLI-002,REC-005,Registered Nurse,Healthcare,Phoenix,AZ,onsite,W2 Contract,3.4,recruiter_sourced,,38.71,2025-04-10,2025-04-26,2025-05-01,2025-05-01,2025-05-25,,True,True,rejected_by_client,2025-05-07,12,discovery
CAND-00823,APP-00849,REQ-00042,CLI-008,REC-004,Data Analyst,IT/Technology,Tampa,FL,hybrid,W2 Contract,4.4,job_board,31.9,36.45,2024-09-20,2024-10-11,2024-10-13,2024-10-16,2024-11-01,,True,True,accepted_no_show,2024-11-01,10,discovery
CAND-00824,APP-00850,REQ-00164,CLI-011,REC-003,Shipping/Receiving Clerk,Light Industrial,St. Louis,MO,onsite,Direct Hire,3.7,job_board,18.75,22.02,2024-03-13,2024-03-18,2024-04-04,2024-04-04,2024-05-09,,True,True,withdrew_post_acceptance,2024-05-01,10,held_out_test
CAND-00825,APP-00851,REQ-00143,CLI-003,REC-009,Financial Analyst,Finance/Accounting,Charlotte,NC,remote,1099,2.8,job_board,39.44,39.55,2025-06-15,2025-07-03,2025-07-06,2025-07-09,2025-07-25,2025-07-25,True,True,joined_on_time,2025-07-25,13,discovery
CAND-00826,APP-00852,REQ-00004,CLI-003,REC-009,AR Specialist,Finance/Accounting,Tampa,FL,hybrid,W2 Contract,2.6,job_board,28.54,31.29,2024-06-19,2024-06-22,2024-06-28,2024-06-28,2024-07-18,2024-08-12,True,True,joined_late,2024-08-12,15,discovery
CAND-00827,APP-00853,REQ-00173,CLI-006,REC-006,Administrative Assistant,Administrative/Professional,Cincinnati,OH,hybrid,W2 Contract,3.8,career_site,19.65,20.81,2025-06-16,2025-06-19,2025-06-22,2025-06-24,2025-07-27,2025-07-26,True,True,joined_on_time,2025-07-26,13,held_out_test
CAND-00828,APP-00854,REQ-00158,CLI-010,REC-003,Customer Service Representative,Administrative/Professional,Phoenix,AZ,hybrid,Contract-to-Hire,4.1,referral,14.33,17.03,2025-04-28,2025-05-09,2025-05-16,2025-05-17,2025-06-13,,True,False,declined_offer,2025-05-17,5,held_out_test
CAND-00829,APP-00855,REQ-00159,CLI-006,REC-009,Customer Service Representative,Administrative/Professional,Charlotte,NC,hybrid,W2 Contract,20.0,career_site,,18.97,2025-06-20,2025-07-06,2025-07-22,2025-07-27,2025-08-04,2025-08-05,True,True,joined_on_time,2025-08-05,5,hypothesis_generation
CAND-00830,APP-00856,REQ-00201,CLI-009,REC-016,Mechanical Engineer,Engineering,Tampa,FL,remote,Direct Hire,2.4,recruiter_sourced,47.29,59.11,2024-04-03,2024-04-13,2024-04-17,2024-04-19,2024-05-21,2024-06-02,True,True,joined_late,2024-06-02,7,hypothesis_generation
CAND-00831,APP-00857,REQ-00054,CLI-005,REC-015,Material Handler,Light Industrial,Chicago,IL,onsite,W2 Contract,6.2,referral,19.35,19.78,2024-06-21,2024-06-30,2024-07-04,2024-07-04,2024-07-29,,True,True,rejected_by_client,2024-07-06,3,discovery
CAND-00832,APP-00858,REQ-00131,CLI-006,REC-012,Executive Assistant,Administrative/Professional,Memphis,TN,hybrid,Direct Hire,2.2,recruiter_sourced,15.01,17.56,2024-04-20,2024-05-11,2024-05-29,2024-06-02,2024-06-18,,True,True,withdrew_post_acceptance,2024-06-12,7,hypothesis_generation
CAND-00833,APP-00859,REQ-00054,CLI-005,REC-015,Material Handler,Light Industrial,Chicago,IL,onsite,W2 Contract,2.4,job_board,15.21,15.17,2024-06-14,2024-07-01,2024-07-19,2024-07-20,2024-08-22,2024-08-22,True,True,joined_on_time,2024-08-22,7,discovery
CAND-00834,APP-00860,REQ-00104,CLI-002,REC-011,Pharmacy Technician,Healthcare,Philadelphia,PA,onsite,Contract-to-Hire,2.5,staffing_event,32.92,34.28,2025-02-16,2025-02-22,2025-02-28,2025-03-03,2025-03-13,2025-03-12,True,True,joined_on_time,2025-03-12,0,discovery
CAND-00835,APP-00861,REQ-00021,CLI-009,REC-004,Manufacturing Engineer,Engineering,Columbus,OH,hybrid,Direct Hire,4.9,referral,40.42,48.0,2025-07-08,2025-07-19,2025-07-24,2025-07-28,2025-08-05,,True,False,declined_offer,2025-07-28,1,hypothesis_generation
CAND-00836,APP-00862,REQ-00096,CLI-003,REC-006,Accounts Payable Clerk,Finance/Accounting,Kansas City,MO,hybrid,Direct Hire,10.1,recruiter_sourced,27.2,25.98,2024-05-29,2024-06-09,2024-06-22,2024-06-22,2024-07-03,,True,True,withdrew_post_acceptance,2024-07-03,12,held_out_test
CAND-00837,APP-00863,REQ-00182,CLI-011,REC-006,Data Entry Clerk,Administrative/Professional,Cincinnati,OH,remote,W2 Contract,6.3,job_board,15.27,16.0,2024-07-27,2024-08-14,2024-09-01,2024-09-04,2024-09-14,2024-10-08,True,True,joined_late,2024-10-08,29,discovery
CAND-00838,APP-00864,REQ-00031,CLI-001,REC-003,Shipping/Receiving Clerk,Light Industrial,Memphis,TN,onsite,W2 Contract,2.5,career_site,20.13,19.38,2025-05-07,2025-05-17,2025-05-21,2025-05-25,2025-06-03,,True,True,withdrew_post_acceptance,2025-05-30,6,discovery
CAND-00839,APP-00865,REQ-00209,CLI-002,REC-011,Medical Assistant,Healthcare,Dallas,TX,onsite,Contract-to-Hire,12.5,referral,,35.63,2024-05-31,2024-06-11,2024-06-28,2024-06-29,2024-07-13,2024-07-22,True,True,joined_late,2024-07-22,4,discovery
CAND-00840,APP-00866,REQ-00202,CLI-004,REC-016,Software Engineer,IT/Technology,Houston,TX,onsite,W2 Contract,1.0,job_board,33.39,39.47,2025-04-14,2025-05-02,2025-05-13,2025-05-19,2025-06-14,2025-06-24,True,True,joined_late,2025-06-24,22,hypothesis_generation
CAND-00841,APP-00867,REQ-00003,CLI-002,REC-005,Physical Therapist Asst.,Healthcare,St. Louis,MO,hybrid,W2 Contract,5.2,job_board,40.71,39.29,2024-11-14,2024-12-02,2024-12-17,2024-12-19,2024-12-27,2024-12-27,True,True,joined_on_time,2024-12-27,10,discovery
CAND-00842,APP-00868,REQ-00171,CLI-005,REC-011,Process Engineer,Engineering,Jacksonville,FL,onsite,Contract-to-Hire,1.0,referral,,27.67,2024-12-16,2024-12-30,2025-01-16,2025-01-20,2025-01-26,,True,True,withdrew_post_acceptance,2025-01-24,9,discovery
CAND-00843,APP-00869,REQ-00181,CLI-010,REC-009,Data Entry Clerk,Administrative/Professional,Jacksonville,FL,hybrid,W2 Contract,2.4,recruiter_sourced,,25.33,2024-02-01,2024-02-11,2024-02-29,2024-03-04,2024-03-15,,True,True,withdrew_post_acceptance,2024-03-07,9,hypothesis_generation
CAND-00844,APP-00870,REQ-00128,CLI-010,REC-009,Customer Service Representative,Administrative/Professional,Houston,TX,hybrid,Direct Hire,2.5,recruiter_sourced,19.39,21.07,2024-12-22,2025-01-11,2025-01-21,2025-01-26,2025-02-15,,True,True,withdrew_post_acceptance,2025-02-04,14,discovery
CAND-00845,APP-00871,REQ-00062,CLI-011,REC-009,Office Coordinator,Administrative/Professional,Houston,TX,hybrid,W2 Contract,2.6,career_site,18.44,18.04,2025-07-01,2025-07-19,2025-07-24,2025-07-26,2025-08-24,2025-08-25,True,True,joined_on_time,2025-08-25,13,discovery
CAND-00846,APP-00872,REQ-00116,CLI-009,REC-004,Electrical Engineer,Engineering,Tampa,FL,hybrid,1099,1.2,referral,31.3,34.8,2025-05-23,2025-06-10,2025-06-12,2025-06-13,2025-07-10,2025-07-10,True,True,joined_on_time,2025-07-10,12,discovery
CAND-00847,APP-00873,REQ-00167,CLI-004,REC-004,Systems Administrator,IT/Technology,Pittsburgh,PA,hybrid,Direct Hire,2.1,referral,,55.1,2025-01-10,2025-01-30,2025-02-15,2025-02-19,2025-03-02,2025-03-02,True,True,joined_on_time,2025-03-02,17,discovery
CAND-00848,APP-00874,REQ-00160,CLI-005,REC-016,Civil Engineer,Engineering,Tucson,AZ,onsite,Contract-to-Hire,2.2,recruiter_sourced,26.13,29.91,2024-11-24,2024-12-05,2024-12-16,2024-12-17,2024-12-27,2024-12-28,True,True,joined_on_time,2024-12-28,14,hypothesis_generation
CAND-00849,APP-00875,REQ-00020,CLI-011,REC-015,Administrative Assistant,Administrative/Professional,Charlotte,NC,onsite,Contract-to-Hire,3.0,recruiter_sourced,19.64,21.54,2024-10-30,2024-11-13,2024-11-24,2024-11-24,2024-12-04,,True,False,declined_offer,2024-11-24,5,discovery
CAND-00850,APP-00876,REQ-00197,CLI-004,REC-010,Systems Administrator,IT/Technology,Kansas City,MO,remote,W2 Contract,2.7,staffing_event,36.45,39.22,2025-07-11,2025-07-19,2025-07-30,2025-08-02,2025-08-18,,True,True,withdrew_post_acceptance,2025-08-05,8,discovery
CAND-00851,APP-00877,REQ-00005,CLI-002,REC-011,Certified Nursing Assistant,Healthcare,Columbus,OH,onsite,W2 Contract,3.2,career_site,25.95,28.07,2025-01-10,2025-01-28,2025-02-08,2025-02-08,2025-03-03,2025-03-03,True,True,joined_on_time,2025-03-03,9,discovery
CAND-00852,APP-00878,REQ-00119,CLI-009,REC-001,Manufacturing Engineer,Engineering,Kansas City,MO,onsite,Direct Hire,3.6,career_site,40.6,39.01,2025-02-20,2025-03-11,2025-03-17,2025-03-17,2025-04-18,,True,True,withdrew_post_acceptance,2025-04-04,4,hypothesis_generation
CAND-00853,APP-00879,REQ-00070,CLI-004,REC-010,DevOps Engineer,IT/Technology,Nashville,TN,hybrid,W2 Contract,6.1,job_board,55.94,66.85,2025-03-26,2025-04-09,2025-04-18,2025-04-24,2025-05-19,,True,True,accepted_no_show,2025-05-19,6,discovery
CAND-00854,APP-00880,REQ-00180,CLI-002,REC-011,Certified Nursing Assistant,Healthcare,Jacksonville,FL,remote,W2 Contract,2.9,career_site,,33.45,2024-08-11,2024-08-23,2024-08-30,2024-09-03,2024-09-22,,True,True,withdrew_post_acceptance,2024-09-14,8,discovery
CAND-00855,APP-00881,REQ-00183,CLI-010,REC-015,Receptionist,Administrative/Professional,Dallas,TX,hybrid,W2 Contract,9.5,job_board,17.48,19.61,2024-09-17,2024-09-26,2024-10-07,2024-10-09,2024-10-19,,True,True,withdrew_post_acceptance,2024-10-14,4,held_out_test
CAND-00856,APP-00882,REQ-00137,CLI-009,REC-013,Electrical Engineer,Engineering,Philadelphia,PA,hybrid,W2 Contract,8.1,job_board,53.03,52.55,2024-10-04,2024-10-17,2024-11-04,2024-11-09,2024-12-06,2024-12-06,True,True,joined_on_time,2024-12-06,11,discovery
CAND-00857,APP-00883,REQ-00081,CLI-003,REC-012,Senior Accountant,Finance/Accounting,Jacksonville,FL,hybrid,W2 Contract,6.4,recruiter_sourced,,35.4,2024-11-19,2024-11-22,2024-12-07,2024-12-07,2025-01-10,2025-01-10,True,True,joined_on_time,2025-01-10,5,discovery
CAND-00858,APP-00884,REQ-00221,CLI-009,REC-004,Manufacturing Engineer,Engineering,Austin,TX,onsite,W2 Contract,6.7,job_board,29.71,35.83,2025-05-15,2025-06-05,2025-06-16,2025-06-16,2025-07-20,2025-07-20,True,True,joined_on_time,2025-07-20,17,discovery
CAND-00859,APP-00885,REQ-00144,CLI-006,REC-012,Payroll Specialist,Finance/Accounting,Nashville,TN,hybrid,W2 Contract,6.3,recruiter_sourced,34.22,35.39,2025-02-28,2025-03-04,2025-03-14,2025-03-20,2025-04-13,,True,True,accepted_no_show,2025-04-13,0,discovery
CAND-00860,APP-00886,REQ-00181,CLI-010,REC-009,Data Entry Clerk,Administrative/Professional,Jacksonville,FL,hybrid,W2 Contract,9.7,recruiter_sourced,16.83,18.61,2024-02-21,2024-03-13,2024-03-31,2024-04-05,2024-05-02,2024-05-01,True,True,joined_on_time,2024-05-01,4,held_out_test
CAND-00861,APP-00887,REQ-00173,CLI-006,REC-015,Administrative Assistant,Administrative/Professional,Cincinnati,OH,hybrid,W2 Contract,3.6,job_board,,24.27,2025-06-24,2025-07-01,2025-07-12,2025-07-17,2025-07-31,,True,True,accepted_no_show,2025-07-31,21,discovery
CAND-00862,APP-00888,REQ-00191,CLI-008,REC-010,Data Analyst,IT/Technology,St. Louis,MO,hybrid,Direct Hire,4.5,job_board,40.46,44.84,2024-08-25,2024-08-31,2024-09-18,2024-09-18,2024-10-05,2024-10-05,True,True,joined_on_time,2024-10-05,14,discovery
CAND-00863,APP-00889,REQ-00086,CLI-002,REC-014,Registered Nurse,Healthcare,Phoenix,AZ,onsite,W2 Contract,1.8,career_site,30.42,33.84,2025-03-13,2025-03-31,2025-04-07,2025-04-13,2025-04-24,,True,False,declined_offer,2025-04-13,6,discovery
CAND-00864,APP-00890,REQ-00169,CLI-002,REC-017,Medical Assistant,Healthcare,Tucson,AZ,onsite,Contract-to-Hire,11.3,referral,,31.0,2025-05-24,2025-05-30,2025-06-14,2025-06-15,2025-07-14,,True,False,declined_offer,2025-06-15,14,discovery
CAND-00865,APP-00891,REQ-00104,CLI-002,REC-017,Pharmacy Technician,Healthcare,Philadelphia,PA,onsite,Contract-to-Hire,8.9,recruiter_sourced,41.8,42.91,2025-02-07,2025-02-16,2025-03-05,2025-03-08,2025-03-24,2025-03-24,True,True,joined_on_time,2025-03-24,22,hypothesis_generation
CAND-00866,APP-00892,REQ-00060,CLI-008,REC-007,Data Analyst,IT/Technology,Tucson,AZ,hybrid,W2 Contract,2.6,recruiter_sourced,53.37,53.45,2025-05-16,2025-06-02,2025-06-17,2025-06-23,2025-07-10,,True,True,withdrew_post_acceptance,2025-06-28,14,hypothesis_generation
CAND-00867,APP-00893,REQ-00132,CLI-006,REC-003,Office Coordinator,Administrative/Professional,Chicago,IL,hybrid,Direct Hire,1.4,referral,23.44,22.25,2024-06-18,2024-07-05,2024-07-08,2024-07-10,2024-07-22,2024-08-08,True,True,joined_late,2024-08-08,11,discovery
CAND-00868,APP-00894,REQ-00128,CLI-010,REC-017,Customer Service Representative,Administrative/Professional,Houston,TX,hybrid,Direct Hire,1.5,staffing_event,15.8,17.37,2024-12-01,2024-12-20,2024-12-28,2024-12-30,2025-01-29,,True,False,declined_offer,2024-12-30,13,hypothesis_generation
CAND-00869,APP-00895,REQ-00150,CLI-009,REC-004,Manufacturing Engineer,Engineering,Tucson,AZ,onsite,Direct Hire,1.8,referral,40.15,48.64,2025-02-20,2025-03-09,2025-03-15,2025-03-17,2025-04-19,2025-04-19,True,True,joined_on_time,2025-04-19,5,held_out_test
CAND-00870,APP-00896,REQ-00073,CLI-004,REC-017,QA Tester,IT/Technology,Milwaukee,WI,remote,Direct Hire,6.5,recruiter_sourced,,39.18,2024-07-15,2024-07-23,2024-08-10,2024-08-16,2024-09-10,,True,True,withdrew_post_acceptance,2024-09-02,10,discovery
CAND-00871,APP-00897,REQ-00042,CLI-008,REC-013,Data Analyst,IT/Technology,Tampa,FL,hybrid,W2 Contract,1.0,referral,36.79,41.63,2024-09-24,2024-09-29,2024-10-02,2024-10-02,2024-11-04,,True,True,withdrew_post_acceptance,2024-10-13,14,hypothesis_generation
CAND-00872,APP-00898,REQ-00127,CLI-004,REC-010,Data Analyst,IT/Technology,Philadelphia,PA,remote,Direct Hire,9.3,recruiter_sourced,44.95,49.12,2024-11-09,2024-11-19,2024-11-24,2024-11-25,2024-12-27,2024-12-27,True,True,joined_on_time,2024-12-27,16,hypothesis_generation
CAND-00873,APP-00899,REQ-00014,CLI-007,REC-002,Phlebotomist,Healthcare,Tucson,AZ,remote,Contract-to-Hire,5.1,job_board,29.91,30.9,2024-10-19,2024-10-24,2024-11-09,2024-11-15,2024-11-30,2024-12-01,True,True,joined_on_time,2024-12-01,9,hypothesis_generation
CAND-00874,APP-00900,REQ-00120,CLI-002,REC-005,Phlebotomist,Healthcare,Charlotte,NC,hybrid,W2 Contract,9.5,recruiter_sourced,40.36,47.37,2024-04-20,2024-05-11,2024-05-19,2024-05-20,2024-06-06,2024-06-06,True,True,joined_on_time,2024-06-06,10,discovery
CAND-00875,APP-00901,REQ-00010,CLI-002,REC-005,Certified Nursing Assistant,Healthcare,Phoenix,AZ,onsite,W2 Contract,8.6,recruiter_sourced,40.78,38.67,2024-03-29,2024-04-07,2024-04-11,2024-04-15,2024-04-21,2024-04-20,True,True,joined_on_time,2024-04-20,3,discovery
CAND-00876,APP-00902,REQ-00094,CLI-001,REC-003,Forklift Operator,Light Industrial,Orlando,FL,remote,W2 Contract,6.3,recruiter_sourced,,23.13,2024-06-09,2024-06-22,2024-06-29,2024-07-04,2024-08-01,2024-08-02,True,True,joined_on_time,2024-08-02,15,discovery
CAND-00877,APP-00903,REQ-00052,CLI-011,REC-015,Data Entry Clerk,Administrative/Professional,Austin,TX,onsite,Contract-to-Hire,4.9,recruiter_sourced,15.45,17.14,2024-11-16,2024-12-06,2024-12-12,2024-12-18,2024-12-24,,True,True,withdrew_post_acceptance,2024-12-22,13,hypothesis_generation
CAND-00878,APP-00904,REQ-00107,CLI-001,REC-003,Warehouse Associate,Light Industrial,Jacksonville,FL,hybrid,Contract-to-Hire,6.4,reapply,17.28,20.59,2024-09-16,2024-09-22,2024-10-09,2024-10-10,2024-10-20,,True,False,declined_offer,2024-10-10,13,discovery
CAND-00879,APP-00905,REQ-00149,CLI-004,REC-001,DevOps Engineer,IT/Technology,St. Louis,MO,onsite,Contract-to-Hire,5.9,career_site,44.77,52.26,2024-10-21,2024-11-04,2024-11-08,2024-11-14,2024-11-23,2024-11-23,True,True,joined_on_time,2024-11-23,8,discovery
CAND-00880,APP-00906,REQ-00192,CLI-008,REC-013,Business Systems Analyst,IT/Technology,Jacksonville,FL,hybrid,Direct Hire,8.2,recruiter_sourced,48.64,50.68,2025-03-21,2025-04-10,2025-04-15,2025-04-19,2025-05-10,,True,False,declined_offer,2025-04-19,14,discovery
CAND-00881,APP-00907,REQ-00149,CLI-004,REC-006,DevOps Engineer,IT/Technology,St. Louis,MO,onsite,Contract-to-Hire,1.7,job_board,36.01,37.88,2024-11-13,2024-11-24,2024-12-02,2024-12-04,2025-01-05,,True,True,accepted_no_show,2025-01-05,0,held_out_test
CAND-00882,APP-00908,REQ-00189,CLI-003,REC-015,Bookkeeper,Finance/Accounting,Cincinnati,OH,hybrid,W2 Contract,9.8,career_site,26.77,32.73,2024-12-24,2024-12-28,2025-01-06,2025-01-09,2025-01-18,2025-02-08,True,True,joined_late,2025-02-08,18,discovery
CAND-00883,APP-00909,REQ-00062,CLI-011,REC-007,Office Coordinator,Administrative/Professional,Houston,TX,hybrid,W2 Contract,7.0,recruiter_sourced,14.49,16.62,2025-06-12,2025-06-28,2025-07-02,2025-07-06,2025-07-27,2025-07-27,True,True,joined_on_time,2025-07-27,0,hypothesis_generation
CAND-00884,APP-00910,REQ-00150,CLI-009,REC-001,Manufacturing Engineer,Engineering,Tucson,AZ,onsite,Direct Hire,1.1,job_board,40.15,44.97,2025-03-02,2025-03-20,2025-03-31,2025-04-06,2025-04-17,,True,True,withdrew_post_acceptance,2025-04-07,0,discovery
CAND-00777,APP-00911,REQ-00140,CLI-008,REC-018,DevOps Engineer,IT/Technology,Pittsburgh,PA,onsite,Contract-to-Hire,3.5,referral,33.11,39.07,2024-12-15,2024-12-18,2025-01-04,2025-01-04,2025-01-26,,True,False,declined_offer,2025-01-04,7,discovery
CAND-00885,APP-00912,REQ-00129,CLI-010,REC-012,Administrative Assistant,Administrative/Professional,Houston,TX,hybrid,Direct Hire,3.7,job_board,21.15,24.79,2024-03-02,2024-03-16,2024-03-29,2024-03-30,2024-04-18,2024-05-04,True,True,joined_late,2024-05-04,8,held_out_test
CAND-00886,APP-00913,REQ-00151,CLI-001,REC-009,Shipping/Receiving Clerk,Light Industrial,Pittsburgh,PA,onsite,Contract-to-Hire,0.6,referral,19.65,23.82,2024-09-07,2024-09-27,2024-09-30,2024-10-06,2024-10-10,2024-10-10,True,True,joined_on_time,2024-10-10,15,discovery
CAND-00887,APP-00914,REQ-00157,CLI-006,REC-011,Receptionist,Administrative/Professional,Dallas,TX,hybrid,1099,2.9,recruiter_sourced,23.87,24.14,2024-06-23,2024-07-06,2024-07-19,2024-07-23,2024-08-18,,True,True,withdrew_post_acceptance,2024-07-31,5,hypothesis_generation
CAND-00888,APP-00915,REQ-00208,CLI-003,REC-013,Accounts Payable Clerk,Finance/Accounting,Charlotte,NC,onsite,Direct Hire,0.7,recruiter_sourced,37.39,38.44,2024-11-22,2024-11-27,2024-12-01,2024-12-03,2024-12-28,,True,True,withdrew_post_acceptance,2024-12-10,26,held_out_test
CAND-00889,APP-00916,REQ-00200,CLI-001,REC-006,Warehouse Associate,Light Industrial,Tampa,FL,onsite,Direct Hire,1.1,career_site,18.41,19.1,2025-01-06,2025-01-18,2025-01-27,2025-01-31,2025-02-14,2025-02-27,True,True,joined_late,2025-02-27,2,held_out_test
CAND-00890,APP-00917,REQ-00210,CLI-008,REC-001,QA Tester,IT/Technology,Indianapolis,IN,hybrid,Direct Hire,8.3,referral,42.5,43.79,2025-01-28,2025-02-08,2025-02-12,2025-02-13,2025-02-26,2025-02-27,True,True,joined_on_time,2025-02-27,11,discovery
CAND-00891,APP-00918,REQ-00113,CLI-005,REC-003,Warehouse Associate,Light Industrial,Orlando,FL,onsite,W2 Contract,10.4,job_board,11.96,13.96,2024-11-19,2024-12-06,2024-12-22,2024-12-22,2025-01-01,,True,False,declined_offer,2024-12-22,1,discovery
CAND-00892,APP-00919,REQ-00187,CLI-007,REC-008,Phlebotomist,Healthcare,St. Louis,MO,onsite,1099,4.0,recruiter_sourced,,33.43,2025-03-16,2025-03-20,2025-03-30,2025-04-05,2025-04-28,2025-04-28,True,True,joined_on_time,2025-04-28,0,discovery
CAND-00893,APP-00920,REQ-00090,CLI-011,REC-012,Warehouse Associate,Light Industrial,Atlanta,GA,onsite,W2 Contract,11.4,job_board,12.16,14.77,2024-12-19,2025-01-04,2025-01-07,2025-01-12,2025-01-26,2025-01-25,True,True,joined_on_time,2025-01-25,6,discovery
CAND-00894,APP-00921,REQ-00125,CLI-010,REC-003,Customer Service Representative,Administrative/Professional,Columbus,OH,hybrid,Contract-to-Hire,3.3,career_site,,22.08,2024-10-25,2024-11-15,2024-11-23,2024-11-29,2024-12-03,2024-12-03,True,True,joined_on_time,2024-12-03,15,held_out_test
CAND-00895,APP-00922,REQ-00031,CLI-001,REC-012,Shipping/Receiving Clerk,Light Industrial,Memphis,TN,onsite,W2 Contract,3.3,reapply,18.91,20.0,2025-05-07,2025-05-19,2025-06-04,2025-06-07,2025-07-02,,True,True,withdrew_post_acceptance,2025-07-01,9,discovery
CAND-00896,APP-00923,REQ-00023,CLI-007,REC-005,Phlebotomist,Healthcare,Dallas,TX,onsite,W2 Contract,7.0,referral,,25.17,2024-12-14,2024-12-21,2024-12-23,2024-12-25,2025-01-27,,True,False,declined_offer,2024-12-25,12,held_out_test
CAND-00897,APP-00924,REQ-00048,CLI-008,REC-001,QA Tester,IT/Technology,Phoenix,AZ,hybrid,Contract-to-Hire,4.5,job_board,54.46,58.72,2024-12-14,2024-12-18,2024-12-28,2024-12-30,2025-01-15,2025-02-08,True,True,joined_late,2025-02-08,4,discovery
CAND-00898,APP-00925,REQ-00136,CLI-008,REC-001,Business Systems Analyst,IT/Technology,St. Louis,MO,hybrid,W2 Contract,5.6,recruiter_sourced,46.84,51.16,2024-11-16,2024-11-24,2024-12-10,2024-12-13,2024-12-20,2024-12-20,True,True,joined_on_time,2024-12-20,16,held_out_test
CAND-00899,APP-00926,REQ-00101,CLI-011,REC-009,General Laborer,Light Industrial,Chicago,IL,onsite,Contract-to-Hire,3.7,job_board,15.75,16.48,2025-02-14,2025-02-19,2025-03-01,2025-03-05,2025-03-28,2025-03-28,True,True,joined_on_time,2025-03-28,3,discovery
CAND-00900,APP-00927,REQ-00074,CLI-002,REC-003,Registered Nurse,Healthcare,Jacksonville,FL,remote,Direct Hire,14.2,reapply,21.81,26.38,2024-04-05,2024-04-23,2024-04-29,2024-04-30,2024-05-29,2024-06-06,True,True,joined_late,2024-06-06,21,discovery
CAND-00901,APP-00928,REQ-00101,CLI-011,REC-006,General Laborer,Light Industrial,Chicago,IL,onsite,Contract-to-Hire,4.3,job_board,17.53,21.02,2025-01-12,2025-01-29,2025-02-10,2025-02-10,2025-03-09,,True,False,declined_offer,2025-02-10,12,discovery
CAND-00902,APP-00929,REQ-00128,CLI-010,REC-018,Customer Service Representative,Administrative/Professional,Houston,TX,hybrid,Direct Hire,7.1,job_board,24.98,23.25,2024-12-17,2024-12-31,2025-01-03,2025-01-07,2025-01-20,2025-02-03,True,True,joined_late,2025-02-03,10,discovery
CAND-00903,APP-00930,REQ-00053,CLI-002,REC-002,Registered Nurse,Healthcare,Raleigh,NC,remote,1099,1.9,job_board,36.75,41.11,2024-07-04,2024-07-20,2024-07-24,2024-07-29,2024-08-16,,True,True,rejected_by_client,2024-08-08,5,hypothesis_generation
CAND-00904,APP-00931,REQ-00187,CLI-007,REC-014,Phlebotomist,Healthcare,St. Louis,MO,onsite,1099,3.0,staffing_event,,39.65,2025-03-13,2025-03-27,2025-04-13,2025-04-15,2025-05-12,2025-05-11,True,True,joined_on_time,2025-05-11,20,discovery
CAND-00905,APP-00932,REQ-00135,CLI-010,REC-009,Receptionist,Administrative/Professional,Nashville,TN,hybrid,W2 Contract,2.1,job_board,22.34,23.51,2025-07-26,2025-08-08,2025-08-26,2025-08-31,2025-09-29,2025-10-18,True,True,joined_late,2025-10-18,19,hypothesis_generation
CAND-00906,APP-00933,REQ-00183,CLI-010,REC-006,Receptionist,Administrative/Professional,Dallas,TX,hybrid,W2 Contract,4.6,job_board,22.1,21.89,2024-10-12,2024-10-27,2024-10-31,2024-10-31,2024-11-17,2024-11-18,True,True,joined_on_time,2024-11-18,7,discovery
CAND-00907,APP-00934,REQ-00142,CLI-010,REC-015,Data Entry Clerk,Administrative/Professional,Chicago,IL,hybrid,Direct Hire,3.8,reapply,14.15,15.94,2024-11-07,2024-11-26,2024-12-14,2024-12-17,2025-01-03,2025-01-14,True,True,joined_late,2025-01-14,0,discovery
CAND-00908,APP-00935,REQ-00047,CLI-006,REC-006,Bookkeeper,Finance/Accounting,Orlando,FL,hybrid,W2 Contract,1.5,job_board,31.45,35.48,2025-01-20,2025-01-26,2025-02-04,2025-02-07,2025-03-09,2025-03-09,True,True,joined_on_time,2025-03-09,11,hypothesis_generation
CAND-00909,APP-00936,REQ-00226,CLI-006,REC-015,Bookkeeper,Finance/Accounting,St. Louis,MO,hybrid,W2 Contract,1.3,referral,21.61,24.56,2025-04-21,2025-05-08,2025-05-23,2025-05-24,2025-06-20,,True,True,rejected_by_client,2025-06-20,3,discovery
CAND-00910,APP-00937,REQ-00088,CLI-004,REC-012,DevOps Engineer,IT/Technology,Tampa,FL,onsite,1099,5.0,job_board,,57.68,2024-03-07,2024-03-28,2024-04-03,2024-04-07,2024-04-21,2024-04-21,True,True,joined_on_time,2024-04-21,12,discovery
CAND-00911,APP-00938,REQ-00033,CLI-009,REC-001,Quality Engineer,Engineering,Austin,TX,onsite,1099,1.9,staffing_event,40.99,48.03,2024-05-17,2024-05-26,2024-06-02,2024-06-05,2024-06-12,2024-06-12,True,True,joined_on_time,2024-06-12,17,discovery
CAND-00912,APP-00939,REQ-00081,CLI-003,REC-015,Senior Accountant,Finance/Accounting,Jacksonville,FL,hybrid,W2 Contract,8.6,referral,36.05,35.47,2024-11-23,2024-11-27,2024-12-12,2024-12-12,2025-01-13,2025-01-13,True,True,joined_on_time,2025-01-13,0,discovery
CAND-00913,APP-00940,REQ-00083,CLI-008,REC-016,QA Tester,IT/Technology,Tucson,AZ,hybrid,Direct Hire,4.5,career_site,,55.4,2024-04-13,2024-04-27,2024-05-03,2024-05-06,2024-06-04,2024-06-24,True,True,joined_late,2024-06-24,16,discovery
CAND-00914,APP-00941,REQ-00090,CLI-011,REC-003,Warehouse Associate,Light Industrial,Atlanta,GA,onsite,W2 Contract,6.8,referral,16.88,19.81,2024-12-26,2024-12-30,2025-01-03,2025-01-08,2025-01-24,,True,False,declined_offer,2025-01-08,16,discovery
CAND-00915,APP-00942,REQ-00040,CLI-010,REC-003,Executive Assistant,Administrative/Professional,Charlotte,NC,hybrid,W2 Contract,7.9,recruiter_sourced,15.16,15.4,2024-04-17,2024-04-29,2024-05-16,2024-05-21,2024-05-30,2024-05-30,True,True,joined_on_time,2024-05-30,9,discovery
CAND-00916,APP-00943,REQ-00011,CLI-005,REC-004,Manufacturing Engineer,Engineering,Jacksonville,FL,onsite,W2 Contract,7.6,referral,35.79,37.56,2024-09-23,2024-10-10,2024-10-24,2024-10-26,2024-11-17,2024-11-25,True,True,joined_late,2024-11-25,12,discovery
CAND-00917,APP-00944,REQ-00213,CLI-009,REC-001,Mechanical Engineer,Engineering,Tucson,AZ,onsite,W2 Contract,3.1,recruiter_sourced,37.37,42.03,2025-05-22,2025-06-10,2025-06-28,2025-07-04,2025-07-21,2025-07-21,True,True,joined_on_time,2025-07-21,11,discovery
CAND-00918,APP-00945,REQ-00165,CLI-008,REC-004,Network Administrator,IT/Technology,Houston,TX,hybrid,Direct Hire,2.8,career_site,55.67,54.66,2024-07-05,2024-07-14,2024-07-29,2024-08-02,2024-08-16,,True,True,rejected_by_client,2024-08-12,10,hypothesis_generation
CAND-00919,APP-00946,REQ-00025,CLI-006,REC-002,AR Specialist,Finance/Accounting,Nashville,TN,onsite,Direct Hire,9.4,job_board,35.13,36.86,2024-07-15,2024-07-26,2024-08-12,2024-08-15,2024-08-29,2024-08-29,True,True,joined_on_time,2024-08-29,10,held_out_test
CAND-00920,APP-00947,REQ-00135,CLI-010,REC-015,Receptionist,Administrative/Professional,Nashville,TN,hybrid,W2 Contract,4.5,referral,21.05,24.48,2025-07-03,2025-07-12,2025-07-30,2025-08-05,2025-08-14,2025-08-13,True,True,joined_on_time,2025-08-13,19,discovery
CAND-00921,APP-00948,REQ-00163,CLI-011,REC-015,Shipping/Receiving Clerk,Light Industrial,Orlando,FL,onsite,Direct Hire,5.1,job_board,17.29,19.06,2024-06-06,2024-06-09,2024-06-22,2024-06-23,2024-07-11,,True,True,rejected_by_client,2024-07-07,9,discovery
CAND-00922,APP-00949,REQ-00155,CLI-003,REC-012,Accounts Payable Clerk,Finance/Accounting,Tampa,FL,hybrid,Direct Hire,4.0,referral,,25.02,2024-09-15,2024-09-21,2024-10-07,2024-10-10,2024-11-01,,True,False,declined_offer,2024-10-10,9,discovery
CAND-00923,APP-00950,REQ-00130,CLI-011,REC-009,HR Coordinator,Administrative/Professional,Austin,TX,onsite,Contract-to-Hire,4.2,staffing_event,16.44,20.6,2025-04-09,2025-04-19,2025-04-23,2025-04-25,2025-05-08,2025-05-09,True,True,joined_on_time,2025-05-09,10,discovery
CAND-00924,APP-00951,REQ-00169,CLI-002,REC-017,Medical Assistant,Healthcare,Tucson,AZ,onsite,Contract-to-Hire,2.3,reapply,24.57,26.79,2025-05-28,2025-06-10,2025-06-13,2025-06-16,2025-06-26,,True,False,declined_offer,2025-06-16,19,held_out_test
CAND-00925,APP-00952,REQ-00121,CLI-003,REC-011,AR Specialist,Finance/Accounting,Orlando,FL,hybrid,W2 Contract,4.7,job_board,38.89,42.14,2024-04-18,2024-04-22,2024-04-24,2024-04-25,2024-05-08,,True,True,accepted_no_show,2024-05-08,19,hypothesis_generation
CAND-00926,APP-00953,REQ-00094,CLI-001,REC-018,Forklift Operator,Light Industrial,Orlando,FL,remote,W2 Contract,1.7,job_board,13.84,15.34,2024-06-13,2024-07-01,2024-07-12,2024-07-13,2024-07-28,,True,False,declined_offer,2024-07-13,8,discovery
CAND-00927,APP-00954,REQ-00031,CLI-001,REC-015,Shipping/Receiving Clerk,Light Industrial,Memphis,TN,onsite,W2 Contract,2.0,job_board,14.43,15.61,2025-05-17,2025-06-06,2025-06-14,2025-06-19,2025-06-29,2025-06-28,True,True,joined_on_time,2025-06-28,8,hypothesis_generation
CAND-00928,APP-00955,REQ-00057,CLI-003,REC-015,AR Specialist,Finance/Accounting,Nashville,TN,hybrid,1099,0.9,job_board,33.78,36.67,2024-07-19,2024-08-07,2024-08-14,2024-08-16,2024-08-31,,True,False,declined_offer,2024-08-16,11,discovery
CAND-00929,APP-00956,REQ-00196,CLI-008,REC-014,Data Analyst,IT/Technology,Chicago,IL,hybrid,Direct Hire,6.0,reapply,51.01,53.6,2025-04-14,2025-04-28,2025-05-15,2025-05-17,2025-05-28,,True,False,declined_offer,2025-05-17,14,held_out_test
CAND-00930,APP-00957,REQ-00040,CLI-010,REC-012,Executive Assistant,Administrative/Professional,Charlotte,NC,hybrid,W2 Contract,8.6,job_board,20.54,21.33,2024-03-28,2024-04-05,2024-04-21,2024-04-23,2024-05-22,2024-05-21,True,True,joined_on_time,2024-05-21,0,discovery
CAND-00931,APP-00958,REQ-00151,CLI-001,REC-018,Shipping/Receiving Clerk,Light Industrial,Pittsburgh,PA,onsite,Contract-to-Hire,2.8,career_site,,19.17,2024-10-02,2024-10-18,2024-10-27,2024-10-27,2024-11-15,2024-11-15,True,True,joined_on_time,2024-11-15,10,hypothesis_generation
CAND-00932,APP-00959,REQ-00021,CLI-009,REC-001,Manufacturing Engineer,Engineering,Columbus,OH,hybrid,Direct Hire,6.6,job_board,34.03,37.38,2025-06-28,2025-07-13,2025-07-29,2025-08-01,2025-08-20,2025-08-20,True,True,joined_on_time,2025-08-20,11,discovery
CAND-00933,APP-00960,REQ-00127,CLI-004,REC-018,Data Analyst,IT/Technology,Philadelphia,PA,remote,Direct Hire,4.0,recruiter_sourced,63.48,61.52,2024-10-24,2024-11-05,2024-11-21,2024-11-24,2024-12-08,2024-12-09,True,True,joined_on_time,2024-12-09,4,discovery
CAND-00934,APP-00961,REQ-00105,CLI-007,REC-011,Registered Nurse,Healthcare,Pittsburgh,PA,onsite,Contract-to-Hire,5.1,job_board,,30.22,2025-02-12,2025-02-25,2025-03-03,2025-03-07,2025-03-30,,True,True,withdrew_post_acceptance,2025-03-08,9,discovery
CAND-00377,APP-00962,REQ-00035,CLI-005,REC-015,Forklift Operator,Light Industrial,Chicago,IL,onsite,Contract-to-Hire,5.8,career_site,18.64,21.08,2025-02-27,2025-03-19,2025-03-23,2025-03-28,2025-04-03,2025-04-04,True,True,joined_on_time,2025-04-04,3,held_out_test
CAND-00935,APP-00963,REQ-00055,CLI-002,REC-005,Certified Nursing Assistant,Healthcare,Memphis,TN,onsite,Contract-to-Hire,10.4,career_site,24.64,28.07,2024-03-13,2024-03-21,2024-04-03,2024-04-05,2024-04-26,,True,False,declined_offer,2024-04-05,15,held_out_test
CAND-00936,APP-00964,REQ-00139,CLI-009,REC-001,Quality Engineer,Engineering,Columbus,OH,onsite,W2 Contract,1.6,referral,34.57,34.88,2024-10-31,2024-11-19,2024-12-03,2024-12-09,2024-12-28,2024-12-27,True,True,joined_on_time,2024-12-27,11,held_out_test
CAND-00937,APP-00965,REQ-00212,CLI-011,REC-003,HR Coordinator,Administrative/Professional,Chicago,IL,onsite,Direct Hire,7.9,job_board,18.15,20.49,2025-04-21,2025-04-27,2025-05-11,2025-05-16,2025-06-02,2025-06-02,True,True,joined_on_time,2025-06-02,4,discovery
CAND-00938,APP-00966,REQ-00058,CLI-005,REC-010,Project Engineer,Engineering,Tampa,FL,onsite,Direct Hire,3.5,job_board,29.71,29.82,2024-02-05,2024-02-21,2024-02-23,2024-02-23,2024-03-27,,True,True,withdrew_post_acceptance,2024-03-04,8,discovery
CAND-00939,APP-00967,REQ-00130,CLI-011,REC-006,HR Coordinator,Administrative/Professional,Austin,TX,onsite,Contract-to-Hire,1.4,reapply,16.59,18.02,2025-04-21,2025-04-24,2025-05-05,2025-05-07,2025-05-29,2025-05-29,True,True,joined_on_time,2025-05-29,17,discovery
CAND-00940,APP-00968,REQ-00076,CLI-005,REC-012,Machine Operator,Light Industrial,Jacksonville,FL,onsite,Direct Hire,14.3,job_board,20.51,21.38,2024-04-29,2024-05-10,2024-05-27,2024-05-29,2024-06-28,2024-06-29,True,True,joined_on_time,2024-06-29,19,discovery
CAND-00941,APP-00969,REQ-00115,CLI-004,REC-001,Business Systems Analyst,IT/Technology,Columbus,OH,remote,W2 Contract,1.6,staffing_event,37.44,38.78,2025-06-04,2025-06-10,2025-06-26,2025-06-27,2025-07-24,,True,False,declined_offer,2025-06-27,12,discovery
CAND-00942,APP-00970,REQ-00031,CLI-001,REC-018,Shipping/Receiving Clerk,Light Industrial,Memphis,TN,onsite,W2 Contract,11.2,recruiter_sourced,21.9,22.78,2025-05-18,2025-05-24,2025-06-04,2025-06-06,2025-06-18,2025-06-17,True,True,joined_on_time,2025-06-17,17,discovery
CAND-00943,APP-00971,REQ-00011,CLI-005,REC-004,Manufacturing Engineer,Engineering,Jacksonville,FL,onsite,W2 Contract,1.0,referral,35.55,36.34,2024-09-17,2024-10-02,2024-10-19,2024-10-23,2024-11-21,,True,True,accepted_no_show,2024-11-21,7,hypothesis_generation
CAND-00944,APP-00972,REQ-00030,CLI-006,REC-008,Administrative Assistant,Administrative/Professional,Indianapolis,IN,hybrid,Direct Hire,2.9,reapply,17.59,19.54,2024-08-15,2024-08-27,2024-09-08,2024-09-14,2024-09-22,,True,False,declined_offer,2024-09-14,6,discovery
CAND-00945,APP-00973,REQ-00028,CLI-009,REC-001,Mechanical Engineer,Engineering,Jacksonville,FL,onsite,W2 Contract,2.5,referral,36.6,37.74,2024-09-10,2024-09-30,2024-10-17,2024-10-19,2024-11-16,,True,False,declined_offer,2024-10-19,10,held_out_test
CAND-00946,APP-00974,REQ-00131,CLI-006,REC-018,Executive Assistant,Administrative/Professional,Memphis,TN,hybrid,Direct Hire,4.5,career_site,,23.55,2024-05-13,2024-05-18,2024-05-23,2024-05-26,2024-06-24,2024-06-23,True,True,joined_on_time,2024-06-23,9,discovery
CAND-00947,APP-00975,REQ-00208,CLI-003,REC-006,Accounts Payable Clerk,Finance/Accounting,Charlotte,NC,onsite,Direct Hire,4.0,job_board,38.91,41.87,2024-11-04,2024-11-10,2024-11-13,2024-11-16,2024-12-08,2024-12-16,True,True,joined_late,2024-12-16,3,hypothesis_generation
CAND-00948,APP-00976,REQ-00050,CLI-003,REC-006,Staff Accountant,Finance/Accounting,Nashville,TN,hybrid,W2 Contract,2.8,recruiter_sourced,26.21,27.1,2024-09-12,2024-09-18,2024-10-03,2024-10-05,2024-11-05,,True,True,withdrew_post_acceptance,2024-11-04,9,discovery
CAND-00949,APP-00977,REQ-00198,CLI-001,REC-015,Forklift Operator,Light Industrial,Milwaukee,WI,onsite,Direct Hire,8.0,referral,20.32,21.94,2025-01-18,2025-01-26,2025-02-01,2025-02-03,2025-02-27,,True,True,accepted_no_show,2025-02-27,7,held_out_test
CAND-00950,APP-00978,REQ-00006,CLI-007,REC-014,Registered Nurse,Healthcare,Philadelphia,PA,onsite,1099,0.3,recruiter_sourced,,43.47,2025-02-26,2025-03-05,2025-03-12,2025-03-16,2025-04-13,,True,False,declined_offer,2025-03-16,5,held_out_test
CAND-00397,APP-00979,REQ-00217,CLI-001,REC-016,Shipping/Receiving Clerk,Light Industrial,St. Louis,MO,onsite,W2 Contract,2.1,recruiter_sourced,,17.6,2025-01-23,2025-01-26,2025-02-06,2025-02-11,2025-02-22,,True,True,withdrew_post_acceptance,2025-02-15,14,discovery
CAND-00951,APP-00980,REQ-00217,CLI-001,REC-009,Shipping/Receiving Clerk,Light Industrial,St. Louis,MO,onsite,W2 Contract,3.2,recruiter_sourced,17.8,18.34,2024-11-02,2024-11-16,2024-11-25,2024-11-27,2024-12-25,,True,True,accepted_no_show,2024-12-25,6,discovery
CAND-00952,APP-00981,REQ-00056,CLI-011,REC-009,Office Coordinator,Administrative/Professional,Austin,TX,onsite,Direct Hire,1.5,referral,14.53,15.87,2024-05-17,2024-06-01,2024-06-11,2024-06-15,2024-07-08,,True,False,declined_offer,2024-06-15,15,hypothesis_generation
CAND-00953,APP-00982,REQ-00228,CLI-004,REC-001,DevOps Engineer,IT/Technology,Raleigh,NC,remote,W2 Contract,2.0,referral,35.15,39.17,2024-12-19,2024-12-30,2025-01-04,2025-01-05,2025-02-08,,True,True,withdrew_post_acceptance,2025-02-08,13,discovery
CAND-00954,APP-00983,REQ-00160,CLI-005,REC-007,Civil Engineer,Engineering,Tucson,AZ,onsite,Contract-to-Hire,4.7,referral,,47.41,2024-12-10,2024-12-28,2025-01-05,2025-01-06,2025-01-15,2025-01-15,True,True,joined_on_time,2025-01-15,6,discovery
CAND-00955,APP-00984,REQ-00122,CLI-004,REC-012,QA Tester,IT/Technology,Tampa,FL,remote,W2 Contract,1.0,job_board,56.96,71.15,2025-04-07,2025-04-10,2025-04-22,2025-04-22,2025-05-03,2025-05-10,True,True,joined_late,2025-05-10,6,hypothesis_generation
CAND-00956,APP-00985,REQ-00115,CLI-004,REC-010,Business Systems Analyst,IT/Technology,Columbus,OH,remote,W2 Contract,5.1,recruiter_sourced,52.65,52.44,2025-05-30,2025-06-09,2025-06-23,2025-06-26,2025-07-27,,True,False,declined_offer,2025-06-26,7,discovery
CAND-00957,APP-00986,REQ-00173,CLI-006,REC-009,Administrative Assistant,Administrative/Professional,Cincinnati,OH,hybrid,W2 Contract,4.0,recruiter_sourced,15.74,19.81,2025-06-26,2025-07-05,2025-07-12,2025-07-17,2025-07-30,2025-07-30,True,True,joined_on_time,2025-07-30,1,hypothesis_generation
CAND-00958,APP-00987,REQ-00139,CLI-009,REC-015,Quality Engineer,Engineering,Columbus,OH,onsite,W2 Contract,14.6,referral,39.79,38.34,2024-11-30,2024-12-06,2024-12-21,2024-12-26,2025-01-11,,True,False,declined_offer,2024-12-26,4,discovery
CAND-00959,APP-00988,REQ-00037,CLI-003,REC-012,AR Specialist,Finance/Accounting,Jacksonville,FL,hybrid,Contract-to-Hire,7.7,referral,38.68,39.67,2024-09-02,2024-09-22,2024-09-30,2024-10-03,2024-10-21,,True,True,withdrew_post_acceptance,2024-10-09,10,discovery
CAND-00960,APP-00989,REQ-00152,CLI-003,REC-007,Accounts Payable Clerk,Finance/Accounting,Houston,TX,hybrid,W2 Contract,6.7,recruiter_sourced,32.46,34.06,2024-04-29,2024-05-02,2024-05-13,2024-05-15,2024-05-26,2024-05-26,True,True,joined_on_time,2024-05-26,7,held_out_test
CAND-00961,APP-00990,REQ-00213,CLI-009,REC-016,Mechanical Engineer,Engineering,Tucson,AZ,onsite,W2 Contract,1.8,referral,37.57,40.3,2025-04-21,2025-05-02,2025-05-19,2025-05-22,2025-05-30,,True,False,declined_offer,2025-05-22,5,discovery
CAND-00962,APP-00991,REQ-00228,CLI-004,REC-006,DevOps Engineer,IT/Technology,Raleigh,NC,remote,W2 Contract,3.1,referral,,43.47,2024-12-30,2025-01-02,2025-01-19,2025-01-23,2025-02-18,2025-02-18,True,True,joined_on_time,2025-02-18,7,held_out_test
CAND-00963,APP-00992,REQ-00171,CLI-005,REC-016,Process Engineer,Engineering,Jacksonville,FL,onsite,Contract-to-Hire,4.8,reapply,41.31,43.63,2025-01-09,2025-01-12,2025-01-18,2025-01-23,2025-02-20,,True,False,declined_offer,2025-01-23,14,discovery
CAND-00964,APP-00993,REQ-00194,CLI-010,REC-003,Executive Assistant,Administrative/Professional,Milwaukee,WI,onsite,W2 Contract,2.2,job_board,17.47,21.15,2024-04-09,2024-04-13,2024-04-25,2024-04-25,2024-05-22,2024-05-22,True,True,joined_on_time,2024-05-22,0,discovery
CAND-00965,APP-00994,REQ-00071,CLI-008,REC-014,Business Systems Analyst,IT/Technology,Philadelphia,PA,hybrid,W2 Contract,14.2,referral,44.61,43.03,2025-06-12,2025-06-25,2025-07-02,2025-07-06,2025-08-04,2025-08-04,True,True,joined_on_time,2025-08-04,12,held_out_test
CAND-00966,APP-00995,REQ-00030,CLI-006,REC-012,Administrative Assistant,Administrative/Professional,Indianapolis,IN,hybrid,Direct Hire,3.0,job_board,22.16,25.01,2024-09-23,2024-10-12,2024-10-18,2024-10-23,2024-11-05,2024-11-04,True,True,joined_on_time,2024-11-04,0,discovery
CAND-00967,APP-00996,REQ-00126,CLI-005,REC-007,Mechanical Engineer,Engineering,Austin,TX,onsite,W2 Contract,5.7,recruiter_sourced,34.0,34.79,2024-12-10,2024-12-13,2024-12-24,2024-12-26,2025-01-20,,True,True,withdrew_post_acceptance,2025-01-07,12,discovery
CAND-00968,APP-00997,REQ-00060,CLI-008,REC-013,Data Analyst,IT/Technology,Tucson,AZ,hybrid,W2 Contract,6.1,recruiter_sourced,41.98,43.09,2025-04-26,2025-05-02,2025-05-06,2025-05-07,2025-06-08,,True,True,withdrew_post_acceptance,2025-05-13,9,discovery
CAND-00969,APP-00998,REQ-00161,CLI-004,REC-004,DevOps Engineer,IT/Technology,Atlanta,GA,remote,Direct Hire,1.0,referral,59.46,61.92,2024-03-09,2024-03-19,2024-03-30,2024-04-05,2024-04-30,2024-04-30,True,True,joined_on_time,2024-04-30,4,hypothesis_generation
CAND-00970,APP-00999,REQ-00185,CLI-005,REC-007,Process Engineer,Engineering,Houston,TX,onsite,Direct Hire,4.2,job_board,40.52,47.77,2025-07-29,2025-08-19,2025-08-31,2025-09-03,2025-09-17,2025-09-17,True,True,joined_on_time,2025-09-17,5,held_out_test
CAND-00971,APP-01000,REQ-00184,CLI-009,REC-004,Mechanical Engineer,Engineering,Tampa,FL,onsite,W2 Contract,2.2,referral,45.54,49.22,2025-03-28,2025-04-15,2025-04-28,2025-05-02,2025-05-19,,True,False,declined_offer,2025-05-02,0,hypothesis_generation
CAND-00972,APP-01001,REQ-00085,CLI-008,REC-016,DevOps Engineer,IT/Technology,Memphis,TN,onsite,Direct Hire,5.1,job_board,58.73,60.53,2025-02-08,2025-02-23,2025-03-01,2025-03-05,2025-03-29,,True,True,rejected_by_client,2025-03-12,12,discovery
CAND-00973,APP-01002,REQ-00106,CLI-002,REC-011,Certified Nursing Assistant,Healthcare,Atlanta,GA,remote,Direct Hire,12.0,career_site,35.57,43.81,2024-02-26,2024-03-06,2024-03-18,2024-03-23,2024-04-13,2024-04-14,True,True,joined_on_time,2024-04-14,12,discovery
CAND-00974,APP-01003,REQ-00210,CLI-008,REC-014,QA Tester,IT/Technology,Indianapolis,IN,hybrid,Direct Hire,2.0,recruiter_sourced,39.88,41.2,2025-01-07,2025-01-16,2025-02-01,2025-02-03,2025-02-12,2025-02-18,True,True,joined_late,2025-02-18,11,discovery
CAND-00975,APP-01004,REQ-00105,CLI-007,REC-011,Registered Nurse,Healthcare,Pittsburgh,PA,onsite,Contract-to-Hire,6.8,recruiter_sourced,33.81,38.59,2025-02-09,2025-03-02,2025-03-05,2025-03-07,2025-04-06,2025-04-12,True,True,joined_late,2025-04-12,8,discovery
CAND-00976,APP-01005,REQ-00163,CLI-011,REC-006,Shipping/Receiving Clerk,Light Industrial,Orlando,FL,onsite,Direct Hire,6.3,recruiter_sourced,,20.34,2024-06-15,2024-06-23,2024-07-06,2024-07-08,2024-07-21,,True,True,rejected_by_client,2024-07-16,22,discovery
CAND-00977,APP-01006,REQ-00186,CLI-011,REC-012,Machine Operator,Light Industrial,Indianapolis,IN,onsite,Contract-to-Hire,1.0,referral,12.04,13.35,2025-07-21,2025-08-05,2025-08-22,2025-08-28,2025-09-08,2025-09-08,True,True,joined_on_time,2025-09-08,1,discovery
CAND-00978,APP-01007,REQ-00033,CLI-009,REC-010,Quality Engineer,Engineering,Austin,TX,onsite,1099,3.8,job_board,,52.03,2024-05-04,2024-05-14,2024-06-01,2024-06-01,2024-06-24,,True,True,accepted_no_show,2024-06-24,12,discovery
CAND-00979,APP-01008,REQ-00034,CLI-011,REC-015,Machine Operator,Light Industrial,Raleigh,NC,onsite,W2 Contract,3.5,job_board,16.11,16.29,2024-07-19,2024-07-31,2024-08-18,2024-08-19,2024-09-15,,True,False,declined_offer,2024-08-19,21,discovery
CAND-00980,APP-01009,REQ-00057,CLI-003,REC-018,AR Specialist,Finance/Accounting,Nashville,TN,hybrid,1099,7.9,staffing_event,35.64,34.88,2024-06-15,2024-06-22,2024-07-05,2024-07-08,2024-07-27,2024-08-04,True,True,joined_late,2024-08-04,14,discovery
CAND-00981,APP-01010,REQ-00211,CLI-001,REC-006,Machine Operator,Light Industrial,Austin,TX,onsite,Contract-to-Hire,10.4,recruiter_sourced,16.89,18.79,2024-04-13,2024-04-22,2024-05-07,2024-05-07,2024-06-09,,True,True,accepted_no_show,2024-06-09,10,discovery
CAND-00982,APP-01011,REQ-00126,CLI-005,REC-001,Mechanical Engineer,Engineering,Austin,TX,onsite,W2 Contract,6.5,job_board,32.7,35.71,2024-11-18,2024-12-03,2024-12-11,2024-12-14,2025-01-11,,True,False,declined_offer,2024-12-14,17,held_out_test
CAND-00983,APP-01012,REQ-00190,CLI-010,REC-018,HR Coordinator,Administrative/Professional,Indianapolis,IN,hybrid,Contract-to-Hire,2.0,recruiter_sourced,19.16,23.4,2025-03-27,2025-04-03,2025-04-17,2025-04-23,2025-05-07,,True,False,declined_offer,2025-04-23,17,hypothesis_generation
CAND-00984,APP-01013,REQ-00032,CLI-005,REC-004,Forklift Operator,Light Industrial,Columbus,OH,onsite,Contract-to-Hire,4.5,referral,21.23,20.74,2025-04-10,2025-04-24,2025-05-11,2025-05-16,2025-06-13,,True,True,accepted_no_show,2025-06-13,7,discovery
CAND-00881,APP-01014,REQ-00165,CLI-008,REC-008,Network Administrator,IT/Technology,Houston,TX,hybrid,Direct Hire,2.0,reapply,63.55,59.55,2024-12-18,2024-12-31,2025-01-18,2025-01-24,2025-01-28,2025-01-29,True,True,joined_on_time,2025-01-29,7,discovery
CAND-00985,APP-01015,REQ-00074,CLI-002,REC-002,Registered Nurse,Healthcare,Jacksonville,FL,remote,Direct Hire,12.2,recruiter_sourced,38.53,41.03,2024-03-28,2024-04-09,2024-04-24,2024-04-24,2024-05-14,2024-05-14,True,True,joined_on_time,2024-05-14,12,hypothesis_generation
CAND-00986,APP-01016,REQ-00189,CLI-003,REC-006,Bookkeeper,Finance/Accounting,Cincinnati,OH,hybrid,W2 Contract,2.9,referral,27.39,32.23,2024-12-27,2025-01-07,2025-01-22,2025-01-23,2025-02-06,2025-02-21,True,True,joined_late,2025-02-21,6,held_out_test
CAND-00987,APP-01017,REQ-00079,CLI-005,REC-012,Material Handler,Light Industrial,Indianapolis,IN,onsite,1099,1.0,referral,15.96,16.96,2025-04-28,2025-05-13,2025-05-15,2025-05-16,2025-06-04,2025-06-11,True,True,joined_late,2025-06-11,9,discovery
CAND-00988,APP-01018,REQ-00220,CLI-008,REC-016,Network Administrator,IT/Technology,Philadelphia,PA,hybrid,Contract-to-Hire,4.2,referral,54.32,57.2,2024-12-12,2024-12-28,2024-12-31,2025-01-02,2025-01-23,,True,True,withdrew_post_acceptance,2025-01-11,2,discovery
CAND-00989,APP-01019,REQ-00070,CLI-004,REC-013,DevOps Engineer,IT/Technology,Nashville,TN,hybrid,W2 Contract,4.0,recruiter_sourced,42.36,45.32,2025-04-18,2025-05-01,2025-05-14,2025-05-14,2025-06-18,2025-06-18,True,True,joined_on_time,2025-06-18,3,discovery
CAND-00990,APP-01020,REQ-00014,CLI-007,REC-005,Phlebotomist,Healthcare,Tucson,AZ,remote,Contract-to-Hire,2.1,career_site,35.63,38.58,2024-10-27,2024-10-30,2024-11-11,2024-11-16,2024-12-09,,True,True,withdrew_post_acceptance,2024-11-25,17,discovery
CAND-00991,APP-01021,REQ-00067,CLI-006,REC-012,Customer Service Representative,Administrative/Professional,Houston,TX,hybrid,Contract-to-Hire,4.2,job_board,,21.21,2024-05-30,2024-06-16,2024-06-29,2024-06-29,2024-07-28,2024-07-28,True,True,joined_on_time,2024-07-28,0,hypothesis_generation
CAND-00992,APP-01022,REQ-00032,CLI-005,REC-018,Forklift Operator,Light Industrial,Columbus,OH,onsite,Contract-to-Hire,11.1,recruiter_sourced,14.79,17.49,2025-03-15,2025-03-29,2025-04-13,2025-04-13,2025-05-07,,True,True,withdrew_post_acceptance,2025-04-24,10,hypothesis_generation
CAND-00993,APP-01023,REQ-00048,CLI-008,REC-013,QA Tester,IT/Technology,Phoenix,AZ,hybrid,Contract-to-Hire,2.2,recruiter_sourced,35.5,43.97,2024-11-12,2024-11-20,2024-11-24,2024-11-28,2024-12-07,2024-12-14,True,True,joined_late,2024-12-14,16,discovery
CAND-00994,APP-01024,REQ-00100,CLI-003,REC-012,Bookkeeper,Finance/Accounting,Chicago,IL,hybrid,W2 Contract,2.5,staffing_event,39.96,39.09,2025-01-11,2025-01-21,2025-02-08,2025-02-12,2025-03-04,2025-03-08,True,True,joined_late,2025-03-08,20,discovery
CAND-00995,APP-01025,REQ-00034,CLI-011,REC-003,Machine Operator,Light Industrial,Raleigh,NC,onsite,W2 Contract,3.4,career_site,15.73,15.5,2024-08-27,2024-09-15,2024-09-19,2024-09-21,2024-10-19,,True,False,declined_offer,2024-09-21,12,discovery
CAND-00512,APP-01026,REQ-00052,CLI-011,REC-012,Data Entry Clerk,Administrative/Professional,Austin,TX,onsite,Contract-to-Hire,2.0,referral,19.07,22.34,2024-11-25,2024-12-11,2024-12-16,2024-12-22,2025-01-01,2025-01-22,True,True,joined_late,2025-01-22,1,held_out_test
CAND-00996,APP-01027,REQ-00029,CLI-009,REC-013,Mechanical Engineer,Engineering,Houston,TX,onsite,W2 Contract,1.0,referral,47.25,54.16,2024-02-22,2024-03-14,2024-03-31,2024-04-01,2024-05-04,2024-05-04,True,True,joined_on_time,2024-05-04,9,discovery
CAND-00997,APP-01028,REQ-00194,CLI-010,REC-009,Executive Assistant,Administrative/Professional,Milwaukee,WI,onsite,W2 Contract,12.7,referral,,16.65,2024-04-04,2024-04-16,2024-04-26,2024-04-26,2024-05-19,,True,True,accepted_no_show,2024-05-19,4,discovery
CAND-00998,APP-01029,REQ-00173,CLI-006,REC-018,Administrative Assistant,Administrative/Professional,Cincinnati,OH,hybrid,W2 Contract,4.1,recruiter_sourced,18.46,18.44,2025-06-10,2025-06-23,2025-06-28,2025-06-29,2025-07-15,,True,True,withdrew_post_acceptance,2025-06-30,1,discovery
CAND-00999,APP-01030,REQ-00175,CLI-011,REC-003,HR Coordinator,Administrative/Professional,Cincinnati,OH,remote,W2 Contract,5.9,referral,14.91,16.66,2025-07-05,2025-07-21,2025-08-02,2025-08-06,2025-08-24,,True,False,declined_offer,2025-08-06,10,hypothesis_generation
CAND-01000,APP-01031,REQ-00180,CLI-002,REC-008,Certified Nursing Assistant,Healthcare,Jacksonville,FL,remote,W2 Contract,9.1,career_site,42.9,44.13,2024-08-27,2024-09-14,2024-09-22,2024-09-26,2024-10-24,2024-10-24,True,True,joined_on_time,2024-10-24,18,discovery
CAND-01001,APP-01032,REQ-00044,CLI-010,REC-012,Receptionist,Administrative/Professional,Memphis,TN,hybrid,W2 Contract,8.0,staffing_event,16.4,17.46,2024-11-04,2024-11-24,2024-12-07,2024-12-07,2024-12-23,,True,True,withdrew_post_acceptance,2024-12-19,8,discovery
CAND-01002,APP-01033,REQ-00223,CLI-001,REC-012,Machine Operator,Light Industrial,Memphis,TN,onsite,Direct Hire,3.5,job_board,15.85,16.95,2024-02-18,2024-03-03,2024-03-18,2024-03-21,2024-04-21,,True,True,accepted_no_show,2024-04-21,4,hypothesis_generation
CAND-01003,APP-01034,REQ-00049,CLI-008,REC-013,Systems Administrator,IT/Technology,Milwaukee,WI,hybrid,Direct Hire,1.3,recruiter_sourced,43.04,41.45,2024-10-17,2024-11-01,2024-11-06,2024-11-06,2024-11-28,2024-11-28,True,True,joined_on_time,2024-11-28,6,discovery
CAND-01004,APP-01035,REQ-00134,CLI-010,REC-015,Administrative Assistant,Administrative/Professional,Raleigh,NC,hybrid,W2 Contract,4.6,reapply,,16.29,2025-03-04,2025-03-19,2025-04-03,2025-04-05,2025-05-07,2025-05-07,True,True,joined_on_time,2025-05-07,8,held_out_test
CAND-01005,APP-01036,REQ-00056,CLI-011,REC-009,Office Coordinator,Administrative/Professional,Austin,TX,onsite,Direct Hire,3.9,job_board,,22.74,2024-05-30,2024-06-12,2024-06-30,2024-07-04,2024-07-27,,True,False,declined_offer,2024-07-04,1,discovery
CAND-01006,APP-01037,REQ-00055,CLI-002,REC-011,Certified Nursing Assistant,Healthcare,Memphis,TN,onsite,Contract-to-Hire,1.9,career_site,30.34,33.94,2024-03-06,2024-03-14,2024-03-28,2024-03-30,2024-04-07,2024-04-08,True,True,joined_on_time,2024-04-08,4,hypothesis_generation
CAND-01007,APP-01038,REQ-00115,CLI-004,REC-011,Business Systems Analyst,IT/Technology,Columbus,OH,remote,W2 Contract,5.4,job_board,,45.9,2025-06-20,2025-07-05,2025-07-20,2025-07-23,2025-08-12,2025-08-12,True,True,joined_on_time,2025-08-12,6,discovery
CAND-01008,APP-01039,REQ-00223,CLI-001,REC-006,Machine Operator,Light Industrial,Memphis,TN,onsite,Direct Hire,5.0,staffing_event,22.08,23.64,2024-03-20,2024-04-05,2024-04-07,2024-04-09,2024-05-06,,True,False,declined_offer,2024-04-09,7,discovery
CAND-01009,APP-01040,REQ-00008,CLI-001,REC-018,Shipping/Receiving Clerk,Light Industrial,Houston,TX,onsite,W2 Contract,4.6,job_board,13.88,16.04,2024-11-20,2024-12-05,2024-12-23,2024-12-29,2025-01-08,2025-01-16,True,True,joined_late,2025-01-16,11,hypothesis_generation
CAND-01010,APP-01041,REQ-00053,CLI-002,REC-005,Registered Nurse,Healthcare,Raleigh,NC,remote,1099,5.4,career_site,31.5,34.16,2024-08-03,2024-08-15,2024-08-19,2024-08-19,2024-09-04,2024-09-05,True,True,joined_on_time,2024-09-05,0,discovery
CAND-01011,APP-01042,REQ-00155,CLI-003,REC-018,Accounts Payable Clerk,Finance/Accounting,Tampa,FL,hybrid,Direct Hire,2.0,reapply,,29.17,2024-09-23,2024-10-12,2024-10-17,2024-10-23,2024-11-15,2024-11-15,True,True,joined_on_time,2024-11-15,12,discovery
CAND-01012,APP-01043,REQ-00005,CLI-002,REC-011,Certified Nursing Assistant,Healthcare,Columbus,OH,onsite,W2 Contract,9.3,recruiter_sourced,,30.97,2025-01-07,2025-01-10,2025-01-13,2025-01-18,2025-02-13,2025-02-13,True,True,joined_on_time,2025-02-13,16,discovery
CAND-01013,APP-01044,REQ-00195,CLI-002,REC-009,Medical Coder,Healthcare,Columbus,OH,hybrid,Direct Hire,3.6,job_board,25.17,29.0,2024-03-31,2024-04-11,2024-04-16,2024-04-21,2024-05-20,2024-06-11,True,True,joined_late,2024-06-11,7,discovery
CAND-01014,APP-01045,REQ-00211,CLI-001,REC-012,Machine Operator,Light Industrial,Austin,TX,onsite,Contract-to-Hire,6.1,job_board,17.66,17.36,2024-03-28,2024-04-01,2024-04-14,2024-04-17,2024-05-16,2024-05-17,True,True,joined_on_time,2024-05-17,9,held_out_test
CAND-01015,APP-01046,REQ-00178,CLI-005,REC-010,Quality Engineer,Engineering,Atlanta,GA,onsite,W2 Contract,6.2,job_board,28.92,30.65,2025-04-21,2025-05-12,2025-05-17,2025-05-22,2025-06-01,2025-06-01,True,True,joined_on_time,2025-06-01,2,discovery
CAND-01016,APP-01047,REQ-00159,CLI-006,REC-006,Customer Service Representative,Administrative/Professional,Charlotte,NC,hybrid,W2 Contract,1.7,job_board,22.27,24.95,2025-06-13,2025-06-18,2025-07-04,2025-07-09,2025-07-29,2025-07-29,True,True,joined_on_time,2025-07-29,10,hypothesis_generation
CAND-01017,APP-01048,REQ-00060,CLI-008,REC-007,Data Analyst,IT/Technology,Tucson,AZ,hybrid,W2 Contract,3.7,reapply,35.07,39.2,2025-05-12,2025-06-02,2025-06-12,2025-06-16,2025-06-23,,True,True,withdrew_post_acceptance,2025-06-23,7,discovery
CAND-01018,APP-01049,REQ-00038,CLI-011,REC-003,Administrative Assistant,Administrative/Professional,Tampa,FL,onsite,1099,4.6,recruiter_sourced,16.28,17.55,2024-10-26,2024-11-07,2024-11-14,2024-11-18,2024-12-14,2024-12-14,True,True,joined_on_time,2024-12-14,6,discovery
CAND-01019,APP-01050,REQ-00039,CLI-009,REC-016,Electrical Engineer,Engineering,Chicago,IL,onsite,Direct Hire,3.6,job_board,35.6,38.5,2025-07-01,2025-07-16,2025-07-26,2025-07-31,2025-08-12,2025-08-15,True,True,joined_late,2025-08-15,5,discovery
CAND-01020,APP-01051,REQ-00179,CLI-006,REC-010,Senior Accountant,Finance/Accounting,Orlando,FL,hybrid,Contract-to-Hire,8.8,referral,28.04,31.21,2024-02-05,2024-02-24,2024-03-13,2024-03-16,2024-04-07,2024-04-08,True,True,joined_on_time,2024-04-08,6,discovery
CAND-01021,APP-01052,REQ-00101,CLI-011,REC-008,General Laborer,Light Industrial,Chicago,IL,onsite,Contract-to-Hire,3.6,job_board,,17.51,2025-02-20,2025-03-05,2025-03-23,2025-03-25,2025-04-14,2025-04-14,True,True,joined_on_time,2025-04-14,11,discovery
CAND-01022,APP-01053,REQ-00134,CLI-010,REC-006,Administrative Assistant,Administrative/Professional,Raleigh,NC,hybrid,W2 Contract,11.6,job_board,,20.76,2025-03-18,2025-03-31,2025-04-09,2025-04-11,2025-04-25,2025-04-25,True,True,joined_on_time,2025-04-25,9,discovery
CAND-01023,APP-01054,REQ-00156,CLI-009,REC-016,Manufacturing Engineer,Engineering,Cincinnati,OH,onsite,Contract-to-Hire,4.2,recruiter_sourced,,33.48,2025-05-21,2025-05-24,2025-06-11,2025-06-12,2025-07-14,2025-07-23,True,True,joined_late,2025-07-23,7,discovery
CAND-01024,APP-01055,REQ-00189,CLI-003,REC-012,Bookkeeper,Finance/Accounting,Cincinnati,OH,hybrid,W2 Contract,6.0,recruiter_sourced,39.63,41.71,2024-12-24,2025-01-13,2025-01-17,2025-01-23,2025-01-28,2025-02-14,True,True,joined_late,2025-02-14,16,hypothesis_generation
CAND-01025,APP-01056,REQ-00142,CLI-010,REC-006,Data Entry Clerk,Administrative/Professional,Chicago,IL,hybrid,Direct Hire,6.6,referral,19.77,21.2,2024-10-16,2024-10-26,2024-11-04,2024-11-09,2024-12-06,,True,True,accepted_no_show,2024-12-06,9,discovery
CAND-01026,APP-01057,REQ-00222,CLI-011,REC-015,Administrative Assistant,Administrative/Professional,Austin,TX,onsite,W2 Contract,1.5,job_board,16.87,17.97,2024-04-24,2024-04-29,2024-05-05,2024-05-09,2024-05-24,,True,True,rejected_by_client,2024-05-10,4,discovery
CAND-01027,APP-01058,REQ-00221,CLI-009,REC-013,Manufacturing Engineer,Engineering,Austin,TX,onsite,W2 Contract,10.1,recruiter_sourced,48.38,50.92,2025-05-22,2025-05-26,2025-06-07,2025-06-13,2025-07-07,,True,True,withdrew_post_acceptance,2025-06-16,17,held_out_test
CAND-01028,APP-01059,REQ-00122,CLI-004,REC-010,QA Tester,IT/Technology,Tampa,FL,remote,W2 Contract,2.0,job_board,66.42,66.68,2025-03-11,2025-03-29,2025-04-09,2025-04-13,2025-04-19,,True,True,withdrew_post_acceptance,2025-04-18,6,discovery
CAND-01029,APP-01060,REQ-00029,CLI-009,REC-016,Mechanical Engineer,Engineering,Houston,TX,onsite,W2 Contract,2.4,job_board,29.24,32.72,2024-03-19,2024-04-05,2024-04-07,2024-04-09,2024-05-11,2024-05-11,True,True,joined_on_time,2024-05-11,8,held_out_test
CAND-01030,APP-01061,REQ-00010,CLI-002,REC-017,Certified Nursing Assistant,Healthcare,Phoenix,AZ,onsite,W2 Contract,5.9,recruiter_sourced,25.69,31.11,2024-04-20,2024-05-02,2024-05-12,2024-05-18,2024-06-08,,True,True,rejected_by_client,2024-05-26,7,discovery
CAND-01031,APP-01062,REQ-00191,CLI-008,REC-016,Data Analyst,IT/Technology,St. Louis,MO,hybrid,Direct Hire,2.7,recruiter_sourced,41.5,48.26,2024-08-24,2024-09-12,2024-09-29,2024-10-02,2024-10-14,,True,True,rejected_by_client,2024-10-05,19,held_out_test
CAND-01032,APP-01063,REQ-00022,CLI-009,REC-016,Civil Engineer,Engineering,Phoenix,AZ,remote,1099,2.7,recruiter_sourced,30.16,32.31,2024-02-03,2024-02-11,2024-02-19,2024-02-25,2024-03-03,,True,True,accepted_no_show,2024-03-03,13,discovery
CAND-01033,APP-01064,REQ-00183,CLI-010,REC-009,Receptionist,Administrative/Professional,Dallas,TX,hybrid,W2 Contract,9.1,reapply,20.29,22.46,2024-09-25,2024-10-07,2024-10-15,2024-10-19,2024-11-15,2024-11-15,True,True,joined_on_time,2024-11-15,0,discovery
CAND-01034,APP-01065,REQ-00194,CLI-010,REC-012,Executive Assistant,Administrative/Professional,Milwaukee,WI,onsite,W2 Contract,2.6,referral,15.78,16.31,2024-04-12,2024-05-01,2024-05-18,2024-05-23,2024-06-16,2024-07-02,True,True,joined_late,2024-07-02,2,held_out_test
CAND-01035,APP-01066,REQ-00223,CLI-001,REC-006,Machine Operator,Light Industrial,Memphis,TN,onsite,Direct Hire,5.0,career_site,20.33,22.89,2024-03-18,2024-04-01,2024-04-07,2024-04-09,2024-04-27,2024-04-27,True,True,joined_on_time,2024-04-27,11,discovery
CAND-01036,APP-01067,REQ-00103,CLI-007,REC-012,Phlebotomist,Healthcare,Chicago,IL,remote,W2 Contract,5.4,recruiter_sourced,40.86,40.19,2024-10-02,2024-10-18,2024-10-20,2024-10-26,2024-11-11,,True,True,withdrew_post_acceptance,2024-10-28,13,discovery
CAND-01037,APP-01068,REQ-00093,CLI-009,REC-014,Civil Engineer,Engineering,St. Louis,MO,onsite,1099,2.9,staffing_event,37.09,45.27,2024-02-24,2024-02-27,2024-03-06,2024-03-07,2024-04-06,2024-04-06,True,True,joined_on_time,2024-04-06,14,discovery
CAND-01038,APP-01069,REQ-00218,CLI-007,REC-002,Radiology Technician,Healthcare,Kansas City,MO,onsite,Direct Hire,9.0,recruiter_sourced,19.62,21.85,2024-04-16,2024-04-25,2024-05-03,2024-05-07,2024-05-29,2024-05-29,True,True,joined_on_time,2024-05-29,0,hypothesis_generation
CAND-01039,APP-01070,REQ-00066,CLI-001,REC-008,Warehouse Associate,Light Industrial,Chicago,IL,onsite,1099,6.2,job_board,15.93,17.84,2024-08-09,2024-08-30,2024-09-16,2024-09-16,2024-10-20,,True,True,withdrew_post_acceptance,2024-10-11,13,discovery
CAND-01040,APP-01071,REQ-00044,CLI-010,REC-006,Receptionist,Administrative/Professional,Memphis,TN,hybrid,W2 Contract,7.9,referral,21.08,22.15,2024-11-06,2024-11-10,2024-11-22,2024-11-24,2024-12-19,2024-12-19,True,True,joined_on_time,2024-12-19,10,discovery
CAND-01041,APP-01072,REQ-00056,CLI-011,REC-003,Office Coordinator,Administrative/Professional,Austin,TX,onsite,Direct Hire,6.5,recruiter_sourced,24.11,23.43,2024-04-24,2024-05-10,2024-05-16,2024-05-22,2024-05-30,2024-05-31,True,True,joined_on_time,2024-05-31,16,discovery
CAND-01042,APP-01073,REQ-00040,CLI-010,REC-015,Executive Assistant,Administrative/Professional,Charlotte,NC,hybrid,W2 Contract,11.4,recruiter_sourced,15.8,15.73,2024-03-23,2024-04-03,2024-04-21,2024-04-27,2024-05-10,2024-05-09,True,True,joined_on_time,2024-05-09,11,discovery
CAND-01043,APP-01074,REQ-00029,CLI-009,REC-016,Mechanical Engineer,Engineering,Houston,TX,onsite,W2 Contract,9.7,staffing_event,36.52,39.15,2024-02-27,2024-03-15,2024-03-23,2024-03-24,2024-04-12,2024-04-12,True,True,joined_on_time,2024-04-12,2,discovery
CAND-01044,APP-01075,REQ-00035,CLI-005,REC-009,Forklift Operator,Light Industrial,Chicago,IL,onsite,Contract-to-Hire,2.0,job_board,20.2,20.19,2024-05-07,2024-05-10,2024-05-16,2024-05-16,2024-06-15,2024-06-15,True,True,joined_on_time,2024-06-15,13,discovery
CAND-01045,APP-01076,REQ-00039,CLI-009,REC-001,Electrical Engineer,Engineering,Chicago,IL,onsite,Direct Hire,8.6,career_site,37.82,38.73,2025-05-21,2025-05-24,2025-06-08,2025-06-08,2025-07-04,2025-07-04,True,True,joined_on_time,2025-07-04,10,hypothesis_generation
CAND-01046,APP-01077,REQ-00082,CLI-002,REC-008,Pharmacy Technician,Healthcare,Raleigh,NC,onsite,Contract-to-Hire,9.3,job_board,26.14,30.1,2024-07-05,2024-07-10,2024-07-15,2024-07-19,2024-07-30,2024-07-31,True,True,joined_on_time,2024-07-31,10,held_out_test
CAND-01047,APP-01078,REQ-00097,CLI-006,REC-004,Financial Analyst,Finance/Accounting,Columbus,OH,hybrid,1099,2.8,referral,,35.75,2025-02-22,2025-02-27,2025-03-14,2025-03-20,2025-04-01,2025-04-01,True,True,joined_on_time,2025-04-01,12,hypothesis_generation
CAND-01048,APP-01079,REQ-00030,CLI-006,REC-018,Administrative Assistant,Administrative/Professional,Indianapolis,IN,hybrid,Direct Hire,3.7,referral,19.43,19.44,2024-08-23,2024-09-11,2024-09-26,2024-09-26,2024-10-18,,True,True,withdrew_post_acceptance,2024-10-15,5,discovery
CAND-00643,APP-01080,REQ-00120,CLI-002,REC-002,Phlebotomist,Healthcare,Charlotte,NC,hybrid,W2 Contract,2.9,job_board,38.37,42.99,2025-07-02,2025-07-15,2025-07-31,2025-08-05,2025-08-31,2025-08-31,True,True,joined_on_time,2025-08-31,16,discovery
CAND-01049,APP-01081,REQ-00083,CLI-008,REC-016,QA Tester,IT/Technology,Tucson,AZ,hybrid,Direct Hire,5.2,job_board,52.61,61.5,2024-03-20,2024-04-01,2024-04-08,2024-04-08,2024-04-18,,True,True,rejected_by_client,2024-04-17,7,hypothesis_generation
CAND-01050,APP-01082,REQ-00066,CLI-001,REC-006,Warehouse Associate,Light Industrial,Chicago,IL,onsite,1099,4.1,recruiter_sourced,21.22,21.71,2024-07-29,2024-08-08,2024-08-16,2024-08-17,2024-09-04,,True,False,declined_offer,2024-08-17,9,discovery
CAND-01051,APP-01083,REQ-00038,CLI-011,REC-006,Administrative Assistant,Administrative/Professional,Tampa,FL,onsite,1099,7.5,reapply,22.4,23.77,2024-10-16,2024-11-02,2024-11-07,2024-11-13,2024-11-29,,True,False,declined_offer,2024-11-13,7,discovery
CAND-01052,APP-01084,REQ-00059,CLI-002,REC-011,Certified Nursing Assistant,Healthcare,Chicago,IL,remote,Direct Hire,9.7,recruiter_sourced,43.65,44.84,2024-11-02,2024-11-17,2024-11-22,2024-11-22,2024-12-07,2024-12-08,True,True,joined_on_time,2024-12-08,0,hypothesis_generation
CAND-01053,APP-01085,REQ-00023,CLI-007,REC-001,Phlebotomist,Healthcare,Dallas,TX,onsite,W2 Contract,11.3,job_board,35.8,36.69,2024-11-22,2024-12-10,2024-12-23,2024-12-28,2025-01-12,2025-01-12,True,True,joined_on_time,2025-01-12,3,discovery
CAND-01054,APP-01086,REQ-00189,CLI-003,REC-015,Bookkeeper,Finance/Accounting,Cincinnati,OH,hybrid,W2 Contract,2.6,recruiter_sourced,,32.72,2024-12-19,2024-12-22,2024-12-24,2024-12-27,2025-01-28,,True,False,declined_offer,2024-12-27,17,discovery
CAND-01055,APP-01087,REQ-00070,CLI-004,REC-007,DevOps Engineer,IT/Technology,Nashville,TN,hybrid,W2 Contract,2.9,career_site,56.46,57.89,2025-04-09,2025-04-21,2025-04-30,2025-05-05,2025-05-12,2025-05-12,True,True,joined_on_time,2025-05-12,7,discovery
CAND-00548,APP-01088,REQ-00031,CLI-001,REC-008,Shipping/Receiving Clerk,Light Industrial,Memphis,TN,onsite,W2 Contract,3.8,career_site,17.08,18.47,2025-06-14,2025-06-24,2025-07-01,2025-07-05,2025-07-11,,True,True,rejected_by_client,2025-07-07,17,discovery
CAND-01056,APP-01089,REQ-00067,CLI-006,REC-018,Customer Service Representative,Administrative/Professional,Houston,TX,hybrid,Contract-to-Hire,1.3,job_board,22.88,27.41,2024-05-14,2024-05-26,2024-06-08,2024-06-12,2024-07-01,2024-07-01,True,True,joined_on_time,2024-07-01,3,discovery
CAND-01057,APP-01090,REQ-00056,CLI-011,REC-015,Office Coordinator,Administrative/Professional,Austin,TX,onsite,Direct Hire,3.3,job_board,,24.31,2024-06-01,2024-06-07,2024-06-14,2024-06-14,2024-07-09,2024-07-09,True,True,joined_on_time,2024-07-09,6,discovery
CAND-01058,APP-01091,REQ-00123,CLI-009,REC-007,Process Engineer,Engineering,Kansas City,MO,onsite,W2 Contract,2.9,reapply,51.51,51.0,2024-10-28,2024-11-15,2024-11-18,2024-11-23,2024-12-02,2024-12-18,True,True,joined_late,2024-12-18,6,held_out_test
CAND-01059,APP-01092,REQ-00201,CLI-009,REC-013,Mechanical Engineer,Engineering,Tampa,FL,remote,Direct Hire,8.2,job_board,35.19,33.13,2024-03-27,2024-04-06,2024-04-10,2024-04-13,2024-04-22,2024-04-28,True,True,joined_late,2024-04-28,11,hypothesis_generation
CAND-01060,APP-01093,REQ-00003,CLI-002,REC-009,Physical Therapist Asst.,Healthcare,St. Louis,MO,hybrid,W2 Contract,2.4,career_site,33.7,42.28,2024-11-11,2024-11-18,2024-11-20,2024-11-22,2024-12-15,,True,True,withdrew_post_acceptance,2024-12-08,17,discovery
CAND-01061,APP-01094,REQ-00189,CLI-003,REC-010,Bookkeeper,Finance/Accounting,Cincinnati,OH,hybrid,W2 Contract,3.2,referral,33.15,39.35,2024-12-23,2024-12-29,2025-01-15,2025-01-18,2025-02-17,,True,True,withdrew_post_acceptance,2025-02-14,11,discovery
CAND-01062,APP-01095,REQ-00032,CLI-005,REC-018,Forklift Operator,Light Industrial,Columbus,OH,onsite,Contract-to-Hire,3.3,recruiter_sourced,19.39,18.07,2025-03-28,2025-04-04,2025-04-13,2025-04-18,2025-04-25,,True,False,declined_offer,2025-04-18,13,hypothesis_generation
CAND-01063,APP-01096,REQ-00202,CLI-004,REC-007,Software Engineer,IT/Technology,Houston,TX,onsite,W2 Contract,5.1,job_board,53.81,57.68,2025-04-20,2025-05-02,2025-05-14,2025-05-19,2025-06-07,,True,False,declined_offer,2025-05-19,9,discovery
CAND-01064,APP-01097,REQ-00072,CLI-002,REC-005,Medical Assistant,Healthcare,Charlotte,NC,onsite,Contract-to-Hire,11.2,referral,42.04,41.92,2025-01-06,2025-01-10,2025-01-24,2025-01-29,2025-02-04,,True,True,withdrew_post_acceptance,2025-01-31,13,held_out_test
CAND-00069,APP-01098,REQ-00082,CLI-002,REC-004,Pharmacy Technician,Healthcare,Raleigh,NC,onsite,Contract-to-Hire,8.4,job_board,40.54,43.51,2024-06-10,2024-07-01,2024-07-18,2024-07-21,2024-08-08,,True,False,declined_offer,2024-07-21,5,discovery
CAND-01065,APP-01099,REQ-00011,CLI-005,REC-010,Manufacturing Engineer,Engineering,Jacksonville,FL,onsite,W2 Contract,2.3,referral,29.82,35.67,2024-09-15,2024-09-21,2024-10-01,2024-10-06,2024-11-04,2024-11-05,True,True,joined_on_time,2024-11-05,4,discovery
CAND-01066,APP-01100,REQ-00100,CLI-003,REC-018,Bookkeeper,Finance/Accounting,Chicago,IL,hybrid,W2 Contract,2.0,job_board,24.76,26.26,2024-12-31,2025-01-18,2025-02-03,2025-02-08,2025-02-16,,True,False,declined_offer,2025-02-08,4,held_out_test
CAND-01067,APP-01101,REQ-00192,CLI-008,REC-013,Business Systems Analyst,IT/Technology,Jacksonville,FL,hybrid,Direct Hire,3.0,recruiter_sourced,49.56,55.33,2025-03-12,2025-04-01,2025-04-07,2025-04-07,2025-04-24,,True,True,withdrew_post_acceptance,2025-04-22,6,discovery
CAND-01068,APP-01102,REQ-00008,CLI-001,REC-017,Shipping/Receiving Clerk,Light Industrial,Houston,TX,onsite,W2 Contract,1.7,job_board,,19.72,2024-12-12,2024-12-24,2025-01-09,2025-01-12,2025-02-05,,True,False,declined_offer,2025-01-12,12,discovery
CAND-01069,APP-01103,REQ-00223,CLI-001,REC-013,Machine Operator,Light Industrial,Memphis,TN,onsite,Direct Hire,2.6,job_board,14.15,16.03,2024-03-20,2024-04-08,2024-04-16,2024-04-17,2024-05-17,2024-05-17,True,True,joined_on_time,2024-05-17,10,held_out_test
CAND-01070,APP-01104,REQ-00030,CLI-006,REC-018,Administrative Assistant,Administrative/Professional,Indianapolis,IN,hybrid,Direct Hire,3.5,referral,21.87,24.15,2024-09-14,2024-10-03,2024-10-21,2024-10-21,2024-11-25,,True,True,accepted_no_show,2024-11-25,14,hypothesis_generation
CAND-01071,APP-01105,REQ-00042,CLI-008,REC-016,Data Analyst,IT/Technology,Tampa,FL,hybrid,W2 Contract,4.4,job_board,53.26,58.15,2024-10-05,2024-10-13,2024-10-22,2024-10-28,2024-11-25,2024-11-25,True,True,joined_on_time,2024-11-25,8,hypothesis_generation
CAND-01072,APP-01106,REQ-00051,CLI-006,REC-006,Executive Assistant,Administrative/Professional,Milwaukee,WI,hybrid,W2 Contract,4.6,job_board,,20.94,2025-06-14,2025-06-30,2025-07-17,2025-07-20,2025-08-06,2025-08-06,True,True,joined_on_time,2025-08-06,11,discovery
CAND-01073,APP-01107,REQ-00142,CLI-010,REC-003,Data Entry Clerk,Administrative/Professional,Chicago,IL,hybrid,Direct Hire,3.6,recruiter_sourced,15.16,18.21,2024-11-19,2024-11-24,2024-11-27,2024-12-03,2024-12-20,2024-12-20,True,True,joined_on_time,2024-12-20,6,hypothesis_generation
CAND-01074,APP-01108,REQ-00067,CLI-006,REC-006,Customer Service Representative,Administrative/Professional,Houston,TX,hybrid,Contract-to-Hire,2.2,referral,15.86,17.48,2024-05-22,2024-05-31,2024-06-09,2024-06-15,2024-06-30,2024-06-29,True,True,joined_on_time,2024-06-29,21,discovery
CAND-01075,APP-01109,REQ-00142,CLI-010,REC-006,Data Entry Clerk,Administrative/Professional,Chicago,IL,hybrid,Direct Hire,2.1,referral,18.08,21.04,2024-10-12,2024-10-19,2024-10-27,2024-10-30,2024-11-10,2024-11-10,True,True,joined_on_time,2024-11-10,17,discovery
CAND-01076,APP-01110,REQ-00065,CLI-003,REC-018,Bookkeeper,Finance/Accounting,Indianapolis,IN,hybrid,Direct Hire,1.0,recruiter_sourced,36.55,38.79,2024-08-06,2024-08-24,2024-09-02,2024-09-07,2024-09-26,,True,False,declined_offer,2024-09-07,19,hypothesis_generation
CAND-01077,APP-01111,REQ-00180,CLI-002,REC-014,Certified Nursing Assistant,Healthcare,Jacksonville,FL,remote,W2 Contract,7.8,job_board,,34.17,2024-09-03,2024-09-16,2024-09-26,2024-09-26,2024-10-18,2024-10-18,True,True,joined_on_time,2024-10-18,5,discovery
CAND-01078,APP-01112,REQ-00155,CLI-003,REC-012,Accounts Payable Clerk,Finance/Accounting,Tampa,FL,hybrid,Direct Hire,3.4,referral,30.27,34.53,2024-10-23,2024-11-04,2024-11-13,2024-11-17,2024-11-26,2024-12-01,True,True,joined_late,2024-12-01,8,discovery
CAND-01079,APP-01113,REQ-00060,CLI-008,REC-015,Data Analyst,IT/Technology,Tucson,AZ,hybrid,W2 Contract,6.8,career_site,43.51,46.36,2025-05-29,2025-06-16,2025-07-01,2025-07-04,2025-07-12,2025-08-04,True,True,joined_late,2025-08-04,24,held_out_test
CAND-01080,APP-01114,REQ-00190,CLI-010,REC-018,HR Coordinator,Administrative/Professional,Indianapolis,IN,hybrid,Contract-to-Hire,3.7,referral,24.19,23.95,2025-04-06,2025-04-17,2025-04-30,2025-04-30,2025-05-10,,True,True,withdrew_post_acceptance,2025-05-02,10,discovery
CAND-01081,APP-01115,REQ-00017,CLI-011,REC-006,General Laborer,Light Industrial,Columbus,OH,onsite,W2 Contract,2.7,referral,13.6,15.3,2025-03-27,2025-04-02,2025-04-19,2025-04-23,2025-05-18,,True,True,accepted_no_show,2025-05-18,12,discovery
CAND-01082,APP-01116,REQ-00167,CLI-004,REC-016,Systems Administrator,IT/Technology,Pittsburgh,PA,hybrid,Direct Hire,1.0,career_site,41.19,49.85,2025-01-19,2025-01-23,2025-01-28,2025-02-01,2025-03-04,,True,True,withdrew_post_acceptance,2025-02-22,0,hypothesis_generation
CAND-01083,APP-01117,REQ-00048,CLI-008,REC-014,QA Tester,IT/Technology,Phoenix,AZ,hybrid,Contract-to-Hire,2.6,staffing_event,52.34,60.3,2024-11-17,2024-12-08,2024-12-23,2024-12-29,2025-01-14,,True,True,withdrew_post_acceptance,2024-12-31,13,held_out_test
CAND-01084,APP-01118,REQ-00068,CLI-002,REC-011,Pharmacy Technician,Healthcare,Milwaukee,WI,onsite,Contract-to-Hire,11.6,job_board,22.99,26.61,2024-12-06,2024-12-22,2024-12-24,2024-12-25,2025-01-21,,True,True,accepted_no_show,2025-01-21,5,discovery
CAND-01085,APP-01119,REQ-00105,CLI-007,REC-002,Registered Nurse,Healthcare,Pittsburgh,PA,onsite,Contract-to-Hire,9.1,reapply,34.59,35.75,2025-01-29,2025-02-09,2025-02-22,2025-02-28,2025-03-25,2025-03-25,True,True,joined_on_time,2025-03-25,7,hypothesis_generation
CAND-01086,APP-01120,REQ-00161,CLI-004,REC-007,DevOps Engineer,IT/Technology,Atlanta,GA,remote,Direct Hire,3.4,recruiter_sourced,44.94,42.28,2024-02-28,2024-03-10,2024-03-17,2024-03-18,2024-04-13,,True,True,withdrew_post_acceptance,2024-04-12,9,discovery
CAND-01087,APP-01121,REQ-00048,CLI-008,REC-001,QA Tester,IT/Technology,Phoenix,AZ,hybrid,Contract-to-Hire,7.3,referral,32.06,36.34,2024-12-05,2024-12-13,2024-12-30,2025-01-05,2025-01-11,,True,False,declined_offer,2025-01-05,14,discovery
CAND-01088,APP-01122,REQ-00080,CLI-009,REC-007,Process Engineer,Engineering,Pittsburgh,PA,onsite,Direct Hire,4.6,career_site,33.95,34.74,2024-10-21,2024-11-05,2024-11-17,2024-11-21,2024-12-12,,True,True,withdrew_post_acceptance,2024-12-12,14,discovery
CAND-01089,APP-01123,REQ-00033,CLI-009,REC-004,Quality Engineer,Engineering,Austin,TX,onsite,1099,5.6,recruiter_sourced,39.02,45.58,2024-05-30,2024-06-16,2024-06-29,2024-07-05,2024-07-14,,True,True,accepted_no_show,2024-07-14,7,discovery
CAND-01090,APP-01124,REQ-00078,CLI-001,REC-002,General Laborer,Light Industrial,Columbus,OH,onsite,Direct Hire,3.9,job_board,16.01,17.48,2024-12-02,2024-12-21,2025-01-01,2025-01-07,2025-01-28,,True,True,withdrew_post_acceptance,2025-01-25,13,discovery
CAND-01091,APP-01125,REQ-00116,CLI-009,REC-004,Electrical Engineer,Engineering,Tampa,FL,hybrid,1099,3.5,referral,,34.56,2025-06-23,2025-07-08,2025-07-18,2025-07-19,2025-08-19,,True,True,rejected_by_client,2025-07-30,19,discovery
CAND-01092,APP-01126,REQ-00038,CLI-011,REC-006,Administrative Assistant,Administrative/Professional,Tampa,FL,onsite,1099,6.6,career_site,21.51,22.75,2024-10-09,2024-10-21,2024-10-25,2024-10-27,2024-11-11,,True,False,declined_offer,2024-10-27,18,hypothesis_generation
CAND-01093,APP-01127,REQ-00160,CLI-005,REC-004,Civil Engineer,Engineering,Tucson,AZ,onsite,Contract-to-Hire,3.7,staffing_event,37.01,38.56,2024-12-15,2024-12-25,2025-01-03,2025-01-04,2025-01-20,2025-01-20,True,True,joined_on_time,2025-01-20,6,hypothesis_generation
CAND-00486,APP-01128,REQ-00202,CLI-004,REC-004,Software Engineer,IT/Technology,Houston,TX,onsite,W2 Contract,6.0,career_site,53.18,60.49,2025-04-15,2025-05-02,2025-05-17,2025-05-21,2025-06-13,2025-06-14,True,True,joined_on_time,2025-06-14,7,hypothesis_generation
CAND-01094,APP-01129,REQ-00035,CLI-005,REC-015,Forklift Operator,Light Industrial,Chicago,IL,onsite,Contract-to-Hire,1.7,recruiter_sourced,,19.47,2024-05-02,2024-05-17,2024-05-27,2024-06-01,2024-07-01,2024-07-01,True,True,joined_on_time,2024-07-01,7,held_out_test
CAND-01095,APP-01130,REQ-00077,CLI-003,REC-015,Accounts Payable Clerk,Finance/Accounting,Tampa,FL,remote,Contract-to-Hire,3.6,recruiter_sourced,,27.62,2024-03-20,2024-03-30,2024-04-11,2024-04-15,2024-05-02,2024-05-01,True,True,joined_on_time,2024-05-01,10,discovery
CAND-01096,APP-01131,REQ-00150,CLI-009,REC-013,Manufacturing Engineer,Engineering,Tucson,AZ,onsite,Direct Hire,4.4,job_board,30.2,31.47,2025-03-14,2025-03-21,2025-03-26,2025-04-01,2025-04-21,,True,True,withdrew_post_acceptance,2025-04-17,4,discovery
CAND-01097,APP-01132,REQ-00039,CLI-009,REC-013,Electrical Engineer,Engineering,Chicago,IL,onsite,Direct Hire,2.1,referral,41.01,49.72,2025-06-09,2025-06-29,2025-07-08,2025-07-11,2025-07-26,2025-07-27,True,True,joined_on_time,2025-07-27,8,discovery
CAND-01098,APP-01133,REQ-00123,CLI-009,REC-010,Process Engineer,Engineering,Kansas City,MO,onsite,W2 Contract,2.1,recruiter_sourced,31.21,36.48,2024-11-24,2024-12-02,2024-12-04,2024-12-08,2024-12-28,2024-12-29,True,True,joined_on_time,2024-12-29,2,discovery
CAND-01099,APP-01134,REQ-00126,CLI-005,REC-010,Mechanical Engineer,Engineering,Austin,TX,onsite,W2 Contract,10.4,job_board,27.84,29.94,2024-11-05,2024-11-16,2024-11-26,2024-12-01,2024-12-06,2024-12-07,True,True,joined_on_time,2024-12-07,15,discovery
CAND-01100,APP-01135,REQ-00220,CLI-008,REC-010,Network Administrator,IT/Technology,Philadelphia,PA,hybrid,Contract-to-Hire,1.6,recruiter_sourced,39.49,43.37,2024-12-09,2024-12-21,2025-01-02,2025-01-03,2025-01-30,,True,False,declined_offer,2025-01-03,11,discovery
CAND-01101,APP-01136,REQ-00137,CLI-009,REC-004,Electrical Engineer,Engineering,Philadelphia,PA,hybrid,W2 Contract,1.1,referral,,36.95,2024-10-20,2024-10-24,2024-11-06,2024-11-10,2024-11-19,,True,False,declined_offer,2024-11-10,19,discovery
CAND-01102,APP-01137,REQ-00132,CLI-006,REC-015,Office Coordinator,Administrative/Professional,Chicago,IL,hybrid,Direct Hire,1.7,referral,22.61,23.03,2024-07-14,2024-07-24,2024-07-31,2024-08-06,2024-08-15,,True,True,accepted_no_show,2024-08-15,17,held_out_test
CAND-01103,APP-01138,REQ-00154,CLI-010,REC-018,Office Coordinator,Administrative/Professional,Phoenix,AZ,hybrid,W2 Contract,5.6,job_board,17.29,18.66,2025-03-07,2025-03-22,2025-04-06,2025-04-09,2025-05-08,,True,True,withdrew_post_acceptance,2025-04-25,2,hypothesis_generation
CAND-01104,APP-01139,REQ-00179,CLI-006,REC-006,Senior Accountant,Finance/Accounting,Orlando,FL,hybrid,Contract-to-Hire,2.9,job_board,29.68,32.65,2024-02-18,2024-02-29,2024-03-17,2024-03-17,2024-04-01,2024-04-01,True,True,joined_on_time,2024-04-01,10,discovery
CAND-01105,APP-01140,REQ-00125,CLI-010,REC-009,Customer Service Representative,Administrative/Professional,Columbus,OH,hybrid,Contract-to-Hire,2.9,job_board,17.09,18.64,2024-11-13,2024-11-19,2024-12-07,2024-12-09,2024-12-17,2024-12-18,True,True,joined_on_time,2024-12-18,4,discovery
CAND-01106,APP-01141,REQ-00067,CLI-006,REC-018,Customer Service Representative,Administrative/Professional,Houston,TX,hybrid,Contract-to-Hire,1.5,job_board,,20.22,2024-05-22,2024-05-25,2024-05-27,2024-05-29,2024-06-18,,True,False,declined_offer,2024-05-29,12,discovery
CAND-01107,APP-01142,REQ-00205,CLI-009,REC-001,Process Engineer,Engineering,Chicago,IL,onsite,Contract-to-Hire,8.6,referral,28.26,34.51,2024-10-23,2024-11-12,2024-11-20,2024-11-22,2024-12-03,,True,False,declined_offer,2024-11-22,10,held_out_test
CAND-01108,APP-01143,REQ-00124,CLI-011,REC-008,Receptionist,Administrative/Professional,Philadelphia,PA,onsite,W2 Contract,7.2,recruiter_sourced,15.8,18.68,2024-11-09,2024-11-26,2024-12-03,2024-12-07,2024-12-17,,True,True,withdrew_post_acceptance,2024-12-15,18,discovery
CAND-01109,APP-01144,REQ-00083,CLI-008,REC-013,QA Tester,IT/Technology,Tucson,AZ,hybrid,Direct Hire,4.1,reapply,44.1,50.76,2024-03-18,2024-03-30,2024-04-04,2024-04-06,2024-05-05,2024-05-13,True,True,joined_late,2024-05-13,24,discovery
CAND-01110,APP-01145,REQ-00111,CLI-006,REC-003,Senior Accountant,Finance/Accounting,Orlando,FL,hybrid,Direct Hire,2.3,job_board,29.37,31.42,2024-08-20,2024-09-02,2024-09-18,2024-09-23,2024-10-15,2024-10-15,True,True,joined_on_time,2024-10-15,1,held_out_test
CAND-01111,APP-01146,REQ-00040,CLI-010,REC-018,Executive Assistant,Administrative/Professional,Charlotte,NC,hybrid,W2 Contract,0.9,job_board,17.77,17.36,2024-03-29,2024-04-16,2024-04-24,2024-04-30,2024-05-16,,True,True,withdrew_post_acceptance,2024-05-02,13,discovery
CAND-01112,APP-01147,REQ-00090,CLI-011,REC-018,Warehouse Associate,Light Industrial,Atlanta,GA,onsite,W2 Contract,1.0,job_board,12.4,14.75,2025-01-11,2025-01-24,2025-02-11,2025-02-15,2025-03-11,2025-03-12,True,True,joined_on_time,2025-03-12,6,discovery
CAND-01113,APP-01148,REQ-00220,CLI-008,REC-007,Network Administrator,IT/Technology,Philadelphia,PA,hybrid,Contract-to-Hire,3.6,reapply,47.21,55.83,2024-12-09,2024-12-25,2025-01-08,2025-01-11,2025-01-30,,True,True,withdrew_post_acceptance,2025-01-14,0,discovery
CAND-01114,APP-01149,REQ-00078,CLI-001,REC-003,General Laborer,Light Industrial,Columbus,OH,onsite,Direct Hire,13.6,referral,18.89,20.31,2024-12-25,2025-01-06,2025-01-09,2025-01-13,2025-01-20,,True,False,declined_offer,2025-01-13,26,hypothesis_generation
CAND-01115,APP-01150,REQ-00202,CLI-004,REC-007,Software Engineer,IT/Technology,Houston,TX,onsite,W2 Contract,2.4,recruiter_sourced,57.92,59.75,2025-05-20,2025-05-24,2025-05-26,2025-05-26,2025-06-14,2025-06-14,True,True,joined_on_time,2025-06-14,9,discovery
CAND-01116,APP-01151,REQ-00051,CLI-006,REC-018,Executive Assistant,Administrative/Professional,Milwaukee,WI,hybrid,W2 Contract,6.6,recruiter_sourced,22.07,24.4,2025-06-21,2025-07-05,2025-07-08,2025-07-09,2025-07-21,2025-07-21,True,True,joined_on_time,2025-07-21,18,discovery
CAND-01117,APP-01152,REQ-00168,CLI-004,REC-008,Business Systems Analyst,IT/Technology,Houston,TX,remote,1099,6.6,recruiter_sourced,49.23,56.52,2025-04-01,2025-04-19,2025-04-27,2025-05-01,2025-05-27,2025-06-18,True,True,joined_late,2025-06-18,4,discovery
CAND-01118,APP-01153,REQ-00115,CLI-004,REC-004,Business Systems Analyst,IT/Technology,Columbus,OH,remote,W2 Contract,3.9,career_site,54.93,63.17,2025-05-17,2025-05-27,2025-06-08,2025-06-09,2025-06-30,,True,True,rejected_by_client,2025-06-17,7,held_out_test
CAND-01119,APP-01154,REQ-00087,CLI-001,REC-003,Machine Operator,Light Industrial,Jacksonville,FL,onsite,Contract-to-Hire,5.7,job_board,17.15,17.85,2025-03-17,2025-04-02,2025-04-13,2025-04-14,2025-05-13,,True,False,declined_offer,2025-04-14,2,discovery
CAND-01120,APP-01155,REQ-00227,CLI-011,REC-012,HR Coordinator,Administrative/Professional,Indianapolis,IN,onsite,W2 Contract,1.9,career_site,17.84,16.7,2024-11-16,2024-11-25,2024-12-12,2024-12-14,2025-01-10,,True,True,withdrew_post_acceptance,2024-12-15,9,discovery
CAND-01121,APP-01156,REQ-00135,CLI-010,REC-003,Receptionist,Administrative/Professional,Nashville,TN,hybrid,W2 Contract,6.6,job_board,20.19,22.32,2025-07-17,2025-07-22,2025-07-27,2025-07-27,2025-08-11,,True,True,withdrew_post_acceptance,2025-08-11,18,held_out_test
CAND-01122,APP-01157,REQ-00220,CLI-008,REC-004,Network Administrator,IT/Technology,Philadelphia,PA,hybrid,Contract-to-Hire,1.3,career_site,44.66,45.41,2024-11-21,2024-12-06,2024-12-17,2024-12-21,2025-01-05,,True,False,declined_offer,2024-12-21,15,discovery
CAND-01123,APP-01158,REQ-00170,CLI-002,REC-002,Pharmacy Technician,Healthcare,Memphis,TN,onsite,Contract-to-Hire,2.8,career_site,,30.96,2025-02-14,2025-02-19,2025-03-08,2025-03-09,2025-03-22,2025-03-23,True,True,joined_on_time,2025-03-23,4,discovery
CAND-01124,APP-01159,REQ-00145,CLI-010,REC-002,Office Coordinator,Administrative/Professional,Orlando,FL,onsite,Contract-to-Hire,2.8,job_board,16.58,20.51,2024-09-07,2024-09-22,2024-09-29,2024-09-29,2024-11-02,,True,True,withdrew_post_acceptance,2024-10-04,0,hypothesis_generation
CAND-01125,APP-01160,REQ-00146,CLI-006,REC-012,Administrative Assistant,Administrative/Professional,Raleigh,NC,remote,1099,3.4,referral,15.97,19.33,2025-02-27,2025-03-18,2025-03-26,2025-04-01,2025-04-11,,True,False,declined_offer,2025-04-01,4,held_out_test
CAND-00302,APP-01161,REQ-00024,CLI-009,REC-013,Mechanical Engineer,Engineering,Jacksonville,FL,onsite,W2 Contract,1.9,career_site,53.0,53.29,2025-06-16,2025-06-25,2025-06-28,2025-07-01,2025-07-20,2025-07-20,True,True,joined_on_time,2025-07-20,9,discovery
CAND-01126,APP-01162,REQ-00138,CLI-010,REC-001,Office Coordinator,Administrative/Professional,Nashville,TN,hybrid,Contract-to-Hire,9.4,job_board,20.24,21.7,2024-09-06,2024-09-23,2024-09-25,2024-10-01,2024-10-19,,True,False,declined_offer,2024-10-01,6,discovery
CAND-01127,APP-01163,REQ-00201,CLI-009,REC-013,Mechanical Engineer,Engineering,Tampa,FL,remote,Direct Hire,1.4,job_board,29.04,35.49,2024-04-21,2024-05-04,2024-05-07,2024-05-07,2024-06-07,2024-06-06,True,True,joined_on_time,2024-06-06,6,hypothesis_generation
CAND-01128,APP-01164,REQ-00104,CLI-002,REC-014,Pharmacy Technician,Healthcare,Philadelphia,PA,onsite,Contract-to-Hire,8.2,recruiter_sourced,25.56,26.36,2025-02-17,2025-02-23,2025-03-04,2025-03-04,2025-03-26,,True,True,accepted_no_show,2025-03-26,2,held_out_test
CAND-01129,APP-01165,REQ-00129,CLI-010,REC-012,Administrative Assistant,Administrative/Professional,Houston,TX,hybrid,Direct Hire,2.0,career_site,19.62,19.83,2024-02-03,2024-02-07,2024-02-11,2024-02-11,2024-03-12,,True,True,withdrew_post_acceptance,2024-03-09,13,discovery
CAND-01130,APP-01166,REQ-00145,CLI-010,REC-016,Office Coordinator,Administrative/Professional,Orlando,FL,onsite,Contract-to-Hire,6.1,recruiter_sourced,21.74,22.83,2024-10-12,2024-10-27,2024-11-12,2024-11-17,2024-11-29,,True,True,withdrew_post_acceptance,2024-11-28,20,discovery
CAND-01131,APP-01167,REQ-00081,CLI-003,REC-009,Senior Accountant,Finance/Accounting,Jacksonville,FL,hybrid,W2 Contract,16.3,recruiter_sourced,,38.03,2024-12-03,2024-12-10,2024-12-26,2024-12-30,2025-01-16,2025-01-16,True,True,joined_on_time,2025-01-16,13,discovery
CAND-01132,APP-01168,REQ-00056,CLI-011,REC-012,Office Coordinator,Administrative/Professional,Austin,TX,onsite,Direct Hire,1.8,recruiter_sourced,21.07,23.06,2024-04-30,2024-05-12,2024-05-18,2024-05-18,2024-06-11,,True,True,withdrew_post_acceptance,2024-06-01,11,discovery
CAND-01133,APP-01169,REQ-00215,CLI-002,REC-011,Medical Coder,Healthcare,Charlotte,NC,onsite,W2 Contract,2.1,recruiter_sourced,,43.52,2024-08-05,2024-08-21,2024-09-05,2024-09-08,2024-10-08,,True,True,accepted_no_show,2024-10-08,3,hypothesis_generation
CAND-01134,APP-01170,REQ-00126,CLI-005,REC-010,Mechanical Engineer,Engineering,Austin,TX,onsite,W2 Contract,4.1,referral,32.33,37.72,2024-11-16,2024-12-05,2024-12-13,2024-12-14,2024-12-29,,True,False,declined_offer,2024-12-14,12,discovery
CAND-01135,APP-01171,REQ-00223,CLI-001,REC-018,Machine Operator,Light Industrial,Memphis,TN,onsite,Direct Hire,7.5,recruiter_sourced,21.6,21.71,2024-03-27,2024-04-12,2024-04-25,2024-04-30,2024-05-14,,True,True,rejected_by_client,2024-05-04,17,discovery
CAND-01136,APP-01172,REQ-00137,CLI-009,REC-001,Electrical Engineer,Engineering,Philadelphia,PA,hybrid,W2 Contract,7.0,recruiter_sourced,32.71,33.91,2024-10-05,2024-10-21,2024-10-24,2024-10-25,2024-11-09,2024-11-09,True,True,joined_on_time,2024-11-09,21,discovery
CAND-01137,APP-01173,REQ-00099,CLI-002,REC-017,Pharmacy Technician,Healthcare,Milwaukee,WI,onsite,W2 Contract,4.5,recruiter_sourced,,25.8,2024-03-21,2024-03-24,2024-04-01,2024-04-04,2024-04-29,,True,True,withdrew_post_acceptance,2024-04-26,15,hypothesis_generation
CAND-01138,APP-01174,REQ-00040,CLI-010,REC-018,Executive Assistant,Administrative/Professional,Charlotte,NC,hybrid,W2 Contract,3.4,job_board,15.78,16.25,2024-03-20,2024-03-30,2024-04-05,2024-04-11,2024-04-30,,True,True,withdrew_post_acceptance,2024-04-22,4,discovery
CAND-01139,APP-01175,REQ-00179,CLI-006,REC-018,Senior Accountant,Finance/Accounting,Orlando,FL,hybrid,Contract-to-Hire,10.9,job_board,,36.72,2024-02-03,2024-02-07,2024-02-19,2024-02-25,2024-03-02,,True,True,accepted_no_show,2024-03-02,11,discovery
CAND-01140,APP-01176,REQ-00197,CLI-004,REC-004,Systems Administrator,IT/Technology,Kansas City,MO,remote,W2 Contract,1.0,recruiter_sourced,40.86,39.39,2025-06-21,2025-07-04,2025-07-20,2025-07-23,2025-08-09,2025-09-03,True,True,joined_late,2025-09-03,10,discovery
CAND-01141,APP-01177,REQ-00056,CLI-011,REC-003,Office Coordinator,Administrative/Professional,Austin,TX,onsite,Direct Hire,5.5,career_site,20.67,23.53,2024-04-30,2024-05-16,2024-05-21,2024-05-25,2024-06-19,,True,False,declined_offer,2024-05-25,2,held_out_test
CAND-01142,APP-01178,REQ-00019,CLI-011,REC-018,Shipping/Receiving Clerk,Light Industrial,Columbus,OH,onsite,Contract-to-Hire,12.1,career_site,17.66,19.06,2024-11-18,2024-11-24,2024-11-30,2024-12-03,2024-12-13,2024-12-12,True,True,joined_on_time,2024-12-12,7,discovery
CAND-01143,APP-01179,REQ-00092,CLI-011,REC-012,Data Entry Clerk,Administrative/Professional,Houston,TX,onsite,Direct Hire,1.6,reapply,17.44,20.53,2024-03-09,2024-03-23,2024-04-08,2024-04-12,2024-05-06,2024-05-14,True,True,joined_late,2024-05-14,10,discovery
CAND-01144,APP-01180,REQ-00207,CLI-002,REC-011,Pharmacy Technician,Healthcare,Austin,TX,onsite,1099,1.7,recruiter_sourced,38.23,46.82,2024-04-07,2024-04-12,2024-04-25,2024-04-25,2024-05-10,2024-05-17,True,True,joined_late,2024-05-17,0,held_out_test
CAND-01145,APP-01181,REQ-00157,CLI-006,REC-006,Receptionist,Administrative/Professional,Dallas,TX,hybrid,1099,3.7,job_board,19.65,21.66,2024-07-27,2024-08-08,2024-08-12,2024-08-14,2024-09-10,2024-09-10,True,True,joined_on_time,2024-09-10,16,discovery
CAND-01146,APP-01182,REQ-00172,CLI-001,REC-006,Shipping/Receiving Clerk,Light Industrial,Houston,TX,onsite,Contract-to-Hire,9.4,job_board,18.06,21.24,2024-11-26,2024-12-15,2024-12-17,2024-12-20,2025-01-06,2025-01-06,True,True,joined_on_time,2025-01-06,5,discovery
CAND-01147,APP-01183,REQ-00108,CLI-007,REC-017,Phlebotomist,Healthcare,Philadelphia,PA,onsite,W2 Contract,1.7,staffing_event,35.66,41.63,2025-03-23,2025-04-03,2025-04-19,2025-04-24,2025-05-01,2025-05-01,True,True,joined_on_time,2025-05-01,7,discovery
CAND-01139,APP-01184,REQ-00164,CLI-011,REC-015,Shipping/Receiving Clerk,Light Industrial,St. Louis,MO,onsite,Direct Hire,14.4,recruiter_sourced,,14.48,2024-03-13,2024-03-28,2024-04-11,2024-04-11,2024-05-13,2024-06-06,True,True,joined_late,2024-06-06,8,discovery
CAND-01148,APP-01185,REQ-00222,CLI-011,REC-009,Administrative Assistant,Administrative/Professional,Austin,TX,onsite,W2 Contract,2.7,career_site,17.29,19.2,2024-05-09,2024-05-25,2024-06-06,2024-06-07,2024-06-27,2024-07-08,True,True,joined_late,2024-07-08,13,hypothesis_generation
CAND-01149,APP-01186,REQ-00009,CLI-001,REC-009,General Laborer,Light Industrial,Jacksonville,FL,hybrid,W2 Contract,2.0,career_site,19.08,20.94,2025-02-10,2025-02-23,2025-03-13,2025-03-13,2025-03-23,,True,True,withdrew_post_acceptance,2025-03-16,11,held_out_test
CAND-01150,APP-01187,REQ-00093,CLI-009,REC-015,Civil Engineer,Engineering,St. Louis,MO,onsite,1099,5.2,job_board,42.8,48.09,2024-02-20,2024-03-12,2024-03-21,2024-03-27,2024-04-02,2024-04-07,True,True,joined_late,2024-04-07,14,held_out_test
CAND-01151,APP-01188,REQ-00015,CLI-001,REC-018,Forklift Operator,Light Industrial,Nashville,TN,onsite,Direct Hire,13.1,job_board,17.46,17.26,2025-04-27,2025-05-14,2025-05-26,2025-06-01,2025-06-26,2025-06-25,True,True,joined_on_time,2025-06-25,11,discovery
CAND-01152,APP-01189,REQ-00058,CLI-005,REC-016,Project Engineer,Engineering,Tampa,FL,onsite,Direct Hire,2.8,job_board,29.83,32.65,2024-02-05,2024-02-10,2024-02-12,2024-02-15,2024-03-18,2024-03-18,True,True,joined_on_time,2024-03-18,8,discovery
CAND-01153,APP-01190,REQ-00179,CLI-006,REC-012,Senior Accountant,Finance/Accounting,Orlando,FL,hybrid,Contract-to-Hire,8.9,job_board,21.6,22.84,2024-02-29,2024-03-18,2024-03-25,2024-03-28,2024-04-13,2024-04-14,True,True,joined_on_time,2024-04-14,9,held_out_test
CAND-01154,APP-01191,REQ-00113,CLI-005,REC-001,Warehouse Associate,Light Industrial,Orlando,FL,onsite,W2 Contract,10.5,recruiter_sourced,19.23,21.14,2024-11-21,2024-11-30,2024-12-10,2024-12-11,2025-01-06,2025-01-07,True,True,joined_on_time,2025-01-07,8,hypothesis_generation
CAND-01155,APP-01192,REQ-00086,CLI-002,REC-011,Registered Nurse,Healthcare,Phoenix,AZ,onsite,W2 Contract,4.4,reapply,41.87,45.91,2025-04-23,2025-05-06,2025-05-15,2025-05-16,2025-06-06,,True,True,rejected_by_client,2025-06-06,10,hypothesis_generation
CAND-01156,APP-01193,REQ-00102,CLI-009,REC-002,Process Engineer,Engineering,Cincinnati,OH,onsite,Direct Hire,5.6,recruiter_sourced,51.98,54.64,2024-11-03,2024-11-19,2024-11-29,2024-12-05,2024-12-20,2024-12-20,True,True,joined_on_time,2024-12-20,13,hypothesis_generation
CAND-01157,APP-01194,REQ-00181,CLI-010,REC-009,Data Entry Clerk,Administrative/Professional,Jacksonville,FL,hybrid,W2 Contract,2.7,job_board,16.69,18.79,2024-02-02,2024-02-06,2024-02-21,2024-02-21,2024-03-23,2024-03-23,True,True,joined_on_time,2024-03-23,12,held_out_test
CAND-01158,APP-01195,REQ-00211,CLI-001,REC-009,Machine Operator,Light Industrial,Austin,TX,onsite,Contract-to-Hire,0.3,referral,20.07,20.42,2024-04-17,2024-04-22,2024-05-02,2024-05-07,2024-05-22,,True,True,accepted_no_show,2024-05-22,5,hypothesis_generation
CAND-01159,APP-01196,REQ-00053,CLI-002,REC-008,Registered Nurse,Healthcare,Raleigh,NC,remote,1099,5.4,recruiter_sourced,,26.43,2024-07-20,2024-07-29,2024-08-07,2024-08-11,2024-08-22,,True,False,declined_offer,2024-08-11,11,hypothesis_generation
CAND-01160,APP-01197,REQ-00185,CLI-005,REC-010,Process Engineer,Engineering,Houston,TX,onsite,Direct Hire,1.3,recruiter_sourced,46.84,48.2,2025-07-13,2025-07-28,2025-08-13,2025-08-19,2025-09-06,,True,False,declined_offer,2025-08-19,1,discovery
CAND-01161,APP-01198,REQ-00086,CLI-002,REC-017,Registered Nurse,Healthcare,Phoenix,AZ,onsite,W2 Contract,9.2,career_site,,39.13,2025-04-05,2025-04-18,2025-05-02,2025-05-08,2025-06-01,2025-06-01,True,True,joined_on_time,2025-06-01,10,held_out_test
CAND-01162,APP-01199,REQ-00104,CLI-002,REC-011,Pharmacy Technician,Healthcare,Philadelphia,PA,onsite,Contract-to-Hire,3.5,career_site,28.64,30.46,2025-03-11,2025-03-19,2025-03-27,2025-03-27,2025-04-06,,True,True,withdrew_post_acceptance,2025-04-03,14,held_out_test
CAND-01163,APP-01200,REQ-00185,CLI-005,REC-007,Process Engineer,Engineering,Houston,TX,onsite,Direct Hire,7.5,recruiter_sourced,29.09,35.3,2025-07-15,2025-08-04,2025-08-14,2025-08-15,2025-08-30,,True,True,accepted_no_show,2025-08-30,9,held_out_test
CAND-01164,APP-01201,REQ-00131,CLI-006,REC-012,Executive Assistant,Administrative/Professional,Memphis,TN,hybrid,Direct Hire,6.4,recruiter_sourced,23.32,24.66,2024-04-18,2024-05-02,2024-05-07,2024-05-07,2024-05-27,2024-05-27,True,True,joined_on_time,2024-05-27,4,discovery
CAND-01165,APP-01202,REQ-00005,CLI-002,REC-005,Certified Nursing Assistant,Healthcare,Columbus,OH,onsite,W2 Contract,6.7,reapply,25.47,31.87,2025-01-23,2025-01-26,2025-02-06,2025-02-11,2025-02-21,2025-02-21,True,True,joined_on_time,2025-02-21,16,hypothesis_generation
CAND-01166,APP-01203,REQ-00009,CLI-001,REC-015,General Laborer,Light Industrial,Jacksonville,FL,hybrid,W2 Contract,2.2,recruiter_sourced,20.42,20.29,2025-01-21,2025-02-04,2025-02-10,2025-02-12,2025-03-10,2025-03-10,True,True,joined_on_time,2025-03-10,2,discovery
CAND-01167,APP-01204,REQ-00058,CLI-005,REC-007,Project Engineer,Engineering,Tampa,FL,onsite,Direct Hire,8.6,career_site,47.45,44.74,2024-02-13,2024-02-26,2024-03-14,2024-03-20,2024-04-01,2024-04-02,True,True,joined_on_time,2024-04-02,11,discovery
CAND-01168,APP-01205,REQ-00128,CLI-010,REC-018,Customer Service Representative,Administrative/Professional,Houston,TX,hybrid,Direct Hire,4.3,staffing_event,24.81,25.25,2024-12-09,2024-12-30,2025-01-08,2025-01-13,2025-02-05,,True,False,declined_offer,2025-01-13,21,discovery
CAND-01169,APP-01206,REQ-00002,CLI-002,REC-011,Medical Coder,Healthcare,Austin,TX,onsite,W2 Contract,1.3,recruiter_sourced,,43.2,2025-06-07,2025-06-22,2025-06-28,2025-07-02,2025-07-18,,True,False,declined_offer,2025-07-02,11,hypothesis_generation
CAND-01170,APP-01207,REQ-00100,CLI-003,REC-012,Bookkeeper,Finance/Accounting,Chicago,IL,hybrid,W2 Contract,3.5,job_board,36.97,44.68,2025-01-06,2025-01-15,2025-01-25,2025-01-30,2025-02-08,2025-02-22,True,True,joined_late,2025-02-22,17,held_out_test
CAND-01171,APP-01208,REQ-00187,CLI-007,REC-011,Phlebotomist,Healthcare,St. Louis,MO,onsite,1099,10.4,job_board,30.91,29.23,2025-03-07,2025-03-21,2025-04-07,2025-04-11,2025-04-21,2025-04-21,True,True,joined_on_time,2025-04-21,1,discovery
CAND-01172,APP-01209,REQ-00147,CLI-003,REC-003,Senior Accountant,Finance/Accounting,St. Louis,MO,hybrid,1099,1.2,referral,31.13,31.25,2024-06-03,2024-06-12,2024-06-17,2024-06-19,2024-07-20,,True,True,accepted_no_show,2024-07-20,7,discovery
CAND-01173,APP-01210,REQ-00061,CLI-004,REC-013,Systems Administrator,IT/Technology,Jacksonville,FL,remote,Direct Hire,13.4,job_board,59.78,60.46,2025-03-07,2025-03-10,2025-03-21,2025-03-23,2025-04-06,,True,True,withdrew_post_acceptance,2025-03-26,5,discovery
CAND-01174,APP-01211,REQ-00107,CLI-001,REC-018,Warehouse Associate,Light Industrial,Jacksonville,FL,hybrid,Contract-to-Hire,2.5,job_board,16.41,18.74,2024-10-04,2024-10-11,2024-10-27,2024-11-01,2024-11-18,,True,False,declined_offer,2024-11-01,17,hypothesis_generation
CAND-01175,APP-01212,REQ-00127,CLI-004,REC-007,Data Analyst,IT/Technology,Philadelphia,PA,remote,Direct Hire,1.0,recruiter_sourced,58.85,64.33,2024-10-27,2024-11-13,2024-11-24,2024-11-25,2024-12-22,2024-12-22,True,True,joined_on_time,2024-12-22,7,discovery
CAND-01176,APP-01213,REQ-00077,CLI-003,REC-003,Accounts Payable Clerk,Finance/Accounting,Tampa,FL,remote,Contract-to-Hire,3.1,recruiter_sourced,25.02,27.13,2024-03-17,2024-03-30,2024-04-13,2024-04-17,2024-04-23,2024-04-23,True,True,joined_on_time,2024-04-23,16,held_out_test
CAND-01177,APP-01214,REQ-00003,CLI-002,REC-005,Physical Therapist Asst.,Healthcare,St. Louis,MO,hybrid,W2 Contract,1.1,referral,35.22,37.31,2024-10-18,2024-11-08,2024-11-11,2024-11-15,2024-11-22,,True,False,declined_offer,2024-11-15,7,discovery
CAND-01178,APP-01215,REQ-00113,CLI-005,REC-012,Warehouse Associate,Light Industrial,Orlando,FL,onsite,W2 Contract,2.3,job_board,16.95,19.47,2024-11-14,2024-11-22,2024-12-01,2024-12-01,2025-01-04,,True,True,withdrew_post_acceptance,2024-12-25,6,discovery
CAND-01179,APP-01216,REQ-00130,CLI-011,REC-015,HR Coordinator,Administrative/Professional,Austin,TX,onsite,Contract-to-Hire,6.2,recruiter_sourced,16.33,17.76,2025-04-28,2025-05-13,2025-05-16,2025-05-20,2025-06-08,,True,True,withdrew_post_acceptance,2025-06-02,24,held_out_test
CAND-01180,APP-01217,REQ-00082,CLI-002,REC-005,Pharmacy Technician,Healthcare,Raleigh,NC,onsite,Contract-to-Hire,1.9,reapply,,29.94,2024-06-02,2024-06-12,2024-06-21,2024-06-21,2024-07-21,,True,True,withdrew_post_acceptance,2024-07-13,12,discovery
CAND-01181,APP-01218,REQ-00108,CLI-007,REC-017,Phlebotomist,Healthcare,Philadelphia,PA,onsite,W2 Contract,1.6,recruiter_sourced,24.41,28.47,2025-03-09,2025-03-19,2025-03-25,2025-03-31,2025-04-08,,True,False,declined_offer,2025-03-31,19,hypothesis_generation
CAND-01182,APP-01219,REQ-00077,CLI-003,REC-012,Accounts Payable Clerk,Finance/Accounting,Tampa,FL,remote,Contract-to-Hire,8.6,recruiter_sourced,27.59,29.6,2024-04-08,2024-04-20,2024-05-07,2024-05-07,2024-06-07,,True,True,rejected_by_client,2024-05-30,8,discovery
CAND-01183,APP-01220,REQ-00182,CLI-011,REC-003,Data Entry Clerk,Administrative/Professional,Cincinnati,OH,remote,W2 Contract,7.3,job_board,22.28,23.66,2024-07-04,2024-07-07,2024-07-20,2024-07-25,2024-08-01,,True,False,declined_offer,2024-07-25,6,hypothesis_generation
CAND-01184,APP-01221,REQ-00011,CLI-005,REC-013,Manufacturing Engineer,Engineering,Jacksonville,FL,onsite,W2 Contract,6.9,recruiter_sourced,28.66,30.61,2024-08-27,2024-08-30,2024-09-10,2024-09-12,2024-10-07,,True,True,accepted_no_show,2024-10-07,8,hypothesis_generation
CAND-01185,APP-01222,REQ-00033,CLI-009,REC-004,Quality Engineer,Engineering,Austin,TX,onsite,1099,7.3,job_board,37.29,38.2,2024-05-23,2024-06-03,2024-06-17,2024-06-17,2024-07-17,2024-07-17,True,True,joined_on_time,2024-07-17,16,discovery
CAND-01186,APP-01223,REQ-00145,CLI-010,REC-015,Office Coordinator,Administrative/Professional,Orlando,FL,onsite,Contract-to-Hire,2.1,recruiter_sourced,18.97,21.65,2024-10-13,2024-10-21,2024-10-26,2024-10-26,2024-11-17,2024-11-16,True,True,joined_on_time,2024-11-16,13,held_out_test
CAND-01187,APP-01224,REQ-00145,CLI-010,REC-006,Office Coordinator,Administrative/Professional,Orlando,FL,onsite,Contract-to-Hire,5.2,career_site,18.83,19.16,2024-09-20,2024-10-11,2024-10-22,2024-10-24,2024-11-15,,True,True,withdrew_post_acceptance,2024-10-26,7,hypothesis_generation
CAND-01188,APP-01225,REQ-00182,CLI-011,REC-015,Data Entry Clerk,Administrative/Professional,Cincinnati,OH,remote,W2 Contract,4.1,job_board,13.14,16.19,2024-07-18,2024-07-21,2024-07-29,2024-08-04,2024-08-13,2024-08-13,True,True,joined_on_time,2024-08-13,2,hypothesis_generation
CAND-01189,APP-01226,REQ-00057,CLI-003,REC-018,AR Specialist,Finance/Accounting,Nashville,TN,hybrid,1099,7.0,referral,37.69,41.79,2024-07-07,2024-07-25,2024-08-11,2024-08-15,2024-09-09,,True,False,declined_offer,2024-08-15,18,discovery
CAND-01190,APP-01227,REQ-00165,CLI-008,REC-001,Network Administrator,IT/Technology,Houston,TX,hybrid,Direct Hire,4.6,career_site,30.41,33.48,2024-07-03,2024-07-06,2024-07-16,2024-07-16,2024-08-04,2024-08-04,True,True,joined_on_time,2024-08-04,11,discovery
CAND-01191,APP-01228,REQ-00068,CLI-002,REC-002,Pharmacy Technician,Healthcare,Milwaukee,WI,onsite,Contract-to-Hire,0.3,referral,,34.43,2024-11-16,2024-11-30,2024-12-04,2024-12-06,2024-12-27,2024-12-26,True,True,joined_on_time,2024-12-26,12,held_out_test
CAND-01192,APP-01229,REQ-00197,CLI-004,REC-001,Systems Administrator,IT/Technology,Kansas City,MO,remote,W2 Contract,2.5,recruiter_sourced,,46.51,2025-06-24,2025-07-03,2025-07-08,2025-07-13,2025-08-10,,True,False,declined_offer,2025-07-13,0,discovery
CAND-01193,APP-01230,REQ-00069,CLI-010,REC-014,Executive Assistant,Administrative/Professional,Chicago,IL,hybrid,W2 Contract,7.8,job_board,20.25,20.29,2024-08-01,2024-08-11,2024-08-27,2024-09-02,2024-09-24,2024-09-25,True,True,joined_on_time,2024-09-25,12,held_out_test
CAND-01194,APP-01231,REQ-00152,CLI-003,REC-018,Accounts Payable Clerk,Finance/Accounting,Houston,TX,hybrid,W2 Contract,7.8,referral,34.1,34.54,2024-04-21,2024-04-26,2024-05-10,2024-05-15,2024-06-01,,True,True,withdrew_post_acceptance,2024-05-16,2,discovery
CAND-01195,APP-01232,REQ-00096,CLI-003,REC-012,Accounts Payable Clerk,Finance/Accounting,Kansas City,MO,hybrid,Direct Hire,0.3,recruiter_sourced,31.62,33.59,2024-05-02,2024-05-07,2024-05-17,2024-05-22,2024-06-05,,True,False,declined_offer,2024-05-22,20,held_out_test
CAND-00542,APP-01233,REQ-00095,CLI-001,REC-009,Shipping/Receiving Clerk,Light Industrial,Columbus,OH,onsite,W2 Contract,4.7,referral,18.17,18.34,2025-07-18,2025-07-22,2025-08-06,2025-08-10,2025-09-07,,True,True,withdrew_post_acceptance,2025-08-26,9,held_out_test
CAND-01196,APP-01234,REQ-00112,CLI-001,REC-009,Forklift Operator,Light Industrial,Pittsburgh,PA,onsite,Contract-to-Hire,2.6,recruiter_sourced,20.5,20.52,2025-08-03,2025-08-23,2025-08-30,2025-09-01,2025-09-30,2025-09-30,True,True,joined_on_time,2025-09-30,7,discovery
CAND-01197,APP-01235,REQ-00074,CLI-002,REC-008,Registered Nurse,Healthcare,Jacksonville,FL,remote,Direct Hire,6.4,recruiter_sourced,28.65,28.07,2024-04-11,2024-04-25,2024-05-11,2024-05-13,2024-06-14,2024-06-14,True,True,joined_on_time,2024-06-14,14,discovery
CAND-01198,APP-01236,REQ-00032,CLI-005,REC-018,Forklift Operator,Light Industrial,Columbus,OH,onsite,Contract-to-Hire,5.7,staffing_event,13.37,15.75,2025-04-06,2025-04-17,2025-04-23,2025-04-25,2025-05-14,2025-05-14,True,True,joined_on_time,2025-05-14,8,discovery
CAND-01199,APP-01237,REQ-00204,CLI-011,REC-003,Forklift Operator,Light Industrial,Tampa,FL,onsite,Direct Hire,5.4,job_board,18.17,19.2,2024-11-19,2024-11-27,2024-12-03,2024-12-09,2025-01-07,2025-01-07,True,True,joined_on_time,2025-01-07,9,discovery
CAND-01200,APP-01238,REQ-00203,CLI-010,REC-014,Executive Assistant,Administrative/Professional,Phoenix,AZ,hybrid,W2 Contract,2.9,career_site,,23.29,2024-04-27,2024-05-17,2024-05-20,2024-05-24,2024-06-02,,True,False,declined_offer,2024-05-24,8,held_out_test
CAND-01201,APP-01239,REQ-00127,CLI-004,REC-013,Data Analyst,IT/Technology,Philadelphia,PA,remote,Direct Hire,2.2,referral,38.38,41.09,2024-10-20,2024-11-02,2024-11-19,2024-11-19,2024-12-09,2024-12-09,True,True,joined_on_time,2024-12-09,9,held_out_test
CAND-01202,APP-01240,REQ-00036,CLI-009,REC-013,Project Engineer,Engineering,Nashville,TN,onsite,Direct Hire,2.9,job_board,34.56,34.69,2024-02-15,2024-03-02,2024-03-07,2024-03-08,2024-04-06,,True,True,rejected_by_client,2024-03-29,0,discovery
CAND-01003,APP-01241,REQ-00145,CLI-010,REC-018,Office Coordinator,Administrative/Professional,Orlando,FL,onsite,Contract-to-Hire,2.9,job_board,19.74,20.04,2024-12-01,2024-12-13,2024-12-22,2024-12-28,2025-01-13,2025-01-13,True,True,joined_on_time,2025-01-13,6,hypothesis_generation
CAND-01203,APP-01242,REQ-00169,CLI-002,REC-018,Medical Assistant,Healthcare,Tucson,AZ,onsite,Contract-to-Hire,6.9,staffing_event,27.35,25.65,2025-04-21,2025-04-24,2025-04-26,2025-04-28,2025-05-09,,True,False,declined_offer,2025-04-28,10,discovery
CAND-01204,APP-01243,REQ-00145,CLI-010,REC-003,Office Coordinator,Administrative/Professional,Orlando,FL,onsite,Contract-to-Hire,7.1,recruiter_sourced,20.65,24.68,2024-09-08,2024-09-23,2024-09-25,2024-09-30,2024-10-24,,True,False,declined_offer,2024-09-30,15,held_out_test
CAND-01205,APP-01244,REQ-00138,CLI-010,REC-009,Office Coordinator,Administrative/Professional,Nashville,TN,hybrid,Contract-to-Hire,1.9,referral,,23.34,2024-09-19,2024-10-10,2024-10-13,2024-10-18,2024-11-07,,True,True,accepted_no_show,2024-11-07,4,discovery
CAND-01206,APP-01245,REQ-00020,CLI-011,REC-017,Administrative Assistant,Administrative/Professional,Charlotte,NC,onsite,Contract-to-Hire,0.8,job_board,19.42,22.24,2024-10-23,2024-11-07,2024-11-12,2024-11-15,2024-12-14,2024-12-15,True,True,joined_on_time,2024-12-15,10,discovery
CAND-01207,APP-01246,REQ-00104,CLI-002,REC-017,Pharmacy Technician,Healthcare,Philadelphia,PA,onsite,Contract-to-Hire,1.2,recruiter_sourced,,31.75,2025-01-29,2025-02-03,2025-02-20,2025-02-22,2025-03-19,,True,True,withdrew_post_acceptance,2025-02-25,6,discovery
CAND-01208,APP-01247,REQ-00106,CLI-002,REC-011,Certified Nursing Assistant,Healthcare,Atlanta,GA,remote,Direct Hire,1.0,job_board,,37.75,2024-02-06,2024-02-10,2024-02-22,2024-02-24,2024-03-20,,True,False,declined_offer,2024-02-24,1,discovery
CAND-01209,APP-01248,REQ-00127,CLI-004,REC-004,Data Analyst,IT/Technology,Philadelphia,PA,remote,Direct Hire,9.7,job_board,54.82,58.0,2024-10-16,2024-10-19,2024-11-06,2024-11-09,2024-11-18,2024-11-19,True,True,joined_on_time,2024-11-19,7,discovery
CAND-01210,APP-01249,REQ-00076,CLI-005,REC-018,Machine Operator,Light Industrial,Jacksonville,FL,onsite,Direct Hire,9.8,referral,19.78,19.78,2024-05-28,2024-06-18,2024-06-23,2024-06-28,2024-07-19,2024-07-19,True,True,joined_on_time,2024-07-19,11,held_out_test
CAND-01211,APP-01250,REQ-00050,CLI-003,REC-009,Staff Accountant,Finance/Accounting,Nashville,TN,hybrid,W2 Contract,4.9,job_board,28.78,29.35,2024-08-10,2024-08-16,2024-08-22,2024-08-28,2024-09-03,,True,False,declined_offer,2024-08-28,9,held_out_test
CAND-00351,APP-01251,REQ-00180,CLI-002,REC-005,Certified Nursing Assistant,Healthcare,Jacksonville,FL,remote,W2 Contract,4.3,recruiter_sourced,37.44,41.98,2025-01-12,2025-02-02,2025-02-19,2025-02-20,2025-03-23,,True,False,declined_offer,2025-02-20,13,discovery
CAND-01212,APP-01252,REQ-00002,CLI-002,REC-002,Medical Coder,Healthcare,Austin,TX,onsite,W2 Contract,2.9,referral,,40.84,2025-06-14,2025-07-05,2025-07-07,2025-07-10,2025-08-01,2025-08-01,True,True,joined_on_time,2025-08-01,9,discovery
CAND-01213,APP-01253,REQ-00054,CLI-005,REC-003,Material Handler,Light Industrial,Chicago,IL,onsite,W2 Contract,12.3,recruiter_sourced,14.37,16.48,2024-07-20,2024-08-05,2024-08-22,2024-08-22,2024-09-09,,True,False,declined_offer,2024-08-22,6,discovery
CAND-01214,APP-01254,REQ-00145,CLI-010,REC-003,Office Coordinator,Administrative/Professional,Orlando,FL,onsite,Contract-to-Hire,5.2,career_site,15.19,18.49,2024-09-17,2024-10-05,2024-10-19,2024-10-23,2024-11-05,2024-11-05,True,True,joined_on_time,2024-11-05,0,discovery
CAND-01215,APP-01255,REQ-00077,CLI-003,REC-003,Accounts Payable Clerk,Finance/Accounting,Tampa,FL,remote,Contract-to-Hire,2.7,job_board,22.68,25.99,2024-04-08,2024-04-28,2024-05-11,2024-05-15,2024-05-29,,True,False,declined_offer,2024-05-15,13,discovery
CAND-01216,APP-01256,REQ-00013,CLI-007,REC-014,Pharmacy Technician,Healthcare,Houston,TX,onsite,1099,2.8,job_board,32.19,34.48,2024-12-28,2025-01-09,2025-01-15,2025-01-20,2025-02-16,2025-03-03,True,True,joined_late,2025-03-03,20,held_out_test
CAND-01217,APP-01257,REQ-00135,CLI-010,REC-015,Receptionist,Administrative/Professional,Nashville,TN,hybrid,W2 Contract,5.1,recruiter_sourced,19.88,22.51,2025-06-26,2025-07-15,2025-07-17,2025-07-19,2025-08-21,,True,True,accepted_no_show,2025-08-21,16,discovery
CAND-01218,APP-01258,REQ-00219,CLI-004,REC-010,Business Systems Analyst,IT/Technology,Philadelphia,PA,remote,Contract-to-Hire,1.0,referral,58.97,60.56,2024-12-13,2024-12-22,2024-12-27,2024-12-28,2025-01-18,2025-01-19,True,True,joined_on_time,2025-01-19,13,hypothesis_generation
CAND-01219,APP-01259,REQ-00088,CLI-004,REC-004,DevOps Engineer,IT/Technology,Tampa,FL,onsite,1099,2.9,job_board,33.46,36.63,2024-03-05,2024-03-23,2024-04-10,2024-04-10,2024-05-08,2024-05-16,True,True,joined_late,2024-05-16,13,hypothesis_generation
CAND-01220,APP-01260,REQ-00063,CLI-007,REC-017,Certified Nursing Assistant,Healthcare,Dallas,TX,onsite,1099,1.2,career_site,28.33,32.05,2024-07-20,2024-08-05,2024-08-08,2024-08-14,2024-08-28,2024-08-28,True,True,joined_on_time,2024-08-28,17,discovery
CAND-01221,APP-01261,REQ-00133,CLI-007,REC-011,Medical Coder,Healthcare,Pittsburgh,PA,onsite,1099,6.1,referral,34.79,38.36,2024-02-26,2024-03-16,2024-03-31,2024-04-05,2024-05-04,2024-05-04,True,True,joined_on_time,2024-05-04,13,discovery
CAND-01222,APP-01262,REQ-00167,CLI-004,REC-010,Systems Administrator,IT/Technology,Pittsburgh,PA,hybrid,Direct Hire,2.8,referral,45.04,49.54,2025-01-13,2025-02-02,2025-02-06,2025-02-11,2025-03-12,2025-03-19,True,True,joined_late,2025-03-19,11,held_out_test
CAND-01223,APP-01263,REQ-00129,CLI-010,REC-009,Administrative Assistant,Administrative/Professional,Houston,TX,hybrid,Direct Hire,4.6,recruiter_sourced,16.49,17.5,2024-02-13,2024-02-26,2024-03-08,2024-03-14,2024-04-04,,True,True,accepted_no_show,2024-04-04,12,discovery
CAND-01224,APP-01264,REQ-00203,CLI-010,REC-012,Executive Assistant,Administrative/Professional,Phoenix,AZ,hybrid,W2 Contract,0.7,referral,15.65,16.5,2024-04-25,2024-05-16,2024-05-22,2024-05-25,2024-06-11,2024-06-10,True,True,joined_on_time,2024-06-10,6,held_out_test
CAND-01225,APP-01265,REQ-00181,CLI-010,REC-015,Data Entry Clerk,Administrative/Professional,Jacksonville,FL,hybrid,W2 Contract,7.7,job_board,24.66,24.37,2024-02-17,2024-02-28,2024-03-10,2024-03-14,2024-04-05,2024-04-05,True,True,joined_on_time,2024-04-05,10,discovery
CAND-01226,APP-01266,REQ-00151,CLI-001,REC-006,Shipping/Receiving Clerk,Light Industrial,Pittsburgh,PA,onsite,Contract-to-Hire,2.2,staffing_event,19.23,21.52,2024-09-24,2024-10-07,2024-10-25,2024-10-30,2024-11-17,,True,True,withdrew_post_acceptance,2024-11-08,9,discovery
CAND-01227,APP-01267,REQ-00228,CLI-004,REC-016,DevOps Engineer,IT/Technology,Raleigh,NC,remote,W2 Contract,3.6,career_site,55.04,57.95,2025-01-21,2025-02-02,2025-02-10,2025-02-15,2025-03-13,,True,False,declined_offer,2025-02-15,9,discovery
CAND-01228,APP-01268,REQ-00130,CLI-011,REC-006,HR Coordinator,Administrative/Professional,Austin,TX,onsite,Contract-to-Hire,9.1,recruiter_sourced,21.2,23.17,2025-05-09,2025-05-21,2025-05-30,2025-05-31,2025-06-28,2025-06-28,True,True,joined_on_time,2025-06-28,3,discovery
CAND-01229,APP-01269,REQ-00091,CLI-006,REC-009,Data Entry Clerk,Administrative/Professional,Tucson,AZ,hybrid,1099,8.8,referral,,26.33,2025-04-11,2025-04-28,2025-05-10,2025-05-11,2025-05-28,,True,False,declined_offer,2025-05-11,20,hypothesis_generation
CAND-01230,APP-01270,REQ-00165,CLI-008,REC-001,Network Administrator,IT/Technology,Houston,TX,hybrid,Direct Hire,1.5,staffing_event,34.93,34.99,2024-08-07,2024-08-16,2024-08-26,2024-08-29,2024-09-19,,True,True,withdrew_post_acceptance,2024-09-16,15,discovery
CAND-01231,APP-01271,REQ-00085,CLI-008,REC-013,DevOps Engineer,IT/Technology,Memphis,TN,onsite,Direct Hire,3.3,job_board,,55.03,2025-02-10,2025-02-28,2025-03-05,2025-03-08,2025-03-28,2025-03-28,True,True,joined_on_time,2025-03-28,7,discovery
CAND-01232,APP-01272,REQ-00200,CLI-001,REC-006,Warehouse Associate,Light Industrial,Tampa,FL,onsite,Direct Hire,7.5,job_board,18.88,18.46,2024-12-21,2024-12-27,2025-01-06,2025-01-07,2025-02-10,,True,True,rejected_by_client,2025-01-14,19,discovery
CAND-01233,APP-01273,REQ-00109,CLI-009,REC-016,Electrical Engineer,Engineering,Milwaukee,WI,onsite,Contract-to-Hire,5.4,job_board,30.2,34.54,2025-01-05,2025-01-09,2025-01-11,2025-01-11,2025-01-31,,True,False,declined_offer,2025-01-11,13,discovery
CAND-01234,APP-01274,REQ-00228,CLI-004,REC-004,DevOps Engineer,IT/Technology,Raleigh,NC,remote,W2 Contract,1.0,recruiter_sourced,35.59,38.12,2024-12-31,2025-01-21,2025-01-31,2025-02-04,2025-02-21,2025-02-21,True,True,joined_on_time,2025-02-21,18,discovery
CAND-01235,APP-01275,REQ-00098,CLI-002,REC-005,Physical Therapist Asst.,Healthcare,Houston,TX,onsite,Direct Hire,9.9,job_board,42.35,43.6,2024-10-04,2024-10-12,2024-10-16,2024-10-20,2024-11-18,2024-11-19,True,True,joined_on_time,2024-11-19,16,held_out_test
CAND-01236,APP-01276,REQ-00166,CLI-003,REC-014,Accounts Payable Clerk,Finance/Accounting,Nashville,TN,hybrid,Contract-to-Hire,7.5,job_board,27.98,33.06,2024-11-11,2024-11-27,2024-12-06,2024-12-07,2024-12-30,,True,True,rejected_by_client,2024-12-27,24,discovery
CAND-01237,APP-01277,REQ-00223,CLI-001,REC-006,Machine Operator,Light Industrial,Memphis,TN,onsite,Direct Hire,1.8,job_board,15.9,16.39,2024-02-17,2024-03-09,2024-03-23,2024-03-26,2024-04-08,2024-04-08,True,True,joined_on_time,2024-04-08,6,discovery
CAND-01238,APP-01278,REQ-00125,CLI-010,REC-012,Customer Service Representative,Administrative/Professional,Columbus,OH,hybrid,Contract-to-Hire,4.5,job_board,,16.91,2024-11-01,2024-11-16,2024-11-18,2024-11-22,2024-12-22,2024-12-22,True,True,joined_on_time,2024-12-22,13,discovery
CAND-01239,APP-01279,REQ-00180,CLI-002,REC-011,Certified Nursing Assistant,Healthcare,Jacksonville,FL,remote,W2 Contract,5.2,recruiter_sourced,43.79,43.37,2024-09-07,2024-09-26,2024-10-10,2024-10-16,2024-11-03,,True,True,withdrew_post_acceptance,2024-10-23,2,discovery
CAND-01240,APP-01280,REQ-00206,CLI-006,REC-015,AR Specialist,Finance/Accounting,Indianapolis,IN,hybrid,Contract-to-Hire,8.7,recruiter_sourced,35.16,35.6,2024-12-04,2024-12-13,2024-12-21,2024-12-23,2025-01-11,2025-01-26,True,True,joined_late,2025-01-26,16,hypothesis_generation
CAND-01241,APP-01281,REQ-00007,CLI-009,REC-004,Manufacturing Engineer,Engineering,Charlotte,NC,remote,Direct Hire,1.3,staffing_event,41.96,45.35,2025-02-09,2025-03-02,2025-03-11,2025-03-16,2025-04-12,2025-04-11,True,True,joined_on_time,2025-04-11,8,discovery
CAND-01242,APP-01282,REQ-00053,CLI-002,REC-011,Registered Nurse,Healthcare,Raleigh,NC,remote,1099,6.4,recruiter_sourced,26.81,28.42,2024-07-12,2024-07-29,2024-08-13,2024-08-13,2024-09-05,2024-09-05,True,True,joined_on_time,2024-09-05,21,discovery
CAND-01243,APP-01283,REQ-00165,CLI-008,REC-007,Network Administrator,IT/Technology,Houston,TX,hybrid,Direct Hire,5.6,recruiter_sourced,37.0,35.71,2024-07-19,2024-08-09,2024-08-27,2024-08-31,2024-09-22,,True,False,declined_offer,2024-08-31,13,discovery
CAND-01244,APP-01284,REQ-00166,CLI-003,REC-001,Accounts Payable Clerk,Finance/Accounting,Nashville,TN,hybrid,Contract-to-Hire,2.9,recruiter_sourced,23.4,26.56,2024-11-04,2024-11-09,2024-11-16,2024-11-16,2024-12-15,,True,True,withdrew_post_acceptance,2024-12-09,16,discovery
CAND-01245,APP-01285,REQ-00155,CLI-003,REC-003,Accounts Payable Clerk,Finance/Accounting,Tampa,FL,hybrid,Direct Hire,3.0,recruiter_sourced,40.37,40.44,2024-09-24,2024-10-10,2024-10-20,2024-10-26,2024-11-04,,True,True,withdrew_post_acceptance,2024-10-30,0,discovery
CAND-01246,APP-01286,REQ-00072,CLI-002,REC-014,Medical Assistant,Healthcare,Charlotte,NC,onsite,Contract-to-Hire,2.4,referral,33.03,34.79,2024-12-19,2024-12-27,2025-01-07,2025-01-11,2025-02-01,2025-02-17,True,True,joined_late,2025-02-17,0,discovery
CAND-01247,APP-01287,REQ-00178,CLI-005,REC-003,Quality Engineer,Engineering,Atlanta,GA,onsite,W2 Contract,2.3,referral,43.48,46.25,2025-04-27,2025-05-03,2025-05-13,2025-05-19,2025-06-17,2025-06-17,True,True,joined_on_time,2025-06-17,10,discovery
CAND-01248,APP-01288,REQ-00029,CLI-009,REC-013,Mechanical Engineer,Engineering,Houston,TX,onsite,W2 Contract,2.4,job_board,,43.02,2024-02-18,2024-02-28,2024-03-01,2024-03-03,2024-03-16,,True,True,withdrew_post_acceptance,2024-03-16,9,discovery
CAND-01249,APP-01289,REQ-00150,CLI-009,REC-013,Manufacturing Engineer,Engineering,Tucson,AZ,onsite,Direct Hire,5.2,recruiter_sourced,42.09,43.58,2025-02-01,2025-02-19,2025-02-25,2025-03-03,2025-03-11,,True,True,withdrew_post_acceptance,2025-03-07,23,discovery
CAND-01250,APP-01290,REQ-00154,CLI-010,REC-013,Office Coordinator,Administrative/Professional,Phoenix,AZ,hybrid,W2 Contract,20.0,reapply,14.74,16.6,2025-04-07,2025-04-24,2025-05-01,2025-05-06,2025-05-14,,True,True,withdrew_post_acceptance,2025-05-10,4,discovery
CAND-01251,APP-01291,REQ-00178,CLI-005,REC-001,Quality Engineer,Engineering,Atlanta,GA,onsite,W2 Contract,2.9,job_board,44.09,49.78,2025-04-23,2025-05-11,2025-05-25,2025-05-29,2025-06-21,,True,False,declined_offer,2025-05-29,2,discovery
CAND-01252,APP-01292,REQ-00085,CLI-008,REC-016,DevOps Engineer,IT/Technology,Memphis,TN,onsite,Direct Hire,5.3,reapply,50.23,58.79,2025-02-20,2025-03-07,2025-03-17,2025-03-21,2025-04-09,,True,True,withdrew_post_acceptance,2025-03-27,7,discovery
CAND-01253,APP-01293,REQ-00202,CLI-004,REC-004,Software Engineer,IT/Technology,Houston,TX,onsite,W2 Contract,1.6,job_board,,62.39,2025-04-27,2025-05-09,2025-05-14,2025-05-18,2025-06-06,,True,False,declined_offer,2025-05-18,13,discovery
CAND-00969,APP-01294,REQ-00105,CLI-007,REC-008,Registered Nurse,Healthcare,Pittsburgh,PA,onsite,Contract-to-Hire,8.1,referral,34.97,33.96,2025-01-15,2025-01-22,2025-02-07,2025-02-13,2025-03-07,2025-03-07,True,True,joined_on_time,2025-03-07,18,held_out_test
CAND-01254,APP-01295,REQ-00118,CLI-006,REC-012,Accounts Payable Clerk,Finance/Accounting,Memphis,TN,onsite,1099,3.5,career_site,,31.75,2024-05-07,2024-05-18,2024-06-04,2024-06-07,2024-06-28,2024-06-28,True,True,joined_on_time,2024-06-28,3,discovery
CAND-01255,APP-01296,REQ-00217,CLI-001,REC-012,Shipping/Receiving Clerk,Light Industrial,St. Louis,MO,onsite,W2 Contract,4.3,job_board,19.46,21.13,2024-09-27,2024-10-03,2024-10-14,2024-10-16,2024-10-25,,True,False,declined_offer,2024-10-16,9,discovery
CAND-01256,APP-01297,REQ-00110,CLI-002,REC-017,Certified Nursing Assistant,Healthcare,Phoenix,AZ,hybrid,W2 Contract,1.9,referral,38.01,38.99,2024-09-02,2024-09-21,2024-10-08,2024-10-08,2024-11-02,2024-11-01,True,True,joined_on_time,2024-11-01,6,discovery
CAND-01257,APP-01298,REQ-00197,CLI-004,REC-007,Systems Administrator,IT/Technology,Kansas City,MO,remote,W2 Contract,8.1,job_board,56.84,59.39,2025-06-18,2025-07-08,2025-07-18,2025-07-18,2025-07-28,2025-07-29,True,True,joined_on_time,2025-07-29,1,discovery
CAND-01258,APP-01299,REQ-00006,CLI-007,REC-002,Registered Nurse,Healthcare,Philadelphia,PA,onsite,1099,11.3,reapply,24.78,27.36,2025-02-17,2025-03-02,2025-03-13,2025-03-15,2025-03-24,2025-03-25,True,True,joined_on_time,2025-03-25,12,held_out_test
CAND-01259,APP-01300,REQ-00080,CLI-009,REC-010,Process Engineer,Engineering,Pittsburgh,PA,onsite,Direct Hire,8.6,job_board,33.45,34.32,2024-11-16,2024-12-07,2024-12-25,2024-12-25,2025-01-08,2025-01-23,True,True,joined_late,2025-01-23,16,held_out_test
CAND-01260,APP-01301,REQ-00010,CLI-002,REC-017,Certified Nursing Assistant,Healthcare,Phoenix,AZ,onsite,W2 Contract,6.9,job_board,32.9,35.15,2024-04-05,2024-04-14,2024-04-18,2024-04-22,2024-05-10,,True,True,withdrew_post_acceptance,2024-05-01,12,hypothesis_generation
CAND-01261,APP-01302,REQ-00184,CLI-009,REC-001,Mechanical Engineer,Engineering,Tampa,FL,onsite,W2 Contract,2.5,job_board,32.93,31.76,2025-03-20,2025-04-05,2025-04-11,2025-04-14,2025-05-08,2025-05-09,True,True,joined_on_time,2025-05-09,1,held_out_test
CAND-01262,APP-01303,REQ-00196,CLI-008,REC-001,Data Analyst,IT/Technology,Chicago,IL,hybrid,Direct Hire,5.7,career_site,53.94,56.05,2025-03-24,2025-04-11,2025-04-15,2025-04-16,2025-05-09,2025-05-09,True,True,joined_on_time,2025-05-09,10,discovery
CAND-01263,APP-01304,REQ-00007,CLI-009,REC-007,Manufacturing Engineer,Engineering,Charlotte,NC,remote,Direct Hire,6.5,referral,53.06,49.79,2025-01-15,2025-01-28,2025-02-10,2025-02-16,2025-03-07,2025-03-07,True,True,joined_on_time,2025-03-07,15,held_out_test
CAND-01264,APP-01305,REQ-00100,CLI-003,REC-018,Bookkeeper,Finance/Accounting,Chicago,IL,hybrid,W2 Contract,8.3,job_board,37.89,37.58,2025-01-22,2025-02-12,2025-03-02,2025-03-07,2025-03-20,2025-03-21,True,True,joined_on_time,2025-03-21,3,discovery
CAND-01265,APP-01306,REQ-00046,CLI-007,REC-005,Certified Nursing Assistant,Healthcare,Houston,TX,onsite,Contract-to-Hire,1.1,recruiter_sourced,29.64,33.03,2024-05-14,2024-06-02,2024-06-13,2024-06-16,2024-07-16,,True,True,withdrew_post_acceptance,2024-06-29,16,discovery
CAND-01266,APP-01307,REQ-00101,CLI-011,REC-009,General Laborer,Light Industrial,Chicago,IL,onsite,Contract-to-Hire,9.6,recruiter_sourced,18.75,20.02,2025-01-19,2025-01-29,2025-02-07,2025-02-10,2025-02-21,2025-02-20,True,True,joined_on_time,2025-02-20,8,discovery
CAND-01267,APP-01308,REQ-00101,CLI-011,REC-012,General Laborer,Light Industrial,Chicago,IL,onsite,Contract-to-Hire,6.6,recruiter_sourced,13.46,15.15,2025-02-05,2025-02-15,2025-02-22,2025-02-26,2025-03-19,2025-03-18,True,True,joined_on_time,2025-03-18,3,discovery
CAND-01268,APP-01309,REQ-00142,CLI-010,REC-012,Data Entry Clerk,Administrative/Professional,Chicago,IL,hybrid,Direct Hire,4.7,job_board,15.0,15.39,2024-11-01,2024-11-04,2024-11-16,2024-11-18,2024-11-29,,True,False,declined_offer,2024-11-18,9,discovery
CAND-01269,APP-01310,REQ-00100,CLI-003,REC-012,Bookkeeper,Finance/Accounting,Chicago,IL,hybrid,W2 Contract,4.7,referral,23.47,26.63,2025-01-14,2025-01-24,2025-02-04,2025-02-05,2025-03-05,,True,False,declined_offer,2025-02-05,5,discovery
CAND-01270,APP-01311,REQ-00061,CLI-004,REC-001,Systems Administrator,IT/Technology,Jacksonville,FL,remote,Direct Hire,7.0,recruiter_sourced,62.98,63.46,2025-03-27,2025-04-01,2025-04-06,2025-04-06,2025-04-18,2025-04-17,True,True,joined_on_time,2025-04-17,3,held_out_test
CAND-01271,APP-01312,REQ-00061,CLI-004,REC-010,Systems Administrator,IT/Technology,Jacksonville,FL,remote,Direct Hire,4.4,referral,,41.14,2025-04-02,2025-04-05,2025-04-22,2025-04-23,2025-05-03,,True,False,declined_offer,2025-04-23,10,discovery
CAND-01272,APP-01313,REQ-00018,CLI-008,REC-016,DevOps Engineer,IT/Technology,Tucson,AZ,hybrid,Contract-to-Hire,2.2,recruiter_sourced,60.48,61.74,2024-11-02,2024-11-06,2024-11-13,2024-11-15,2024-12-03,,True,False,declined_offer,2024-11-15,16,discovery
CAND-01273,APP-01314,REQ-00071,CLI-008,REC-001,Business Systems Analyst,IT/Technology,Philadelphia,PA,hybrid,W2 Contract,4.6,reapply,,63.75,2025-05-16,2025-06-03,2025-06-08,2025-06-10,2025-07-06,2025-07-18,True,True,joined_late,2025-07-18,19,hypothesis_generation
CAND-01274,APP-01315,REQ-00183,CLI-010,REC-015,Receptionist,Administrative/Professional,Dallas,TX,hybrid,W2 Contract,1.7,recruiter_sourced,,22.14,2024-09-09,2024-09-17,2024-10-05,2024-10-05,2024-10-30,,True,True,withdrew_post_acceptance,2024-10-25,14,hypothesis_generation
CAND-01275,APP-01316,REQ-00049,CLI-008,REC-001,Systems Administrator,IT/Technology,Milwaukee,WI,hybrid,Direct Hire,1.4,referral,40.2,49.38,2024-10-23,2024-11-09,2024-11-22,2024-11-26,2024-12-11,,True,False,declined_offer,2024-11-26,6,held_out_test
CAND-01276,APP-01317,REQ-00194,CLI-010,REC-012,Executive Assistant,Administrative/Professional,Milwaukee,WI,onsite,W2 Contract,2.3,reapply,14.7,18.11,2024-04-17,2024-04-30,2024-05-08,2024-05-09,2024-06-01,,True,False,declined_offer,2024-05-09,10,discovery
CAND-01277,APP-01318,REQ-00044,CLI-010,REC-003,Receptionist,Administrative/Professional,Memphis,TN,hybrid,W2 Contract,1.8,career_site,19.95,23.15,2024-11-05,2024-11-22,2024-11-28,2024-11-29,2024-12-31,,True,True,withdrew_post_acceptance,2024-12-04,11,hypothesis_generation
CAND-01278,APP-01319,REQ-00227,CLI-011,REC-018,HR Coordinator,Administrative/Professional,Indianapolis,IN,onsite,W2 Contract,7.1,referral,21.72,22.27,2024-11-05,2024-11-11,2024-11-22,2024-11-27,2024-12-08,2024-12-08,True,True,joined_on_time,2024-12-08,2,discovery
CAND-01279,APP-01320,REQ-00077,CLI-003,REC-006,Accounts Payable Clerk,Finance/Accounting,Tampa,FL,remote,Contract-to-Hire,3.0,job_board,30.37,30.77,2024-03-19,2024-03-30,2024-04-13,2024-04-14,2024-05-08,2024-05-08,True,True,joined_on_time,2024-05-08,9,discovery
CAND-01280,APP-01321,REQ-00023,CLI-007,REC-017,Phlebotomist,Healthcare,Dallas,TX,onsite,W2 Contract,2.4,job_board,33.77,37.6,2024-12-13,2024-12-29,2025-01-10,2025-01-16,2025-02-07,2025-02-07,True,True,joined_on_time,2025-02-07,8,discovery
CAND-01281,APP-01322,REQ-00020,CLI-011,REC-009,Administrative Assistant,Administrative/Professional,Charlotte,NC,onsite,Contract-to-Hire,13.0,career_site,19.74,23.5,2024-11-01,2024-11-05,2024-11-11,2024-11-12,2024-12-07,2024-12-29,True,True,joined_late,2024-12-29,13,hypothesis_generation
CAND-01282,APP-01323,REQ-00027,CLI-003,REC-006,Payroll Specialist,Finance/Accounting,Milwaukee,WI,hybrid,Contract-to-Hire,4.0,job_board,30.33,32.52,2025-07-14,2025-07-28,2025-08-09,2025-08-15,2025-09-07,2025-09-21,True,True,joined_late,2025-09-21,9,discovery
CAND-01283,APP-01324,REQ-00065,CLI-003,REC-012,Bookkeeper,Finance/Accounting,Indianapolis,IN,hybrid,Direct Hire,7.2,job_board,31.96,33.31,2024-08-19,2024-09-07,2024-09-17,2024-09-21,2024-10-09,,True,True,withdrew_post_acceptance,2024-10-08,2,discovery
CAND-01284,APP-01325,REQ-00153,CLI-006,REC-015,Executive Assistant,Administrative/Professional,Charlotte,NC,onsite,W2 Contract,6.7,job_board,22.9,23.35,2024-04-11,2024-04-15,2024-05-01,2024-05-06,2024-05-29,,True,True,withdrew_post_acceptance,2024-05-24,13,discovery
CAND-01285,APP-01326,REQ-00107,CLI-001,REC-003,Warehouse Associate,Light Industrial,Jacksonville,FL,hybrid,Contract-to-Hire,8.2,recruiter_sourced,17.19,18.47,2024-09-09,2024-09-14,2024-10-01,2024-10-07,2024-10-24,2024-10-24,True,True,joined_on_time,2024-10-24,2,discovery
CAND-01286,APP-01327,REQ-00083,CLI-008,REC-004,QA Tester,IT/Technology,Tucson,AZ,hybrid,Direct Hire,3.0,career_site,55.09,64.5,2024-03-25,2024-04-04,2024-04-20,2024-04-22,2024-05-09,,True,False,declined_offer,2024-04-22,11,held_out_test
CAND-01287,APP-01328,REQ-00016,CLI-003,REC-007,Financial Analyst,Finance/Accounting,Jacksonville,FL,onsite,Contract-to-Hire,6.8,referral,34.57,41.32,2024-04-22,2024-05-07,2024-05-17,2024-05-17,2024-06-12,2024-06-12,True,True,joined_on_time,2024-06-12,0,held_out_test
CAND-01288,APP-01329,REQ-00188,CLI-007,REC-005,Medical Assistant,Healthcare,Pittsburgh,PA,hybrid,W2 Contract,0.8,job_board,29.49,28.82,2024-04-24,2024-05-05,2024-05-20,2024-05-20,2024-06-15,,True,True,accepted_no_show,2024-06-15,12,discovery
CAND-01289,APP-01330,REQ-00112,CLI-001,REC-005,Forklift Operator,Light Industrial,Pittsburgh,PA,onsite,Contract-to-Hire,10.5,reapply,19.02,23.26,2025-08-05,2025-08-09,2025-08-26,2025-08-30,2025-09-11,,True,True,rejected_by_client,2025-09-08,4,discovery
CAND-01290,APP-01331,REQ-00188,CLI-007,REC-002,Medical Assistant,Healthcare,Pittsburgh,PA,hybrid,W2 Contract,2.3,recruiter_sourced,36.05,42.56,2024-04-21,2024-05-11,2024-05-19,2024-05-19,2024-06-19,,True,False,declined_offer,2024-05-19,3,discovery
CAND-01291,APP-01332,REQ-00172,CLI-001,REC-018,Shipping/Receiving Clerk,Light Industrial,Houston,TX,onsite,Contract-to-Hire,4.5,job_board,24.98,24.48,2024-12-10,2024-12-21,2024-12-28,2025-01-02,2025-01-16,,True,False,declined_offer,2025-01-02,12,discovery
CAND-01292,APP-01333,REQ-00108,CLI-007,REC-005,Phlebotomist,Healthcare,Philadelphia,PA,onsite,W2 Contract,3.2,referral,38.36,39.97,2025-03-08,2025-03-20,2025-03-31,2025-04-04,2025-05-02,2025-05-03,True,True,joined_on_time,2025-05-03,1,discovery
CAND-01293,APP-01334,REQ-00049,CLI-008,REC-004,Systems Administrator,IT/Technology,Milwaukee,WI,hybrid,Direct Hire,1.2,staffing_event,32.96,39.98,2024-10-02,2024-10-13,2024-10-20,2024-10-20,2024-11-23,2024-11-23,True,True,joined_on_time,2024-11-23,17,hypothesis_generation
CAND-01294,APP-01335,REQ-00008,CLI-001,REC-015,Shipping/Receiving Clerk,Light Industrial,Houston,TX,onsite,W2 Contract,7.9,referral,23.21,24.61,2024-12-09,2024-12-23,2024-12-27,2024-12-29,2025-01-11,2025-01-11,True,True,joined_on_time,2025-01-11,4,discovery
CAND-01295,APP-01336,REQ-00225,CLI-006,REC-002,Staff Accountant,Finance/Accounting,Philadelphia,PA,hybrid,Direct Hire,2.7,referral,,23.58,2025-01-07,2025-01-12,2025-01-16,2025-01-17,2025-01-30,2025-01-30,True,True,joined_on_time,2025-01-30,19,discovery
CAND-01296,APP-01337,REQ-00032,CLI-005,REC-012,Forklift Operator,Light Industrial,Columbus,OH,onsite,Contract-to-Hire,9.2,recruiter_sourced,18.93,21.91,2025-04-23,2025-05-08,2025-05-23,2025-05-23,2025-06-27,2025-07-16,True,True,joined_late,2025-07-16,8,discovery
CAND-01297,APP-01338,REQ-00046,CLI-007,REC-005,Certified Nursing Assistant,Healthcare,Houston,TX,onsite,Contract-to-Hire,5.3,referral,23.88,26.18,2024-05-26,2024-05-31,2024-06-09,2024-06-15,2024-07-10,2024-07-10,True,True,joined_on_time,2024-07-10,8,discovery
CAND-01298,APP-01339,REQ-00187,CLI-007,REC-011,Phlebotomist,Healthcare,St. Louis,MO,onsite,1099,6.2,job_board,31.94,34.83,2025-03-15,2025-04-01,2025-04-09,2025-04-09,2025-05-07,,True,False,declined_offer,2025-04-09,23,hypothesis_generation
CAND-01299,APP-01340,REQ-00196,CLI-008,REC-016,Data Analyst,IT/Technology,Chicago,IL,hybrid,Direct Hire,4.9,staffing_event,,46.4,2025-03-14,2025-03-19,2025-03-25,2025-03-31,2025-04-07,2025-04-08,True,True,joined_on_time,2025-04-08,12,discovery
CAND-01300,APP-01341,REQ-00076,CLI-005,REC-015,Machine Operator,Light Industrial,Jacksonville,FL,onsite,Direct Hire,9.4,recruiter_sourced,13.66,15.68,2024-05-25,2024-06-07,2024-06-12,2024-06-16,2024-07-17,,True,True,withdrew_post_acceptance,2024-06-18,5,held_out_test
CAND-01301,APP-01342,REQ-00073,CLI-004,REC-004,QA Tester,IT/Technology,Milwaukee,WI,remote,Direct Hire,7.0,job_board,,43.74,2024-07-01,2024-07-05,2024-07-16,2024-07-21,2024-07-30,,True,False,declined_offer,2024-07-21,14,held_out_test
CAND-01302,APP-01343,REQ-00119,CLI-009,REC-004,Manufacturing Engineer,Engineering,Kansas City,MO,onsite,Direct Hire,2.7,staffing_event,,37.5,2025-02-24,2025-03-10,2025-03-14,2025-03-17,2025-04-02,,True,False,declined_offer,2025-03-17,2,held_out_test
CAND-00569,APP-01344,REQ-00067,CLI-006,REC-003,Customer Service Representative,Administrative/Professional,Houston,TX,hybrid,Contract-to-Hire,9.3,referral,,21.89,2024-06-19,2024-07-08,2024-07-13,2024-07-15,2024-07-26,2024-07-25,True,True,joined_on_time,2024-07-25,12,discovery
CAND-01303,APP-01345,REQ-00083,CLI-008,REC-012,QA Tester,IT/Technology,Tucson,AZ,hybrid,Direct Hire,7.0,career_site,34.17,36.58,2024-03-31,2024-04-09,2024-04-13,2024-04-14,2024-04-24,2024-04-24,True,True,joined_on_time,2024-04-24,0,hypothesis_generation
CAND-01304,APP-01346,REQ-00048,CLI-008,REC-016,QA Tester,IT/Technology,Phoenix,AZ,hybrid,Contract-to-Hire,14.9,career_site,53.34,57.5,2024-12-16,2025-01-05,2025-01-16,2025-01-16,2025-02-07,2025-02-06,True,True,joined_on_time,2025-02-06,1,discovery
CAND-01305,APP-01347,REQ-00019,CLI-011,REC-003,Shipping/Receiving Clerk,Light Industrial,Columbus,OH,onsite,Contract-to-Hire,8.6,referral,17.56,17.08,2024-10-22,2024-10-28,2024-10-30,2024-10-30,2024-11-24,2024-11-23,True,True,joined_on_time,2024-11-23,8,discovery
CAND-01306,APP-01348,REQ-00028,CLI-009,REC-010,Mechanical Engineer,Engineering,Jacksonville,FL,onsite,W2 Contract,2.6,job_board,,53.53,2024-09-13,2024-09-23,2024-09-27,2024-09-29,2024-10-12,2024-10-20,True,True,joined_late,2024-10-20,5,hypothesis_generation
CAND-01307,APP-01349,REQ-00182,CLI-011,REC-018,Data Entry Clerk,Administrative/Professional,Cincinnati,OH,remote,W2 Contract,3.3,job_board,20.4,22.62,2024-08-01,2024-08-09,2024-08-27,2024-08-28,2024-09-19,2024-09-22,True,True,joined_late,2024-09-22,7,discovery
CAND-01308,APP-01350,REQ-00150,CLI-009,REC-013,Manufacturing Engineer,Engineering,Tucson,AZ,onsite,Direct Hire,5.1,recruiter_sourced,45.66,48.36,2025-02-10,2025-02-26,2025-03-06,2025-03-10,2025-04-06,,True,True,rejected_by_client,2025-03-23,13,hypothesis_generation
CAND-01309,APP-01351,REQ-00166,CLI-003,REC-009,Accounts Payable Clerk,Finance/Accounting,Nashville,TN,hybrid,Contract-to-Hire,2.8,recruiter_sourced,34.96,37.98,2024-11-17,2024-11-28,2024-12-07,2024-12-11,2024-12-20,,True,True,withdrew_post_acceptance,2024-12-18,6,discovery
CAND-01310,APP-01352,REQ-00070,CLI-004,REC-001,DevOps Engineer,IT/Technology,Nashville,TN,hybrid,W2 Contract,2.9,referral,51.56,62.81,2025-04-15,2025-04-22,2025-04-29,2025-05-05,2025-05-29,,True,True,withdrew_post_acceptance,2025-05-24,8,discovery
CAND-01311,APP-01353,REQ-00177,CLI-006,REC-006,AR Specialist,Finance/Accounting,Phoenix,AZ,hybrid,Direct Hire,0.5,staffing_event,20.38,22.19,2025-01-21,2025-01-26,2025-02-09,2025-02-10,2025-02-25,,True,False,declined_offer,2025-02-10,6,hypothesis_generation
CAND-00417,APP-01354,REQ-00009,CLI-001,REC-015,General Laborer,Light Industrial,Jacksonville,FL,hybrid,W2 Contract,6.4,job_board,18.23,18.77,2025-02-27,2025-03-15,2025-03-20,2025-03-22,2025-04-05,,True,True,withdrew_post_acceptance,2025-03-30,18,discovery
CAND-01312,APP-01355,REQ-00152,CLI-003,REC-009,Accounts Payable Clerk,Finance/Accounting,Houston,TX,hybrid,W2 Contract,3.4,recruiter_sourced,29.16,29.16,2024-05-13,2024-05-24,2024-06-09,2024-06-14,2024-06-25,2024-06-25,True,True,joined_on_time,2024-06-25,0,discovery
CAND-01313,APP-01356,REQ-00083,CLI-008,REC-004,QA Tester,IT/Technology,Tucson,AZ,hybrid,Direct Hire,3.9,job_board,32.77,34.98,2024-04-22,2024-05-03,2024-05-18,2024-05-18,2024-06-05,2024-06-04,True,True,joined_on_time,2024-06-04,13,discovery
CAND-01314,APP-01357,REQ-00037,CLI-003,REC-003,AR Specialist,Finance/Accounting,Jacksonville,FL,hybrid,Contract-to-Hire,1.6,referral,27.9,28.86,2024-08-14,2024-08-23,2024-09-07,2024-09-07,2024-09-26,2024-09-26,True,True,joined_on_time,2024-09-26,8,held_out_test
CAND-01315,APP-01358,REQ-00005,CLI-002,REC-011,Certified Nursing Assistant,Healthcare,Columbus,OH,onsite,W2 Contract,3.7,reapply,44.24,45.27,2025-01-22,2025-02-12,2025-02-28,2025-03-02,2025-03-19,2025-03-19,True,True,joined_on_time,2025-03-19,18,discovery
CAND-01316,APP-01359,REQ-00218,CLI-007,REC-011,Radiology Technician,Healthcare,Kansas City,MO,onsite,Direct Hire,5.1,job_board,37.45,39.44,2024-04-09,2024-04-16,2024-04-18,2024-04-24,2024-05-05,,True,False,declined_offer,2024-04-24,10,hypothesis_generation
CAND-01317,APP-01360,REQ-00144,CLI-006,REC-006,Payroll Specialist,Finance/Accounting,Nashville,TN,hybrid,W2 Contract,2.8,recruiter_sourced,,36.24,2025-03-02,2025-03-08,2025-03-18,2025-03-23,2025-04-08,,True,True,withdrew_post_acceptance,2025-04-01,22,discovery
CAND-01318,APP-01361,REQ-00065,CLI-003,REC-018,Bookkeeper,Finance/Accounting,Indianapolis,IN,hybrid,Direct Hire,5.3,referral,35.21,42.57,2024-08-06,2024-08-27,2024-09-01,2024-09-02,2024-09-20,,True,True,withdrew_post_acceptance,2024-09-11,9,discovery
CAND-01319,APP-01362,REQ-00105,CLI-007,REC-016,Registered Nurse,Healthcare,Pittsburgh,PA,onsite,Contract-to-Hire,0.4,career_site,,34.57,2025-02-14,2025-03-07,2025-03-25,2025-03-26,2025-04-24,2025-04-24,True,True,joined_on_time,2025-04-24,5,held_out_test
CAND-00041,APP-01363,REQ-00012,CLI-009,REC-005,Project Engineer,Engineering,Austin,TX,onsite,W2 Contract,2.8,recruiter_sourced,32.87,37.42,2025-04-06,2025-04-24,2025-05-02,2025-05-03,2025-05-15,2025-05-15,True,True,joined_on_time,2025-05-15,12,held_out_test
CAND-01320,APP-01364,REQ-00142,CLI-010,REC-009,Data Entry Clerk,Administrative/Professional,Chicago,IL,hybrid,Direct Hire,2.0,referral,15.53,15.85,2024-10-22,2024-11-12,2024-11-25,2024-11-25,2024-12-17,,True,True,rejected_by_client,2024-12-11,13,hypothesis_generation
CAND-01321,APP-01365,REQ-00162,CLI-005,REC-009,General Laborer,Light Industrial,Charlotte,NC,onsite,Contract-to-Hire,3.4,recruiter_sourced,19.69,19.97,2025-01-21,2025-02-10,2025-02-22,2025-02-25,2025-03-11,,True,True,withdrew_post_acceptance,2025-03-04,3,discovery
CAND-00150,APP-01366,REQ-00101,CLI-011,REC-003,General Laborer,Light Industrial,Chicago,IL,onsite,Contract-to-Hire,2.9,recruiter_sourced,15.41,15.89,2025-01-16,2025-02-01,2025-02-04,2025-02-05,2025-02-28,2025-03-16,True,True,joined_late,2025-03-16,25,discovery
CAND-01322,APP-01367,REQ-00076,CLI-005,REC-003,Machine Operator,Light Industrial,Jacksonville,FL,onsite,Direct Hire,6.3,recruiter_sourced,17.69,20.97,2024-05-29,2024-06-07,2024-06-15,2024-06-17,2024-06-28,,True,False,declined_offer,2024-06-17,14,discovery
CAND-01323,APP-01368,REQ-00071,CLI-008,REC-013,Business Systems Analyst,IT/Technology,Philadelphia,PA,hybrid,W2 Contract,5.1,referral,,37.27,2025-05-21,2025-05-30,2025-06-03,2025-06-05,2025-06-20,,True,True,withdrew_post_acceptance,2025-06-15,20,discovery
CAND-01324,APP-01369,REQ-00203,CLI-010,REC-015,Executive Assistant,Administrative/Professional,Phoenix,AZ,hybrid,W2 Contract,5.6,career_site,20.64,21.99,2024-05-11,2024-05-29,2024-06-08,2024-06-12,2024-06-23,,True,False,declined_offer,2024-06-12,13,discovery
CAND-01325,APP-01370,REQ-00197,CLI-004,REC-010,Systems Administrator,IT/Technology,Kansas City,MO,remote,W2 Contract,5.7,reapply,,42.49,2025-06-21,2025-06-27,2025-07-01,2025-07-05,2025-07-29,,True,False,declined_offer,2025-07-05,16,hypothesis_generation
CAND-01326,APP-01371,REQ-00061,CLI-004,REC-001,Systems Administrator,IT/Technology,Jacksonville,FL,remote,Direct Hire,2.2,career_site,56.18,59.97,2025-03-11,2025-03-31,2025-04-07,2025-04-07,2025-05-10,2025-05-16,True,True,joined_late,2025-05-16,12,held_out_test
CAND-01327,APP-01372,REQ-00203,CLI-010,REC-003,Executive Assistant,Administrative/Professional,Phoenix,AZ,hybrid,W2 Contract,5.9,job_board,20.32,20.46,2024-05-13,2024-05-21,2024-05-30,2024-06-04,2024-06-10,,True,True,accepted_no_show,2024-06-10,12,held_out_test
CAND-01328,APP-01373,REQ-00062,CLI-011,REC-006,Office Coordinator,Administrative/Professional,Houston,TX,hybrid,W2 Contract,0.7,recruiter_sourced,20.59,22.72,2025-06-28,2025-07-08,2025-07-14,2025-07-14,2025-07-27,2025-08-05,True,True,joined_late,2025-08-05,17,hypothesis_generation
CAND-01329,APP-01374,REQ-00064,CLI-001,REC-018,Warehouse Associate,Light Industrial,Columbus,OH,onsite,W2 Contract,15.0,job_board,,19.39,2025-01-05,2025-01-23,2025-02-06,2025-02-06,2025-02-21,2025-02-21,True,True,joined_on_time,2025-02-21,4,discovery
CAND-01330,APP-01375,REQ-00076,CLI-005,REC-018,Machine Operator,Light Industrial,Jacksonville,FL,onsite,Direct Hire,5.4,job_board,16.37,17.39,2024-05-20,2024-05-29,2024-06-02,2024-06-03,2024-06-25,2024-07-01,True,True,joined_late,2024-07-01,6,hypothesis_generation
CAND-01331,APP-01376,REQ-00120,CLI-002,REC-008,Phlebotomist,Healthcare,Charlotte,NC,hybrid,W2 Contract,2.1,recruiter_sourced,29.79,34.17,2024-04-21,2024-05-12,2024-05-24,2024-05-27,2024-06-08,2024-06-09,True,True,joined_on_time,2024-06-09,6,discovery
CAND-01332,APP-01377,REQ-00049,CLI-008,REC-010,Systems Administrator,IT/Technology,Milwaukee,WI,hybrid,Direct Hire,4.4,career_site,45.44,49.41,2024-11-10,2024-11-23,2024-12-03,2024-12-07,2024-12-19,,True,False,declined_offer,2024-12-07,6,discovery
CAND-01333,APP-01378,REQ-00182,CLI-011,REC-013,Data Entry Clerk,Administrative/Professional,Cincinnati,OH,remote,W2 Contract,5.5,job_board,16.75,19.78,2024-07-03,2024-07-23,2024-08-08,2024-08-08,2024-09-05,,True,False,declined_offer,2024-08-08,9,discovery
CAND-01334,APP-01379,REQ-00172,CLI-001,REC-003,Shipping/Receiving Clerk,Light Industrial,Houston,TX,onsite,Contract-to-Hire,3.1,recruiter_sourced,,15.67,2024-12-24,2025-01-13,2025-01-30,2025-02-02,2025-03-01,2025-03-22,True,True,joined_late,2025-03-22,18,discovery
CAND-01335,APP-01380,REQ-00184,CLI-009,REC-001,Mechanical Engineer,Engineering,Tampa,FL,onsite,W2 Contract,1.0,career_site,34.79,40.52,2025-04-15,2025-04-25,2025-04-28,2025-05-02,2025-05-27,2025-05-28,True,True,joined_on_time,2025-05-28,10,discovery
CAND-01336,APP-01381,REQ-00041,CLI-002,REC-013,Registered Nurse,Healthcare,Austin,TX,onsite,Contract-to-Hire,6.6,job_board,28.26,30.85,2024-07-20,2024-07-25,2024-08-04,2024-08-06,2024-08-24,,True,False,declined_offer,2024-08-06,21,held_out_test
CAND-01337,APP-01382,REQ-00220,CLI-008,REC-001,Network Administrator,IT/Technology,Philadelphia,PA,hybrid,Contract-to-Hire,5.1,job_board,38.13,42.81,2024-11-24,2024-11-29,2024-12-17,2024-12-18,2025-01-15,,True,True,withdrew_post_acceptance,2025-01-02,15,discovery
CAND-01338,APP-01383,REQ-00112,CLI-001,REC-018,Forklift Operator,Light Industrial,Pittsburgh,PA,onsite,Contract-to-Hire,3.1,job_board,13.48,16.06,2025-07-25,2025-08-07,2025-08-09,2025-08-09,2025-09-12,2025-09-11,True,True,joined_on_time,2025-09-11,10,held_out_test
CAND-01339,APP-01384,REQ-00030,CLI-006,REC-018,Administrative Assistant,Administrative/Professional,Indianapolis,IN,hybrid,Direct Hire,4.6,job_board,25.38,24.14,2024-09-01,2024-09-22,2024-09-26,2024-09-26,2024-10-28,,True,True,withdrew_post_acceptance,2024-10-09,17,hypothesis_generation
CAND-01340,APP-01385,REQ-00021,CLI-009,REC-010,Manufacturing Engineer,Engineering,Columbus,OH,hybrid,Direct Hire,2.9,referral,36.78,35.79,2025-07-12,2025-07-15,2025-07-21,2025-07-23,2025-08-10,,True,True,withdrew_post_acceptance,2025-08-05,4,discovery
CAND-01341,APP-01386,REQ-00222,CLI-011,REC-009,Administrative Assistant,Administrative/Professional,Austin,TX,onsite,W2 Contract,4.1,recruiter_sourced,17.63,20.14,2024-04-12,2024-05-03,2024-05-20,2024-05-22,2024-06-14,2024-06-15,True,True,joined_on_time,2024-06-15,25,discovery
CAND-01342,APP-01387,REQ-00069,CLI-010,REC-013,Executive Assistant,Administrative/Professional,Chicago,IL,hybrid,W2 Contract,6.7,career_site,20.87,20.09,2024-07-13,2024-07-17,2024-07-29,2024-08-01,2024-08-23,,True,False,declined_offer,2024-08-01,8,hypothesis_generation
CAND-01191,APP-01388,REQ-00065,CLI-003,REC-012,Bookkeeper,Finance/Accounting,Indianapolis,IN,hybrid,Direct Hire,3.1,referral,,23.9,2024-12-16,2024-12-31,2025-01-13,2025-01-18,2025-02-02,,True,True,accepted_no_show,2025-02-02,13,discovery
CAND-01343,APP-01389,REQ-00085,CLI-008,REC-013,DevOps Engineer,IT/Technology,Memphis,TN,onsite,Direct Hire,4.5,recruiter_sourced,49.49,59.07,2025-02-22,2025-03-01,2025-03-11,2025-03-15,2025-03-28,,True,False,declined_offer,2025-03-15,5,discovery
CAND-01344,APP-01390,REQ-00141,CLI-009,REC-005,Civil Engineer,Engineering,Kansas City,MO,onsite,Direct Hire,10.3,recruiter_sourced,46.19,56.75,2024-03-20,2024-04-10,2024-04-24,2024-04-29,2024-05-05,2024-05-25,True,True,joined_late,2024-05-25,0,held_out_test
CAND-01345,APP-01391,REQ-00158,CLI-010,REC-003,Customer Service Representative,Administrative/Professional,Phoenix,AZ,hybrid,Contract-to-Hire,12.4,recruiter_sourced,,18.85,2025-03-30,2025-04-19,2025-05-05,2025-05-09,2025-05-26,2025-05-29,True,True,joined_late,2025-05-29,23,hypothesis_generation
CAND-01346,APP-01392,REQ-00016,CLI-003,REC-006,Financial Analyst,Finance/Accounting,Jacksonville,FL,onsite,Contract-to-Hire,2.3,reapply,,36.82,2024-04-25,2024-05-10,2024-05-20,2024-05-26,2024-06-15,,True,False,declined_offer,2024-05-26,5,discovery
CAND-01347,APP-01393,REQ-00047,CLI-006,REC-009,Bookkeeper,Finance/Accounting,Orlando,FL,hybrid,W2 Contract,4.0,staffing_event,23.93,23.98,2025-01-13,2025-02-02,2025-02-19,2025-02-22,2025-03-08,,True,True,withdrew_post_acceptance,2025-03-03,13,discovery
CAND-01348,APP-01394,REQ-00172,CLI-001,REC-015,Shipping/Receiving Clerk,Light Industrial,Houston,TX,onsite,Contract-to-Hire,5.1,job_board,18.11,20.49,2024-12-05,2024-12-10,2024-12-16,2024-12-21,2025-01-07,2025-01-08,True,True,joined_on_time,2025-01-08,1,held_out_test
CAND-01349,APP-01395,REQ-00042,CLI-008,REC-013,Data Analyst,IT/Technology,Tampa,FL,hybrid,W2 Contract,5.4,referral,33.33,35.19,2024-10-14,2024-10-26,2024-11-02,2024-11-02,2024-11-19,,True,True,accepted_no_show,2024-11-19,7,discovery
CAND-01350,APP-01396,REQ-00145,CLI-010,REC-017,Office Coordinator,Administrative/Professional,Orlando,FL,onsite,Contract-to-Hire,0.9,recruiter_sourced,20.97,22.49,2024-09-09,2024-09-28,2024-10-13,2024-10-14,2024-10-26,,True,False,declined_offer,2024-10-14,0,discovery
CAND-01351,APP-01397,REQ-00087,CLI-001,REC-003,Machine Operator,Light Industrial,Jacksonville,FL,onsite,Contract-to-Hire,9.9,career_site,19.56,22.88,2025-02-09,2025-02-24,2025-03-03,2025-03-05,2025-04-06,2025-04-06,True,True,joined_on_time,2025-04-06,2,discovery
CAND-01352,APP-01398,REQ-00093,CLI-009,REC-004,Civil Engineer,Engineering,St. Louis,MO,onsite,1099,1.4,referral,39.56,39.57,2024-03-01,2024-03-21,2024-03-28,2024-03-30,2024-04-13,2024-04-12,True,True,joined_on_time,2024-04-12,11,discovery
CAND-01353,APP-01399,REQ-00012,CLI-009,REC-010,Project Engineer,Engineering,Austin,TX,onsite,W2 Contract,1.3,career_site,30.69,31.77,2024-12-11,2024-12-30,2025-01-17,2025-01-17,2025-02-20,2025-02-20,True,True,joined_on_time,2025-02-20,14,discovery
CAND-01354,APP-01400,REQ-00199,CLI-006,REC-006,Administrative Assistant,Administrative/Professional,Atlanta,GA,hybrid,Direct Hire,3.0,recruiter_sourced,24.24,27.1,2024-03-04,2024-03-15,2024-03-27,2024-04-01,2024-04-10,,True,True,withdrew_post_acceptance,2024-04-09,6,discovery
CAND-01355,APP-01401,REQ-00019,CLI-011,REC-018,Shipping/Receiving Clerk,Light Industrial,Columbus,OH,onsite,Contract-to-Hire,6.9,job_board,19.03,21.28,2024-10-07,2024-10-19,2024-10-28,2024-10-29,2024-11-13,,True,True,accepted_no_show,2024-11-13,11,held_out_test
CAND-01356,APP-01402,REQ-00068,CLI-002,REC-005,Pharmacy Technician,Healthcare,Milwaukee,WI,onsite,Contract-to-Hire,4.0,referral,,28.24,2024-11-19,2024-11-25,2024-12-09,2024-12-14,2024-12-26,,True,True,withdrew_post_acceptance,2024-12-17,5,hypothesis_generation
CAND-01357,APP-01403,REQ-00200,CLI-001,REC-004,Warehouse Associate,Light Industrial,Tampa,FL,onsite,Direct Hire,5.3,referral,21.4,22.09,2025-02-01,2025-02-07,2025-02-10,2025-02-14,2025-02-26,,True,True,withdrew_post_acceptance,2025-02-18,0,discovery
CAND-01358,APP-01404,REQ-00200,CLI-001,REC-012,Warehouse Associate,Light Industrial,Tampa,FL,onsite,Direct Hire,2.2,referral,,19.57,2025-01-12,2025-01-16,2025-01-31,2025-02-06,2025-02-11,,True,True,accepted_no_show,2025-02-11,18,held_out_test
CAND-01359,APP-01405,REQ-00015,CLI-001,REC-015,Forklift Operator,Light Industrial,Nashville,TN,onsite,Direct Hire,4.1,referral,19.1,21.2,2025-04-19,2025-05-04,2025-05-09,2025-05-12,2025-06-04,,True,True,withdrew_post_acceptance,2025-05-26,17,discovery
CAND-01360,APP-01406,REQ-00109,CLI-009,REC-001,Electrical Engineer,Engineering,Milwaukee,WI,onsite,Contract-to-Hire,6.0,career_site,,49.2,2025-01-05,2025-01-08,2025-01-13,2025-01-15,2025-02-16,2025-02-16,True,True,joined_on_time,2025-02-16,12,discovery
CAND-01361,APP-01407,REQ-00200,CLI-001,REC-015,Warehouse Associate,Light Industrial,Tampa,FL,onsite,Direct Hire,3.9,job_board,20.49,20.04,2024-12-18,2025-01-05,2025-01-22,2025-01-24,2025-02-24,2025-02-24,True,True,joined_on_time,2025-02-24,6,discovery
CAND-01362,APP-01408,REQ-00147,CLI-003,REC-017,Senior Accountant,Finance/Accounting,St. Louis,MO,hybrid,1099,6.6,career_site,,26.99,2024-06-09,2024-06-18,2024-07-02,2024-07-04,2024-07-31,2024-07-31,True,True,joined_on_time,2024-07-31,10,discovery
CAND-01363,APP-01409,REQ-00217,CLI-001,REC-003,Shipping/Receiving Clerk,Light Industrial,St. Louis,MO,onsite,W2 Contract,1.3,reapply,,18.38,2024-09-28,2024-10-19,2024-10-30,2024-10-30,2024-11-26,,True,False,declined_offer,2024-10-30,0,hypothesis_generation
CAND-01364,APP-01410,REQ-00090,CLI-011,REC-012,Warehouse Associate,Light Industrial,Atlanta,GA,onsite,W2 Contract,8.0,career_site,14.67,16.22,2024-12-26,2025-01-11,2025-01-19,2025-01-20,2025-02-21,,True,False,declined_offer,2025-01-20,9,discovery
CAND-01365,APP-01411,REQ-00101,CLI-011,REC-015,General Laborer,Light Industrial,Chicago,IL,onsite,Contract-to-Hire,3.2,job_board,20.2,22.26,2025-01-19,2025-02-01,2025-02-13,2025-02-16,2025-02-25,2025-02-24,True,True,joined_on_time,2025-02-24,19,held_out_test
CAND-01366,APP-01412,REQ-00157,CLI-006,REC-018,Receptionist,Administrative/Professional,Dallas,TX,hybrid,1099,8.7,job_board,26.68,27.17,2024-07-03,2024-07-07,2024-07-20,2024-07-25,2024-07-30,2024-07-30,True,True,joined_on_time,2024-07-30,8,discovery
CAND-01367,APP-01413,REQ-00195,CLI-002,REC-011,Medical Coder,Healthcare,Columbus,OH,hybrid,Direct Hire,3.5,recruiter_sourced,31.37,34.28,2024-03-09,2024-03-16,2024-03-31,2024-04-06,2024-04-10,2024-04-09,True,True,joined_on_time,2024-04-09,20,hypothesis_generation
CAND-01368,APP-01414,REQ-00129,CLI-010,REC-007,Administrative Assistant,Administrative/Professional,Houston,TX,hybrid,Direct Hire,5.4,career_site,17.64,18.74,2024-02-17,2024-03-03,2024-03-07,2024-03-13,2024-04-10,,True,True,withdrew_post_acceptance,2024-03-14,7,discovery
CAND-01369,APP-01415,REQ-00108,CLI-007,REC-002,Phlebotomist,Healthcare,Philadelphia,PA,onsite,W2 Contract,10.1,job_board,30.84,35.57,2025-03-08,2025-03-17,2025-03-27,2025-03-29,2025-04-17,2025-04-21,True,True,joined_late,2025-04-21,22,held_out_test
CAND-01370,APP-01416,REQ-00075,CLI-009,REC-012,Quality Engineer,Engineering,St. Louis,MO,onsite,Direct Hire,1.2,recruiter_sourced,33.52,38.32,2025-02-13,2025-03-03,2025-03-18,2025-03-24,2025-04-14,,True,False,declined_offer,2025-03-24,12,held_out_test
CAND-01371,APP-01417,REQ-00133,CLI-007,REC-014,Medical Coder,Healthcare,Pittsburgh,PA,onsite,1099,5.3,career_site,31.71,32.08,2024-03-16,2024-03-20,2024-03-25,2024-03-26,2024-04-13,2024-04-14,True,True,joined_on_time,2024-04-14,14,discovery
CAND-01372,APP-01418,REQ-00150,CLI-009,REC-004,Manufacturing Engineer,Engineering,Tucson,AZ,onsite,Direct Hire,5.4,recruiter_sourced,32.64,34.39,2025-02-13,2025-03-05,2025-03-23,2025-03-24,2025-04-15,,True,True,rejected_by_client,2025-03-26,12,held_out_test
CAND-01373,APP-01419,REQ-00095,CLI-001,REC-015,Shipping/Receiving Clerk,Light Industrial,Columbus,OH,onsite,W2 Contract,3.6,job_board,19.41,19.45,2024-09-27,2024-09-30,2024-10-03,2024-10-07,2024-10-24,,True,True,withdrew_post_acceptance,2024-10-10,16,discovery
CAND-01374,APP-01420,REQ-00161,CLI-004,REC-011,DevOps Engineer,IT/Technology,Atlanta,GA,remote,Direct Hire,5.8,career_site,42.23,50.25,2024-03-07,2024-03-24,2024-04-03,2024-04-07,2024-05-08,2024-05-08,True,True,joined_on_time,2024-05-08,17,discovery
CAND-01375,APP-01421,REQ-00088,CLI-004,REC-013,DevOps Engineer,IT/Technology,Tampa,FL,onsite,1099,1.0,career_site,50.23,50.93,2024-02-26,2024-03-17,2024-04-02,2024-04-02,2024-04-28,2024-04-28,True,True,joined_on_time,2024-04-28,2,hypothesis_generation
CAND-01376,APP-01422,REQ-00216,CLI-003,REC-015,Bookkeeper,Finance/Accounting,St. Louis,MO,hybrid,Contract-to-Hire,5.1,job_board,30.16,30.61,2025-02-02,2025-02-08,2025-02-19,2025-02-19,2025-03-25,2025-03-26,True,True,joined_on_time,2025-03-26,16,discovery
CAND-01377,APP-01423,REQ-00125,CLI-010,REC-018,Customer Service Representative,Administrative/Professional,Columbus,OH,hybrid,Contract-to-Hire,4.7,staffing_event,,21.01,2024-10-16,2024-10-22,2024-10-29,2024-11-04,2024-12-02,2024-12-02,True,True,joined_on_time,2024-12-02,17,held_out_test
CAND-01378,APP-01424,REQ-00223,CLI-001,REC-012,Machine Operator,Light Industrial,Memphis,TN,onsite,Direct Hire,2.6,staffing_event,17.65,18.8,2024-03-23,2024-03-26,2024-04-12,2024-04-13,2024-05-04,,True,False,declined_offer,2024-04-13,18,discovery
CAND-01379,APP-01425,REQ-00220,CLI-008,REC-010,Network Administrator,IT/Technology,Philadelphia,PA,hybrid,Contract-to-Hire,6.2,referral,30.58,37.55,2024-11-12,2024-11-21,2024-12-02,2024-12-06,2025-01-04,,True,True,withdrew_post_acceptance,2024-12-14,9,hypothesis_generation
CAND-01380,APP-01426,REQ-00082,CLI-002,REC-008,Pharmacy Technician,Healthcare,Raleigh,NC,onsite,Contract-to-Hire,7.5,career_site,30.72,31.87,2024-07-03,2024-07-22,2024-07-28,2024-08-02,2024-08-24,2024-08-23,True,True,joined_on_time,2024-08-23,16,held_out_test
CAND-01381,APP-01427,REQ-00175,CLI-011,REC-001,HR Coordinator,Administrative/Professional,Cincinnati,OH,remote,W2 Contract,2.3,career_site,,23.69,2025-05-21,2025-05-27,2025-06-02,2025-06-07,2025-06-30,,True,True,withdrew_post_acceptance,2025-06-27,14,discovery
CAND-01382,APP-01428,REQ-00188,CLI-007,REC-014,Medical Assistant,Healthcare,Pittsburgh,PA,hybrid,W2 Contract,0.9,recruiter_sourced,22.43,25.34,2024-04-06,2024-04-26,2024-05-02,2024-05-05,2024-06-02,2024-06-02,True,True,joined_on_time,2024-06-02,20,discovery
CAND-01383,APP-01429,REQ-00166,CLI-003,REC-015,Accounts Payable Clerk,Finance/Accounting,Nashville,TN,hybrid,Contract-to-Hire,3.9,referral,,32.99,2024-11-06,2024-11-15,2024-11-17,2024-11-21,2024-12-12,,True,True,accepted_no_show,2024-12-12,12,discovery
CAND-01384,APP-01430,REQ-00149,CLI-004,REC-004,DevOps Engineer,IT/Technology,St. Louis,MO,onsite,Contract-to-Hire,6.9,career_site,39.2,41.73,2024-11-15,2024-12-04,2024-12-16,2024-12-20,2025-01-05,2025-01-04,True,True,joined_on_time,2025-01-04,8,held_out_test
CAND-01385,APP-01431,REQ-00150,CLI-009,REC-007,Manufacturing Engineer,Engineering,Tucson,AZ,onsite,Direct Hire,6.3,job_board,30.33,34.09,2025-02-07,2025-02-19,2025-03-09,2025-03-11,2025-04-08,2025-04-12,True,True,joined_late,2025-04-12,7,hypothesis_generation
CAND-01386,APP-01432,REQ-00099,CLI-002,REC-015,Pharmacy Technician,Healthcare,Milwaukee,WI,onsite,W2 Contract,4.6,recruiter_sourced,27.96,33.38,2024-02-27,2024-03-01,2024-03-19,2024-03-22,2024-04-17,2024-04-17,True,True,joined_on_time,2024-04-17,7,discovery
CAND-01387,APP-01433,REQ-00135,CLI-010,REC-012,Receptionist,Administrative/Professional,Nashville,TN,hybrid,W2 Contract,11.2,job_board,,20.48,2025-06-22,2025-07-07,2025-07-25,2025-07-26,2025-08-06,2025-08-05,True,True,joined_on_time,2025-08-05,4,discovery
CAND-01388,APP-01434,REQ-00091,CLI-006,REC-003,Data Entry Clerk,Administrative/Professional,Tucson,AZ,hybrid,1099,4.4,recruiter_sourced,22.94,26.59,2025-03-16,2025-03-27,2025-03-31,2025-04-02,2025-04-30,2025-05-01,True,True,joined_on_time,2025-05-01,14,held_out_test
CAND-01389,APP-01435,REQ-00025,CLI-006,REC-003,AR Specialist,Finance/Accounting,Nashville,TN,onsite,Direct Hire,2.3,career_site,30.55,34.01,2024-07-04,2024-07-25,2024-08-10,2024-08-15,2024-09-02,2024-09-02,True,True,joined_on_time,2024-09-02,25,hypothesis_generation
CAND-01390,APP-01436,REQ-00192,CLI-008,REC-004,Business Systems Analyst,IT/Technology,Jacksonville,FL,hybrid,Direct Hire,4.0,job_board,36.15,35.37,2025-03-06,2025-03-23,2025-04-03,2025-04-06,2025-04-18,,True,True,rejected_by_client,2025-04-07,16,discovery
CAND-01391,APP-01437,REQ-00119,CLI-009,REC-004,Manufacturing Engineer,Engineering,Kansas City,MO,onsite,Direct Hire,3.8,referral,32.97,35.34,2025-02-24,2025-03-10,2025-03-12,2025-03-16,2025-04-16,2025-04-21,True,True,joined_late,2025-04-21,0,held_out_test
CAND-01392,APP-01438,REQ-00168,CLI-004,REC-016,Business Systems Analyst,IT/Technology,Houston,TX,remote,1099,1.8,career_site,,57.8,2025-03-17,2025-03-25,2025-03-29,2025-04-04,2025-05-02,2025-05-13,True,True,joined_late,2025-05-13,12,held_out_test
CAND-01393,APP-01439,REQ-00108,CLI-007,REC-002,Phlebotomist,Healthcare,Philadelphia,PA,onsite,W2 Contract,5.1,job_board,24.06,27.33,2025-03-07,2025-03-14,2025-03-26,2025-03-28,2025-04-27,2025-04-27,True,True,joined_on_time,2025-04-27,0,discovery
CAND-01394,APP-01440,REQ-00229,CLI-003,REC-003,Financial Analyst,Finance/Accounting,Columbus,OH,hybrid,W2 Contract,4.3,recruiter_sourced,23.58,26.29,2024-09-25,2024-10-03,2024-10-08,2024-10-08,2024-11-06,2024-11-14,True,True,joined_late,2024-11-14,11,discovery
CAND-01395,APP-01441,REQ-00060,CLI-008,REC-004,Data Analyst,IT/Technology,Tucson,AZ,hybrid,W2 Contract,8.2,career_site,,37.84,2025-05-06,2025-05-19,2025-05-25,2025-05-28,2025-06-19,,True,True,rejected_by_client,2025-06-15,8,discovery
CAND-01396,APP-01442,REQ-00057,CLI-003,REC-012,AR Specialist,Finance/Accounting,Nashville,TN,hybrid,1099,8.0,recruiter_sourced,,29.82,2024-06-25,2024-07-15,2024-07-26,2024-07-28,2024-08-13,2024-08-14,True,True,joined_on_time,2024-08-14,17,hypothesis_generation
CAND-01397,APP-01443,REQ-00033,CLI-009,REC-013,Quality Engineer,Engineering,Austin,TX,onsite,1099,1.3,career_site,44.65,42.93,2024-04-24,2024-04-28,2024-05-03,2024-05-06,2024-05-21,,True,True,withdrew_post_acceptance,2024-05-11,11,held_out_test
CAND-01398,APP-01444,REQ-00086,CLI-002,REC-008,Registered Nurse,Healthcare,Phoenix,AZ,onsite,W2 Contract,1.8,referral,40.78,45.79,2025-03-23,2025-04-07,2025-04-24,2025-04-28,2025-05-07,2025-05-07,True,True,joined_on_time,2025-05-07,13,discovery
CAND-01399,APP-01445,REQ-00054,CLI-005,REC-001,Material Handler,Light Industrial,Chicago,IL,onsite,W2 Contract,2.0,referral,15.89,16.89,2024-07-07,2024-07-15,2024-07-19,2024-07-19,2024-08-03,2024-08-02,True,True,joined_on_time,2024-08-02,2,held_out_test
CAND-01400,APP-01446,REQ-00097,CLI-006,REC-003,Financial Analyst,Finance/Accounting,Columbus,OH,hybrid,1099,3.1,recruiter_sourced,27.86,32.58,2025-03-02,2025-03-11,2025-03-21,2025-03-25,2025-04-13,2025-04-13,True,True,joined_on_time,2025-04-13,13,discovery
CAND-01401,APP-01447,REQ-00134,CLI-010,REC-018,Administrative Assistant,Administrative/Professional,Raleigh,NC,hybrid,W2 Contract,8.1,referral,15.88,18.21,2025-04-06,2025-04-22,2025-05-01,2025-05-07,2025-05-28,,True,True,accepted_no_show,2025-05-28,8,hypothesis_generation
CAND-01402,APP-01448,REQ-00133,CLI-007,REC-014,Medical Coder,Healthcare,Pittsburgh,PA,onsite,1099,4.2,staffing_event,24.97,30.54,2024-03-26,2024-04-08,2024-04-17,2024-04-21,2024-05-21,2024-05-21,True,True,joined_on_time,2024-05-21,0,discovery
CAND-01394,APP-01449,REQ-00082,CLI-002,REC-013,Pharmacy Technician,Healthcare,Raleigh,NC,onsite,Contract-to-Hire,3.3,referral,39.78,47.91,2024-11-11,2024-11-17,2024-12-03,2024-12-06,2025-01-04,,True,False,declined_offer,2024-12-06,11,discovery
CAND-01403,APP-01450,REQ-00109,CLI-009,REC-004,Electrical Engineer,Engineering,Milwaukee,WI,onsite,Contract-to-Hire,11.4,reapply,48.41,48.04,2025-01-25,2025-01-28,2025-02-10,2025-02-16,2025-02-20,2025-02-20,True,True,joined_on_time,2025-02-20,8,hypothesis_generation
CAND-01404,APP-01451,REQ-00053,CLI-002,REC-017,Registered Nurse,Healthcare,Raleigh,NC,remote,1099,10.2,job_board,21.86,25.68,2024-06-30,2024-07-08,2024-07-12,2024-07-15,2024-08-12,2024-08-12,True,True,joined_on_time,2024-08-12,11,discovery
CAND-01405,APP-01452,REQ-00229,CLI-003,REC-015,Financial Analyst,Finance/Accounting,Columbus,OH,hybrid,W2 Contract,6.6,referral,29.66,31.57,2024-09-26,2024-10-03,2024-10-07,2024-10-11,2024-11-06,2024-11-06,True,True,joined_on_time,2024-11-06,8,discovery
CAND-01406,APP-01453,REQ-00188,CLI-007,REC-008,Medical Assistant,Healthcare,Pittsburgh,PA,hybrid,W2 Contract,5.1,referral,,24.07,2024-04-26,2024-05-16,2024-05-26,2024-05-27,2024-06-18,2024-07-10,True,True,joined_late,2024-07-10,17,held_out_test
CAND-01407,APP-01454,REQ-00216,CLI-003,REC-015,Bookkeeper,Finance/Accounting,St. Louis,MO,hybrid,Contract-to-Hire,1.6,job_board,,29.7,2025-01-07,2025-01-20,2025-01-23,2025-01-27,2025-02-24,2025-02-24,True,True,joined_on_time,2025-02-24,14,discovery
CAND-01408,APP-01455,REQ-00193,CLI-003,REC-018,Senior Accountant,Finance/Accounting,Columbus,OH,hybrid,W2 Contract,4.2,job_board,,44.63,2024-11-06,2024-11-13,2024-11-24,2024-11-28,2024-12-14,2024-12-15,True,True,joined_on_time,2024-12-15,17,held_out_test
CAND-01409,APP-01456,REQ-00081,CLI-003,REC-018,Senior Accountant,Finance/Accounting,Jacksonville,FL,hybrid,W2 Contract,6.9,recruiter_sourced,23.84,25.79,2024-11-15,2024-12-02,2024-12-05,2024-12-10,2025-01-04,2025-01-21,True,True,joined_late,2025-01-21,12,discovery
CAND-01410,APP-01457,REQ-00102,CLI-009,REC-004,Process Engineer,Engineering,Cincinnati,OH,onsite,Direct Hire,2.1,recruiter_sourced,52.63,56.25,2024-11-02,2024-11-22,2024-11-29,2024-11-29,2024-12-28,,True,False,declined_offer,2024-11-29,3,discovery
CAND-01411,APP-01458,REQ-00228,CLI-004,REC-001,DevOps Engineer,IT/Technology,Raleigh,NC,remote,W2 Contract,9.3,referral,36.82,37.13,2024-12-17,2025-01-03,2025-01-20,2025-01-24,2025-02-16,2025-03-06,True,True,joined_late,2025-03-06,15,discovery
CAND-01412,APP-01459,REQ-00022,CLI-009,REC-013,Civil Engineer,Engineering,Phoenix,AZ,remote,1099,2.8,recruiter_sourced,36.41,41.41,2024-02-02,2024-02-09,2024-02-15,2024-02-17,2024-03-12,2024-03-13,True,True,joined_on_time,2024-03-13,10,discovery
CAND-01413,APP-01460,REQ-00129,CLI-010,REC-018,Administrative Assistant,Administrative/Professional,Houston,TX,hybrid,Direct Hire,2.7,recruiter_sourced,19.74,21.45,2024-03-10,2024-03-18,2024-03-27,2024-03-29,2024-04-07,2024-04-07,True,True,joined_on_time,2024-04-07,14,discovery
CAND-01414,APP-01461,REQ-00228,CLI-004,REC-010,DevOps Engineer,IT/Technology,Raleigh,NC,remote,W2 Contract,7.0,referral,40.54,42.79,2025-01-05,2025-01-18,2025-02-03,2025-02-07,2025-02-14,,True,True,withdrew_post_acceptance,2025-02-08,17,discovery
CAND-01415,APP-01462,REQ-00055,CLI-002,REC-008,Certified Nursing Assistant,Healthcare,Memphis,TN,onsite,Contract-to-Hire,1.6,reapply,42.5,46.62,2024-02-28,2024-03-13,2024-03-23,2024-03-25,2024-04-07,,True,False,declined_offer,2024-03-25,10,discovery
CAND-01416,APP-01463,REQ-00200,CLI-001,REC-003,Warehouse Associate,Light Industrial,Tampa,FL,onsite,Direct Hire,2.0,recruiter_sourced,14.9,17.0,2025-01-24,2025-02-05,2025-02-12,2025-02-17,2025-03-01,2025-03-01,True,True,joined_on_time,2025-03-01,17,held_out_test
CAND-01417,APP-01464,REQ-00122,CLI-004,REC-010,QA Tester,IT/Technology,Tampa,FL,remote,W2 Contract,2.4,career_site,68.37,69.51,2025-03-13,2025-04-03,2025-04-08,2025-04-10,2025-04-30,,True,False,declined_offer,2025-04-10,5,discovery
CAND-01418,APP-01465,REQ-00058,CLI-005,REC-016,Project Engineer,Engineering,Tampa,FL,onsite,Direct Hire,7.3,job_board,30.94,35.56,2024-02-20,2024-03-09,2024-03-16,2024-03-18,2024-04-07,2024-04-07,True,True,joined_on_time,2024-04-07,8,discovery
CAND-01419,APP-01466,REQ-00115,CLI-004,REC-008,Business Systems Analyst,IT/Technology,Columbus,OH,remote,W2 Contract,10.2,job_board,49.69,55.73,2025-06-16,2025-06-29,2025-07-17,2025-07-21,2025-08-21,,True,True,withdrew_post_acceptance,2025-08-12,13,held_out_test
CAND-01420,APP-01467,REQ-00223,CLI-001,REC-015,Machine Operator,Light Industrial,Memphis,TN,onsite,Direct Hire,5.4,recruiter_sourced,22.76,23.14,2024-04-02,2024-04-20,2024-05-08,2024-05-10,2024-05-30,2024-05-31,True,True,joined_on_time,2024-05-31,11,discovery
CAND-01421,APP-01468,REQ-00089,CLI-008,REC-010,Software Engineer,IT/Technology,Houston,TX,hybrid,W2 Contract,2.7,career_site,38.55,47.47,2025-05-10,2025-05-19,2025-05-30,2025-06-04,2025-06-28,,True,True,withdrew_post_acceptance,2025-06-08,12,discovery
CAND-01422,APP-01469,REQ-00108,CLI-007,REC-011,Phlebotomist,Healthcare,Philadelphia,PA,onsite,W2 Contract,2.7,job_board,28.31,33.42,2025-03-31,2025-04-18,2025-05-05,2025-05-06,2025-05-16,,True,True,withdrew_post_acceptance,2025-05-10,16,held_out_test
CAND-01423,APP-01470,REQ-00117,CLI-004,REC-013,Data Analyst,IT/Technology,Tucson,AZ,remote,Contract-to-Hire,6.0,job_board,65.97,67.34,2024-03-02,2024-03-17,2024-03-28,2024-03-28,2024-04-17,,True,True,withdrew_post_acceptance,2024-04-07,3,discovery
CAND-01424,APP-01471,REQ-00062,CLI-011,REC-009,Office Coordinator,Administrative/Professional,Houston,TX,hybrid,W2 Contract,12.1,referral,17.44,17.61,2025-06-23,2025-07-02,2025-07-17,2025-07-20,2025-08-19,2025-08-20,True,True,joined_on_time,2025-08-20,15,discovery
CAND-01425,APP-01472,REQ-00131,CLI-006,REC-012,Executive Assistant,Administrative/Professional,Memphis,TN,hybrid,Direct Hire,0.7,job_board,23.3,25.68,2024-04-10,2024-04-17,2024-04-22,2024-04-24,2024-05-26,,True,False,declined_offer,2024-04-24,7,discovery
CAND-01426,APP-01473,REQ-00112,CLI-001,REC-009,Forklift Operator,Light Industrial,Pittsburgh,PA,onsite,Contract-to-Hire,1.4,referral,,17.01,2025-07-20,2025-07-26,2025-08-13,2025-08-16,2025-09-09,2025-09-08,True,True,joined_on_time,2025-09-08,9,discovery
CAND-00720,APP-01474,REQ-00201,CLI-009,REC-010,Mechanical Engineer,Engineering,Tampa,FL,remote,Direct Hire,9.7,career_site,35.56,38.36,2024-12-27,2025-01-10,2025-01-24,2025-01-25,2025-02-07,2025-02-07,True,True,joined_on_time,2025-02-07,7,discovery
CAND-01427,APP-01475,REQ-00047,CLI-006,REC-012,Bookkeeper,Finance/Accounting,Orlando,FL,hybrid,W2 Contract,5.5,career_site,20.91,23.71,2025-01-17,2025-02-02,2025-02-18,2025-02-22,2025-03-14,2025-03-14,True,True,joined_on_time,2025-03-14,12,hypothesis_generation
CAND-01428,APP-01476,REQ-00215,CLI-002,REC-005,Medical Coder,Healthcare,Charlotte,NC,onsite,W2 Contract,11.8,recruiter_sourced,,33.34,2024-07-17,2024-07-28,2024-08-09,2024-08-14,2024-09-06,2024-09-06,True,True,joined_on_time,2024-09-06,1,held_out_test
CAND-01429,APP-01477,REQ-00114,CLI-007,REC-007,Radiology Technician,Healthcare,Atlanta,GA,onsite,W2 Contract,11.3,reapply,25.2,26.73,2024-11-20,2024-12-02,2024-12-09,2024-12-13,2024-12-23,,True,True,withdrew_post_acceptance,2024-12-18,21,held_out_test
CAND-01430,APP-01478,REQ-00224,CLI-009,REC-011,Project Engineer,Engineering,Memphis,TN,onsite,W2 Contract,5.5,career_site,35.32,35.81,2025-05-12,2025-05-25,2025-05-27,2025-05-28,2025-06-06,,True,True,withdrew_post_acceptance,2025-05-29,8,discovery
CAND-01431,APP-01479,REQ-00212,CLI-011,REC-009,HR Coordinator,Administrative/Professional,Chicago,IL,onsite,Direct Hire,11.3,referral,15.88,18.03,2025-04-14,2025-04-24,2025-04-30,2025-05-05,2025-05-13,2025-05-13,True,True,joined_on_time,2025-05-13,9,held_out_test
CAND-01432,APP-01480,REQ-00208,CLI-003,REC-003,Accounts Payable Clerk,Finance/Accounting,Charlotte,NC,onsite,Direct Hire,2.6,recruiter_sourced,40.83,43.82,2024-10-28,2024-11-16,2024-11-24,2024-11-29,2024-12-24,2025-01-09,True,True,joined_late,2025-01-09,10,held_out_test
CAND-01433,APP-01481,REQ-00095,CLI-001,REC-018,Shipping/Receiving Clerk,Light Industrial,Columbus,OH,onsite,W2 Contract,5.0,job_board,18.54,19.2,2024-10-13,2024-10-28,2024-11-11,2024-11-15,2024-12-10,,True,True,withdrew_post_acceptance,2024-12-08,10,hypothesis_generation
CAND-01434,APP-01482,REQ-00115,CLI-004,REC-016,Business Systems Analyst,IT/Technology,Columbus,OH,remote,W2 Contract,3.9,recruiter_sourced,,60.83,2025-05-24,2025-06-10,2025-06-21,2025-06-26,2025-07-14,,True,False,declined_offer,2025-06-26,18,held_out_test
CAND-01435,APP-01483,REQ-00022,CLI-009,REC-004,Civil Engineer,Engineering,Phoenix,AZ,remote,1099,2.5,staffing_event,35.7,41.33,2024-02-07,2024-02-21,2024-03-03,2024-03-04,2024-03-15,2024-03-16,True,True,joined_on_time,2024-03-16,14,discovery
CAND-01436,APP-01484,REQ-00170,CLI-002,REC-017,Pharmacy Technician,Healthcare,Memphis,TN,onsite,Contract-to-Hire,10.2,referral,34.58,32.74,2025-01-26,2025-01-31,2025-02-06,2025-02-07,2025-03-07,,True,True,withdrew_post_acceptance,2025-02-12,22,discovery
CAND-01437,APP-01485,REQ-00149,CLI-004,REC-001,DevOps Engineer,IT/Technology,St. Louis,MO,onsite,Contract-to-Hire,1.7,recruiter_sourced,43.83,44.06,2024-11-12,2024-11-27,2024-11-29,2024-11-29,2024-12-25,2024-12-25,True,True,joined_on_time,2024-12-25,13,discovery
CAND-01438,APP-01486,REQ-00211,CLI-001,REC-006,Machine Operator,Light Industrial,Austin,TX,onsite,Contract-to-Hire,5.1,recruiter_sourced,18.63,19.08,2024-04-29,2024-05-07,2024-05-24,2024-05-27,2024-06-19,2024-06-18,True,True,joined_on_time,2024-06-18,6,hypothesis_generation
CAND-01439,APP-01487,REQ-00101,CLI-011,REC-006,General Laborer,Light Industrial,Chicago,IL,onsite,Contract-to-Hire,2.3,recruiter_sourced,12.56,13.75,2025-02-09,2025-02-23,2025-03-05,2025-03-08,2025-03-19,2025-03-19,True,True,joined_on_time,2025-03-19,8,discovery
CAND-01440,APP-01488,REQ-00176,CLI-008,REC-007,Systems Administrator,IT/Technology,Austin,TX,hybrid,W2 Contract,5.6,recruiter_sourced,59.98,60.11,2025-04-10,2025-04-27,2025-05-11,2025-05-16,2025-06-07,2025-06-07,True,True,joined_on_time,2025-06-07,17,discovery
CAND-01441,APP-01489,REQ-00102,CLI-009,REC-001,Process Engineer,Engineering,Cincinnati,OH,onsite,Direct Hire,6.8,referral,,34.12,2024-10-19,2024-11-06,2024-11-13,2024-11-13,2024-12-07,,True,False,declined_offer,2024-11-13,17,discovery
CAND-01442,APP-01490,REQ-00199,CLI-006,REC-012,Administrative Assistant,Administrative/Professional,Atlanta,GA,hybrid,Direct Hire,3.5,career_site,18.26,22.38,2024-02-14,2024-02-22,2024-02-24,2024-02-26,2024-03-10,2024-03-18,True,True,joined_late,2024-03-18,18,held_out_test
CAND-01443,APP-01491,REQ-00083,CLI-008,REC-016,QA Tester,IT/Technology,Tucson,AZ,hybrid,Direct Hire,1.0,staffing_event,45.85,48.33,2024-03-21,2024-04-03,2024-04-07,2024-04-12,2024-04-26,2024-04-26,True,True,joined_on_time,2024-04-26,2,hypothesis_generation
CAND-01444,APP-01492,REQ-00196,CLI-008,REC-004,Data Analyst,IT/Technology,Chicago,IL,hybrid,Direct Hire,1.3,referral,43.23,44.73,2025-04-03,2025-04-13,2025-04-21,2025-04-23,2025-05-18,2025-05-18,True,True,joined_on_time,2025-05-18,6,discovery
CAND-01445,APP-01493,REQ-00117,CLI-004,REC-010,Data Analyst,IT/Technology,Tucson,AZ,remote,Contract-to-Hire,6.6,referral,,64.41,2024-03-29,2024-04-08,2024-04-15,2024-04-21,2024-05-07,2024-05-07,True,True,joined_on_time,2024-05-07,6,hypothesis_generation
CAND-01446,APP-01494,REQ-00183,CLI-010,REC-015,Receptionist,Administrative/Professional,Dallas,TX,hybrid,W2 Contract,5.1,recruiter_sourced,,18.93,2024-09-21,2024-10-09,2024-10-14,2024-10-15,2024-11-07,,True,True,accepted_no_show,2024-11-07,10,held_out_test
CAND-01447,APP-01495,REQ-00196,CLI-008,REC-001,Data Analyst,IT/Technology,Chicago,IL,hybrid,Direct Hire,1.3,recruiter_sourced,37.47,37.3,2025-03-25,2025-04-07,2025-04-16,2025-04-21,2025-05-15,2025-05-15,True,True,joined_on_time,2025-05-15,12,discovery
CAND-01448,APP-01496,REQ-00157,CLI-006,REC-018,Receptionist,Administrative/Professional,Dallas,TX,hybrid,1099,15.6,referral,18.67,18.9,2024-07-16,2024-07-23,2024-08-10,2024-08-11,2024-08-24,,True,False,declined_offer,2024-08-11,25,discovery
CAND-01449,APP-01497,REQ-00002,CLI-002,REC-005,Medical Coder,Healthcare,Austin,TX,onsite,W2 Contract,8.6,referral,37.52,37.93,2025-07-01,2025-07-05,2025-07-13,2025-07-14,2025-07-24,,True,False,declined_offer,2025-07-14,14,discovery
CAND-01450,APP-01498,REQ-00011,CLI-005,REC-003,Manufacturing Engineer,Engineering,Jacksonville,FL,onsite,W2 Contract,10.1,recruiter_sourced,31.14,30.72,2024-09-21,2024-10-08,2024-10-26,2024-10-30,2024-11-21,,True,True,accepted_no_show,2024-11-21,17,held_out_test
CAND-01451,APP-01499,REQ-00014,CLI-007,REC-011,Phlebotomist,Healthcare,Tucson,AZ,remote,Contract-to-Hire,2.6,job_board,32.04,32.31,2024-11-15,2024-11-29,2024-12-17,2024-12-19,2025-01-01,2025-01-01,True,True,joined_on_time,2025-01-01,10,discovery
CAND-01452,APP-01500,REQ-00142,CLI-010,REC-003,Data Entry Clerk,Administrative/Professional,Chicago,IL,hybrid,Direct Hire,2.4,job_board,20.83,22.48,2024-10-07,2024-10-19,2024-10-28,2024-10-31,2024-11-27,,True,True,withdrew_post_acceptance,2024-11-03,4,held_out_test
CAND-01453,APP-01501,REQ-00014,CLI-007,REC-018,Phlebotomist,Healthcare,Tucson,AZ,remote,Contract-to-Hire,2.6,recruiter_sourced,35.47,39.88,2024-11-08,2024-11-22,2024-11-29,2024-11-30,2025-01-01,2025-01-02,True,True,joined_on_time,2025-01-02,1,held_out_test
CAND-01454,APP-01502,REQ-00005,CLI-002,REC-016,Certified Nursing Assistant,Healthcare,Columbus,OH,onsite,W2 Contract,3.9,reapply,32.3,37.13,2024-12-24,2025-01-01,2025-01-14,2025-01-19,2025-01-24,2025-01-23,True,True,joined_on_time,2025-01-23,9,discovery
CAND-01455,APP-01503,REQ-00151,CLI-001,REC-009,Shipping/Receiving Clerk,Light Industrial,Pittsburgh,PA,onsite,Contract-to-Hire,7.2,job_board,17.1,17.78,2024-10-04,2024-10-13,2024-10-15,2024-10-19,2024-11-07,2024-11-07,True,True,joined_on_time,2024-11-07,6,held_out_test
CAND-01456,APP-01504,REQ-00225,CLI-006,REC-003,Staff Accountant,Finance/Accounting,Philadelphia,PA,hybrid,Direct Hire,5.4,job_board,32.74,34.96,2024-12-29,2025-01-05,2025-01-11,2025-01-11,2025-01-27,2025-01-27,True,True,joined_on_time,2025-01-27,4,discovery
CAND-01457,APP-01505,REQ-00064,CLI-001,REC-012,Warehouse Associate,Light Industrial,Columbus,OH,onsite,W2 Contract,5.0,job_board,17.49,17.85,2025-01-03,2025-01-08,2025-01-13,2025-01-13,2025-02-04,2025-02-19,True,True,joined_late,2025-02-19,7,discovery
CAND-01458,APP-01506,REQ-00184,CLI-009,REC-001,Mechanical Engineer,Engineering,Tampa,FL,onsite,W2 Contract,3.8,recruiter_sourced,31.19,31.43,2025-03-14,2025-04-02,2025-04-18,2025-04-19,2025-05-04,2025-05-05,True,True,joined_on_time,2025-05-05,19,discovery
CAND-01459,APP-01507,REQ-00013,CLI-007,REC-002,Pharmacy Technician,Healthcare,Houston,TX,onsite,1099,5.9,recruiter_sourced,23.86,23.61,2024-12-05,2024-12-25,2024-12-27,2025-01-01,2025-01-11,2025-01-11,True,True,joined_on_time,2025-01-11,6,hypothesis_generation
CAND-01460,APP-01508,REQ-00065,CLI-003,REC-015,Bookkeeper,Finance/Accounting,Indianapolis,IN,hybrid,Direct Hire,6.9,job_board,36.86,40.25,2024-08-05,2024-08-08,2024-08-22,2024-08-27,2024-09-17,,True,True,withdrew_post_acceptance,2024-09-01,10,discovery
CAND-01461,APP-01509,REQ-00140,CLI-008,REC-007,DevOps Engineer,IT/Technology,Pittsburgh,PA,onsite,Contract-to-Hire,8.6,referral,,52.5,2024-07-08,2024-07-15,2024-07-26,2024-07-29,2024-08-09,2024-08-08,True,True,joined_on_time,2024-08-08,15,discovery
CAND-01462,APP-01510,REQ-00168,CLI-004,REC-014,Business Systems Analyst,IT/Technology,Houston,TX,remote,1099,6.9,career_site,,66.48,2025-03-31,2025-04-14,2025-04-28,2025-05-04,2025-06-02,2025-06-01,True,True,joined_on_time,2025-06-01,14,held_out_test
CAND-01463,APP-01511,REQ-00222,CLI-011,REC-008,Administrative Assistant,Administrative/Professional,Austin,TX,onsite,W2 Contract,9.0,reapply,22.31,22.28,2024-04-07,2024-04-28,2024-05-11,2024-05-12,2024-06-14,2024-07-09,True,True,joined_late,2024-07-09,10,discovery
CAND-01464,APP-01512,REQ-00210,CLI-008,REC-001,QA Tester,IT/Technology,Indianapolis,IN,hybrid,Direct Hire,2.5,job_board,38.38,43.43,2025-01-31,2025-02-16,2025-03-01,2025-03-05,2025-03-21,2025-03-22,True,True,joined_on_time,2025-03-22,8,hypothesis_generation
CAND-01465,APP-01513,REQ-00161,CLI-004,REC-004,DevOps Engineer,IT/Technology,Atlanta,GA,remote,Direct Hire,2.2,job_board,40.64,43.47,2024-02-26,2024-03-04,2024-03-06,2024-03-07,2024-03-31,2024-03-30,True,True,joined_on_time,2024-03-30,7,hypothesis_generation
CAND-01466,APP-01514,REQ-00160,CLI-005,REC-013,Civil Engineer,Engineering,Tucson,AZ,onsite,Contract-to-Hire,7.7,recruiter_sourced,37.15,38.07,2024-11-17,2024-11-25,2024-11-28,2024-12-01,2024-12-31,2024-12-30,True,True,joined_on_time,2024-12-30,26,held_out_test
CAND-01467,APP-01515,REQ-00072,CLI-002,REC-011,Medical Assistant,Healthcare,Charlotte,NC,onsite,Contract-to-Hire,15.3,career_site,23.84,29.12,2024-12-22,2024-12-28,2025-01-09,2025-01-11,2025-01-27,,True,True,withdrew_post_acceptance,2025-01-17,21,held_out_test
CAND-01468,APP-01516,REQ-00009,CLI-001,REC-009,General Laborer,Light Industrial,Jacksonville,FL,hybrid,W2 Contract,4.3,job_board,16.36,16.72,2025-02-23,2025-03-07,2025-03-10,2025-03-11,2025-03-21,,True,False,declined_offer,2025-03-11,3,discovery
CAND-01469,APP-01517,REQ-00084,CLI-009,REC-010,Quality Engineer,Engineering,Raleigh,NC,onsite,Contract-to-Hire,1.9,career_site,33.53,39.59,2024-09-09,2024-09-23,2024-10-08,2024-10-14,2024-10-27,2024-10-28,True,True,joined_on_time,2024-10-28,10,held_out_test
CAND-01470,APP-01518,REQ-00100,CLI-003,REC-015,Bookkeeper,Finance/Accounting,Chicago,IL,hybrid,W2 Contract,5.2,recruiter_sourced,33.8,40.1,2025-01-11,2025-01-19,2025-01-28,2025-01-30,2025-02-22,,True,True,withdrew_post_acceptance,2025-02-03,12,discovery
CAND-01471,APP-01519,REQ-00180,CLI-002,REC-011,Certified Nursing Assistant,Healthcare,Jacksonville,FL,remote,W2 Contract,5.5,job_board,36.53,39.48,2024-08-12,2024-08-18,2024-09-05,2024-09-05,2024-09-16,,True,True,accepted_no_show,2024-09-16,10,discovery
CAND-01472,APP-01520,REQ-00131,CLI-006,REC-015,Executive Assistant,Administrative/Professional,Memphis,TN,hybrid,Direct Hire,3.2,recruiter_sourced,23.67,25.1,2024-05-06,2024-05-11,2024-05-28,2024-05-29,2024-06-20,2024-06-21,True,True,joined_on_time,2024-06-21,10,discovery
CAND-01473,APP-01521,REQ-00146,CLI-006,REC-015,Administrative Assistant,Administrative/Professional,Raleigh,NC,remote,1099,5.8,recruiter_sourced,17.61,18.78,2025-03-13,2025-04-03,2025-04-05,2025-04-11,2025-05-08,,True,True,accepted_no_show,2025-05-08,19,discovery
CAND-01474,APP-01522,REQ-00092,CLI-011,REC-018,Data Entry Clerk,Administrative/Professional,Houston,TX,onsite,Direct Hire,5.1,job_board,15.65,17.54,2024-03-04,2024-03-21,2024-03-26,2024-03-27,2024-04-06,2024-04-06,True,True,joined_on_time,2024-04-06,2,hypothesis_generation
CAND-01475,APP-01523,REQ-00136,CLI-008,REC-001,Business Systems Analyst,IT/Technology,St. Louis,MO,hybrid,W2 Contract,2.3,recruiter_sourced,43.98,42.9,2024-10-23,2024-11-03,2024-11-20,2024-11-22,2024-12-06,,True,False,declined_offer,2024-11-22,23,held_out_test
CAND-01476,APP-01524,REQ-00191,CLI-008,REC-008,Data Analyst,IT/Technology,St. Louis,MO,hybrid,Direct Hire,1.4,job_board,48.23,51.56,2024-09-27,2024-10-13,2024-10-20,2024-10-22,2024-11-16,,True,True,accepted_no_show,2024-11-16,17,hypothesis_generation
CAND-01477,APP-01525,REQ-00043,CLI-008,REC-009,Data Analyst,IT/Technology,Memphis,TN,hybrid,Contract-to-Hire,4.5,recruiter_sourced,52.1,63.02,2024-04-26,2024-05-07,2024-05-24,2024-05-24,2024-06-09,2024-06-08,True,True,joined_on_time,2024-06-08,12,discovery
CAND-01478,APP-01526,REQ-00028,CLI-009,REC-004,Mechanical Engineer,Engineering,Jacksonville,FL,onsite,W2 Contract,7.6,referral,31.0,34.75,2024-09-09,2024-09-26,2024-10-06,2024-10-12,2024-10-29,2024-10-29,True,True,joined_on_time,2024-10-29,14,held_out_test
CAND-01479,APP-01527,REQ-00134,CLI-010,REC-003,Administrative Assistant,Administrative/Professional,Raleigh,NC,hybrid,W2 Contract,10.1,recruiter_sourced,16.8,17.65,2025-02-26,2025-03-16,2025-03-18,2025-03-18,2025-03-29,,True,False,declined_offer,2025-03-18,2,hypothesis_generation
CAND-01480,APP-01528,REQ-00039,CLI-009,REC-011,Electrical Engineer,Engineering,Chicago,IL,onsite,Direct Hire,8.9,job_board,,41.36,2025-06-14,2025-07-05,2025-07-07,2025-07-13,2025-07-19,2025-07-18,True,True,joined_on_time,2025-07-18,0,discovery
CAND-01481,APP-01529,REQ-00066,CLI-001,REC-018,Warehouse Associate,Light Industrial,Chicago,IL,onsite,1099,8.5,job_board,14.17,16.18,2024-08-10,2024-08-21,2024-08-30,2024-09-03,2024-10-03,,True,False,declined_offer,2024-09-03,19,held_out_test
CAND-01482,APP-01530,REQ-00081,CLI-003,REC-002,Senior Accountant,Finance/Accounting,Jacksonville,FL,hybrid,W2 Contract,6.8,recruiter_sourced,32.33,37.61,2024-12-08,2024-12-19,2024-12-21,2024-12-23,2025-01-07,2025-01-31,True,True,joined_late,2025-01-31,2,discovery
CAND-01483,APP-01531,REQ-00055,CLI-002,REC-002,Certified Nursing Assistant,Healthcare,Memphis,TN,onsite,Contract-to-Hire,2.2,job_board,31.28,33.27,2024-02-28,2024-03-18,2024-03-21,2024-03-27,2024-04-18,2024-04-18,True,True,joined_on_time,2024-04-18,6,discovery
CAND-01484,APP-01532,REQ-00026,CLI-001,REC-012,Material Handler,Light Industrial,Kansas City,MO,onsite,W2 Contract,12.3,staffing_event,17.78,17.49,2024-08-31,2024-09-05,2024-09-13,2024-09-16,2024-10-11,2024-10-11,True,True,joined_on_time,2024-10-11,8,discovery
CAND-01485,APP-01533,REQ-00063,CLI-007,REC-011,Certified Nursing Assistant,Healthcare,Dallas,TX,onsite,1099,7.0,job_board,,29.7,2024-07-24,2024-07-30,2024-08-05,2024-08-06,2024-08-30,,True,False,declined_offer,2024-08-06,16,held_out_test
CAND-01486,APP-01534,REQ-00015,CLI-001,REC-012,Forklift Operator,Light Industrial,Nashville,TN,onsite,Direct Hire,8.0,job_board,17.02,18.49,2025-04-05,2025-04-18,2025-05-03,2025-05-04,2025-05-19,2025-05-20,True,True,joined_on_time,2025-05-20,13,held_out_test
CAND-01487,APP-01535,REQ-00068,CLI-002,REC-014,Pharmacy Technician,Healthcare,Milwaukee,WI,onsite,Contract-to-Hire,2.6,staffing_event,34.28,39.91,2024-11-10,2024-11-13,2024-11-17,2024-11-22,2024-12-05,,True,False,declined_offer,2024-11-22,21,hypothesis_generation
CAND-01488,APP-01536,REQ-00079,CLI-005,REC-018,Material Handler,Light Industrial,Indianapolis,IN,onsite,1099,3.3,recruiter_sourced,17.09,16.69,2025-04-19,2025-05-09,2025-05-16,2025-05-16,2025-05-28,,True,True,accepted_no_show,2025-05-28,7,discovery
CAND-01489,APP-01537,REQ-00016,CLI-003,REC-018,Financial Analyst,Finance/Accounting,Jacksonville,FL,onsite,Contract-to-Hire,8.3,referral,35.53,39.37,2024-04-09,2024-04-20,2024-04-25,2024-05-01,2024-05-22,,True,False,declined_offer,2024-05-01,7,discovery
CAND-01490,APP-01538,REQ-00202,CLI-004,REC-001,Software Engineer,IT/Technology,Houston,TX,onsite,W2 Contract,7.3,recruiter_sourced,43.77,47.68,2025-04-29,2025-05-20,2025-06-07,2025-06-11,2025-07-03,2025-07-04,True,True,joined_on_time,2025-07-04,10,discovery
CAND-01491,APP-01539,REQ-00217,CLI-001,REC-003,Shipping/Receiving Clerk,Light Industrial,St. Louis,MO,onsite,W2 Contract,4.9,staffing_event,16.37,16.11,2024-10-22,2024-11-11,2024-11-29,2024-12-04,2024-12-27,,True,False,declined_offer,2024-12-04,0,discovery
CAND-01492,APP-01540,REQ-00191,CLI-008,REC-015,Data Analyst,IT/Technology,St. Louis,MO,hybrid,Direct Hire,3.5,job_board,33.91,35.7,2024-09-14,2024-09-19,2024-10-03,2024-10-05,2024-10-22,2024-10-23,True,True,joined_on_time,2024-10-23,12,discovery
CAND-01493,APP-01541,REQ-00097,CLI-006,REC-012,Financial Analyst,Finance/Accounting,Columbus,OH,hybrid,1099,2.5,recruiter_sourced,22.3,25.54,2025-02-15,2025-02-25,2025-03-13,2025-03-17,2025-04-03,2025-04-20,True,True,joined_late,2025-04-20,14,discovery
CAND-01494,APP-01542,REQ-00061,CLI-004,REC-002,Systems Administrator,IT/Technology,Jacksonville,FL,remote,Direct Hire,1.0,career_site,47.91,48.44,2025-02-20,2025-02-24,2025-03-11,2025-03-14,2025-03-31,2025-03-31,True,True,joined_on_time,2025-03-31,6,discovery
CAND-01495,APP-01543,REQ-00129,CLI-010,REC-006,Administrative Assistant,Administrative/Professional,Houston,TX,hybrid,Direct Hire,7.7,job_board,14.61,16.85,2024-02-01,2024-02-06,2024-02-13,2024-02-17,2024-03-09,2024-03-10,True,True,joined_on_time,2024-03-10,22,discovery
CAND-01496,APP-01544,REQ-00020,CLI-011,REC-015,Administrative Assistant,Administrative/Professional,Charlotte,NC,onsite,Contract-to-Hire,4.8,career_site,15.37,15.33,2024-11-05,2024-11-20,2024-12-07,2024-12-12,2025-01-06,,True,True,withdrew_post_acceptance,2024-12-14,13,held_out_test
CAND-01497,APP-01545,REQ-00015,CLI-001,REC-006,Forklift Operator,Light Industrial,Nashville,TN,onsite,Direct Hire,3.5,career_site,20.76,21.11,2025-04-04,2025-04-25,2025-05-10,2025-05-10,2025-05-31,2025-05-31,True,True,joined_on_time,2025-05-31,8,discovery
CAND-01498,APP-01546,REQ-00036,CLI-009,REC-004,Project Engineer,Engineering,Nashville,TN,onsite,Direct Hire,6.7,career_site,38.77,44.39,2024-03-04,2024-03-24,2024-04-02,2024-04-04,2024-05-05,2024-05-05,True,True,joined_on_time,2024-05-05,0,hypothesis_generation
CAND-01499,APP-01547,REQ-00114,CLI-007,REC-014,Radiology Technician,Healthcare,Atlanta,GA,onsite,W2 Contract,4.7,referral,25.96,28.44,2024-12-12,2024-12-24,2024-12-27,2024-12-31,2025-01-19,,True,True,withdrew_post_acceptance,2025-01-10,9,discovery
CAND-01500,APP-01548,REQ-00132,CLI-006,REC-002,Office Coordinator,Administrative/Professional,Chicago,IL,hybrid,Direct Hire,7.7,job_board,16.99,17.75,2024-07-22,2024-08-07,2024-08-09,2024-08-11,2024-09-02,,True,True,accepted_no_show,2024-09-02,6,discovery
CAND-01501,APP-01549,REQ-00052,CLI-011,REC-003,Data Entry Clerk,Administrative/Professional,Austin,TX,onsite,Contract-to-Hire,5.1,recruiter_sourced,20.18,23.01,2024-10-24,2024-10-31,2024-11-07,2024-11-09,2024-12-05,,True,True,accepted_no_show,2024-12-05,8,discovery
CAND-01502,APP-01550,REQ-00031,CLI-001,REC-009,Shipping/Receiving Clerk,Light Industrial,Memphis,TN,onsite,W2 Contract,10.3,job_board,,20.6,2025-05-12,2025-05-22,2025-06-01,2025-06-05,2025-06-23,,True,True,withdrew_post_acceptance,2025-06-23,5,held_out_test
CAND-01503,APP-01551,REQ-00184,CLI-009,REC-013,Mechanical Engineer,Engineering,Tampa,FL,onsite,W2 Contract,12.8,job_board,48.93,52.68,2025-04-08,2025-04-26,2025-05-02,2025-05-08,2025-05-28,,True,True,withdrew_post_acceptance,2025-05-23,10,held_out_test
CAND-00126,APP-01552,REQ-00203,CLI-010,REC-012,Executive Assistant,Administrative/Professional,Phoenix,AZ,hybrid,W2 Contract,4.7,job_board,,21.03,2025-01-24,2025-01-30,2025-02-08,2025-02-10,2025-03-11,2025-03-12,True,True,joined_on_time,2025-03-12,10,hypothesis_generation
CAND-01504,APP-01553,REQ-00186,CLI-011,REC-006,Machine Operator,Light Industrial,Indianapolis,IN,onsite,Contract-to-Hire,0.8,job_board,18.02,19.96,2025-06-28,2025-07-14,2025-07-16,2025-07-18,2025-07-31,2025-07-31,True,True,joined_on_time,2025-07-31,7,held_out_test
CAND-01505,APP-01554,REQ-00191,CLI-008,REC-007,Data Analyst,IT/Technology,St. Louis,MO,hybrid,Direct Hire,2.9,recruiter_sourced,57.08,61.55,2024-08-19,2024-08-22,2024-08-29,2024-08-31,2024-09-16,2024-09-16,True,True,joined_on_time,2024-09-16,9,discovery
CAND-01506,APP-01555,REQ-00123,CLI-009,REC-001,Process Engineer,Engineering,Kansas City,MO,onsite,W2 Contract,6.2,recruiter_sourced,32.43,38.21,2024-11-23,2024-12-02,2024-12-13,2024-12-15,2024-12-23,,True,False,declined_offer,2024-12-15,6,held_out_test
CAND-01507,APP-01556,REQ-00074,CLI-002,REC-011,Registered Nurse,Healthcare,Jacksonville,FL,remote,Direct Hire,5.6,referral,27.32,29.98,2024-04-19,2024-04-24,2024-05-12,2024-05-13,2024-06-13,2024-06-13,True,True,joined_on_time,2024-06-13,5,hypothesis_generation
CAND-01508,APP-01557,REQ-00140,CLI-008,REC-013,DevOps Engineer,IT/Technology,Pittsburgh,PA,onsite,Contract-to-Hire,1.8,career_site,32.73,35.3,2024-06-02,2024-06-22,2024-06-28,2024-06-28,2024-07-16,2024-07-15,True,True,joined_on_time,2024-07-15,10,held_out_test
CAND-01509,APP-01558,REQ-00025,CLI-006,REC-015,AR Specialist,Finance/Accounting,Nashville,TN,onsite,Direct Hire,2.5,reapply,29.0,34.6,2024-06-29,2024-07-07,2024-07-21,2024-07-26,2024-08-12,,True,True,withdrew_post_acceptance,2024-08-04,17,discovery
CAND-01510,APP-01559,REQ-00125,CLI-010,REC-018,Customer Service Representative,Administrative/Professional,Columbus,OH,hybrid,Contract-to-Hire,4.5,referral,14.37,16.62,2024-10-29,2024-11-10,2024-11-28,2024-12-01,2024-12-26,2024-12-26,True,True,joined_on_time,2024-12-26,9,hypothesis_generation
CAND-01511,APP-01560,REQ-00144,CLI-006,REC-009,Payroll Specialist,Finance/Accounting,Nashville,TN,hybrid,W2 Contract,6.0,staffing_event,30.94,29.65,2025-02-11,2025-02-15,2025-02-20,2025-02-20,2025-03-21,,True,True,withdrew_post_acceptance,2025-02-25,0,discovery
CAND-01512,APP-01561,REQ-00127,CLI-004,REC-001,Data Analyst,IT/Technology,Philadelphia,PA,remote,Direct Hire,7.9,staffing_event,36.36,40.76,2024-11-09,2024-11-24,2024-11-27,2024-11-29,2024-12-10,2024-12-09,True,True,joined_on_time,2024-12-09,11,discovery
CAND-01513,APP-01562,REQ-00034,CLI-011,REC-018,Machine Operator,Light Industrial,Raleigh,NC,onsite,W2 Contract,2.0,career_site,15.63,18.18,2024-08-01,2024-08-21,2024-09-04,2024-09-05,2024-09-27,2024-09-27,True,True,joined_on_time,2024-09-27,10,discovery
CAND-01514,APP-01563,REQ-00014,CLI-007,REC-002,Phlebotomist,Healthcare,Tucson,AZ,remote,Contract-to-Hire,3.3,recruiter_sourced,27.8,28.97,2024-10-19,2024-11-03,2024-11-20,2024-11-20,2024-12-01,2024-11-30,True,True,joined_on_time,2024-11-30,19,held_out_test
CAND-01515,APP-01564,REQ-00172,CLI-001,REC-006,Shipping/Receiving Clerk,Light Industrial,Houston,TX,onsite,Contract-to-Hire,6.2,job_board,17.19,17.84,2024-12-17,2025-01-01,2025-01-15,2025-01-20,2025-02-02,2025-02-03,True,True,joined_on_time,2025-02-03,13,hypothesis_generation
CAND-01516,APP-01565,REQ-00205,CLI-009,REC-010,Process Engineer,Engineering,Chicago,IL,onsite,Contract-to-Hire,4.5,reapply,40.43,43.86,2024-10-31,2024-11-03,2024-11-14,2024-11-16,2024-12-07,2024-12-21,True,True,joined_late,2024-12-21,6,discovery
CAND-01517,APP-01566,REQ-00049,CLI-008,REC-007,Systems Administrator,IT/Technology,Milwaukee,WI,hybrid,Direct Hire,3.4,recruiter_sourced,58.92,65.03,2024-10-03,2024-10-15,2024-10-27,2024-10-28,2024-11-12,2024-12-01,True,True,joined_late,2024-12-01,8,discovery
CAND-00259,APP-01567,REQ-00015,CLI-001,REC-013,Forklift Operator,Light Industrial,Nashville,TN,onsite,Direct Hire,0.5,career_site,17.93,18.88,2025-04-03,2025-04-18,2025-05-02,2025-05-08,2025-05-16,,True,True,withdrew_post_acceptance,2025-05-11,0,discovery
CAND-01518,APP-01568,REQ-00090,CLI-011,REC-018,Warehouse Associate,Light Industrial,Atlanta,GA,onsite,W2 Contract,3.0,recruiter_sourced,16.34,18.93,2024-12-11,2024-12-25,2025-01-03,2025-01-03,2025-01-13,,True,True,accepted_no_show,2025-01-13,3,discovery
CAND-01519,APP-01569,REQ-00151,CLI-001,REC-006,Shipping/Receiving Clerk,Light Industrial,Pittsburgh,PA,onsite,Contract-to-Hire,9.4,job_board,23.62,22.84,2024-09-09,2024-09-26,2024-10-11,2024-10-14,2024-11-12,2024-11-12,True,True,joined_on_time,2024-11-12,12,discovery
CAND-01520,APP-01570,REQ-00083,CLI-008,REC-007,QA Tester,IT/Technology,Tucson,AZ,hybrid,Direct Hire,3.2,job_board,57.88,57.21,2024-04-04,2024-04-15,2024-04-20,2024-04-20,2024-05-11,2024-05-12,True,True,joined_on_time,2024-05-12,11,discovery
CAND-01521,APP-01571,REQ-00207,CLI-002,REC-008,Pharmacy Technician,Healthcare,Austin,TX,onsite,1099,16.4,referral,,36.89,2024-04-04,2024-04-07,2024-04-09,2024-04-09,2024-05-04,,True,False,declined_offer,2024-04-09,11,discovery
CAND-01522,APP-01572,REQ-00133,CLI-007,REC-011,Medical Coder,Healthcare,Pittsburgh,PA,onsite,1099,1.0,job_board,,34.95,2024-03-18,2024-03-26,2024-04-08,2024-04-11,2024-05-13,,True,True,withdrew_post_acceptance,2024-04-12,8,discovery
CAND-01523,APP-01573,REQ-00087,CLI-001,REC-013,Machine Operator,Light Industrial,Jacksonville,FL,onsite,Contract-to-Hire,10.2,staffing_event,16.3,18.94,2025-02-15,2025-02-26,2025-03-05,2025-03-10,2025-04-09,,True,False,declined_offer,2025-03-10,13,discovery
CAND-01524,APP-01574,REQ-00190,CLI-010,REC-018,HR Coordinator,Administrative/Professional,Indianapolis,IN,hybrid,Contract-to-Hire,1.1,job_board,25.22,24.36,2025-03-31,2025-04-10,2025-04-27,2025-04-29,2025-05-14,,True,True,withdrew_post_acceptance,2025-05-06,9,discovery
CAND-01525,APP-01575,REQ-00083,CLI-008,REC-013,QA Tester,IT/Technology,Tucson,AZ,hybrid,Direct Hire,1.8,recruiter_sourced,56.52,61.32,2024-04-15,2024-04-23,2024-05-06,2024-05-08,2024-06-01,2024-06-01,True,True,joined_on_time,2024-06-01,12,held_out_test
CAND-01526,APP-01576,REQ-00166,CLI-003,REC-018,Accounts Payable Clerk,Finance/Accounting,Nashville,TN,hybrid,Contract-to-Hire,3.0,recruiter_sourced,,28.98,2024-10-25,2024-11-08,2024-11-18,2024-11-18,2024-11-29,2024-11-29,True,True,joined_on_time,2024-11-29,10,discovery
CAND-01527,APP-01577,REQ-00006,CLI-007,REC-008,Registered Nurse,Healthcare,Philadelphia,PA,onsite,1099,4.8,referral,,25.04,2025-02-17,2025-02-22,2025-02-27,2025-02-28,2025-03-15,2025-03-15,True,True,joined_on_time,2025-03-15,1,discovery
CAND-01528,APP-01578,REQ-00021,CLI-009,REC-002,Manufacturing Engineer,Engineering,Columbus,OH,hybrid,Direct Hire,4.4,reapply,43.45,47.05,2025-06-26,2025-07-14,2025-07-18,2025-07-21,2025-08-11,2025-08-26,True,True,joined_late,2025-08-26,20,held_out_test
CAND-01529,APP-01579,REQ-00073,CLI-004,REC-016,QA Tester,IT/Technology,Milwaukee,WI,remote,Direct Hire,4.5,referral,42.02,40.66,2024-07-15,2024-07-23,2024-07-25,2024-07-26,2024-08-21,,True,False,declined_offer,2024-07-26,2,discovery
CAND-01530,APP-01580,REQ-00076,CLI-005,REC-003,Machine Operator,Light Industrial,Jacksonville,FL,onsite,Direct Hire,1.1,referral,16.15,18.83,2024-05-16,2024-05-20,2024-05-24,2024-05-28,2024-06-28,,True,False,declined_offer,2024-05-28,15,held_out_test
CAND-01531,APP-01581,REQ-00031,CLI-001,REC-003,Shipping/Receiving Clerk,Light Industrial,Memphis,TN,onsite,W2 Contract,2.0,referral,14.41,17.17,2025-06-18,2025-06-28,2025-07-10,2025-07-15,2025-08-06,2025-08-07,True,True,joined_on_time,2025-08-07,14,discovery
CAND-01532,APP-01582,REQ-00093,CLI-009,REC-016,Civil Engineer,Engineering,St. Louis,MO,onsite,1099,2.2,recruiter_sourced,34.97,38.1,2024-03-01,2024-03-13,2024-03-15,2024-03-15,2024-04-16,2024-04-15,True,True,joined_on_time,2024-04-15,11,discovery
CAND-01533,APP-01583,REQ-00012,CLI-009,REC-010,Project Engineer,Engineering,Austin,TX,onsite,W2 Contract,7.0,recruiter_sourced,26.06,29.75,2024-12-12,2024-12-28,2025-01-10,2025-01-11,2025-01-28,2025-01-28,True,True,joined_on_time,2025-01-28,13,hypothesis_generation
CAND-01534,APP-01584,REQ-00016,CLI-003,REC-009,Financial Analyst,Finance/Accounting,Jacksonville,FL,onsite,Contract-to-Hire,7.6,career_site,35.65,39.47,2024-04-11,2024-05-01,2024-05-14,2024-05-19,2024-05-26,2024-05-26,True,True,joined_on_time,2024-05-26,0,discovery
CAND-01535,APP-01585,REQ-00071,CLI-008,REC-010,Business Systems Analyst,IT/Technology,Philadelphia,PA,hybrid,W2 Contract,8.8,job_board,45.76,46.53,2025-06-08,2025-06-21,2025-06-30,2025-07-05,2025-07-29,2025-07-28,True,True,joined_on_time,2025-07-28,15,discovery
CAND-01536,APP-01586,REQ-00013,CLI-007,REC-014,Pharmacy Technician,Healthcare,Houston,TX,onsite,1099,3.6,career_site,33.27,34.81,2024-12-09,2024-12-30,2025-01-14,2025-01-18,2025-02-09,2025-02-28,True,True,joined_late,2025-02-28,7,held_out_test
CAND-01537,APP-01587,REQ-00018,CLI-008,REC-007,DevOps Engineer,IT/Technology,Tucson,AZ,hybrid,Contract-to-Hire,5.5,recruiter_sourced,40.23,40.73,2024-10-09,2024-10-27,2024-11-01,2024-11-03,2024-11-25,2024-11-25,True,True,joined_on_time,2024-11-25,19,discovery
CAND-01538,APP-01588,REQ-00106,CLI-002,REC-002,Certified Nursing Assistant,Healthcare,Atlanta,GA,remote,Direct Hire,3.7,recruiter_sourced,,44.63,2024-02-23,2024-03-05,2024-03-12,2024-03-14,2024-03-26,,True,True,accepted_no_show,2024-03-26,8,discovery
CAND-01539,APP-01589,REQ-00185,CLI-005,REC-018,Process Engineer,Engineering,Houston,TX,onsite,Direct Hire,4.3,job_board,45.38,42.9,2025-07-25,2025-08-13,2025-08-22,2025-08-23,2025-09-19,2025-09-18,True,True,joined_on_time,2025-09-18,16,hypothesis_generation
CAND-01540,APP-01590,REQ-00152,CLI-003,REC-018,Accounts Payable Clerk,Finance/Accounting,Houston,TX,hybrid,W2 Contract,8.7,job_board,,35.98,2024-05-18,2024-05-26,2024-06-03,2024-06-04,2024-06-29,2024-06-30,True,True,joined_on_time,2024-06-30,11,hypothesis_generation
CAND-01541,APP-01591,REQ-00107,CLI-001,REC-002,Warehouse Associate,Light Industrial,Jacksonville,FL,hybrid,Contract-to-Hire,7.1,career_site,20.17,24.2,2024-10-13,2024-10-19,2024-10-22,2024-10-28,2024-11-04,,True,False,declined_offer,2024-10-28,12,hypothesis_generation
CAND-01542,APP-01592,REQ-00122,CLI-004,REC-004,QA Tester,IT/Technology,Tampa,FL,remote,W2 Contract,9.4,job_board,51.44,57.33,2025-02-28,2025-03-17,2025-04-01,2025-04-04,2025-04-14,,True,False,declined_offer,2025-04-04,0,discovery
CAND-01543,APP-01593,REQ-00086,CLI-002,REC-014,Registered Nurse,Healthcare,Phoenix,AZ,onsite,W2 Contract,5.8,referral,33.18,39.62,2025-04-17,2025-05-05,2025-05-19,2025-05-19,2025-05-29,,True,True,rejected_by_client,2025-05-28,0,discovery
CAND-01544,APP-01594,REQ-00151,CLI-001,REC-006,Shipping/Receiving Clerk,Light Industrial,Pittsburgh,PA,onsite,Contract-to-Hire,2.2,job_board,,18.73,2024-09-07,2024-09-17,2024-09-28,2024-09-30,2024-10-28,2024-10-28,True,True,joined_on_time,2024-10-28,7,discovery
CAND-01545,APP-01595,REQ-00201,CLI-009,REC-013,Mechanical Engineer,Engineering,Tampa,FL,remote,Direct Hire,8.9,reapply,50.36,50.56,2024-03-20,2024-04-09,2024-04-15,2024-04-16,2024-05-05,,True,True,accepted_no_show,2024-05-05,12,held_out_test
CAND-01546,APP-01596,REQ-00152,CLI-003,REC-018,Accounts Payable Clerk,Finance/Accounting,Houston,TX,hybrid,W2 Contract,7.4,job_board,37.96,39.16,2024-04-19,2024-04-22,2024-05-08,2024-05-14,2024-06-11,2024-06-11,True,True,joined_on_time,2024-06-11,22,hypothesis_generation
CAND-00557,APP-01597,REQ-00048,CLI-008,REC-001,QA Tester,IT/Technology,Phoenix,AZ,hybrid,Contract-to-Hire,2.6,recruiter_sourced,39.49,41.2,2025-07-24,2025-08-06,2025-08-08,2025-08-13,2025-08-19,,True,False,declined_offer,2025-08-13,14,discovery
CAND-01547,APP-01598,REQ-00158,CLI-010,REC-012,Customer Service Representative,Administrative/Professional,Phoenix,AZ,hybrid,Contract-to-Hire,0.4,job_board,16.61,19.09,2025-03-19,2025-04-02,2025-04-13,2025-04-19,2025-04-25,2025-04-24,True,True,joined_on_time,2025-04-24,13,discovery
CAND-00889,APP-01599,REQ-00066,CLI-001,REC-009,Warehouse Associate,Light Industrial,Chicago,IL,onsite,1099,1.1,job_board,22.27,22.9,2025-02-15,2025-03-08,2025-03-18,2025-03-24,2025-04-16,,True,True,withdrew_post_acceptance,2025-04-09,15,discovery
CAND-01548,APP-01600,REQ-00171,CLI-005,REC-007,Process Engineer,Engineering,Jacksonville,FL,onsite,Contract-to-Hire,1.8,recruiter_sourced,44.21,49.04,2024-12-18,2024-12-30,2025-01-05,2025-01-08,2025-02-01,2025-02-02,True,True,joined_on_time,2025-02-02,21,discovery
CAND-01549,APP-01601,REQ-00072,CLI-002,REC-005,Medical Assistant,Healthcare,Charlotte,NC,onsite,Contract-to-Hire,10.6,reapply,37.37,43.6,2025-01-12,2025-02-01,2025-02-16,2025-02-20,2025-03-15,,True,False,declined_offer,2025-02-20,13,held_out_test
CAND-01550,APP-01602,REQ-00056,CLI-011,REC-012,Office Coordinator,Administrative/Professional,Austin,TX,onsite,Direct Hire,4.8,referral,16.58,17.55,2024-06-02,2024-06-07,2024-06-20,2024-06-20,2024-07-11,2024-07-12,True,True,joined_on_time,2024-07-12,0,discovery
CAND-01551,APP-01603,REQ-00225,CLI-006,REC-012,Staff Accountant,Finance/Accounting,Philadelphia,PA,hybrid,Direct Hire,4.2,recruiter_sourced,31.96,32.08,2025-01-27,2025-02-06,2025-02-12,2025-02-12,2025-02-24,2025-02-24,True,True,joined_on_time,2025-02-24,10,hypothesis_generation
CAND-01552,APP-01604,REQ-00208,CLI-003,REC-012,Accounts Payable Clerk,Finance/Accounting,Charlotte,NC,onsite,Direct Hire,1.3,recruiter_sourced,27.65,31.64,2024-12-07,2024-12-15,2024-12-29,2024-12-29,2025-01-17,2025-01-16,True,True,joined_on_time,2025-01-16,7,held_out_test
CAND-01553,APP-01605,REQ-00195,CLI-002,REC-014,Medical Coder,Healthcare,Columbus,OH,hybrid,Direct Hire,3.5,career_site,27.34,32.3,2024-03-15,2024-03-29,2024-04-10,2024-04-14,2024-04-30,2024-04-29,True,True,joined_on_time,2024-04-29,15,held_out_test
CAND-01554,APP-01606,REQ-00183,CLI-010,REC-009,Receptionist,Administrative/Professional,Dallas,TX,hybrid,W2 Contract,10.3,referral,16.48,18.08,2024-10-17,2024-11-01,2024-11-08,2024-11-14,2024-11-20,,True,False,declined_offer,2024-11-14,10,held_out_test
CAND-01555,APP-01607,REQ-00136,CLI-008,REC-007,Business Systems Analyst,IT/Technology,St. Louis,MO,hybrid,W2 Contract,8.7,referral,,35.74,2024-11-19,2024-12-05,2024-12-15,2024-12-16,2024-12-30,,True,True,withdrew_post_acceptance,2024-12-19,9,discovery
CAND-01556,APP-01608,REQ-00048,CLI-008,REC-007,QA Tester,IT/Technology,Phoenix,AZ,hybrid,Contract-to-Hire,2.8,recruiter_sourced,54.31,53.87,2024-11-14,2024-11-25,2024-12-08,2024-12-10,2024-12-22,2024-12-21,True,True,joined_on_time,2024-12-21,7,held_out_test
CAND-01557,APP-01609,REQ-00068,CLI-002,REC-008,Pharmacy Technician,Healthcare,Milwaukee,WI,onsite,Contract-to-Hire,6.6,recruiter_sourced,44.43,42.77,2024-11-21,2024-11-25,2024-12-07,2024-12-10,2025-01-10,,True,False,declined_offer,2024-12-10,23,hypothesis_generation
CAND-01558,APP-01610,REQ-00130,CLI-011,REC-015,HR Coordinator,Administrative/Professional,Austin,TX,onsite,Contract-to-Hire,1.4,recruiter_sourced,22.67,23.49,2025-04-25,2025-05-16,2025-05-18,2025-05-23,2025-05-29,2025-05-28,True,True,joined_on_time,2025-05-28,13,discovery
CAND-01559,APP-01611,REQ-00100,CLI-003,REC-018,Bookkeeper,Finance/Accounting,Chicago,IL,hybrid,W2 Contract,10.1,job_board,27.63,32.32,2025-01-15,2025-01-23,2025-01-31,2025-02-06,2025-02-14,2025-02-25,True,True,joined_late,2025-02-25,14,discovery
CAND-01560,APP-01612,REQ-00076,CLI-005,REC-011,Machine Operator,Light Industrial,Jacksonville,FL,onsite,Direct Hire,4.8,recruiter_sourced,,16.26,2024-05-05,2024-05-18,2024-05-28,2024-05-28,2024-06-08,,True,True,accepted_no_show,2024-06-08,12,discovery
CAND-01561,APP-01613,REQ-00004,CLI-003,REC-006,AR Specialist,Finance/Accounting,Tampa,FL,hybrid,W2 Contract,6.8,recruiter_sourced,31.34,33.96,2024-07-28,2024-08-13,2024-08-17,2024-08-20,2024-09-13,2024-09-13,True,True,joined_on_time,2024-09-13,6,discovery
CAND-01562,APP-01614,REQ-00028,CLI-009,REC-001,Mechanical Engineer,Engineering,Jacksonville,FL,onsite,W2 Contract,5.4,referral,52.71,54.21,2024-10-02,2024-10-06,2024-10-10,2024-10-10,2024-11-07,,True,True,rejected_by_client,2024-10-22,0,hypothesis_generation
CAND-01563,APP-01615,REQ-00216,CLI-003,REC-004,Bookkeeper,Finance/Accounting,St. Louis,MO,hybrid,Contract-to-Hire,4.2,career_site,27.4,32.32,2025-01-26,2025-01-31,2025-02-12,2025-02-13,2025-03-07,2025-03-06,True,True,joined_on_time,2025-03-06,8,discovery
CAND-01564,APP-01616,REQ-00046,CLI-007,REC-017,Certified Nursing Assistant,Healthcare,Houston,TX,onsite,Contract-to-Hire,7.2,job_board,38.12,43.36,2024-05-15,2024-05-24,2024-05-27,2024-05-27,2024-06-20,,True,False,declined_offer,2024-05-27,8,discovery
CAND-01565,APP-01617,REQ-00068,CLI-002,REC-014,Pharmacy Technician,Healthcare,Milwaukee,WI,onsite,Contract-to-Hire,6.2,job_board,34.81,40.2,2024-11-03,2024-11-08,2024-11-26,2024-11-30,2024-12-31,2024-12-31,True,True,joined_on_time,2024-12-31,3,hypothesis_generation
CAND-01566,APP-01618,REQ-00174,CLI-009,REC-016,Mechanical Engineer,Engineering,Jacksonville,FL,onsite,W2 Contract,5.0,job_board,38.81,44.91,2025-03-01,2025-03-18,2025-04-02,2025-04-06,2025-04-29,2025-05-20,True,True,joined_late,2025-05-20,27,discovery
CAND-01567,APP-01619,REQ-00063,CLI-007,REC-008,Certified Nursing Assistant,Healthcare,Dallas,TX,onsite,1099,5.0,job_board,27.2,25.86,2024-07-22,2024-07-28,2024-08-12,2024-08-18,2024-09-14,,True,True,withdrew_post_acceptance,2024-08-21,16,held_out_test
CAND-01568,APP-01620,REQ-00021,CLI-009,REC-007,Manufacturing Engineer,Engineering,Columbus,OH,hybrid,Direct Hire,4.3,career_site,,42.37,2025-07-10,2025-07-19,2025-07-30,2025-08-05,2025-08-26,,True,False,declined_offer,2025-08-05,11,discovery
CAND-01569,APP-01621,REQ-00181,CLI-010,REC-003,Data Entry Clerk,Administrative/Professional,Jacksonville,FL,hybrid,W2 Contract,6.8,recruiter_sourced,14.94,17.02,2024-02-05,2024-02-20,2024-02-29,2024-03-05,2024-03-15,,True,True,withdrew_post_acceptance,2024-03-07,12,held_out_test
CAND-01570,APP-01622,REQ-00163,CLI-011,REC-006,Shipping/Receiving Clerk,Light Industrial,Orlando,FL,onsite,Direct Hire,4.7,recruiter_sourced,15.48,18.34,2024-06-17,2024-06-27,2024-07-09,2024-07-15,2024-07-23,2024-07-23,True,True,joined_on_time,2024-07-23,9,discovery
CAND-01571,APP-01623,REQ-00140,CLI-008,REC-007,DevOps Engineer,IT/Technology,Pittsburgh,PA,onsite,Contract-to-Hire,8.7,job_board,41.06,39.91,2024-06-29,2024-07-08,2024-07-17,2024-07-22,2024-08-04,2024-08-16,True,True,joined_late,2024-08-16,14,hypothesis_generation
CAND-01572,APP-01624,REQ-00069,CLI-010,REC-006,Executive Assistant,Administrative/Professional,Chicago,IL,hybrid,W2 Contract,2.4,recruiter_sourced,22.77,22.54,2024-08-06,2024-08-16,2024-08-30,2024-09-05,2024-09-29,,True,False,declined_offer,2024-09-05,1,discovery
CAND-01573,APP-01625,REQ-00055,CLI-002,REC-015,Certified Nursing Assistant,Healthcare,Memphis,TN,onsite,Contract-to-Hire,5.0,recruiter_sourced,37.68,38.54,2024-02-25,2024-02-29,2024-03-16,2024-03-22,2024-04-09,2024-04-09,True,True,joined_on_time,2024-04-09,14,discovery
CAND-01574,APP-01626,REQ-00079,CLI-005,REC-009,Material Handler,Light Industrial,Indianapolis,IN,onsite,1099,8.2,recruiter_sourced,16.65,16.54,2025-04-27,2025-05-12,2025-05-19,2025-05-20,2025-06-16,2025-06-16,True,True,joined_on_time,2025-06-16,5,discovery
CAND-01575,APP-01627,REQ-00002,CLI-002,REC-014,Medical Coder,Healthcare,Austin,TX,onsite,W2 Contract,11.1,career_site,42.51,45.43,2025-06-27,2025-07-01,2025-07-18,2025-07-23,2025-08-19,,True,True,withdrew_post_acceptance,2025-08-02,9,held_out_test
CAND-01576,APP-01628,REQ-00162,CLI-005,REC-006,General Laborer,Light Industrial,Charlotte,NC,onsite,Contract-to-Hire,2.0,staffing_event,12.7,14.55,2025-01-05,2025-01-24,2025-02-07,2025-02-07,2025-03-08,,True,False,declined_offer,2025-02-07,2,discovery
CAND-00655,APP-01629,REQ-00074,CLI-002,REC-004,Registered Nurse,Healthcare,Jacksonville,FL,remote,Direct Hire,5.2,referral,36.93,34.74,2025-03-17,2025-03-25,2025-04-01,2025-04-06,2025-04-11,2025-04-11,True,True,joined_on_time,2025-04-11,10,discovery
CAND-01577,APP-01630,REQ-00020,CLI-011,REC-006,Administrative Assistant,Administrative/Professional,Charlotte,NC,onsite,Contract-to-Hire,1.4,referral,22.86,23.61,2024-10-18,2024-10-26,2024-10-28,2024-10-28,2024-11-28,,True,False,declined_offer,2024-10-28,14,discovery
CAND-01578,APP-01631,REQ-00049,CLI-008,REC-007,Systems Administrator,IT/Technology,Milwaukee,WI,hybrid,Direct Hire,7.8,recruiter_sourced,,43.19,2024-11-07,2024-11-10,2024-11-17,2024-11-23,2024-12-10,,True,True,rejected_by_client,2024-11-25,13,discovery
CAND-01579,APP-01632,REQ-00059,CLI-002,REC-008,Certified Nursing Assistant,Healthcare,Chicago,IL,remote,Direct Hire,8.8,career_site,29.64,29.67,2024-10-16,2024-11-06,2024-11-16,2024-11-19,2024-12-16,2024-12-17,True,True,joined_on_time,2024-12-17,13,hypothesis_generation
CAND-01580,APP-01633,REQ-00024,CLI-009,REC-007,Mechanical Engineer,Engineering,Jacksonville,FL,onsite,W2 Contract,1.0,job_board,36.97,41.14,2025-06-17,2025-06-26,2025-07-02,2025-07-05,2025-07-31,,True,True,withdrew_post_acceptance,2025-07-23,12,held_out_test
CAND-01581,APP-01634,REQ-00115,CLI-004,REC-016,Business Systems Analyst,IT/Technology,Columbus,OH,remote,W2 Contract,5.1,recruiter_sourced,60.85,59.41,2025-06-22,2025-07-02,2025-07-06,2025-07-06,2025-07-16,2025-07-16,True,True,joined_on_time,2025-07-16,7,discovery
CAND-01582,APP-01635,REQ-00158,CLI-010,REC-009,Customer Service Representative,Administrative/Professional,Phoenix,AZ,hybrid,Contract-to-Hire,11.9,job_board,,21.74,2025-03-15,2025-03-21,2025-03-23,2025-03-25,2025-04-13,2025-04-13,True,True,joined_on_time,2025-04-13,20,discovery
CAND-01583,APP-01636,REQ-00137,CLI-009,REC-018,Electrical Engineer,Engineering,Philadelphia,PA,hybrid,W2 Contract,4.3,job_board,46.27,49.96,2024-10-04,2024-10-16,2024-10-20,2024-10-20,2024-11-16,,True,True,withdrew_post_acceptance,2024-10-30,13,discovery
CAND-01584,APP-01637,REQ-00054,CLI-005,REC-006,Material Handler,Light Industrial,Chicago,IL,onsite,W2 Contract,6.2,career_site,16.66,17.45,2024-06-27,2024-07-05,2024-07-18,2024-07-20,2024-08-21,,True,True,accepted_no_show,2024-08-21,1,discovery
CAND-01585,APP-01638,REQ-00017,CLI-011,REC-018,General Laborer,Light Industrial,Columbus,OH,onsite,W2 Contract,2.1,job_board,16.0,16.2,2025-03-22,2025-03-26,2025-03-29,2025-04-01,2025-04-23,,True,True,withdrew_post_acceptance,2025-04-20,1,discovery
CAND-00040,APP-01639,REQ-00156,CLI-009,REC-005,Manufacturing Engineer,Engineering,Cincinnati,OH,onsite,Contract-to-Hire,3.2,recruiter_sourced,,46.09,2025-05-15,2025-06-04,2025-06-07,2025-06-07,2025-07-04,2025-07-04,True,True,joined_on_time,2025-07-04,12,discovery
CAND-01586,APP-01640,REQ-00103,CLI-007,REC-008,Phlebotomist,Healthcare,Chicago,IL,remote,W2 Contract,12.9,career_site,,30.71,2024-10-27,2024-11-15,2024-11-25,2024-11-30,2024-12-26,2024-12-26,True,True,joined_on_time,2024-12-26,24,discovery
CAND-01587,APP-01641,REQ-00155,CLI-003,REC-018,Accounts Payable Clerk,Finance/Accounting,Tampa,FL,hybrid,Direct Hire,2.5,recruiter_sourced,28.01,32.86,2024-09-26,2024-10-10,2024-10-19,2024-10-19,2024-10-29,,True,True,withdrew_post_acceptance,2024-10-26,9,hypothesis_generation
CAND-01588,APP-01642,REQ-00029,CLI-009,REC-004,Mechanical Engineer,Engineering,Houston,TX,onsite,W2 Contract,1.6,job_board,43.99,42.88,2024-02-07,2024-02-10,2024-02-14,2024-02-17,2024-03-01,,True,True,accepted_no_show,2024-03-01,6,discovery
CAND-01589,APP-01643,REQ-00230,CLI-003,REC-007,Financial Analyst,Finance/Accounting,Houston,TX,hybrid,W2 Contract,11.2,career_site,29.09,32.61,2025-01-06,2025-01-12,2025-01-28,2025-02-01,2025-02-15,,True,False,declined_offer,2025-02-01,10,discovery
CAND-01590,APP-01644,REQ-00054,CLI-005,REC-018,Material Handler,Light Industrial,Chicago,IL,onsite,W2 Contract,2.4,referral,18.16,18.0,2024-07-12,2024-07-22,2024-08-02,2024-08-04,2024-08-15,,True,False,declined_offer,2024-08-04,11,discovery
CAND-01591,APP-01645,REQ-00211,CLI-001,REC-015,Machine Operator,Light Industrial,Austin,TX,onsite,Contract-to-Hire,1.3,career_site,18.62,18.32,2024-04-20,2024-04-30,2024-05-02,2024-05-07,2024-06-05,,True,True,accepted_no_show,2024-06-05,8,discovery
CAND-01592,APP-01646,REQ-00050,CLI-003,REC-013,Staff Accountant,Finance/Accounting,Nashville,TN,hybrid,W2 Contract,6.2,recruiter_sourced,37.68,36.77,2024-09-03,2024-09-10,2024-09-15,2024-09-15,2024-10-07,,True,False,declined_offer,2024-09-15,10,hypothesis_generation
CAND-01593,APP-01647,REQ-00130,CLI-011,REC-006,HR Coordinator,Administrative/Professional,Austin,TX,onsite,Contract-to-Hire,2.8,job_board,24.61,24.06,2025-04-02,2025-04-19,2025-05-01,2025-05-07,2025-05-29,,True,False,declined_offer,2025-05-07,12,discovery
CAND-01594,APP-01648,REQ-00143,CLI-003,REC-009,Financial Analyst,Finance/Accounting,Charlotte,NC,remote,1099,5.2,job_board,38.17,42.04,2025-06-01,2025-06-22,2025-07-07,2025-07-09,2025-07-22,2025-08-06,True,True,joined_late,2025-08-06,1,held_out_test
CAND-01595,APP-01649,REQ-00222,CLI-011,REC-012,Administrative Assistant,Administrative/Professional,Austin,TX,onsite,W2 Contract,6.2,reapply,,20.72,2024-04-18,2024-04-25,2024-05-11,2024-05-13,2024-06-01,2024-06-02,True,True,joined_on_time,2024-06-02,9,discovery
CAND-01596,APP-01650,REQ-00168,CLI-004,REC-010,Business Systems Analyst,IT/Technology,Houston,TX,remote,1099,5.8,referral,39.82,40.32,2025-02-16,2025-03-05,2025-03-10,2025-03-10,2025-04-14,2025-04-14,True,True,joined_on_time,2025-04-14,6,discovery
CAND-01597,APP-01651,REQ-00176,CLI-008,REC-014,Systems Administrator,IT/Technology,Austin,TX,hybrid,W2 Contract,7.3,job_board,51.48,56.51,2025-05-10,2025-05-18,2025-05-23,2025-05-28,2025-06-27,2025-06-28,True,True,joined_on_time,2025-06-28,7,discovery
CAND-01598,APP-01652,REQ-00121,CLI-003,REC-003,AR Specialist,Finance/Accounting,Orlando,FL,hybrid,W2 Contract,3.5,reapply,32.66,37.0,2024-05-01,2024-05-19,2024-05-21,2024-05-26,2024-06-11,,True,True,accepted_no_show,2024-06-11,16,held_out_test
CAND-01599,APP-01653,REQ-00029,CLI-009,REC-001,Mechanical Engineer,Engineering,Houston,TX,onsite,W2 Contract,1.4,recruiter_sourced,48.07,58.48,2024-03-10,2024-03-23,2024-03-27,2024-04-01,2024-04-24,,True,False,declined_offer,2024-04-01,10,discovery
CAND-01600,APP-01654,REQ-00068,CLI-002,REC-004,Pharmacy Technician,Healthcare,Milwaukee,WI,onsite,Contract-to-Hire,2.2,referral,29.2,31.98,2024-12-02,2024-12-08,2024-12-22,2024-12-26,2025-01-17,,True,True,withdrew_post_acceptance,2024-12-28,5,discovery
CAND-01601,APP-01655,REQ-00028,CLI-009,REC-004,Mechanical Engineer,Engineering,Jacksonville,FL,onsite,W2 Contract,1.0,referral,36.55,40.32,2024-10-11,2024-10-31,2024-11-14,2024-11-18,2024-11-28,2024-11-29,True,True,joined_on_time,2024-11-29,4,discovery
CAND-01602,APP-01656,REQ-00107,CLI-001,REC-013,Warehouse Associate,Light Industrial,Jacksonville,FL,hybrid,Contract-to-Hire,6.7,reapply,19.32,20.6,2024-09-19,2024-10-01,2024-10-04,2024-10-09,2024-10-17,,True,True,withdrew_post_acceptance,2024-10-12,8,hypothesis_generation
CAND-00353,APP-01657,REQ-00229,CLI-003,REC-006,Financial Analyst,Finance/Accounting,Columbus,OH,hybrid,W2 Contract,8.0,referral,29.91,29.04,2025-02-27,2025-03-09,2025-03-15,2025-03-20,2025-03-29,,True,True,withdrew_post_acceptance,2025-03-21,6,discovery
CAND-01603,APP-01658,REQ-00201,CLI-009,REC-007,Mechanical Engineer,Engineering,Tampa,FL,remote,Direct Hire,6.6,referral,31.27,37.51,2024-04-03,2024-04-22,2024-04-27,2024-04-27,2024-05-20,,True,True,withdrew_post_acceptance,2024-05-09,14,held_out_test
CAND-00251,APP-01659,REQ-00115,CLI-004,REC-016,Business Systems Analyst,IT/Technology,Columbus,OH,remote,W2 Contract,5.3,referral,55.39,63.47,2025-06-19,2025-06-28,2025-07-01,2025-07-03,2025-08-02,2025-08-02,True,True,joined_on_time,2025-08-02,15,hypothesis_generation
CAND-01604,APP-01660,REQ-00227,CLI-011,REC-006,HR Coordinator,Administrative/Professional,Indianapolis,IN,onsite,W2 Contract,1.7,recruiter_sourced,,24.03,2024-11-21,2024-11-27,2024-12-06,2024-12-08,2025-01-07,2025-01-07,True,True,joined_on_time,2025-01-07,15,discovery
CAND-01605,APP-01661,REQ-00214,CLI-005,REC-015,Warehouse Associate,Light Industrial,Chicago,IL,onsite,Contract-to-Hire,8.5,career_site,13.45,16.09,2025-03-12,2025-03-27,2025-04-04,2025-04-04,2025-05-05,,True,True,withdrew_post_acceptance,2025-05-01,17,hypothesis_generation
CAND-01606,APP-01662,REQ-00097,CLI-006,REC-012,Financial Analyst,Finance/Accounting,Columbus,OH,hybrid,1099,6.9,recruiter_sourced,28.48,30.86,2025-02-15,2025-03-07,2025-03-16,2025-03-17,2025-04-19,,True,True,accepted_no_show,2025-04-19,11,discovery
CAND-01607,APP-01663,REQ-00122,CLI-004,REC-016,QA Tester,IT/Technology,Tampa,FL,remote,W2 Contract,4.2,job_board,57.19,59.12,2025-04-06,2025-04-11,2025-04-28,2025-04-30,2025-05-20,2025-05-21,True,True,joined_on_time,2025-05-21,12,hypothesis_generation
CAND-01608,APP-01664,REQ-00134,CLI-010,REC-015,Administrative Assistant,Administrative/Professional,Raleigh,NC,hybrid,W2 Contract,1.1,job_board,,21.4,2025-03-27,2025-03-30,2025-04-09,2025-04-10,2025-05-12,,True,False,declined_offer,2025-04-10,18,held_out_test
CAND-01609,APP-01665,REQ-00150,CLI-009,REC-001,Manufacturing Engineer,Engineering,Tucson,AZ,onsite,Direct Hire,2.4,job_board,50.32,54.8,2025-02-23,2025-03-04,2025-03-09,2025-03-12,2025-04-03,,True,True,withdrew_post_acceptance,2025-03-13,20,held_out_test
CAND-01610,APP-01666,REQ-00211,CLI-001,REC-012,Machine Operator,Light Industrial,Austin,TX,onsite,Contract-to-Hire,9.5,staffing_event,15.98,17.95,2024-04-17,2024-05-02,2024-05-18,2024-05-24,2024-05-29,,True,False,declined_offer,2024-05-24,17,discovery
CAND-01611,APP-01667,REQ-00009,CLI-001,REC-006,General Laborer,Light Industrial,Jacksonville,FL,hybrid,W2 Contract,8.1,reapply,19.17,18.73,2025-02-14,2025-02-18,2025-03-01,2025-03-05,2025-03-20,2025-03-20,True,True,joined_on_time,2025-03-20,12,hypothesis_generation
CAND-01612,APP-01668,REQ-00054,CLI-005,REC-012,Material Handler,Light Industrial,Chicago,IL,onsite,W2 Contract,2.1,staffing_event,16.49,17.61,2024-07-01,2024-07-10,2024-07-19,2024-07-23,2024-08-11,2024-08-11,True,True,joined_on_time,2024-08-11,5,held_out_test
CAND-01613,APP-01669,REQ-00044,CLI-010,REC-006,Receptionist,Administrative/Professional,Memphis,TN,hybrid,W2 Contract,1.2,career_site,15.85,16.55,2024-10-07,2024-10-23,2024-10-28,2024-10-28,2024-11-16,,True,True,withdrew_post_acceptance,2024-11-02,4,held_out_test
CAND-01614,APP-01670,REQ-00207,CLI-002,REC-017,Pharmacy Technician,Healthcare,Austin,TX,onsite,1099,14.3,career_site,41.53,39.07,2024-03-23,2024-04-05,2024-04-15,2024-04-20,2024-04-29,,True,True,withdrew_post_acceptance,2024-04-22,13,held_out_test
CAND-01615,APP-01671,REQ-00103,CLI-007,REC-014,Phlebotomist,Healthcare,Chicago,IL,remote,W2 Contract,1.9,staffing_event,21.11,22.18,2024-10-21,2024-11-06,2024-11-12,2024-11-17,2024-11-29,2024-11-29,True,True,joined_on_time,2024-11-29,8,held_out_test
CAND-01616,APP-01672,REQ-00172,CLI-001,REC-018,Shipping/Receiving Clerk,Light Industrial,Houston,TX,onsite,Contract-to-Hire,1.5,referral,17.51,19.46,2024-12-22,2025-01-02,2025-01-11,2025-01-12,2025-02-07,2025-02-07,True,True,joined_on_time,2025-02-07,1,discovery
CAND-01617,APP-01673,REQ-00044,CLI-010,REC-008,Receptionist,Administrative/Professional,Memphis,TN,hybrid,W2 Contract,10.6,career_site,,21.15,2024-10-17,2024-10-25,2024-11-07,2024-11-12,2024-11-18,,True,True,withdrew_post_acceptance,2024-11-15,7,held_out_test
CAND-01618,APP-01674,REQ-00041,CLI-002,REC-005,Registered Nurse,Healthcare,Austin,TX,onsite,Contract-to-Hire,11.5,career_site,37.47,39.17,2024-06-27,2024-07-07,2024-07-11,2024-07-11,2024-08-12,,True,True,withdrew_post_acceptance,2024-08-04,11,discovery
CAND-01619,APP-01675,REQ-00005,CLI-002,REC-006,Certified Nursing Assistant,Healthcare,Columbus,OH,onsite,W2 Contract,6.5,job_board,,46.32,2025-01-17,2025-01-28,2025-02-10,2025-02-16,2025-03-06,,True,False,declined_offer,2025-02-16,15,discovery
CAND-01620,APP-01676,REQ-00158,CLI-010,REC-018,Customer Service Representative,Administrative/Professional,Phoenix,AZ,hybrid,Contract-to-Hire,6.0,recruiter_sourced,21.58,21.52,2025-04-01,2025-04-16,2025-04-26,2025-05-01,2025-05-30,2025-06-22,True,True,joined_late,2025-06-22,0,discovery
CAND-01621,APP-01677,REQ-00149,CLI-004,REC-007,DevOps Engineer,IT/Technology,St. Louis,MO,onsite,Contract-to-Hire,1.9,recruiter_sourced,37.12,41.48,2024-10-30,2024-11-10,2024-11-24,2024-11-27,2024-12-27,2025-01-18,True,True,joined_late,2025-01-18,0,discovery
CAND-01622,APP-01678,REQ-00068,CLI-002,REC-002,Pharmacy Technician,Healthcare,Milwaukee,WI,onsite,Contract-to-Hire,5.6,job_board,40.32,43.21,2024-11-20,2024-12-02,2024-12-15,2024-12-15,2025-01-11,2025-01-10,True,True,joined_on_time,2025-01-10,18,discovery
CAND-01623,APP-01679,REQ-00069,CLI-010,REC-015,Executive Assistant,Administrative/Professional,Chicago,IL,hybrid,W2 Contract,4.7,job_board,21.28,25.34,2024-07-23,2024-07-30,2024-08-11,2024-08-17,2024-09-01,,True,True,withdrew_post_acceptance,2024-08-27,11,hypothesis_generation
CAND-01624,APP-01680,REQ-00108,CLI-007,REC-011,Phlebotomist,Healthcare,Philadelphia,PA,onsite,W2 Contract,12.5,job_board,,30.27,2025-03-10,2025-03-21,2025-03-27,2025-03-28,2025-04-17,,True,True,withdrew_post_acceptance,2025-04-16,3,discovery
CAND-01625,APP-01681,REQ-00044,CLI-010,REC-009,Receptionist,Administrative/Professional,Memphis,TN,hybrid,W2 Contract,8.9,job_board,22.3,24.23,2024-10-23,2024-10-27,2024-11-06,2024-11-11,2024-12-03,,True,True,withdrew_post_acceptance,2024-11-30,1,hypothesis_generation
CAND-01626,APP-01682,REQ-00007,CLI-009,REC-010,Manufacturing Engineer,Engineering,Charlotte,NC,remote,Direct Hire,6.3,reapply,,50.27,2025-01-29,2025-02-07,2025-02-10,2025-02-13,2025-03-10,2025-03-26,True,True,joined_late,2025-03-26,14,held_out_test
CAND-01627,APP-01683,REQ-00075,CLI-009,REC-004,Quality Engineer,Engineering,St. Louis,MO,onsite,Direct Hire,2.2,career_site,45.72,47.87,2025-03-17,2025-03-23,2025-04-09,2025-04-13,2025-04-30,,True,False,declined_offer,2025-04-13,18,hypothesis_generation
CAND-01628,APP-01684,REQ-00087,CLI-001,REC-002,Machine Operator,Light Industrial,Jacksonville,FL,onsite,Contract-to-Hire,1.5,job_board,17.85,20.16,2025-02-14,2025-03-03,2025-03-07,2025-03-11,2025-03-25,,True,False,declined_offer,2025-03-11,11,discovery
CAND-01629,APP-01685,REQ-00179,CLI-006,REC-009,Senior Accountant,Finance/Accounting,Orlando,FL,hybrid,Contract-to-Hire,11.1,job_board,,27.34,2024-03-09,2024-03-25,2024-04-12,2024-04-18,2024-05-06,,True,False,declined_offer,2024-04-18,11,discovery
CAND-01630,APP-01686,REQ-00131,CLI-006,REC-003,Executive Assistant,Administrative/Professional,Memphis,TN,hybrid,Direct Hire,6.6,referral,24.09,26.97,2024-04-20,2024-04-23,2024-05-11,2024-05-14,2024-06-15,2024-06-15,True,True,joined_on_time,2024-06-15,11,discovery
CAND-01631,APP-01687,REQ-00215,CLI-002,REC-001,Medical Coder,Healthcare,Charlotte,NC,onsite,W2 Contract,8.8,career_site,30.28,30.36,2024-07-10,2024-07-17,2024-08-01,2024-08-04,2024-09-01,2024-09-01,True,True,joined_on_time,2024-09-01,20,discovery
CAND-00556,APP-01688,REQ-00001,CLI-004,REC-010,Software Engineer,IT/Technology,Atlanta,GA,remote,W2 Contract,2.0,career_site,,51.22,2025-05-13,2025-05-27,2025-06-02,2025-06-08,2025-06-26,2025-06-27,True,True,joined_on_time,2025-06-27,2,discovery
CAND-01632,APP-01689,REQ-00008,CLI-001,REC-009,Shipping/Receiving Clerk,Light Industrial,Houston,TX,onsite,W2 Contract,6.5,staffing_event,16.32,17.72,2024-12-09,2024-12-16,2025-01-02,2025-01-08,2025-02-02,,True,False,declined_offer,2025-01-08,8,discovery
CAND-01633,APP-01690,REQ-00054,CLI-005,REC-003,Material Handler,Light Industrial,Chicago,IL,onsite,W2 Contract,8.8,recruiter_sourced,12.61,14.58,2024-06-26,2024-07-05,2024-07-10,2024-07-13,2024-07-20,2024-08-11,True,True,joined_late,2024-08-11,13,hypothesis_generation
CAND-01634,APP-01691,REQ-00207,CLI-002,REC-005,Pharmacy Technician,Healthcare,Austin,TX,onsite,1099,14.9,reapply,28.3,31.38,2024-04-04,2024-04-22,2024-04-29,2024-04-29,2024-05-15,,True,True,accepted_no_show,2024-05-15,16,discovery
CAND-01635,APP-01692,REQ-00059,CLI-002,REC-014,Certified Nursing Assistant,Healthcare,Chicago,IL,remote,Direct Hire,1.8,job_board,31.07,31.5,2024-11-19,2024-11-27,2024-11-29,2024-12-03,2024-12-29,2024-12-29,True,True,joined_on_time,2024-12-29,23,discovery
CAND-01636,APP-01693,REQ-00112,CLI-001,REC-006,Forklift Operator,Light Industrial,Pittsburgh,PA,onsite,Contract-to-Hire,6.5,staffing_event,19.9,22.8,2025-07-19,2025-07-28,2025-08-06,2025-08-07,2025-08-21,2025-08-21,True,True,joined_on_time,2025-08-21,16,discovery
CAND-01637,APP-01694,REQ-00140,CLI-008,REC-004,DevOps Engineer,IT/Technology,Pittsburgh,PA,onsite,Contract-to-Hire,8.4,career_site,37.99,37.31,2024-06-14,2024-06-22,2024-06-24,2024-06-26,2024-07-15,2024-07-15,True,True,joined_on_time,2024-07-15,9,hypothesis_generation
CAND-01638,APP-01695,REQ-00112,CLI-001,REC-009,Forklift Operator,Light Industrial,Pittsburgh,PA,onsite,Contract-to-Hire,5.2,recruiter_sourced,17.28,18.19,2025-07-10,2025-07-24,2025-07-27,2025-07-30,2025-08-18,,True,False,declined_offer,2025-07-30,8,discovery
CAND-01639,APP-01696,REQ-00203,CLI-010,REC-015,Executive Assistant,Administrative/Professional,Phoenix,AZ,hybrid,W2 Contract,5.5,recruiter_sourced,24.49,23.53,2024-04-03,2024-04-21,2024-04-26,2024-05-02,2024-05-22,,True,False,declined_offer,2024-05-02,8,discovery
CAND-01640,APP-01697,REQ-00055,CLI-002,REC-011,Certified Nursing Assistant,Healthcare,Memphis,TN,onsite,Contract-to-Hire,5.3,recruiter_sourced,40.34,40.05,2024-02-29,2024-03-18,2024-03-23,2024-03-24,2024-04-14,,True,True,accepted_no_show,2024-04-14,9,discovery
CAND-01641,APP-01698,REQ-00121,CLI-003,REC-015,AR Specialist,Finance/Accounting,Orlando,FL,hybrid,W2 Contract,9.1,staffing_event,39.23,39.82,2024-05-08,2024-05-26,2024-06-10,2024-06-15,2024-07-14,,True,True,accepted_no_show,2024-07-14,3,discovery
CAND-01642,APP-01699,REQ-00011,CLI-005,REC-010,Manufacturing Engineer,Engineering,Jacksonville,FL,onsite,W2 Contract,6.6,recruiter_sourced,41.79,48.09,2024-09-06,2024-09-13,2024-09-21,2024-09-22,2024-10-23,2024-10-30,True,True,joined_late,2024-10-30,0,hypothesis_generation
CAND-01643,APP-01700,REQ-00076,CLI-005,REC-018,Machine Operator,Light Industrial,Jacksonville,FL,onsite,Direct Hire,5.3,job_board,20.39,21.1,2024-06-03,2024-06-14,2024-06-20,2024-06-22,2024-07-17,,True,True,accepted_no_show,2024-07-17,16,discovery
CAND-01644,APP-01701,REQ-00142,CLI-010,REC-009,Data Entry Clerk,Administrative/Professional,Chicago,IL,hybrid,Direct Hire,6.9,job_board,18.75,20.53,2024-11-10,2024-11-18,2024-11-25,2024-11-30,2024-12-16,,True,False,declined_offer,2024-11-30,5,hypothesis_generation
CAND-01645,APP-01702,REQ-00105,CLI-007,REC-005,Registered Nurse,Healthcare,Pittsburgh,PA,onsite,Contract-to-Hire,10.9,staffing_event,34.15,34.24,2025-02-11,2025-02-25,2025-02-28,2025-03-03,2025-03-17,,True,False,declined_offer,2025-03-03,14,hypothesis_generation
CAND-01646,APP-01703,REQ-00050,CLI-003,REC-010,Staff Accountant,Finance/Accounting,Nashville,TN,hybrid,W2 Contract,3.3,career_site,23.33,26.84,2024-09-07,2024-09-13,2024-09-16,2024-09-18,2024-10-08,2024-10-08,True,True,joined_on_time,2024-10-08,0,held_out_test
CAND-01647,APP-01704,REQ-00137,CLI-009,REC-001,Electrical Engineer,Engineering,Philadelphia,PA,hybrid,W2 Contract,6.9,job_board,47.61,49.61,2024-09-27,2024-10-09,2024-10-14,2024-10-19,2024-11-10,2024-11-23,True,True,joined_late,2024-11-23,17,discovery
CAND-01648,APP-01705,REQ-00182,CLI-011,REC-006,Data Entry Clerk,Administrative/Professional,Cincinnati,OH,remote,W2 Contract,4.7,recruiter_sourced,14.39,15.96,2024-07-13,2024-07-25,2024-08-08,2024-08-09,2024-09-05,,True,True,accepted_no_show,2024-09-05,19,discovery
CAND-01649,APP-01706,REQ-00113,CLI-005,REC-013,Warehouse Associate,Light Industrial,Orlando,FL,onsite,W2 Contract,4.3,recruiter_sourced,14.25,16.51,2024-12-03,2024-12-14,2024-12-31,2024-12-31,2025-01-21,2025-02-03,True,True,joined_late,2025-02-03,8,discovery
CAND-01650,APP-01707,REQ-00039,CLI-009,REC-004,Electrical Engineer,Engineering,Chicago,IL,onsite,Direct Hire,3.2,job_board,34.75,39.76,2025-06-29,2025-07-10,2025-07-14,2025-07-14,2025-08-11,2025-08-11,True,True,joined_on_time,2025-08-11,17,held_out_test
CAND-01651,APP-01708,REQ-00156,CLI-009,REC-001,Manufacturing Engineer,Engineering,Cincinnati,OH,onsite,Contract-to-Hire,1.6,job_board,30.71,34.82,2025-06-01,2025-06-22,2025-06-30,2025-07-04,2025-07-20,2025-07-20,True,True,joined_on_time,2025-07-20,13,hypothesis_generation
CAND-01652,APP-01709,REQ-00175,CLI-011,REC-006,HR Coordinator,Administrative/Professional,Cincinnati,OH,remote,W2 Contract,6.4,career_site,22.11,23.49,2025-05-21,2025-05-29,2025-06-13,2025-06-14,2025-07-14,,True,False,declined_offer,2025-06-14,6,discovery
CAND-01653,APP-01710,REQ-00118,CLI-006,REC-003,Accounts Payable Clerk,Finance/Accounting,Memphis,TN,onsite,1099,3.1,job_board,31.37,33.45,2024-06-17,2024-06-26,2024-07-05,2024-07-11,2024-08-06,,True,False,declined_offer,2024-07-11,4,discovery
CAND-01654,APP-01711,REQ-00157,CLI-006,REC-012,Receptionist,Administrative/Professional,Dallas,TX,hybrid,1099,3.2,recruiter_sourced,21.67,22.42,2024-07-26,2024-08-14,2024-08-31,2024-09-01,2024-09-12,,True,True,withdrew_post_acceptance,2024-09-04,23,held_out_test
CAND-01655,APP-01712,REQ-00192,CLI-008,REC-004,Business Systems Analyst,IT/Technology,Jacksonville,FL,hybrid,Direct Hire,6.3,staffing_event,53.57,61.07,2025-03-27,2025-04-13,2025-04-27,2025-05-02,2025-05-31,2025-06-03,True,True,joined_late,2025-06-03,13,held_out_test
CAND-01656,APP-01713,REQ-00031,CLI-001,REC-018,Shipping/Receiving Clerk,Light Industrial,Memphis,TN,onsite,W2 Contract,2.3,recruiter_sourced,18.48,21.95,2025-06-06,2025-06-26,2025-07-11,2025-07-13,2025-07-28,2025-08-20,True,True,joined_late,2025-08-20,13,held_out_test
CAND-01657,APP-01714,REQ-00126,CLI-005,REC-002,Mechanical Engineer,Engineering,Austin,TX,onsite,W2 Contract,1.0,recruiter_sourced,,34.19,2024-12-09,2024-12-21,2024-12-29,2024-12-29,2025-01-27,,True,True,rejected_by_client,2025-01-01,8,discovery
CAND-01658,APP-01715,REQ-00174,CLI-009,REC-007,Mechanical Engineer,Engineering,Jacksonville,FL,onsite,W2 Contract,6.4,staffing_event,51.19,51.59,2025-01-20,2025-02-10,2025-02-22,2025-02-23,2025-03-11,2025-03-17,True,True,joined_late,2025-03-17,11,hypothesis_generation
CAND-01659,APP-01716,REQ-00088,CLI-004,REC-001,DevOps Engineer,IT/Technology,Tampa,FL,onsite,1099,1.4,career_site,56.59,64.19,2024-02-24,2024-03-13,2024-03-27,2024-03-29,2024-04-15,2024-04-16,True,True,joined_on_time,2024-04-16,6,discovery
CAND-00100,APP-01717,REQ-00139,CLI-009,REC-010,Quality Engineer,Engineering,Columbus,OH,onsite,W2 Contract,1.3,job_board,,31.71,2024-10-30,2024-11-16,2024-11-30,2024-12-02,2024-12-19,2024-12-20,True,True,joined_on_time,2024-12-20,2,discovery
CAND-01660,APP-01718,REQ-00175,CLI-011,REC-012,HR Coordinator,Administrative/Professional,Cincinnati,OH,remote,W2 Contract,1.6,recruiter_sourced,22.58,23.24,2025-06-26,2025-07-08,2025-07-12,2025-07-15,2025-07-28,2025-07-28,True,True,joined_on_time,2025-07-28,11,discovery
CAND-01661,APP-01719,REQ-00042,CLI-008,REC-009,Data Analyst,IT/Technology,Tampa,FL,hybrid,W2 Contract,3.5,job_board,31.62,33.53,2024-09-04,2024-09-07,2024-09-22,2024-09-23,2024-10-13,2024-10-26,True,True,joined_late,2024-10-26,17,discovery
CAND-01662,APP-01720,REQ-00058,CLI-005,REC-004,Project Engineer,Engineering,Tampa,FL,onsite,Direct Hire,2.6,staffing_event,46.12,49.84,2024-02-24,2024-03-03,2024-03-19,2024-03-22,2024-03-31,2024-04-06,True,True,joined_late,2024-04-06,18,discovery
CAND-01663,APP-01721,REQ-00163,CLI-011,REC-014,Shipping/Receiving Clerk,Light Industrial,Orlando,FL,onsite,Direct Hire,7.8,job_board,17.87,18.04,2024-06-16,2024-06-26,2024-07-08,2024-07-09,2024-07-19,2024-07-19,True,True,joined_on_time,2024-07-19,17,discovery
CAND-01664,APP-01722,REQ-00026,CLI-001,REC-006,Material Handler,Light Industrial,Kansas City,MO,onsite,W2 Contract,2.5,job_board,15.9,15.54,2024-08-05,2024-08-21,2024-08-29,2024-09-01,2024-09-17,2024-09-17,True,True,joined_on_time,2024-09-17,12,discovery
CAND-01665,APP-01723,REQ-00099,CLI-002,REC-013,Pharmacy Technician,Healthcare,Milwaukee,WI,onsite,W2 Contract,9.0,job_board,28.04,28.22,2024-03-27,2024-04-16,2024-04-28,2024-05-02,2024-05-20,,True,True,withdrew_post_acceptance,2024-05-14,3,discovery
CAND-01666,APP-01724,REQ-00037,CLI-003,REC-012,AR Specialist,Finance/Accounting,Jacksonville,FL,hybrid,Contract-to-Hire,4.2,job_board,,40.48,2024-09-07,2024-09-18,2024-09-29,2024-10-04,2024-10-16,,True,True,rejected_by_client,2024-10-09,15,held_out_test
CAND-01667,APP-01725,REQ-00194,CLI-010,REC-009,Executive Assistant,Administrative/Professional,Milwaukee,WI,onsite,W2 Contract,3.1,recruiter_sourced,23.34,24.35,2024-04-27,2024-05-07,2024-05-16,2024-05-22,2024-06-17,,True,True,accepted_no_show,2024-06-17,3,hypothesis_generation
CAND-01668,APP-01726,REQ-00151,CLI-001,REC-005,Shipping/Receiving Clerk,Light Industrial,Pittsburgh,PA,onsite,Contract-to-Hire,2.9,recruiter_sourced,21.42,22.75,2024-10-09,2024-10-20,2024-11-04,2024-11-06,2024-11-14,2024-11-15,True,True,joined_on_time,2024-11-15,0,discovery
CAND-01669,APP-01727,REQ-00142,CLI-010,REC-006,Data Entry Clerk,Administrative/Professional,Chicago,IL,hybrid,Direct Hire,4.4,recruiter_sourced,20.9,21.82,2024-11-11,2024-11-29,2024-12-07,2024-12-11,2025-01-07,2025-01-08,True,True,joined_on_time,2025-01-08,6,hypothesis_generation
CAND-01670,APP-01728,REQ-00194,CLI-010,REC-003,Executive Assistant,Administrative/Professional,Milwaukee,WI,onsite,W2 Contract,9.3,staffing_event,,21.37,2024-04-08,2024-04-29,2024-05-15,2024-05-16,2024-05-26,,True,False,declined_offer,2024-05-16,0,discovery
CAND-01671,APP-01729,REQ-00094,CLI-001,REC-012,Forklift Operator,Light Industrial,Orlando,FL,remote,W2 Contract,6.1,recruiter_sourced,,20.07,2024-06-13,2024-07-02,2024-07-15,2024-07-16,2024-08-03,,True,True,withdrew_post_acceptance,2024-07-30,1,hypothesis_generation
CAND-01672,APP-01730,REQ-00139,CLI-009,REC-013,Quality Engineer,Engineering,Columbus,OH,onsite,W2 Contract,3.0,job_board,31.97,33.6,2024-11-07,2024-11-19,2024-11-29,2024-12-03,2024-12-22,,True,True,withdrew_post_acceptance,2024-12-13,16,discovery
CAND-01673,APP-01731,REQ-00081,CLI-003,REC-006,Senior Accountant,Finance/Accounting,Jacksonville,FL,hybrid,W2 Contract,2.5,recruiter_sourced,23.88,24.11,2024-11-07,2024-11-14,2024-11-27,2024-11-27,2024-12-11,,True,True,accepted_no_show,2024-12-11,8,held_out_test
CAND-01674,APP-01732,REQ-00028,CLI-009,REC-016,Mechanical Engineer,Engineering,Jacksonville,FL,onsite,W2 Contract,4.6,career_site,,38.04,2024-09-18,2024-10-07,2024-10-21,2024-10-22,2024-11-10,2024-11-11,True,True,joined_on_time,2024-11-11,8,discovery
CAND-01675,APP-01733,REQ-00228,CLI-004,REC-001,DevOps Engineer,IT/Technology,Raleigh,NC,remote,W2 Contract,5.6,staffing_event,37.69,35.39,2025-01-09,2025-01-30,2025-02-07,2025-02-07,2025-02-25,,True,True,rejected_by_client,2025-02-19,7,discovery
CAND-01676,APP-01734,REQ-00015,CLI-001,REC-009,Forklift Operator,Light Industrial,Nashville,TN,onsite,Direct Hire,5.0,recruiter_sourced,19.57,21.82,2025-04-13,2025-04-23,2025-05-06,2025-05-06,2025-05-22,2025-06-03,True,True,joined_late,2025-06-03,21,discovery
CAND-01677,APP-01735,REQ-00206,CLI-006,REC-015,AR Specialist,Finance/Accounting,Indianapolis,IN,hybrid,Contract-to-Hire,6.7,job_board,23.05,24.99,2024-11-17,2024-11-24,2024-11-27,2024-12-03,2024-12-14,,True,True,rejected_by_client,2024-12-07,9,discovery
CAND-01678,APP-01736,REQ-00218,CLI-007,REC-005,Radiology Technician,Healthcare,Kansas City,MO,onsite,Direct Hire,7.6,referral,26.92,27.68,2024-04-05,2024-04-15,2024-05-01,2024-05-06,2024-05-29,,True,True,accepted_no_show,2024-05-29,15,held_out_test
CAND-01679,APP-01737,REQ-00075,CLI-009,REC-013,Quality Engineer,Engineering,St. Louis,MO,onsite,Direct Hire,1.6,recruiter_sourced,,54.34,2025-02-04,2025-02-17,2025-02-23,2025-02-27,2025-03-13,2025-03-13,True,True,joined_on_time,2025-03-13,17,discovery
CAND-01680,APP-01738,REQ-00084,CLI-009,REC-004,Quality Engineer,Engineering,Raleigh,NC,onsite,Contract-to-Hire,1.4,job_board,31.21,35.78,2024-09-14,2024-10-02,2024-10-18,2024-10-20,2024-10-30,,True,False,declined_offer,2024-10-20,12,held_out_test
CAND-01681,APP-01739,REQ-00062,CLI-011,REC-003,Office Coordinator,Administrative/Professional,Houston,TX,hybrid,W2 Contract,3.7,job_board,14.78,17.55,2025-06-30,2025-07-14,2025-07-17,2025-07-18,2025-08-01,2025-08-02,True,True,joined_on_time,2025-08-02,19,hypothesis_generation
CAND-01682,APP-01740,REQ-00208,CLI-003,REC-012,Accounts Payable Clerk,Finance/Accounting,Charlotte,NC,onsite,Direct Hire,3.8,recruiter_sourced,29.85,34.45,2024-11-08,2024-11-16,2024-11-24,2024-11-25,2024-12-08,2024-12-27,True,True,joined_late,2024-12-27,9,hypothesis_generation
CAND-01683,APP-01741,REQ-00197,CLI-004,REC-006,Systems Administrator,IT/Technology,Kansas City,MO,remote,W2 Contract,5.7,job_board,59.32,62.78,2025-06-22,2025-07-05,2025-07-19,2025-07-23,2025-08-01,,True,False,declined_offer,2025-07-23,17,held_out_test
CAND-00393,APP-01742,REQ-00177,CLI-006,REC-006,AR Specialist,Finance/Accounting,Phoenix,AZ,hybrid,Direct Hire,3.3,recruiter_sourced,26.42,28.0,2025-09-22,2025-09-28,2025-10-13,2025-10-19,2025-11-06,2025-11-06,True,True,joined_on_time,2025-11-06,9,discovery
CAND-00849,APP-01743,REQ-00184,CLI-009,REC-001,Mechanical Engineer,Engineering,Tampa,FL,onsite,W2 Contract,4.9,reapply,33.58,36.43,2025-03-21,2025-04-04,2025-04-16,2025-04-17,2025-05-19,,True,False,declined_offer,2025-04-17,4,discovery
CAND-01684,APP-01744,REQ-00075,CLI-009,REC-016,Quality Engineer,Engineering,St. Louis,MO,onsite,Direct Hire,2.7,job_board,,32.38,2025-02-05,2025-02-15,2025-02-25,2025-03-03,2025-03-22,,True,True,withdrew_post_acceptance,2025-03-09,12,discovery
CAND-01685,APP-01745,REQ-00171,CLI-005,REC-007,Process Engineer,Engineering,Jacksonville,FL,onsite,Contract-to-Hire,1.5,job_board,32.29,38.96,2024-12-14,2024-12-31,2025-01-04,2025-01-10,2025-02-01,,True,True,withdrew_post_acceptance,2025-01-11,8,discovery
CAND-01686,APP-01746,REQ-00019,CLI-011,REC-006,Shipping/Receiving Clerk,Light Industrial,Columbus,OH,onsite,Contract-to-Hire,5.6,job_board,,14.2,2024-10-13,2024-10-17,2024-11-02,2024-11-08,2024-12-05,2024-12-05,True,True,joined_on_time,2024-12-05,5,discovery
CAND-01687,APP-01747,REQ-00084,CLI-009,REC-001,Quality Engineer,Engineering,Raleigh,NC,onsite,Contract-to-Hire,6.0,recruiter_sourced,52.97,56.23,2024-09-07,2024-09-13,2024-09-30,2024-10-05,2024-10-30,,True,False,declined_offer,2024-10-05,7,discovery
CAND-01688,APP-01748,REQ-00025,CLI-006,REC-009,AR Specialist,Finance/Accounting,Nashville,TN,onsite,Direct Hire,3.5,reapply,25.71,29.51,2024-08-01,2024-08-09,2024-08-19,2024-08-19,2024-09-10,2024-09-10,True,True,joined_on_time,2024-09-10,6,held_out_test
CAND-01689,APP-01749,REQ-00189,CLI-003,REC-015,Bookkeeper,Finance/Accounting,Cincinnati,OH,hybrid,W2 Contract,1.8,job_board,40.83,40.21,2024-12-31,2025-01-07,2025-01-19,2025-01-23,2025-01-31,,True,False,declined_offer,2025-01-23,13,held_out_test
CAND-01690,APP-01750,REQ-00191,CLI-008,REC-013,Data Analyst,IT/Technology,St. Louis,MO,hybrid,Direct Hire,5.3,reapply,54.09,58.95,2024-09-19,2024-10-04,2024-10-15,2024-10-20,2024-11-02,,True,False,declined_offer,2024-10-20,5,discovery
CAND-01691,APP-01751,REQ-00218,CLI-007,REC-009,Radiology Technician,Healthcare,Kansas City,MO,onsite,Direct Hire,3.0,career_site,29.59,28.96,2024-04-01,2024-04-10,2024-04-26,2024-04-30,2024-05-30,2024-05-29,True,True,joined_on_time,2024-05-29,7,discovery
CAND-01692,APP-01752,REQ-00097,CLI-006,REC-006,Financial Analyst,Finance/Accounting,Columbus,OH,hybrid,1099,2.3,job_board,23.68,24.13,2025-01-27,2025-02-15,2025-02-18,2025-02-19,2025-03-22,2025-03-22,True,True,joined_on_time,2025-03-22,25,discovery
CAND-01693,APP-01753,REQ-00133,CLI-007,REC-018,Medical Coder,Healthcare,Pittsburgh,PA,onsite,1099,4.5,job_board,,26.34,2024-03-22,2024-03-27,2024-04-12,2024-04-18,2024-04-23,2024-05-11,True,True,joined_late,2024-05-11,1,discovery
CAND-01694,APP-01754,REQ-00159,CLI-006,REC-018,Customer Service Representative,Administrative/Professional,Charlotte,NC,hybrid,W2 Contract,3.4,job_board,22.51,27.64,2025-06-21,2025-07-02,2025-07-15,2025-07-16,2025-08-13,2025-08-13,True,True,joined_on_time,2025-08-13,10,discovery
CAND-01695,APP-01755,REQ-00011,CLI-005,REC-010,Manufacturing Engineer,Engineering,Jacksonville,FL,onsite,W2 Contract,9.6,job_board,46.25,51.17,2024-08-28,2024-09-12,2024-09-22,2024-09-23,2024-10-09,,True,True,withdrew_post_acceptance,2024-10-08,9,held_out_test
CAND-01696,APP-01756,REQ-00028,CLI-009,REC-007,Mechanical Engineer,Engineering,Jacksonville,FL,onsite,W2 Contract,2.2,job_board,32.11,37.8,2024-09-06,2024-09-21,2024-10-03,2024-10-08,2024-11-07,2024-11-07,True,True,joined_on_time,2024-11-07,14,discovery
CAND-01697,APP-01757,REQ-00178,CLI-005,REC-004,Quality Engineer,Engineering,Atlanta,GA,onsite,W2 Contract,5.3,referral,27.23,29.04,2025-04-15,2025-04-24,2025-05-05,2025-05-07,2025-05-24,2025-05-24,True,True,joined_on_time,2025-05-24,5,discovery
CAND-01698,APP-01758,REQ-00151,CLI-001,REC-002,Shipping/Receiving Clerk,Light Industrial,Pittsburgh,PA,onsite,Contract-to-Hire,1.1,recruiter_sourced,19.69,20.99,2024-09-21,2024-10-10,2024-10-22,2024-10-22,2024-11-09,,True,True,accepted_no_show,2024-11-09,16,hypothesis_generation
CAND-01699,APP-01759,REQ-00109,CLI-009,REC-001,Electrical Engineer,Engineering,Milwaukee,WI,onsite,Contract-to-Hire,7.9,referral,36.83,37.84,2025-01-31,2025-02-14,2025-02-18,2025-02-22,2025-03-24,,True,False,declined_offer,2025-02-22,6,discovery
CAND-01700,APP-01760,REQ-00145,CLI-010,REC-014,Office Coordinator,Administrative/Professional,Orlando,FL,onsite,Contract-to-Hire,5.5,recruiter_sourced,23.88,24.14,2024-10-14,2024-10-22,2024-11-05,2024-11-08,2024-12-05,2024-12-05,True,True,joined_on_time,2024-12-05,21,discovery
CAND-01701,APP-01761,REQ-00003,CLI-002,REC-011,Physical Therapist Asst.,Healthcare,St. Louis,MO,hybrid,W2 Contract,7.2,recruiter_sourced,20.82,24.74,2024-10-27,2024-11-09,2024-11-16,2024-11-17,2024-12-07,,True,True,withdrew_post_acceptance,2024-12-06,17,discovery
CAND-01702,APP-01762,REQ-00055,CLI-002,REC-002,Certified Nursing Assistant,Healthcare,Memphis,TN,onsite,Contract-to-Hire,1.1,recruiter_sourced,28.31,31.24,2024-03-10,2024-03-17,2024-03-19,2024-03-24,2024-04-09,2024-04-10,True,True,joined_on_time,2024-04-10,3,discovery
CAND-01703,APP-01763,REQ-00014,CLI-007,REC-005,Phlebotomist,Healthcare,Tucson,AZ,remote,Contract-to-Hire,2.2,job_board,,27.36,2024-10-10,2024-10-26,2024-11-03,2024-11-03,2024-11-17,2024-11-18,True,True,joined_on_time,2024-11-18,5,hypothesis_generation
CAND-01704,APP-01764,REQ-00139,CLI-009,REC-004,Quality Engineer,Engineering,Columbus,OH,onsite,W2 Contract,2.7,referral,44.01,43.47,2024-11-28,2024-12-14,2024-12-21,2024-12-27,2025-01-19,2025-01-19,True,True,joined_on_time,2025-01-19,10,held_out_test
CAND-01705,APP-01765,REQ-00052,CLI-011,REC-003,Data Entry Clerk,Administrative/Professional,Austin,TX,onsite,Contract-to-Hire,5.9,recruiter_sourced,18.69,21.45,2024-10-19,2024-11-07,2024-11-09,2024-11-14,2024-12-10,,True,False,declined_offer,2024-11-14,15,hypothesis_generation
CAND-01706,APP-01766,REQ-00133,CLI-007,REC-005,Medical Coder,Healthcare,Pittsburgh,PA,onsite,1099,6.4,job_board,21.6,22.89,2024-02-18,2024-02-22,2024-02-25,2024-02-27,2024-03-24,2024-04-13,True,True,joined_late,2024-04-13,11,held_out_test
CAND-01707,APP-01767,REQ-00215,CLI-002,REC-010,Medical Coder,Healthcare,Charlotte,NC,onsite,W2 Contract,8.6,job_board,27.64,29.1,2024-07-06,2024-07-14,2024-07-20,2024-07-20,2024-08-04,2024-08-03,True,True,joined_on_time,2024-08-03,5,held_out_test
CAND-01708,APP-01768,REQ-00057,CLI-003,REC-015,AR Specialist,Finance/Accounting,Nashville,TN,hybrid,1099,5.4,referral,39.8,42.92,2024-06-19,2024-07-05,2024-07-20,2024-07-24,2024-08-14,2024-08-14,True,True,joined_on_time,2024-08-14,11,held_out_test
CAND-01709,APP-01769,REQ-00155,CLI-003,REC-003,Accounts Payable Clerk,Finance/Accounting,Tampa,FL,hybrid,Direct Hire,3.8,recruiter_sourced,27.58,29.66,2024-09-15,2024-10-05,2024-10-08,2024-10-11,2024-10-27,,True,False,declined_offer,2024-10-11,6,discovery
CAND-01710,APP-01770,REQ-00181,CLI-010,REC-001,Data Entry Clerk,Administrative/Professional,Jacksonville,FL,hybrid,W2 Contract,2.5,job_board,20.33,21.66,2024-02-20,2024-02-28,2024-03-17,2024-03-20,2024-04-10,2024-04-11,True,True,joined_on_time,2024-04-11,13,discovery
CAND-01711,APP-01771,REQ-00103,CLI-007,REC-014,Phlebotomist,Healthcare,Chicago,IL,remote,W2 Contract,4.9,referral,36.13,37.33,2024-10-07,2024-10-22,2024-11-02,2024-11-08,2024-12-05,2024-12-04,True,True,joined_on_time,2024-12-04,15,discovery
CAND-01712,APP-01772,REQ-00063,CLI-007,REC-005,Certified Nursing Assistant,Healthcare,Dallas,TX,onsite,1099,20.0,job_board,22.07,27.08,2024-07-17,2024-08-02,2024-08-08,2024-08-09,2024-08-20,2024-08-20,True,True,joined_on_time,2024-08-20,17,discovery
CAND-01713,APP-01773,REQ-00013,CLI-007,REC-017,Pharmacy Technician,Healthcare,Houston,TX,onsite,1099,5.6,job_board,31.99,33.16,2024-12-11,2024-12-20,2024-12-25,2024-12-27,2025-01-27,2025-01-27,True,True,joined_on_time,2025-01-27,9,discovery
CAND-01714,APP-01774,REQ-00021,CLI-009,REC-011,Manufacturing Engineer,Engineering,Columbus,OH,hybrid,Direct Hire,6.6,reapply,39.58,45.9,2025-07-14,2025-07-20,2025-07-24,2025-07-27,2025-08-22,2025-08-22,True,True,joined_on_time,2025-08-22,20,hypothesis_generation
CAND-01715,APP-01775,REQ-00161,CLI-004,REC-013,DevOps Engineer,IT/Technology,Atlanta,GA,remote,Direct Hire,1.7,job_board,57.56,71.98,2024-04-04,2024-04-10,2024-04-17,2024-04-21,2024-05-19,,True,True,withdrew_post_acceptance,2024-04-28,10,discovery
CAND-01716,APP-01776,REQ-00136,CLI-008,REC-001,Business Systems Analyst,IT/Technology,St. Louis,MO,hybrid,W2 Contract,8.1,recruiter_sourced,48.7,52.54,2024-11-01,2024-11-09,2024-11-11,2024-11-11,2024-11-21,2024-11-21,True,True,joined_on_time,2024-11-21,16,discovery
CAND-01717,APP-01777,REQ-00183,CLI-010,REC-006,Receptionist,Administrative/Professional,Dallas,TX,hybrid,W2 Contract,11.2,recruiter_sourced,16.11,15.91,2024-10-09,2024-10-18,2024-10-23,2024-10-23,2024-11-12,,True,True,accepted_no_show,2024-11-12,4,discovery
CAND-01718,APP-01778,REQ-00008,CLI-001,REC-006,Shipping/Receiving Clerk,Light Industrial,Houston,TX,onsite,W2 Contract,6.4,career_site,20.36,22.68,2024-11-30,2024-12-03,2024-12-16,2024-12-20,2025-01-17,2025-01-17,True,True,joined_on_time,2025-01-17,14,discovery
CAND-01719,APP-01779,REQ-00211,CLI-001,REC-002,Machine Operator,Light Industrial,Austin,TX,onsite,Contract-to-Hire,4.0,job_board,16.6,18.43,2024-05-03,2024-05-07,2024-05-10,2024-05-13,2024-06-01,,True,False,declined_offer,2024-05-13,15,discovery
CAND-01720,APP-01780,REQ-00060,CLI-008,REC-004,Data Analyst,IT/Technology,Tucson,AZ,hybrid,W2 Contract,1.0,career_site,,44.04,2025-05-18,2025-05-26,2025-06-03,2025-06-09,2025-06-29,,True,True,withdrew_post_acceptance,2025-06-29,19,discovery
CAND-01721,APP-01781,REQ-00091,CLI-006,REC-014,Data Entry Clerk,Administrative/Professional,Tucson,AZ,hybrid,1099,2.0,job_board,24.53,24.7,2025-03-25,2025-03-30,2025-04-17,2025-04-19,2025-05-17,2025-05-16,True,True,joined_on_time,2025-05-16,9,discovery
CAND-01722,APP-01782,REQ-00095,CLI-001,REC-007,Shipping/Receiving Clerk,Light Industrial,Columbus,OH,onsite,W2 Contract,4.2,job_board,21.68,22.07,2024-10-19,2024-10-29,2024-11-13,2024-11-17,2024-12-02,,True,True,withdrew_post_acceptance,2024-11-30,2,discovery
CAND-01723,APP-01783,REQ-00091,CLI-006,REC-006,Data Entry Clerk,Administrative/Professional,Tucson,AZ,hybrid,1099,3.0,reapply,22.85,22.13,2025-04-13,2025-04-23,2025-04-29,2025-04-29,2025-05-30,,True,True,accepted_no_show,2025-05-30,16,discovery
CAND-01724,APP-01784,REQ-00133,CLI-007,REC-008,Medical Coder,Healthcare,Pittsburgh,PA,onsite,1099,3.9,referral,23.2,26.08,2024-03-12,2024-03-17,2024-04-04,2024-04-07,2024-04-24,2024-05-19,True,True,joined_late,2024-05-19,13,hypothesis_generation
CAND-01725,APP-01785,REQ-00178,CLI-005,REC-011,Quality Engineer,Engineering,Atlanta,GA,onsite,W2 Contract,6.2,job_board,,31.7,2025-05-29,2025-06-16,2025-07-03,2025-07-06,2025-07-16,2025-07-15,True,True,joined_on_time,2025-07-15,10,held_out_test
CAND-01726,APP-01786,REQ-00017,CLI-011,REC-015,General Laborer,Light Industrial,Columbus,OH,onsite,W2 Contract,2.0,career_site,15.58,18.75,2025-04-22,2025-04-28,2025-05-08,2025-05-09,2025-06-11,,True,True,withdrew_post_acceptance,2025-05-14,0,discovery
CAND-01727,APP-01787,REQ-00056,CLI-011,REC-015,Office Coordinator,Administrative/Professional,Austin,TX,onsite,Direct Hire,9.1,job_board,,21.06,2024-05-16,2024-05-22,2024-06-04,2024-06-08,2024-06-27,2024-06-28,True,True,joined_on_time,2024-06-28,11,hypothesis_generation
CAND-01728,APP-01788,REQ-00196,CLI-008,REC-013,Data Analyst,IT/Technology,Chicago,IL,hybrid,Direct Hire,13.5,referral,37.24,37.31,2025-04-17,2025-05-05,2025-05-12,2025-05-17,2025-06-12,,True,True,withdrew_post_acceptance,2025-05-18,12,discovery
CAND-01729,APP-01789,REQ-00165,CLI-008,REC-011,Network Administrator,IT/Technology,Houston,TX,hybrid,Direct Hire,1.0,referral,35.26,35.47,2024-07-12,2024-07-27,2024-08-10,2024-08-16,2024-08-25,2024-08-26,True,True,joined_on_time,2024-08-26,6,discovery
CAND-01730,APP-01790,REQ-00142,CLI-010,REC-004,Data Entry Clerk,Administrative/Professional,Chicago,IL,hybrid,Direct Hire,0.4,job_board,18.65,21.23,2024-10-11,2024-10-23,2024-11-10,2024-11-14,2024-12-08,2024-12-08,True,True,joined_on_time,2024-12-08,5,discovery
CAND-01731,APP-01791,REQ-00061,CLI-004,REC-013,Systems Administrator,IT/Technology,Jacksonville,FL,remote,Direct Hire,6.3,referral,66.98,68.45,2025-03-16,2025-04-02,2025-04-13,2025-04-14,2025-05-11,2025-05-12,True,True,joined_on_time,2025-05-12,5,hypothesis_generation
CAND-01732,APP-01792,REQ-00142,CLI-010,REC-018,Data Entry Clerk,Administrative/Professional,Chicago,IL,hybrid,Direct Hire,1.4,recruiter_sourced,18.8,21.15,2024-11-13,2024-11-25,2024-11-29,2024-12-05,2024-12-23,2025-01-13,True,True,joined_late,2025-01-13,5,hypothesis_generation
CAND-01733,APP-01793,REQ-00164,CLI-011,REC-003,Shipping/Receiving Clerk,Light Industrial,St. Louis,MO,onsite,Direct Hire,3.1,reapply,20.15,20.7,2024-03-15,2024-04-02,2024-04-12,2024-04-16,2024-05-03,,True,False,declined_offer,2024-04-16,9,held_out_test
CAND-01734,APP-01794,REQ-00097,CLI-006,REC-012,Financial Analyst,Finance/Accounting,Columbus,OH,hybrid,1099,7.5,job_board,27.17,31.49,2025-02-25,2025-03-16,2025-03-27,2025-03-27,2025-04-19,,True,True,withdrew_post_acceptance,2025-04-11,21,discovery
CAND-01735,APP-01795,REQ-00050,CLI-003,REC-015,Staff Accountant,Finance/Accounting,Nashville,TN,hybrid,W2 Contract,4.2,job_board,25.6,25.14,2024-08-29,2024-09-18,2024-09-23,2024-09-26,2024-10-12,,True,False,declined_offer,2024-09-26,13,discovery
CAND-01736,APP-01796,REQ-00021,CLI-009,REC-007,Manufacturing Engineer,Engineering,Columbus,OH,hybrid,Direct Hire,3.5,reapply,53.61,53.28,2025-06-08,2025-06-27,2025-07-11,2025-07-11,2025-07-31,2025-08-08,True,True,joined_late,2025-08-08,6,hypothesis_generation
CAND-01737,APP-01797,REQ-00199,CLI-006,REC-006,Administrative Assistant,Administrative/Professional,Atlanta,GA,hybrid,Direct Hire,3.3,job_board,17.44,18.33,2024-03-01,2024-03-21,2024-03-24,2024-03-24,2024-04-20,2024-04-20,True,True,joined_on_time,2024-04-20,9,discovery
CAND-01738,APP-01798,REQ-00160,CLI-005,REC-007,Civil Engineer,Engineering,Tucson,AZ,onsite,Contract-to-Hire,8.0,job_board,,47.79,2024-11-17,2024-12-08,2024-12-16,2024-12-22,2025-01-16,2025-01-15,True,True,joined_on_time,2025-01-15,12,discovery
CAND-01739,APP-01799,REQ-00060,CLI-008,REC-016,Data Analyst,IT/Technology,Tucson,AZ,hybrid,W2 Contract,1.6,job_board,48.85,52.77,2025-05-26,2025-06-13,2025-06-23,2025-06-29,2025-07-26,2025-07-25,True,True,joined_on_time,2025-07-25,4,discovery
CAND-00889,APP-01800,REQ-00073,CLI-004,REC-004,QA Tester,IT/Technology,Milwaukee,WI,remote,Direct Hire,1.0,job_board,46.55,56.38,2025-02-05,2025-02-19,2025-03-05,2025-03-11,2025-04-05,2025-04-05,True,True,joined_on_time,2025-04-05,3,discovery
CAND-01740,APP-01801,REQ-00141,CLI-009,REC-016,Civil Engineer,Engineering,Kansas City,MO,onsite,Direct Hire,6.4,recruiter_sourced,45.64,48.61,2024-04-08,2024-04-19,2024-04-27,2024-05-03,2024-05-21,2024-05-22,True,True,joined_on_time,2024-05-22,21,hypothesis_generation
CAND-01741,APP-01802,REQ-00062,CLI-011,REC-012,Office Coordinator,Administrative/Professional,Houston,TX,hybrid,W2 Contract,2.8,recruiter_sourced,15.94,16.27,2025-06-13,2025-06-16,2025-06-21,2025-06-25,2025-07-16,,True,True,accepted_no_show,2025-07-16,0,held_out_test
CAND-01742,APP-01803,REQ-00175,CLI-011,REC-003,HR Coordinator,Administrative/Professional,Cincinnati,OH,remote,W2 Contract,1.5,recruiter_sourced,,16.88,2025-06-03,2025-06-09,2025-06-12,2025-06-13,2025-06-30,2025-06-30,True,True,joined_on_time,2025-06-30,16,hypothesis_generation
CAND-01743,APP-01804,REQ-00050,CLI-003,REC-006,Staff Accountant,Finance/Accounting,Nashville,TN,hybrid,W2 Contract,5.1,recruiter_sourced,25.58,30.42,2024-08-10,2024-08-23,2024-09-07,2024-09-11,2024-09-29,2024-09-29,True,True,joined_on_time,2024-09-29,17,discovery
CAND-01744,APP-01805,REQ-00048,CLI-008,REC-010,QA Tester,IT/Technology,Phoenix,AZ,hybrid,Contract-to-Hire,5.4,job_board,,39.2,2024-11-18,2024-12-04,2024-12-21,2024-12-22,2025-01-10,,True,True,withdrew_post_acceptance,2025-01-05,10,held_out_test
CAND-01745,APP-01806,REQ-00037,CLI-003,REC-006,AR Specialist,Finance/Accounting,Jacksonville,FL,hybrid,Contract-to-Hire,8.1,recruiter_sourced,36.6,39.69,2024-08-11,2024-08-23,2024-09-08,2024-09-14,2024-09-18,2024-09-18,True,True,joined_on_time,2024-09-18,10,discovery
CAND-01746,APP-01807,REQ-00157,CLI-006,REC-012,Receptionist,Administrative/Professional,Dallas,TX,hybrid,1099,4.2,referral,16.45,17.6,2024-07-03,2024-07-13,2024-07-28,2024-07-30,2024-08-12,,True,True,rejected_by_client,2024-08-01,13,held_out_test
CAND-01747,APP-01808,REQ-00032,CLI-005,REC-007,Forklift Operator,Light Industrial,Columbus,OH,onsite,Contract-to-Hire,6.2,job_board,16.18,18.21,2025-04-17,2025-04-22,2025-04-28,2025-04-30,2025-05-18,,True,True,rejected_by_client,2025-05-12,0,discovery
CAND-01748,APP-01809,REQ-00191,CLI-008,REC-016,Data Analyst,IT/Technology,St. Louis,MO,hybrid,Direct Hire,5.9,job_board,35.12,33.67,2024-09-20,2024-10-05,2024-10-11,2024-10-16,2024-10-26,2024-10-25,True,True,joined_on_time,2024-10-25,11,discovery
CAND-01749,APP-01810,REQ-00168,CLI-004,REC-018,Business Systems Analyst,IT/Technology,Houston,TX,remote,1099,11.4,reapply,37.75,38.53,2025-04-01,2025-04-08,2025-04-24,2025-04-27,2025-05-09,2025-05-09,True,True,joined_on_time,2025-05-09,11,discovery
CAND-01750,APP-01811,REQ-00210,CLI-008,REC-013,QA Tester,IT/Technology,Indianapolis,IN,hybrid,Direct Hire,6.5,referral,37.9,39.8,2025-01-22,2025-02-04,2025-02-11,2025-02-12,2025-03-11,2025-04-04,True,True,joined_late,2025-04-04,6,discovery
CAND-01751,APP-01812,REQ-00034,CLI-011,REC-006,Machine Operator,Light Industrial,Raleigh,NC,onsite,W2 Contract,4.8,job_board,16.37,15.73,2024-08-07,2024-08-26,2024-09-07,2024-09-10,2024-09-28,,True,False,declined_offer,2024-09-10,0,discovery
CAND-01752,APP-01813,REQ-00216,CLI-003,REC-003,Bookkeeper,Finance/Accounting,St. Louis,MO,hybrid,Contract-to-Hire,1.0,recruiter_sourced,39.9,41.09,2024-12-31,2025-01-14,2025-01-25,2025-01-29,2025-02-06,,True,True,withdrew_post_acceptance,2025-02-03,14,discovery
CAND-01753,APP-01814,REQ-00005,CLI-002,REC-008,Certified Nursing Assistant,Healthcare,Columbus,OH,onsite,W2 Contract,2.6,referral,42.08,41.06,2025-01-15,2025-01-22,2025-02-02,2025-02-05,2025-02-28,,True,False,declined_offer,2025-02-05,6,hypothesis_generation
CAND-01754,APP-01815,REQ-00154,CLI-010,REC-003,Office Coordinator,Administrative/Professional,Phoenix,AZ,hybrid,W2 Contract,3.3,job_board,17.26,18.56,2025-03-31,2025-04-21,2025-05-07,2025-05-08,2025-05-25,2025-05-25,True,True,joined_on_time,2025-05-25,16,hypothesis_generation
CAND-01755,APP-01816,REQ-00002,CLI-002,REC-004,Medical Coder,Healthcare,Austin,TX,onsite,W2 Contract,6.4,recruiter_sourced,25.37,25.88,2025-06-08,2025-06-28,2025-06-30,2025-07-01,2025-07-16,2025-07-15,True,True,joined_on_time,2025-07-15,9,discovery
CAND-01756,APP-01817,REQ-00059,CLI-002,REC-002,Certified Nursing Assistant,Healthcare,Chicago,IL,remote,Direct Hire,2.5,referral,38.89,44.07,2024-10-09,2024-10-28,2024-11-04,2024-11-07,2024-11-15,2024-11-16,True,True,joined_on_time,2024-11-16,0,discovery
CAND-01757,APP-01818,REQ-00094,CLI-001,REC-015,Forklift Operator,Light Industrial,Orlando,FL,remote,W2 Contract,3.8,recruiter_sourced,17.38,20.82,2024-05-25,2024-05-28,2024-06-08,2024-06-14,2024-07-05,2024-07-05,True,True,joined_on_time,2024-07-05,14,held_out_test
CAND-01758,APP-01819,REQ-00160,CLI-005,REC-007,Civil Engineer,Engineering,Tucson,AZ,onsite,Contract-to-Hire,12.9,referral,44.85,46.71,2024-12-01,2024-12-10,2024-12-22,2024-12-27,2025-01-08,2025-01-26,True,True,joined_late,2025-01-26,10,hypothesis_generation
CAND-01759,APP-01820,REQ-00001,CLI-004,REC-006,Software Engineer,IT/Technology,Atlanta,GA,remote,W2 Contract,2.0,job_board,52.06,58.61,2024-04-22,2024-04-28,2024-05-11,2024-05-14,2024-06-11,,True,False,declined_offer,2024-05-14,22,held_out_test
CAND-01760,APP-01821,REQ-00197,CLI-004,REC-007,Systems Administrator,IT/Technology,Kansas City,MO,remote,W2 Contract,9.7,job_board,35.14,36.05,2025-07-09,2025-07-24,2025-07-31,2025-08-04,2025-09-04,,True,True,withdrew_post_acceptance,2025-08-17,12,held_out_test
CAND-01761,APP-01822,REQ-00216,CLI-003,REC-009,Bookkeeper,Finance/Accounting,St. Louis,MO,hybrid,Contract-to-Hire,4.4,job_board,34.25,34.5,2025-01-22,2025-02-02,2025-02-16,2025-02-21,2025-03-23,2025-03-23,True,True,joined_on_time,2025-03-23,16,discovery
CAND-01762,APP-01823,REQ-00021,CLI-009,REC-001,Manufacturing Engineer,Engineering,Columbus,OH,hybrid,Direct Hire,1.9,referral,41.12,39.82,2025-07-14,2025-07-18,2025-07-23,2025-07-23,2025-08-19,2025-08-20,True,True,joined_on_time,2025-08-20,12,held_out_test
CAND-01763,APP-01824,REQ-00172,CLI-001,REC-006,Shipping/Receiving Clerk,Light Industrial,Houston,TX,onsite,Contract-to-Hire,8.4,career_site,19.2,22.18,2024-12-14,2024-12-27,2025-01-03,2025-01-03,2025-02-04,,True,True,withdrew_post_acceptance,2025-01-09,29,hypothesis_generation
CAND-01764,APP-01825,REQ-00030,CLI-006,REC-018,Administrative Assistant,Administrative/Professional,Indianapolis,IN,hybrid,Direct Hire,1.8,job_board,18.03,19.67,2024-08-30,2024-09-10,2024-09-28,2024-10-04,2024-10-24,,True,True,rejected_by_client,2024-10-14,0,hypothesis_generation
CAND-01765,APP-01826,REQ-00065,CLI-003,REC-015,Bookkeeper,Finance/Accounting,Indianapolis,IN,hybrid,Direct Hire,10.0,recruiter_sourced,,31.73,2024-07-28,2024-08-15,2024-08-27,2024-09-01,2024-09-28,2024-09-29,True,True,joined_on_time,2024-09-29,29,discovery
CAND-01766,APP-01827,REQ-00220,CLI-008,REC-013,Network Administrator,IT/Technology,Philadelphia,PA,hybrid,Contract-to-Hire,2.0,job_board,37.11,41.69,2024-12-18,2025-01-04,2025-01-20,2025-01-25,2025-02-16,,True,False,declined_offer,2025-01-25,16,discovery
CAND-01767,APP-01828,REQ-00117,CLI-004,REC-004,Data Analyst,IT/Technology,Tucson,AZ,remote,Contract-to-Hire,5.0,job_board,50.62,56.96,2024-04-03,2024-04-20,2024-04-24,2024-04-27,2024-05-04,2024-05-04,True,True,joined_on_time,2024-05-04,15,discovery
CAND-01768,APP-01829,REQ-00119,CLI-009,REC-007,Manufacturing Engineer,Engineering,Kansas City,MO,onsite,Direct Hire,4.2,reapply,34.94,41.73,2025-02-04,2025-02-13,2025-02-28,2025-03-03,2025-04-03,2025-04-11,True,True,joined_late,2025-04-11,13,discovery
CAND-01769,APP-01830,REQ-00069,CLI-010,REC-015,Executive Assistant,Administrative/Professional,Chicago,IL,hybrid,W2 Contract,2.2,referral,15.08,16.77,2024-07-13,2024-07-22,2024-08-09,2024-08-13,2024-08-29,,True,True,withdrew_post_acceptance,2024-08-27,6,held_out_test
CAND-01770,APP-01831,REQ-00019,CLI-011,REC-015,Shipping/Receiving Clerk,Light Industrial,Columbus,OH,onsite,Contract-to-Hire,8.8,recruiter_sourced,13.32,14.57,2024-10-10,2024-10-28,2024-11-01,2024-11-03,2024-11-21,2024-11-22,True,True,joined_on_time,2024-11-22,3,discovery
CAND-01771,APP-01832,REQ-00017,CLI-011,REC-018,General Laborer,Light Industrial,Columbus,OH,onsite,W2 Contract,8.6,career_site,,20.44,2025-04-24,2025-05-15,2025-05-22,2025-05-28,2025-06-04,2025-06-21,True,True,joined_late,2025-06-21,10,hypothesis_generation
CAND-01772,APP-01833,REQ-00183,CLI-010,REC-009,Receptionist,Administrative/Professional,Dallas,TX,hybrid,W2 Contract,3.0,career_site,,24.06,2024-10-10,2024-10-31,2024-11-08,2024-11-09,2024-12-13,2024-12-13,True,True,joined_on_time,2024-12-13,0,hypothesis_generation
CAND-01773,APP-01834,REQ-00204,CLI-011,REC-018,Forklift Operator,Light Industrial,Tampa,FL,onsite,Direct Hire,6.0,referral,19.9,22.05,2024-10-11,2024-10-14,2024-10-26,2024-10-27,2024-11-09,2024-12-03,True,True,joined_late,2024-12-03,13,discovery
CAND-01774,APP-01835,REQ-00169,CLI-002,REC-002,Medical Assistant,Healthcare,Tucson,AZ,onsite,Contract-to-Hire,2.0,job_board,41.96,47.44,2025-05-22,2025-06-11,2025-06-17,2025-06-23,2025-07-15,2025-07-15,True,True,joined_on_time,2025-07-15,7,discovery
CAND-01775,APP-01836,REQ-00128,CLI-010,REC-009,Customer Service Representative,Administrative/Professional,Houston,TX,hybrid,Direct Hire,4.0,job_board,16.82,18.87,2024-12-28,2025-01-16,2025-01-28,2025-02-03,2025-02-24,,True,False,declined_offer,2025-02-03,13,discovery
CAND-01776,APP-01837,REQ-00065,CLI-003,REC-003,Bookkeeper,Finance/Accounting,Indianapolis,IN,hybrid,Direct Hire,1.3,career_site,37.88,39.35,2024-07-21,2024-08-07,2024-08-15,2024-08-18,2024-08-27,2024-08-27,True,True,joined_on_time,2024-08-27,17,held_out_test
CAND-01777,APP-01838,REQ-00051,CLI-006,REC-014,Executive Assistant,Administrative/Professional,Milwaukee,WI,hybrid,W2 Contract,1.4,recruiter_sourced,19.9,18.58,2025-06-22,2025-07-07,2025-07-13,2025-07-16,2025-07-25,,True,True,accepted_no_show,2025-07-25,3,discovery
CAND-01778,APP-01839,REQ-00087,CLI-001,REC-015,Machine Operator,Light Industrial,Jacksonville,FL,onsite,Contract-to-Hire,7.0,recruiter_sourced,19.93,20.77,2025-03-04,2025-03-14,2025-03-17,2025-03-22,2025-03-27,2025-03-27,True,True,joined_on_time,2025-03-27,9,discovery
CAND-01779,APP-01840,REQ-00028,CLI-009,REC-001,Mechanical Engineer,Engineering,Jacksonville,FL,onsite,W2 Contract,2.4,recruiter_sourced,52.76,54.88,2024-09-15,2024-09-28,2024-10-12,2024-10-18,2024-11-03,2024-11-03,True,True,joined_on_time,2024-11-03,6,held_out_test
CAND-01780,APP-01841,REQ-00145,CLI-010,REC-009,Office Coordinator,Administrative/Professional,Orlando,FL,onsite,Contract-to-Hire,3.1,job_board,18.73,22.02,2024-09-08,2024-09-23,2024-09-26,2024-10-01,2024-10-10,2024-10-11,True,True,joined_on_time,2024-10-11,4,discovery
CAND-01781,APP-01842,REQ-00138,CLI-010,REC-017,Office Coordinator,Administrative/Professional,Nashville,TN,hybrid,Contract-to-Hire,4.4,recruiter_sourced,,20.09,2024-09-03,2024-09-23,2024-10-08,2024-10-14,2024-11-07,,True,True,rejected_by_client,2024-10-27,4,discovery
CAND-01782,APP-01843,REQ-00188,CLI-007,REC-005,Medical Assistant,Healthcare,Pittsburgh,PA,hybrid,W2 Contract,3.5,job_board,28.12,27.38,2024-04-30,2024-05-11,2024-05-15,2024-05-21,2024-06-16,2024-06-16,True,True,joined_on_time,2024-06-16,10,discovery
CAND-01783,APP-01844,REQ-00171,CLI-005,REC-013,Process Engineer,Engineering,Jacksonville,FL,onsite,Contract-to-Hire,2.8,staffing_event,38.83,42.54,2025-01-04,2025-01-13,2025-01-25,2025-01-29,2025-02-24,2025-02-24,True,True,joined_on_time,2025-02-24,2,discovery
CAND-01784,APP-01845,REQ-00123,CLI-009,REC-001,Process Engineer,Engineering,Kansas City,MO,onsite,W2 Contract,5.1,job_board,38.13,43.26,2024-11-03,2024-11-23,2024-11-25,2024-11-26,2024-12-20,2024-12-20,True,True,joined_on_time,2024-12-20,6,discovery
CAND-01785,APP-01846,REQ-00056,CLI-011,REC-012,Office Coordinator,Administrative/Professional,Austin,TX,onsite,Direct Hire,1.7,job_board,,16.83,2024-05-17,2024-05-23,2024-06-02,2024-06-07,2024-06-20,2024-06-20,True,True,joined_on_time,2024-06-20,1,hypothesis_generation
CAND-01786,APP-01847,REQ-00112,CLI-001,REC-015,Forklift Operator,Light Industrial,Pittsburgh,PA,onsite,Contract-to-Hire,3.4,career_site,16.63,16.18,2025-07-09,2025-07-30,2025-08-02,2025-08-05,2025-08-27,,True,False,declined_offer,2025-08-05,15,hypothesis_generation
CAND-01787,APP-01848,REQ-00089,CLI-008,REC-013,Software Engineer,IT/Technology,Houston,TX,hybrid,W2 Contract,4.6,recruiter_sourced,,58.01,2025-05-24,2025-06-12,2025-06-28,2025-07-04,2025-07-16,2025-07-16,True,True,joined_on_time,2025-07-16,15,discovery
CAND-01788,APP-01849,REQ-00051,CLI-006,REC-003,Executive Assistant,Administrative/Professional,Milwaukee,WI,hybrid,W2 Contract,1.4,career_site,20.41,20.47,2025-06-04,2025-06-24,2025-07-10,2025-07-11,2025-08-04,2025-08-03,True,True,joined_on_time,2025-08-03,16,hypothesis_generation
CAND-01789,APP-01850,REQ-00163,CLI-011,REC-003,Shipping/Receiving Clerk,Light Industrial,Orlando,FL,onsite,Direct Hire,1.9,reapply,,14.85,2024-06-21,2024-06-27,2024-07-02,2024-07-08,2024-07-24,2024-07-24,True,True,joined_on_time,2024-07-24,17,hypothesis_generation
CAND-01790,APP-01851,REQ-00096,CLI-003,REC-006,Accounts Payable Clerk,Finance/Accounting,Kansas City,MO,hybrid,Direct Hire,2.1,referral,27.65,31.99,2024-05-15,2024-05-20,2024-06-07,2024-06-10,2024-06-23,2024-06-24,True,True,joined_on_time,2024-06-24,14,discovery
CAND-01791,APP-01852,REQ-00217,CLI-001,REC-015,Shipping/Receiving Clerk,Light Industrial,St. Louis,MO,onsite,W2 Contract,1.9,job_board,18.71,19.96,2024-10-08,2024-10-26,2024-11-11,2024-11-11,2024-11-29,,True,True,withdrew_post_acceptance,2024-11-15,22,discovery
CAND-00223,APP-01853,REQ-00126,CLI-005,REC-013,Mechanical Engineer,Engineering,Austin,TX,onsite,W2 Contract,6.8,recruiter_sourced,33.95,36.58,2025-01-28,2025-02-13,2025-02-15,2025-02-16,2025-03-14,2025-03-21,True,True,joined_late,2025-03-21,6,discovery
CAND-01792,APP-01854,REQ-00103,CLI-007,REC-008,Phlebotomist,Healthcare,Chicago,IL,remote,W2 Contract,9.8,career_site,28.06,30.77,2024-09-15,2024-09-23,2024-10-02,2024-10-02,2024-10-31,2024-10-30,True,True,joined_on_time,2024-10-30,8,discovery
CAND-01793,APP-01855,REQ-00053,CLI-002,REC-011,Registered Nurse,Healthcare,Raleigh,NC,remote,1099,3.1,job_board,39.86,47.68,2024-06-19,2024-06-22,2024-06-25,2024-06-30,2024-07-27,,True,True,rejected_by_client,2024-07-16,8,hypothesis_generation
CAND-01794,APP-01856,REQ-00062,CLI-011,REC-003,Office Coordinator,Administrative/Professional,Houston,TX,hybrid,W2 Contract,18.9,job_board,,20.81,2025-06-20,2025-06-30,2025-07-04,2025-07-04,2025-08-02,,True,True,withdrew_post_acceptance,2025-07-20,15,held_out_test
CAND-01795,APP-01857,REQ-00137,CLI-009,REC-001,Electrical Engineer,Engineering,Philadelphia,PA,hybrid,W2 Contract,2.0,job_board,44.4,50.66,2024-09-16,2024-10-03,2024-10-05,2024-10-09,2024-11-07,2024-11-08,True,True,joined_on_time,2024-11-08,9,held_out_test
CAND-01796,APP-01858,REQ-00152,CLI-003,REC-009,Accounts Payable Clerk,Finance/Accounting,Houston,TX,hybrid,W2 Contract,3.4,recruiter_sourced,27.69,28.16,2024-05-23,2024-06-06,2024-06-10,2024-06-13,2024-06-29,,True,True,rejected_by_client,2024-06-18,7,discovery
CAND-01797,APP-01859,REQ-00164,CLI-011,REC-009,Shipping/Receiving Clerk,Light Industrial,St. Louis,MO,onsite,Direct Hire,4.7,referral,19.25,19.32,2024-03-24,2024-04-09,2024-04-14,2024-04-14,2024-05-11,,True,True,rejected_by_client,2024-05-11,11,discovery
CAND-01798,APP-01860,REQ-00119,CLI-009,REC-004,Manufacturing Engineer,Engineering,Kansas City,MO,onsite,Direct Hire,1.1,recruiter_sourced,39.67,45.35,2025-03-03,2025-03-12,2025-03-15,2025-03-18,2025-03-25,,True,False,declined_offer,2025-03-18,14,discovery
CAND-01799,APP-01861,REQ-00217,CLI-001,REC-012,Shipping/Receiving Clerk,Light Industrial,St. Louis,MO,onsite,W2 Contract,5.9,job_board,,15.71,2024-10-04,2024-10-08,2024-10-11,2024-10-15,2024-10-31,2024-10-31,True,True,joined_on_time,2024-10-31,8,hypothesis_generation
CAND-01800,APP-01862,REQ-00029,CLI-009,REC-016,Mechanical Engineer,Engineering,Houston,TX,onsite,W2 Contract,6.9,recruiter_sourced,49.0,50.43,2024-03-14,2024-04-03,2024-04-05,2024-04-05,2024-04-25,,True,True,withdrew_post_acceptance,2024-04-20,15,held_out_test
CAND-01801,APP-01863,REQ-00088,CLI-004,REC-001,DevOps Engineer,IT/Technology,Tampa,FL,onsite,1099,1.0,job_board,35.71,39.84,2024-03-04,2024-03-25,2024-03-27,2024-03-27,2024-05-01,,True,False,declined_offer,2024-03-27,11,discovery
CAND-01802,APP-01864,REQ-00197,CLI-004,REC-001,Systems Administrator,IT/Technology,Kansas City,MO,remote,W2 Contract,4.7,referral,41.13,50.89,2025-06-10,2025-06-15,2025-06-20,2025-06-21,2025-07-17,,True,True,accepted_no_show,2025-07-17,4,discovery
CAND-01803,APP-01865,REQ-00137,CLI-009,REC-016,Electrical Engineer,Engineering,Philadelphia,PA,hybrid,W2 Contract,12.4,recruiter_sourced,32.34,31.65,2024-10-09,2024-10-24,2024-11-10,2024-11-11,2024-11-25,,True,False,declined_offer,2024-11-11,13,hypothesis_generation
CAND-01804,APP-01866,REQ-00116,CLI-009,REC-007,Electrical Engineer,Engineering,Tampa,FL,hybrid,1099,9.1,reapply,42.28,47.39,2025-06-23,2025-06-29,2025-07-16,2025-07-16,2025-08-13,2025-08-13,True,True,joined_on_time,2025-08-13,24,held_out_test
CAND-01805,APP-01867,REQ-00020,CLI-011,REC-012,Administrative Assistant,Administrative/Professional,Charlotte,NC,onsite,Contract-to-Hire,3.9,job_board,20.62,20.65,2024-10-30,2024-11-03,2024-11-09,2024-11-15,2024-11-26,,True,True,accepted_no_show,2024-11-26,6,discovery
CAND-01806,APP-01868,REQ-00230,CLI-003,REC-006,Financial Analyst,Finance/Accounting,Houston,TX,hybrid,W2 Contract,3.7,job_board,36.76,39.22,2025-01-07,2025-01-14,2025-01-26,2025-01-27,2025-02-11,,True,True,withdrew_post_acceptance,2025-02-11,0,hypothesis_generation
CAND-01807,APP-01869,REQ-00101,CLI-011,REC-006,General Laborer,Light Industrial,Chicago,IL,onsite,Contract-to-Hire,12.8,referral,15.85,16.45,2025-02-21,2025-03-05,2025-03-21,2025-03-27,2025-04-15,2025-04-15,True,True,joined_on_time,2025-04-15,0,discovery
CAND-01808,APP-01870,REQ-00017,CLI-011,REC-006,General Laborer,Light Industrial,Columbus,OH,onsite,W2 Contract,5.3,referral,14.03,15.04,2025-04-08,2025-04-14,2025-04-23,2025-04-24,2025-05-18,2025-05-18,True,True,joined_on_time,2025-05-18,11,discovery
CAND-01809,APP-01871,REQ-00030,CLI-006,REC-015,Administrative Assistant,Administrative/Professional,Indianapolis,IN,hybrid,Direct Hire,10.9,job_board,,23.34,2024-09-16,2024-09-23,2024-10-03,2024-10-05,2024-11-04,,True,True,accepted_no_show,2024-11-04,12,discovery
CAND-01810,APP-01872,REQ-00181,CLI-010,REC-003,Data Entry Clerk,Administrative/Professional,Jacksonville,FL,hybrid,W2 Contract,4.5,job_board,17.91,20.89,2024-02-04,2024-02-17,2024-02-21,2024-02-22,2024-03-27,,True,True,accepted_no_show,2024-03-27,11,discovery
CAND-01811,APP-01873,REQ-00227,CLI-011,REC-018,HR Coordinator,Administrative/Professional,Indianapolis,IN,onsite,W2 Contract,2.2,reapply,,19.98,2024-11-28,2024-12-09,2024-12-26,2024-12-30,2025-01-18,,True,False,declined_offer,2024-12-30,14,held_out_test
CAND-01812,APP-01874,REQ-00129,CLI-010,REC-006,Administrative Assistant,Administrative/Professional,Houston,TX,hybrid,Direct Hire,6.0,staffing_event,,23.5,2024-02-20,2024-03-10,2024-03-28,2024-03-30,2024-04-16,,True,True,withdrew_post_acceptance,2024-04-14,7,discovery
CAND-01813,APP-01875,REQ-00111,CLI-006,REC-012,Senior Accountant,Finance/Accounting,Orlando,FL,hybrid,Direct Hire,11.5,staffing_event,,34.22,2024-08-17,2024-08-23,2024-08-26,2024-08-29,2024-09-14,2024-09-15,True,True,joined_on_time,2024-09-15,5,discovery
CAND-01814,APP-01876,REQ-00042,CLI-008,REC-013,Data Analyst,IT/Technology,Tampa,FL,hybrid,W2 Contract,2.7,recruiter_sourced,55.57,52.67,2024-09-29,2024-10-20,2024-11-07,2024-11-13,2024-12-11,2024-12-11,True,True,joined_on_time,2024-12-11,13,discovery
CAND-01815,APP-01877,REQ-00043,CLI-008,REC-004,Data Analyst,IT/Technology,Memphis,TN,hybrid,Contract-to-Hire,4.0,job_board,49.71,59.21,2024-04-12,2024-04-28,2024-05-08,2024-05-11,2024-05-19,2024-05-20,True,True,joined_on_time,2024-05-20,3,held_out_test
CAND-01816,APP-01878,REQ-00001,CLI-004,REC-013,Software Engineer,IT/Technology,Atlanta,GA,remote,W2 Contract,2.9,recruiter_sourced,39.54,38.63,2024-05-15,2024-05-22,2024-05-24,2024-05-25,2024-06-05,2024-06-05,True,True,joined_on_time,2024-06-05,7,held_out_test
CAND-01817,APP-01879,REQ-00042,CLI-008,REC-016,Data Analyst,IT/Technology,Tampa,FL,hybrid,W2 Contract,5.4,career_site,30.92,37.05,2024-09-11,2024-09-24,2024-09-26,2024-09-27,2024-10-30,2024-10-30,True,True,joined_on_time,2024-10-30,23,discovery
CAND-01818,APP-01880,REQ-00226,CLI-006,REC-003,Bookkeeper,Finance/Accounting,St. Louis,MO,hybrid,W2 Contract,6.1,job_board,20.97,24.3,2025-04-22,2025-05-07,2025-05-23,2025-05-24,2025-06-20,2025-06-19,True,True,joined_on_time,2025-06-19,14,discovery
CAND-01819,APP-01881,REQ-00030,CLI-006,REC-015,Administrative Assistant,Administrative/Professional,Indianapolis,IN,hybrid,Direct Hire,1.4,staffing_event,18.53,19.77,2024-09-17,2024-09-23,2024-10-07,2024-10-13,2024-10-17,2024-10-16,True,True,joined_on_time,2024-10-16,8,hypothesis_generation
CAND-01820,APP-01882,REQ-00117,CLI-004,REC-010,Data Analyst,IT/Technology,Tucson,AZ,remote,Contract-to-Hire,3.4,job_board,52.26,56.22,2024-04-09,2024-04-27,2024-05-05,2024-05-08,2024-06-07,,True,True,accepted_no_show,2024-06-07,3,hypothesis_generation
CAND-01821,APP-01883,REQ-00108,CLI-007,REC-004,Phlebotomist,Healthcare,Philadelphia,PA,onsite,W2 Contract,5.6,referral,24.57,27.55,2025-03-31,2025-04-04,2025-04-18,2025-04-18,2025-05-15,,True,True,withdrew_post_acceptance,2025-05-14,19,held_out_test
CAND-01822,APP-01884,REQ-00117,CLI-004,REC-013,Data Analyst,IT/Technology,Tucson,AZ,remote,Contract-to-Hire,8.1,career_site,,58.27,2024-03-05,2024-03-25,2024-04-09,2024-04-12,2024-04-27,2024-04-27,True,True,joined_on_time,2024-04-27,9,discovery
CAND-01823,APP-01885,REQ-00008,CLI-001,REC-003,Shipping/Receiving Clerk,Light Industrial,Houston,TX,onsite,W2 Contract,2.2,recruiter_sourced,18.97,20.38,2024-12-04,2024-12-14,2024-12-29,2024-12-29,2025-01-11,2025-01-11,True,True,joined_on_time,2025-01-11,13,hypothesis_generation
CAND-01824,APP-01886,REQ-00076,CLI-005,REC-008,Machine Operator,Light Industrial,Jacksonville,FL,onsite,Direct Hire,1.5,recruiter_sourced,17.56,18.8,2024-04-30,2024-05-05,2024-05-18,2024-05-23,2024-06-05,2024-06-18,True,True,joined_late,2024-06-18,26,hypothesis_generation
CAND-01825,APP-01887,REQ-00118,CLI-006,REC-006,Accounts Payable Clerk,Finance/Accounting,Memphis,TN,onsite,1099,2.2,referral,31.71,31.76,2024-05-18,2024-05-21,2024-05-25,2024-05-27,2024-06-10,2024-06-23,True,True,joined_late,2024-06-23,10,discovery
CAND-01826,APP-01888,REQ-00210,CLI-008,REC-010,QA Tester,IT/Technology,Indianapolis,IN,hybrid,Direct Hire,2.9,recruiter_sourced,,38.95,2025-01-30,2025-02-10,2025-02-21,2025-02-25,2025-03-25,2025-03-25,True,True,joined_on_time,2025-03-25,9,held_out_test
CAND-01827,APP-01889,REQ-00085,CLI-008,REC-004,DevOps Engineer,IT/Technology,Memphis,TN,onsite,Direct Hire,2.7,referral,50.02,48.24,2025-02-07,2025-02-27,2025-03-05,2025-03-07,2025-04-04,,True,True,accepted_no_show,2025-04-04,29,discovery
CAND-01828,APP-01890,REQ-00092,CLI-011,REC-018,Data Entry Clerk,Administrative/Professional,Houston,TX,onsite,Direct Hire,4.2,referral,14.44,16.42,2024-03-04,2024-03-11,2024-03-20,2024-03-24,2024-04-13,2024-04-14,True,True,joined_on_time,2024-04-14,7,discovery
CAND-01829,APP-01891,REQ-00043,CLI-008,REC-013,Data Analyst,IT/Technology,Memphis,TN,hybrid,Contract-to-Hire,5.4,job_board,,48.41,2024-03-29,2024-04-05,2024-04-08,2024-04-12,2024-04-29,2024-04-30,True,True,joined_on_time,2024-04-30,0,discovery
CAND-01830,APP-01892,REQ-00022,CLI-009,REC-008,Civil Engineer,Engineering,Phoenix,AZ,remote,1099,3.3,recruiter_sourced,31.96,34.48,2024-02-19,2024-02-29,2024-03-13,2024-03-18,2024-03-29,2024-04-14,True,True,joined_late,2024-04-14,18,discovery
CAND-01831,APP-01893,REQ-00029,CLI-009,REC-007,Mechanical Engineer,Engineering,Houston,TX,onsite,W2 Contract,2.5,job_board,40.34,47.51,2024-02-08,2024-02-14,2024-02-20,2024-02-24,2024-03-23,,True,True,withdrew_post_acceptance,2024-03-06,11,discovery
CAND-01832,APP-01894,REQ-00153,CLI-006,REC-018,Executive Assistant,Administrative/Professional,Charlotte,NC,onsite,W2 Contract,1.7,referral,18.67,19.1,2024-03-07,2024-03-20,2024-04-02,2024-04-06,2024-04-12,2024-04-12,True,True,joined_on_time,2024-04-12,6,held_out_test
CAND-01833,APP-01895,REQ-00114,CLI-007,REC-002,Radiology Technician,Healthcare,Atlanta,GA,onsite,W2 Contract,1.5,recruiter_sourced,29.69,33.65,2024-11-03,2024-11-07,2024-11-17,2024-11-20,2024-12-10,2024-12-09,True,True,joined_on_time,2024-12-09,22,discovery
CAND-01834,APP-01896,REQ-00061,CLI-004,REC-013,Systems Administrator,IT/Technology,Jacksonville,FL,remote,Direct Hire,2.4,recruiter_sourced,53.62,59.62,2025-02-26,2025-03-06,2025-03-14,2025-03-15,2025-04-11,2025-04-11,True,True,joined_on_time,2025-04-11,3,held_out_test
CAND-00223,APP-01897,REQ-00011,CLI-005,REC-004,Manufacturing Engineer,Engineering,Jacksonville,FL,onsite,W2 Contract,3.9,referral,33.52,37.83,2025-03-16,2025-04-01,2025-04-16,2025-04-22,2025-05-06,,True,False,declined_offer,2025-04-22,0,discovery
CAND-01835,APP-01898,REQ-00098,CLI-002,REC-008,Physical Therapist Asst.,Healthcare,Houston,TX,onsite,Direct Hire,3.4,staffing_event,27.37,28.02,2024-09-12,2024-09-20,2024-09-26,2024-09-29,2024-10-19,,True,True,accepted_no_show,2024-10-19,2,hypothesis_generation
CAND-01836,APP-01899,REQ-00206,CLI-006,REC-005,AR Specialist,Finance/Accounting,Indianapolis,IN,hybrid,Contract-to-Hire,3.5,recruiter_sourced,,33.92,2024-11-10,2024-11-16,2024-11-20,2024-11-22,2024-12-07,2024-12-10,True,True,joined_late,2024-12-10,7,held_out_test
CAND-01837,APP-01900,REQ-00038,CLI-011,REC-018,Administrative Assistant,Administrative/Professional,Tampa,FL,onsite,1099,2.6,job_board,17.03,16.99,2024-10-12,2024-10-28,2024-11-01,2024-11-04,2024-11-24,,True,False,declined_offer,2024-11-04,1,hypothesis_generation
CAND-01838,APP-01901,REQ-00110,CLI-002,REC-008,Certified Nursing Assistant,Healthcare,Phoenix,AZ,hybrid,W2 Contract,6.3,job_board,30.63,29.46,2024-10-11,2024-10-19,2024-11-02,2024-11-05,2024-11-12,2024-12-01,True,True,joined_late,2024-12-01,10,hypothesis_generation
CAND-01839,APP-01902,REQ-00188,CLI-007,REC-017,Medical Assistant,Healthcare,Pittsburgh,PA,hybrid,W2 Contract,0.3,career_site,26.57,28.65,2024-04-19,2024-04-26,2024-05-02,2024-05-04,2024-05-14,2024-05-15,True,True,joined_on_time,2024-05-15,11,discovery
CAND-01840,APP-01903,REQ-00072,CLI-002,REC-013,Medical Assistant,Healthcare,Charlotte,NC,onsite,Contract-to-Hire,3.2,career_site,43.11,48.31,2025-01-09,2025-01-20,2025-01-31,2025-02-03,2025-02-24,,True,False,declined_offer,2025-02-03,15,held_out_test
CAND-01841,APP-01904,REQ-00220,CLI-008,REC-005,Network Administrator,IT/Technology,Philadelphia,PA,hybrid,Contract-to-Hire,3.2,job_board,38.51,44.65,2024-12-18,2024-12-21,2024-12-24,2024-12-27,2025-01-06,,True,False,declined_offer,2024-12-27,0,discovery
CAND-01842,APP-01905,REQ-00199,CLI-006,REC-005,Administrative Assistant,Administrative/Professional,Atlanta,GA,hybrid,Direct Hire,4.4,recruiter_sourced,20.64,21.05,2024-03-08,2024-03-15,2024-03-21,2024-03-22,2024-04-10,2024-04-21,True,True,joined_late,2024-04-21,9,held_out_test
CAND-01843,APP-01906,REQ-00090,CLI-011,REC-012,Warehouse Associate,Light Industrial,Atlanta,GA,onsite,W2 Contract,2.5,referral,,20.94,2024-12-24,2025-01-08,2025-01-14,2025-01-14,2025-01-28,2025-02-02,True,True,joined_late,2025-02-02,18,discovery
CAND-01844,APP-01907,REQ-00001,CLI-004,REC-007,Software Engineer,IT/Technology,Atlanta,GA,remote,W2 Contract,6.8,job_board,49.86,50.76,2024-05-11,2024-05-19,2024-05-21,2024-05-24,2024-06-21,,True,True,accepted_no_show,2024-06-21,11,discovery
CAND-01845,APP-01908,REQ-00013,CLI-007,REC-017,Pharmacy Technician,Healthcare,Houston,TX,onsite,1099,9.1,job_board,35.32,40.62,2024-11-30,2024-12-18,2024-12-26,2024-12-30,2025-01-22,,True,True,withdrew_post_acceptance,2025-01-02,5,held_out_test
CAND-01325,APP-01909,REQ-00008,CLI-001,REC-006,Shipping/Receiving Clerk,Light Industrial,Houston,TX,onsite,W2 Contract,2.2,recruiter_sourced,16.76,17.7,2025-07-28,2025-08-18,2025-08-29,2025-09-02,2025-09-24,,True,True,withdrew_post_acceptance,2025-09-08,9,hypothesis_generation
CAND-01846,APP-01910,REQ-00023,CLI-007,REC-014,Phlebotomist,Healthcare,Dallas,TX,onsite,W2 Contract,2.1,job_board,31.86,31.21,2024-12-19,2024-12-30,2025-01-01,2025-01-03,2025-01-14,,True,True,withdrew_post_acceptance,2025-01-05,7,hypothesis_generation
CAND-01847,APP-01911,REQ-00046,CLI-007,REC-008,Certified Nursing Assistant,Healthcare,Houston,TX,onsite,Contract-to-Hire,13.4,career_site,22.18,23.14,2024-04-27,2024-05-06,2024-05-16,2024-05-16,2024-06-20,,True,False,declined_offer,2024-05-16,16,hypothesis_generation
CAND-01848,APP-01912,REQ-00094,CLI-001,REC-003,Forklift Operator,Light Industrial,Orlando,FL,remote,W2 Contract,4.4,job_board,23.05,24.46,2024-06-08,2024-06-27,2024-07-12,2024-07-12,2024-07-29,2024-07-29,True,True,joined_on_time,2024-07-29,18,discovery
CAND-01849,APP-01913,REQ-00066,CLI-001,REC-003,Warehouse Associate,Light Industrial,Chicago,IL,onsite,1099,12.0,job_board,,20.03,2024-08-06,2024-08-15,2024-08-20,2024-08-24,2024-09-13,2024-10-03,True,True,joined_late,2024-10-03,11,discovery
CAND-01850,APP-01914,REQ-00187,CLI-007,REC-009,Phlebotomist,Healthcare,St. Louis,MO,onsite,1099,5.4,job_board,35.42,35.08,2025-02-23,2025-02-27,2025-03-01,2025-03-02,2025-03-20,,True,False,declined_offer,2025-03-02,18,discovery
CAND-01851,APP-01915,REQ-00143,CLI-003,REC-001,Financial Analyst,Finance/Accounting,Charlotte,NC,remote,1099,3.1,job_board,21.8,27.01,2025-05-28,2025-06-15,2025-06-20,2025-06-24,2025-07-14,,True,True,accepted_no_show,2025-07-14,1,discovery
CAND-01852,APP-01916,REQ-00013,CLI-007,REC-002,Pharmacy Technician,Healthcare,Houston,TX,onsite,1099,3.7,career_site,25.48,27.18,2024-11-29,2024-12-06,2024-12-19,2024-12-24,2025-01-20,,True,True,withdrew_post_acceptance,2025-01-13,8,held_out_test
CAND-01853,APP-01917,REQ-00105,CLI-007,REC-005,Registered Nurse,Healthcare,Pittsburgh,PA,onsite,Contract-to-Hire,11.9,job_board,31.43,33.24,2025-02-04,2025-02-16,2025-03-04,2025-03-10,2025-03-30,2025-03-30,True,True,joined_on_time,2025-03-30,3,discovery
CAND-01854,APP-01918,REQ-00043,CLI-008,REC-016,Data Analyst,IT/Technology,Memphis,TN,hybrid,Contract-to-Hire,3.7,job_board,38.57,41.7,2024-05-08,2024-05-25,2024-06-06,2024-06-07,2024-06-26,2024-07-15,True,True,joined_late,2024-07-15,8,held_out_test
CAND-01855,APP-01919,REQ-00192,CLI-008,REC-001,Business Systems Analyst,IT/Technology,Jacksonville,FL,hybrid,Direct Hire,2.6,recruiter_sourced,31.74,31.96,2025-02-27,2025-03-16,2025-04-03,2025-04-08,2025-04-13,,True,True,withdrew_post_acceptance,2025-04-12,8,discovery
CAND-01856,APP-01920,REQ-00103,CLI-007,REC-014,Phlebotomist,Healthcare,Chicago,IL,remote,W2 Contract,1.9,job_board,29.4,34.05,2024-10-28,2024-11-13,2024-11-18,2024-11-21,2024-11-28,2024-11-29,True,True,joined_on_time,2024-11-29,5,held_out_test
CAND-01857,APP-01921,REQ-00130,CLI-011,REC-015,HR Coordinator,Administrative/Professional,Austin,TX,onsite,Contract-to-Hire,3.2,job_board,17.98,18.74,2025-04-11,2025-05-02,2025-05-16,2025-05-18,2025-06-10,2025-06-28,True,True,joined_late,2025-06-28,16,held_out_test
CAND-01858,APP-01922,REQ-00032,CLI-005,REC-012,Forklift Operator,Light Industrial,Columbus,OH,onsite,Contract-to-Hire,0.5,job_board,,20.42,2025-03-28,2025-04-17,2025-04-22,2025-04-22,2025-05-07,,True,False,declined_offer,2025-04-22,11,hypothesis_generation
CAND-01859,APP-01923,REQ-00106,CLI-002,REC-017,Certified Nursing Assistant,Healthcare,Atlanta,GA,remote,Direct Hire,2.3,recruiter_sourced,45.59,48.8,2024-02-20,2024-03-10,2024-03-13,2024-03-13,2024-03-28,,True,False,declined_offer,2024-03-13,16,hypothesis_generation
CAND-01860,APP-01924,REQ-00150,CLI-009,REC-004,Manufacturing Engineer,Engineering,Tucson,AZ,onsite,Direct Hire,1.5,job_board,31.71,31.71,2025-02-06,2025-02-14,2025-02-21,2025-02-27,2025-03-06,,True,False,declined_offer,2025-02-27,11,held_out_test
CAND-01861,APP-01925,REQ-00086,CLI-002,REC-011,Registered Nurse,Healthcare,Phoenix,AZ,onsite,W2 Contract,2.2,recruiter_sourced,25.75,29.88,2025-04-03,2025-04-14,2025-04-28,2025-05-03,2025-05-23,2025-05-26,True,True,joined_late,2025-05-26,4,discovery
CAND-01862,APP-01926,REQ-00176,CLI-008,REC-016,Systems Administrator,IT/Technology,Austin,TX,hybrid,W2 Contract,3.5,recruiter_sourced,49.67,57.79,2025-04-09,2025-04-19,2025-05-02,2025-05-07,2025-06-04,2025-06-04,True,True,joined_on_time,2025-06-04,11,discovery
CAND-01863,APP-01927,REQ-00003,CLI-002,REC-017,Physical Therapist Asst.,Healthcare,St. Louis,MO,hybrid,W2 Contract,0.8,career_site,30.93,32.34,2024-11-11,2024-11-26,2024-11-30,2024-11-30,2024-12-25,2024-12-24,True,True,joined_on_time,2024-12-24,17,held_out_test
CAND-01864,APP-01928,REQ-00152,CLI-003,REC-003,Accounts Payable Clerk,Finance/Accounting,Houston,TX,hybrid,W2 Contract,5.1,recruiter_sourced,24.85,28.39,2024-05-28,2024-06-05,2024-06-16,2024-06-22,2024-07-02,,True,True,withdrew_post_acceptance,2024-06-24,13,hypothesis_generation
CAND-01865,APP-01929,REQ-00123,CLI-009,REC-013,Process Engineer,Engineering,Kansas City,MO,onsite,W2 Contract,7.4,career_site,40.52,41.05,2024-11-30,2024-12-10,2024-12-12,2024-12-12,2024-12-31,2025-01-06,True,True,joined_late,2025-01-06,18,held_out_test
CAND-01866,APP-01930,REQ-00158,CLI-010,REC-003,Customer Service Representative,Administrative/Professional,Phoenix,AZ,hybrid,Contract-to-Hire,6.0,job_board,18.91,18.71,2025-03-29,2025-04-03,2025-04-17,2025-04-20,2025-05-20,2025-06-03,True,True,joined_late,2025-06-03,17,discovery
CAND-01867,APP-01931,REQ-00206,CLI-006,REC-018,AR Specialist,Finance/Accounting,Indianapolis,IN,hybrid,Contract-to-Hire,3.5,reapply,36.35,36.69,2024-12-06,2024-12-19,2024-12-28,2024-12-30,2025-01-24,,True,False,declined_offer,2024-12-30,11,held_out_test
CAND-00234,APP-01932,REQ-00212,CLI-011,REC-009,HR Coordinator,Administrative/Professional,Chicago,IL,onsite,Direct Hire,6.4,recruiter_sourced,21.24,24.11,2025-05-27,2025-06-03,2025-06-20,2025-06-24,2025-07-25,,True,True,accepted_no_show,2025-07-25,9,discovery
CAND-01868,APP-01933,REQ-00021,CLI-009,REC-001,Manufacturing Engineer,Engineering,Columbus,OH,hybrid,Direct Hire,7.1,recruiter_sourced,33.94,38.51,2025-06-23,2025-06-29,2025-07-05,2025-07-09,2025-08-08,,True,False,declined_offer,2025-07-09,12,held_out_test
CAND-01869,APP-01934,REQ-00105,CLI-007,REC-011,Registered Nurse,Healthcare,Pittsburgh,PA,onsite,Contract-to-Hire,4.0,job_board,22.27,26.22,2025-01-09,2025-01-30,2025-02-16,2025-02-20,2025-03-01,2025-03-01,True,True,joined_on_time,2025-03-01,8,hypothesis_generation
CAND-01870,APP-01935,REQ-00100,CLI-003,REC-012,Bookkeeper,Finance/Accounting,Chicago,IL,hybrid,W2 Contract,5.2,job_board,34.25,40.42,2025-01-29,2025-02-15,2025-02-22,2025-02-23,2025-03-27,2025-04-11,True,True,joined_late,2025-04-11,14,discovery
CAND-01871,APP-01936,REQ-00101,CLI-011,REC-009,General Laborer,Light Industrial,Chicago,IL,onsite,Contract-to-Hire,11.3,reapply,17.3,18.57,2025-02-02,2025-02-19,2025-03-07,2025-03-08,2025-03-18,,True,True,withdrew_post_acceptance,2025-03-14,4,discovery
CAND-01872,APP-01937,REQ-00025,CLI-006,REC-003,AR Specialist,Finance/Accounting,Nashville,TN,onsite,Direct Hire,4.2,career_site,33.05,35.27,2024-06-26,2024-07-10,2024-07-24,2024-07-30,2024-08-11,,True,True,withdrew_post_acceptance,2024-08-10,6,held_out_test
CAND-01873,APP-01938,REQ-00095,CLI-001,REC-012,Shipping/Receiving Clerk,Light Industrial,Columbus,OH,onsite,W2 Contract,2.5,job_board,19.89,20.46,2024-09-27,2024-10-09,2024-10-18,2024-10-22,2024-10-28,2024-11-05,True,True,joined_late,2024-11-05,19,discovery
CAND-01874,APP-01939,REQ-00060,CLI-008,REC-009,Data Analyst,IT/Technology,Tucson,AZ,hybrid,W2 Contract,4.7,career_site,29.84,33.25,2025-04-25,2025-05-08,2025-05-24,2025-05-29,2025-06-08,,True,True,withdrew_post_acceptance,2025-06-05,13,held_out_test
CAND-01875,APP-01940,REQ-00131,CLI-006,REC-009,Executive Assistant,Administrative/Professional,Memphis,TN,hybrid,Direct Hire,19.4,referral,17.11,17.69,2024-05-03,2024-05-10,2024-05-26,2024-05-27,2024-06-22,,True,True,accepted_no_show,2024-06-22,11,hypothesis_generation
CAND-01876,APP-01941,REQ-00158,CLI-010,REC-003,Customer Service Representative,Administrative/Professional,Phoenix,AZ,hybrid,Contract-to-Hire,1.2,job_board,14.27,16.46,2025-04-11,2025-04-26,2025-05-04,2025-05-05,2025-05-29,2025-05-28,True,True,joined_on_time,2025-05-28,10,hypothesis_generation
CAND-01877,APP-01942,REQ-00204,CLI-011,REC-005,Forklift Operator,Light Industrial,Tampa,FL,onsite,Direct Hire,5.0,job_board,13.05,14.05,2024-10-31,2024-11-15,2024-12-02,2024-12-05,2025-01-03,2025-01-03,True,True,joined_on_time,2025-01-03,12,discovery
CAND-01878,APP-01943,REQ-00079,CLI-005,REC-006,Material Handler,Light Industrial,Indianapolis,IN,onsite,1099,4.3,referral,13.57,14.65,2025-05-03,2025-05-07,2025-05-22,2025-05-27,2025-06-23,2025-06-26,True,True,joined_late,2025-06-26,16,discovery
CAND-01879,APP-01944,REQ-00058,CLI-005,REC-013,Project Engineer,Engineering,Tampa,FL,onsite,Direct Hire,11.8,job_board,29.63,32.7,2024-02-11,2024-02-25,2024-03-05,2024-03-07,2024-03-15,,True,True,withdrew_post_acceptance,2024-03-13,1,discovery
CAND-01880,APP-01945,REQ-00086,CLI-002,REC-011,Registered Nurse,Healthcare,Phoenix,AZ,onsite,W2 Contract,5.9,referral,,44.68,2025-04-05,2025-04-18,2025-05-04,2025-05-07,2025-05-22,2025-05-21,True,True,joined_on_time,2025-05-21,9,hypothesis_generation
CAND-01881,APP-01946,REQ-00049,CLI-008,REC-010,Systems Administrator,IT/Technology,Milwaukee,WI,hybrid,Direct Hire,5.3,recruiter_sourced,,66.02,2024-11-01,2024-11-19,2024-12-01,2024-12-03,2024-12-19,2024-12-27,True,True,joined_late,2024-12-27,8,hypothesis_generation
CAND-01882,APP-01947,REQ-00058,CLI-005,REC-013,Project Engineer,Engineering,Tampa,FL,onsite,Direct Hire,1.0,job_board,29.16,32.26,2024-02-01,2024-02-12,2024-02-18,2024-02-24,2024-03-04,2024-03-04,True,True,joined_on_time,2024-03-04,14,held_out_test
CAND-01883,APP-01948,REQ-00119,CLI-009,REC-016,Manufacturing Engineer,Engineering,Kansas City,MO,onsite,Direct Hire,2.9,referral,54.0,57.36,2025-02-27,2025-03-07,2025-03-14,2025-03-19,2025-03-28,,True,False,declined_offer,2025-03-19,7,hypothesis_generation
CAND-01884,APP-01949,REQ-00141,CLI-009,REC-001,Civil Engineer,Engineering,Kansas City,MO,onsite,Direct Hire,1.0,referral,43.26,47.81,2024-04-09,2024-04-15,2024-05-02,2024-05-02,2024-05-25,,True,False,declined_offer,2024-05-02,10,discovery
CAND-01885,APP-01950,REQ-00013,CLI-007,REC-005,Pharmacy Technician,Healthcare,Houston,TX,onsite,1099,9.3,recruiter_sourced,33.19,31.47,2024-12-27,2025-01-16,2025-01-30,2025-02-03,2025-02-26,,True,True,withdrew_post_acceptance,2025-02-11,6,discovery
CAND-01886,APP-01951,REQ-00062,CLI-011,REC-003,Office Coordinator,Administrative/Professional,Houston,TX,hybrid,W2 Contract,7.5,job_board,15.4,18.41,2025-07-17,2025-07-25,2025-08-01,2025-08-01,2025-08-16,2025-08-16,True,True,joined_on_time,2025-08-16,14,discovery
CAND-01887,APP-01952,REQ-00071,CLI-008,REC-001,Business Systems Analyst,IT/Technology,Philadelphia,PA,hybrid,W2 Contract,3.3,job_board,,44.95,2025-06-08,2025-06-19,2025-06-26,2025-07-01,2025-07-18,,True,True,withdrew_post_acceptance,2025-07-10,18,discovery
CAND-01888,APP-01953,REQ-00145,CLI-010,REC-003,Office Coordinator,Administrative/Professional,Orlando,FL,onsite,Contract-to-Hire,3.8,career_site,16.84,19.43,2024-09-02,2024-09-05,2024-09-13,2024-09-19,2024-09-25,2024-09-25,True,True,joined_on_time,2024-09-25,13,hypothesis_generation
CAND-01889,APP-01954,REQ-00204,CLI-011,REC-013,Forklift Operator,Light Industrial,Tampa,FL,onsite,Direct Hire,2.4,career_site,18.66,19.62,2024-10-12,2024-10-16,2024-10-27,2024-10-31,2024-11-12,2024-11-12,True,True,joined_on_time,2024-11-12,10,discovery
CAND-01890,APP-01955,REQ-00021,CLI-009,REC-004,Manufacturing Engineer,Engineering,Columbus,OH,hybrid,Direct Hire,4.4,recruiter_sourced,36.24,36.09,2025-06-25,2025-07-01,2025-07-17,2025-07-18,2025-08-14,2025-08-14,True,True,joined_on_time,2025-08-14,12,held_out_test
CAND-01891,APP-01956,REQ-00159,CLI-006,REC-006,Customer Service Representative,Administrative/Professional,Charlotte,NC,hybrid,W2 Contract,5.1,recruiter_sourced,,25.37,2025-05-14,2025-05-18,2025-06-01,2025-06-07,2025-06-21,2025-07-02,True,True,joined_late,2025-07-02,4,discovery
CAND-01892,APP-01957,REQ-00143,CLI-003,REC-015,Financial Analyst,Finance/Accounting,Charlotte,NC,remote,1099,2.7,recruiter_sourced,42.36,41.62,2025-06-25,2025-07-05,2025-07-14,2025-07-15,2025-08-07,,True,True,withdrew_post_acceptance,2025-08-07,13,discovery
CAND-01893,APP-01958,REQ-00090,CLI-011,REC-006,Warehouse Associate,Light Industrial,Atlanta,GA,onsite,W2 Contract,7.4,job_board,15.35,18.32,2024-12-10,2024-12-25,2025-01-03,2025-01-05,2025-02-02,,True,True,withdrew_post_acceptance,2025-01-07,9,discovery
CAND-01894,APP-01959,REQ-00044,CLI-010,REC-003,Receptionist,Administrative/Professional,Memphis,TN,hybrid,W2 Contract,4.4,referral,22.29,21.29,2024-10-26,2024-11-08,2024-11-15,2024-11-18,2024-11-30,2024-12-01,True,True,joined_on_time,2024-12-01,12,discovery
CAND-01895,APP-01960,REQ-00107,CLI-001,REC-006,Warehouse Associate,Light Industrial,Jacksonville,FL,hybrid,Contract-to-Hire,9.6,referral,16.21,17.0,2024-09-24,2024-10-08,2024-10-10,2024-10-13,2024-11-12,2024-11-11,True,True,joined_on_time,2024-11-11,11,held_out_test
CAND-01896,APP-01961,REQ-00058,CLI-005,REC-007,Project Engineer,Engineering,Tampa,FL,onsite,Direct Hire,1.1,referral,,28.03,2024-02-26,2024-03-13,2024-03-15,2024-03-16,2024-03-26,2024-03-27,True,True,joined_on_time,2024-03-27,10,discovery
CAND-01897,APP-01962,REQ-00218,CLI-007,REC-014,Radiology Technician,Healthcare,Kansas City,MO,onsite,Direct Hire,8.6,referral,24.57,23.63,2024-04-02,2024-04-07,2024-04-20,2024-04-26,2024-05-09,,True,True,withdrew_post_acceptance,2024-04-30,17,discovery
CAND-01898,APP-01963,REQ-00113,CLI-005,REC-009,Warehouse Associate,Light Industrial,Orlando,FL,onsite,W2 Contract,5.3,referral,18.48,20.78,2024-11-12,2024-11-20,2024-12-03,2024-12-04,2024-12-20,2024-12-20,True,True,joined_on_time,2024-12-20,11,held_out_test
CAND-01899,APP-01964,REQ-00012,CLI-009,REC-004,Project Engineer,Engineering,Austin,TX,onsite,W2 Contract,4.5,job_board,43.44,48.95,2024-11-26,2024-12-09,2024-12-22,2024-12-28,2025-01-02,2025-01-08,True,True,joined_late,2025-01-08,5,held_out_test
CAND-01900,APP-01965,REQ-00192,CLI-008,REC-007,Business Systems Analyst,IT/Technology,Jacksonville,FL,hybrid,Direct Hire,6.9,referral,37.37,38.29,2025-04-03,2025-04-18,2025-05-06,2025-05-12,2025-06-02,,True,False,declined_offer,2025-05-12,20,hypothesis_generation
CAND-01901,APP-01966,REQ-00052,CLI-011,REC-003,Data Entry Clerk,Administrative/Professional,Austin,TX,onsite,Contract-to-Hire,1.5,referral,17.7,18.31,2024-10-28,2024-11-07,2024-11-15,2024-11-16,2024-12-04,,True,False,declined_offer,2024-11-16,19,hypothesis_generation
CAND-01902,APP-01967,REQ-00001,CLI-004,REC-016,Software Engineer,IT/Technology,Atlanta,GA,remote,W2 Contract,5.9,referral,55.81,60.74,2024-04-29,2024-05-19,2024-05-21,2024-05-23,2024-06-18,2024-07-08,True,True,joined_late,2024-07-08,0,hypothesis_generation
CAND-01903,APP-01968,REQ-00052,CLI-011,REC-007,Data Entry Clerk,Administrative/Professional,Austin,TX,onsite,Contract-to-Hire,6.1,career_site,17.79,18.44,2024-10-23,2024-11-03,2024-11-07,2024-11-08,2024-12-05,2024-12-04,True,True,joined_on_time,2024-12-04,9,discovery
CAND-01904,APP-01969,REQ-00001,CLI-004,REC-013,Software Engineer,IT/Technology,Atlanta,GA,remote,W2 Contract,8.2,referral,58.57,63.12,2024-05-28,2024-06-01,2024-06-06,2024-06-07,2024-06-23,,True,True,accepted_no_show,2024-06-23,15,discovery
CAND-01905,APP-01970,REQ-00206,CLI-006,REC-006,AR Specialist,Finance/Accounting,Indianapolis,IN,hybrid,Contract-to-Hire,2.8,recruiter_sourced,28.57,34.09,2024-10-26,2024-11-09,2024-11-19,2024-11-20,2024-12-01,2024-11-30,True,True,joined_on_time,2024-11-30,17,discovery
CAND-01906,APP-01971,REQ-00109,CLI-009,REC-016,Electrical Engineer,Engineering,Milwaukee,WI,onsite,Contract-to-Hire,2.6,career_site,34.49,41.07,2025-01-05,2025-01-11,2025-01-17,2025-01-18,2025-02-08,2025-02-08,True,True,joined_on_time,2025-02-08,13,discovery
CAND-01907,APP-01972,REQ-00090,CLI-011,REC-003,Warehouse Associate,Light Industrial,Atlanta,GA,onsite,W2 Contract,1.1,referral,17.13,16.2,2024-12-19,2025-01-04,2025-01-14,2025-01-17,2025-02-03,2025-02-03,True,True,joined_on_time,2025-02-03,14,held_out_test
CAND-01908,APP-01973,REQ-00161,CLI-004,REC-007,DevOps Engineer,IT/Technology,Atlanta,GA,remote,Direct Hire,3.8,referral,,61.13,2024-03-05,2024-03-21,2024-03-26,2024-03-29,2024-04-30,2024-04-30,True,True,joined_on_time,2024-04-30,4,discovery
CAND-01909,APP-01974,REQ-00198,CLI-001,REC-018,Forklift Operator,Light Industrial,Milwaukee,WI,onsite,Direct Hire,7.6,career_site,20.74,20.7,2025-02-01,2025-02-08,2025-02-18,2025-02-18,2025-03-06,2025-03-06,True,True,joined_on_time,2025-03-06,12,held_out_test
CAND-01910,APP-01975,REQ-00092,CLI-011,REC-009,Data Entry Clerk,Administrative/Professional,Houston,TX,onsite,Direct Hire,2.9,recruiter_sourced,16.76,18.86,2024-03-20,2024-03-31,2024-04-08,2024-04-13,2024-05-12,,True,True,withdrew_post_acceptance,2024-04-18,22,discovery
CAND-01911,APP-01976,REQ-00111,CLI-006,REC-009,Senior Accountant,Finance/Accounting,Orlando,FL,hybrid,Direct Hire,3.7,recruiter_sourced,23.27,25.02,2024-07-16,2024-08-06,2024-08-22,2024-08-27,2024-09-05,,True,True,withdrew_post_acceptance,2024-09-01,2,discovery
CAND-01912,APP-01977,REQ-00136,CLI-008,REC-007,Business Systems Analyst,IT/Technology,St. Louis,MO,hybrid,W2 Contract,6.8,career_site,50.42,47.47,2024-10-21,2024-10-26,2024-11-13,2024-11-17,2024-11-30,2024-11-30,True,True,joined_on_time,2024-11-30,13,held_out_test
CAND-01913,APP-01978,REQ-00091,CLI-006,REC-018,Data Entry Clerk,Administrative/Professional,Tucson,AZ,hybrid,1099,4.8,referral,20.16,21.2,2025-03-19,2025-03-22,2025-04-02,2025-04-08,2025-04-29,2025-04-29,True,True,joined_on_time,2025-04-29,12,hypothesis_generation
CAND-01914,APP-01979,REQ-00005,CLI-002,REC-011,Certified Nursing Assistant,Healthcare,Columbus,OH,onsite,W2 Contract,4.5,job_board,22.58,24.85,2025-01-28,2025-02-07,2025-02-14,2025-02-18,2025-03-14,2025-04-03,True,True,joined_late,2025-04-03,16,discovery
CAND-01915,APP-01980,REQ-00152,CLI-003,REC-009,Accounts Payable Clerk,Finance/Accounting,Houston,TX,hybrid,W2 Contract,4.1,job_board,40.52,42.42,2024-04-20,2024-05-10,2024-05-21,2024-05-24,2024-06-08,2024-06-07,True,True,joined_on_time,2024-06-07,0,held_out_test
CAND-01916,APP-01981,REQ-00105,CLI-007,REC-003,Registered Nurse,Healthcare,Pittsburgh,PA,onsite,Contract-to-Hire,5.8,reapply,30.73,35.03,2025-02-04,2025-02-23,2025-03-13,2025-03-14,2025-04-15,,True,True,withdrew_post_acceptance,2025-03-25,12,discovery
CAND-01917,APP-01982,REQ-00076,CLI-005,REC-011,Machine Operator,Light Industrial,Jacksonville,FL,onsite,Direct Hire,1.4,referral,15.44,16.45,2024-05-21,2024-06-05,2024-06-12,2024-06-12,2024-07-15,,True,True,withdrew_post_acceptance,2024-07-15,15,discovery
CAND-01918,APP-01983,REQ-00022,CLI-009,REC-004,Civil Engineer,Engineering,Phoenix,AZ,remote,1099,1.1,recruiter_sourced,56.43,55.29,2024-02-12,2024-02-25,2024-03-09,2024-03-09,2024-04-13,2024-04-14,True,True,joined_on_time,2024-04-14,4,discovery
CAND-01919,APP-01984,REQ-00117,CLI-004,REC-004,Data Analyst,IT/Technology,Tucson,AZ,remote,Contract-to-Hire,5.2,job_board,43.86,48.24,2024-03-22,2024-03-30,2024-04-12,2024-04-17,2024-05-17,2024-05-17,True,True,joined_on_time,2024-05-17,5,held_out_test
CAND-01920,APP-01985,REQ-00218,CLI-007,REC-011,Radiology Technician,Healthcare,Kansas City,MO,onsite,Direct Hire,3.1,job_board,20.91,22.78,2024-04-18,2024-04-26,2024-04-28,2024-04-28,2024-05-13,2024-05-13,True,True,joined_on_time,2024-05-13,9,discovery
CAND-01921,APP-01986,REQ-00054,CLI-005,REC-003,Material Handler,Light Industrial,Chicago,IL,onsite,W2 Contract,2.7,job_board,13.51,15.24,2024-07-12,2024-07-15,2024-07-30,2024-08-02,2024-08-14,2024-09-08,True,True,joined_late,2024-09-08,11,discovery
CAND-01922,APP-01987,REQ-00102,CLI-009,REC-010,Process Engineer,Engineering,Cincinnati,OH,onsite,Direct Hire,12.7,career_site,,43.01,2024-10-24,2024-10-28,2024-11-10,2024-11-13,2024-11-26,2024-11-26,True,True,joined_on_time,2024-11-26,11,discovery
CAND-01923,APP-01988,REQ-00054,CLI-005,REC-018,Material Handler,Light Industrial,Chicago,IL,onsite,W2 Contract,0.8,job_board,15.05,16.98,2024-07-21,2024-07-26,2024-08-04,2024-08-05,2024-08-25,,True,False,declined_offer,2024-08-05,13,discovery
CAND-01924,APP-01989,REQ-00050,CLI-003,REC-006,Staff Accountant,Finance/Accounting,Nashville,TN,hybrid,W2 Contract,4.0,job_board,,41.53,2024-09-06,2024-09-16,2024-09-30,2024-10-06,2024-10-10,2024-10-09,True,True,joined_on_time,2024-10-09,7,hypothesis_generation
CAND-01925,APP-01990,REQ-00109,CLI-009,REC-013,Electrical Engineer,Engineering,Milwaukee,WI,onsite,Contract-to-Hire,1.2,referral,50.16,54.73,2025-01-23,2025-02-03,2025-02-17,2025-02-17,2025-03-20,,True,False,declined_offer,2025-02-17,1,discovery
CAND-01926,APP-01991,REQ-00131,CLI-006,REC-012,Executive Assistant,Administrative/Professional,Memphis,TN,hybrid,Direct Hire,3.1,recruiter_sourced,24.21,26.04,2024-04-16,2024-05-05,2024-05-18,2024-05-18,2024-05-28,2024-05-29,True,True,joined_on_time,2024-05-29,10,held_out_test
CAND-01927,APP-01992,REQ-00079,CLI-005,REC-006,Material Handler,Light Industrial,Indianapolis,IN,onsite,1099,7.4,job_board,20.24,19.28,2025-05-03,2025-05-10,2025-05-19,2025-05-24,2025-06-01,,True,True,withdrew_post_acceptance,2025-05-28,15,held_out_test
CAND-01928,APP-01993,REQ-00144,CLI-006,REC-015,Payroll Specialist,Finance/Accounting,Nashville,TN,hybrid,W2 Contract,7.9,job_board,22.75,25.08,2025-02-21,2025-03-04,2025-03-15,2025-03-20,2025-03-27,,True,False,declined_offer,2025-03-20,19,hypothesis_generation
CAND-01929,APP-01994,REQ-00058,CLI-005,REC-009,Project Engineer,Engineering,Tampa,FL,onsite,Direct Hire,5.5,referral,38.01,41.01,2024-02-12,2024-02-23,2024-03-05,2024-03-05,2024-04-07,2024-04-07,True,True,joined_on_time,2024-04-07,7,discovery
CAND-01930,APP-01995,REQ-00113,CLI-005,REC-012,Warehouse Associate,Light Industrial,Orlando,FL,onsite,W2 Contract,8.2,recruiter_sourced,18.31,20.23,2024-12-04,2024-12-20,2024-12-23,2024-12-26,2025-01-24,2025-01-24,True,True,joined_on_time,2025-01-24,0,discovery
CAND-01931,APP-01996,REQ-00178,CLI-005,REC-004,Quality Engineer,Engineering,Atlanta,GA,onsite,W2 Contract,9.9,career_site,,53.0,2025-04-17,2025-04-22,2025-05-09,2025-05-11,2025-05-29,2025-06-04,True,True,joined_late,2025-06-04,4,discovery
CAND-01932,APP-01997,REQ-00010,CLI-002,REC-002,Certified Nursing Assistant,Healthcare,Phoenix,AZ,onsite,W2 Contract,1.5,referral,24.29,26.04,2024-04-19,2024-04-27,2024-05-08,2024-05-13,2024-05-23,2024-05-22,True,True,joined_on_time,2024-05-22,4,hypothesis_generation
CAND-01933,APP-01998,REQ-00061,CLI-004,REC-016,Systems Administrator,IT/Technology,Jacksonville,FL,remote,Direct Hire,2.8,recruiter_sourced,59.44,62.78,2025-03-03,2025-03-14,2025-03-18,2025-03-24,2025-04-12,2025-04-12,True,True,joined_on_time,2025-04-12,1,discovery
CAND-01934,APP-01999,REQ-00022,CLI-009,REC-010,Civil Engineer,Engineering,Phoenix,AZ,remote,1099,13.3,career_site,47.14,52.81,2024-02-17,2024-03-05,2024-03-07,2024-03-08,2024-03-28,2024-03-28,True,True,joined_on_time,2024-03-28,5,hypothesis_generation
CAND-01935,APP-02000,REQ-00128,CLI-010,REC-018,Customer Service Representative,Administrative/Professional,Houston,TX,hybrid,Direct Hire,3.6,recruiter_sourced,21.93,23.82,2024-12-09,2024-12-20,2025-01-05,2025-01-06,2025-01-21,2025-02-09,True,True,joined_late,2025-02-09,22,held_out_test
CAND-01936,APP-02001,REQ-00026,CLI-001,REC-003,Material Handler,Light Industrial,Kansas City,MO,onsite,W2 Contract,2.3,referral,18.86,19.82,2024-07-29,2024-08-11,2024-08-23,2024-08-26,2024-09-25,2024-10-06,True,True,joined_late,2024-10-06,13,discovery
CAND-01937,APP-02002,REQ-00014,CLI-007,REC-017,Phlebotomist,Healthcare,Tucson,AZ,remote,Contract-to-Hire,1.4,reapply,21.07,23.29,2024-10-23,2024-10-27,2024-11-05,2024-11-08,2024-12-02,,True,True,withdrew_post_acceptance,2024-11-11,8,discovery
CAND-01938,APP-02003,REQ-00174,CLI-009,REC-001,Mechanical Engineer,Engineering,Jacksonville,FL,onsite,W2 Contract,3.7,referral,37.62,38.92,2025-03-01,2025-03-13,2025-03-22,2025-03-25,2025-04-17,2025-04-18,True,True,joined_on_time,2025-04-18,19,discovery
CAND-01939,APP-02004,REQ-00045,CLI-007,REC-011,Certified Nursing Assistant,Healthcare,Jacksonville,FL,onsite,W2 Contract,4.9,job_board,31.6,37.23,2024-12-02,2024-12-16,2024-12-31,2025-01-02,2025-01-23,2025-01-23,True,True,joined_on_time,2025-01-23,14,discovery
CAND-01940,APP-02005,REQ-00004,CLI-003,REC-006,AR Specialist,Finance/Accounting,Tampa,FL,hybrid,W2 Contract,4.2,recruiter_sourced,36.49,37.93,2024-06-17,2024-06-22,2024-07-10,2024-07-12,2024-08-05,2024-08-06,True,True,joined_on_time,2024-08-06,10,discovery
CAND-01941,APP-02006,REQ-00054,CLI-005,REC-006,Material Handler,Light Industrial,Chicago,IL,onsite,W2 Contract,10.2,job_board,20.05,21.23,2024-07-20,2024-07-23,2024-08-10,2024-08-12,2024-08-30,,True,False,declined_offer,2024-08-12,6,discovery
CAND-01942,APP-02007,REQ-00169,CLI-002,REC-017,Medical Assistant,Healthcare,Tucson,AZ,onsite,Contract-to-Hire,1.7,recruiter_sourced,21.0,26.16,2025-05-20,2025-05-30,2025-06-12,2025-06-15,2025-07-16,,True,True,withdrew_post_acceptance,2025-07-14,12,hypothesis_generation
CAND-01943,APP-02008,REQ-00023,CLI-007,REC-002,Phlebotomist,Healthcare,Dallas,TX,onsite,W2 Contract,5.1,recruiter_sourced,,40.96,2024-11-30,2024-12-21,2025-01-08,2025-01-09,2025-01-24,,True,True,accepted_no_show,2025-01-24,5,discovery
CAND-01944,APP-02009,REQ-00168,CLI-004,REC-016,Business Systems Analyst,IT/Technology,Houston,TX,remote,1099,7.3,job_board,62.46,62.03,2025-02-28,2025-03-06,2025-03-12,2025-03-13,2025-04-14,,True,False,declined_offer,2025-03-13,3,discovery
CAND-01945,APP-02010,REQ-00142,CLI-010,REC-012,Data Entry Clerk,Administrative/Professional,Chicago,IL,hybrid,Direct Hire,1.4,job_board,18.5,21.73,2024-11-15,2024-11-18,2024-12-06,2024-12-09,2025-01-01,,True,True,withdrew_post_acceptance,2024-12-30,7,hypothesis_generation
CAND-01946,APP-02011,REQ-00186,CLI-011,REC-006,Machine Operator,Light Industrial,Indianapolis,IN,onsite,Contract-to-Hire,1.8,referral,16.97,20.25,2025-07-13,2025-07-17,2025-07-31,2025-08-03,2025-09-03,2025-09-03,True,True,joined_on_time,2025-09-03,5,discovery
CAND-01947,APP-02012,REQ-00124,CLI-011,REC-009,Receptionist,Administrative/Professional,Philadelphia,PA,onsite,W2 Contract,8.1,referral,14.12,16.52,2024-10-12,2024-10-31,2024-11-17,2024-11-20,2024-11-27,2024-11-27,True,True,joined_on_time,2024-11-27,25,hypothesis_generation
CAND-01948,APP-02013,REQ-00083,CLI-008,REC-001,QA Tester,IT/Technology,Tucson,AZ,hybrid,Direct Hire,4.9,recruiter_sourced,55.01,61.55,2024-04-20,2024-04-26,2024-05-12,2024-05-12,2024-05-30,2024-06-22,True,True,joined_late,2024-06-22,9,hypothesis_generation
CAND-01949,APP-02014,REQ-00150,CLI-009,REC-011,Manufacturing Engineer,Engineering,Tucson,AZ,onsite,Direct Hire,1.5,reapply,38.07,46.17,2025-03-14,2025-03-29,2025-04-14,2025-04-14,2025-05-07,,True,True,withdrew_post_acceptance,2025-04-27,3,discovery
CAND-01950,APP-02015,REQ-00164,CLI-011,REC-003,Shipping/Receiving Clerk,Light Industrial,St. Louis,MO,onsite,Direct Hire,3.7,recruiter_sourced,,20.67,2024-02-19,2024-02-22,2024-03-10,2024-03-11,2024-04-14,2024-05-05,True,True,joined_late,2024-05-05,17,discovery
CAND-01951,APP-02016,REQ-00140,CLI-008,REC-016,DevOps Engineer,IT/Technology,Pittsburgh,PA,onsite,Contract-to-Hire,4.7,career_site,48.56,53.15,2024-07-06,2024-07-26,2024-08-01,2024-08-04,2024-09-02,,True,True,withdrew_post_acceptance,2024-08-15,11,hypothesis_generation
CAND-01952,APP-02017,REQ-00200,CLI-001,REC-012,Warehouse Associate,Light Industrial,Tampa,FL,onsite,Direct Hire,3.3,recruiter_sourced,16.78,21.2,2025-01-01,2025-01-04,2025-01-19,2025-01-25,2025-02-07,2025-02-08,True,True,joined_on_time,2025-02-08,10,discovery
CAND-01953,APP-02018,REQ-00076,CLI-005,REC-015,Machine Operator,Light Industrial,Jacksonville,FL,onsite,Direct Hire,5.9,job_board,20.67,21.19,2024-04-25,2024-05-15,2024-05-24,2024-05-24,2024-06-24,2024-06-24,True,True,joined_on_time,2024-06-24,7,discovery
CAND-01954,APP-02019,REQ-00041,CLI-002,REC-014,Registered Nurse,Healthcare,Austin,TX,onsite,Contract-to-Hire,12.2,referral,23.27,25.8,2024-07-25,2024-08-06,2024-08-19,2024-08-25,2024-09-16,2024-09-17,True,True,joined_on_time,2024-09-17,0,discovery
CAND-01955,APP-02020,REQ-00016,CLI-003,REC-006,Financial Analyst,Finance/Accounting,Jacksonville,FL,onsite,Contract-to-Hire,3.3,referral,40.49,39.0,2024-05-02,2024-05-15,2024-05-31,2024-06-01,2024-06-10,,True,False,declined_offer,2024-06-01,14,discovery
CAND-01956,APP-02021,REQ-00203,CLI-010,REC-009,Executive Assistant,Administrative/Professional,Phoenix,AZ,hybrid,W2 Contract,3.3,referral,20.42,20.01,2024-05-03,2024-05-13,2024-05-16,2024-05-21,2024-05-30,2024-05-29,True,True,joined_on_time,2024-05-29,16,held_out_test
CAND-01957,APP-02022,REQ-00018,CLI-008,REC-010,DevOps Engineer,IT/Technology,Tucson,AZ,hybrid,Contract-to-Hire,4.5,recruiter_sourced,55.63,59.66,2024-09-19,2024-09-30,2024-10-09,2024-10-14,2024-10-22,,True,False,declined_offer,2024-10-14,3,hypothesis_generation
CAND-01958,APP-02023,REQ-00177,CLI-006,REC-003,AR Specialist,Finance/Accounting,Phoenix,AZ,hybrid,Direct Hire,2.4,career_site,24.17,25.53,2025-01-23,2025-01-30,2025-02-17,2025-02-17,2025-03-09,2025-03-12,True,True,joined_late,2025-03-12,15,held_out_test
CAND-01959,APP-02024,REQ-00144,CLI-006,REC-003,Payroll Specialist,Finance/Accounting,Nashville,TN,hybrid,W2 Contract,2.4,career_site,,34.77,2025-01-29,2025-02-14,2025-02-25,2025-02-25,2025-03-21,,True,True,withdrew_post_acceptance,2025-02-27,15,discovery
CAND-01960,APP-02025,REQ-00091,CLI-006,REC-015,Data Entry Clerk,Administrative/Professional,Tucson,AZ,hybrid,1099,4.6,recruiter_sourced,19.18,21.64,2025-03-16,2025-04-04,2025-04-11,2025-04-15,2025-05-04,2025-05-05,True,True,joined_on_time,2025-05-05,13,discovery
CAND-01961,APP-02026,REQ-00155,CLI-003,REC-009,Accounts Payable Clerk,Finance/Accounting,Tampa,FL,hybrid,Direct Hire,10.9,referral,29.98,32.31,2024-09-28,2024-10-01,2024-10-17,2024-10-18,2024-11-12,,True,True,rejected_by_client,2024-11-04,9,held_out_test
CAND-01962,APP-02027,REQ-00055,CLI-002,REC-014,Certified Nursing Assistant,Healthcare,Memphis,TN,onsite,Contract-to-Hire,7.0,recruiter_sourced,31.02,38.0,2024-03-29,2024-04-03,2024-04-18,2024-04-22,2024-04-28,2024-04-28,True,True,joined_on_time,2024-04-28,4,discovery
CAND-01963,APP-02028,REQ-00006,CLI-007,REC-002,Registered Nurse,Healthcare,Philadelphia,PA,onsite,1099,1.4,career_site,27.3,31.07,2025-03-06,2025-03-12,2025-03-19,2025-03-25,2025-04-13,,True,True,withdrew_post_acceptance,2025-04-07,16,discovery
CAND-01964,APP-02029,REQ-00210,CLI-008,REC-013,QA Tester,IT/Technology,Indianapolis,IN,hybrid,Direct Hire,4.3,career_site,43.33,46.92,2025-01-10,2025-01-16,2025-02-01,2025-02-01,2025-03-03,,True,True,withdrew_post_acceptance,2025-02-26,13,discovery
CAND-01965,APP-02030,REQ-00189,CLI-003,REC-017,Bookkeeper,Finance/Accounting,Cincinnati,OH,hybrid,W2 Contract,5.1,job_board,,40.59,2024-12-29,2025-01-09,2025-01-19,2025-01-21,2025-02-04,2025-02-04,True,True,joined_on_time,2025-02-04,22,held_out_test
CAND-01966,APP-02031,REQ-00043,CLI-008,REC-014,Data Analyst,IT/Technology,Memphis,TN,hybrid,Contract-to-Hire,2.1,job_board,44.63,51.68,2024-05-09,2024-05-28,2024-06-14,2024-06-14,2024-06-26,2024-06-26,True,True,joined_on_time,2024-06-26,11,discovery
CAND-01967,APP-02032,REQ-00080,CLI-009,REC-016,Process Engineer,Engineering,Pittsburgh,PA,onsite,Direct Hire,5.8,job_board,31.39,36.5,2024-10-24,2024-11-07,2024-11-15,2024-11-18,2024-12-14,2024-12-13,True,True,joined_on_time,2024-12-13,21,discovery
CAND-01968,APP-02033,REQ-00170,CLI-002,REC-005,Pharmacy Technician,Healthcare,Memphis,TN,onsite,Contract-to-Hire,2.2,job_board,38.86,38.46,2025-02-04,2025-02-15,2025-03-03,2025-03-06,2025-04-04,,True,True,accepted_no_show,2025-04-04,9,held_out_test
CAND-01969,APP-02034,REQ-00157,CLI-006,REC-018,Receptionist,Administrative/Professional,Dallas,TX,hybrid,1099,2.5,job_board,19.87,22.17,2024-06-15,2024-06-25,2024-07-09,2024-07-11,2024-07-23,,True,True,rejected_by_client,2024-07-23,7,discovery
CAND-01970,APP-02035,REQ-00073,CLI-004,REC-007,QA Tester,IT/Technology,Milwaukee,WI,remote,Direct Hire,10.6,job_board,56.65,67.04,2024-07-01,2024-07-21,2024-08-06,2024-08-12,2024-08-27,2024-08-27,True,True,joined_on_time,2024-08-27,7,discovery
CAND-01971,APP-02036,REQ-00075,CLI-009,REC-010,Quality Engineer,Engineering,St. Louis,MO,onsite,Direct Hire,2.7,career_site,,53.92,2025-02-19,2025-03-11,2025-03-17,2025-03-17,2025-04-07,2025-04-08,True,True,joined_on_time,2025-04-08,0,hypothesis_generation
CAND-01972,APP-02037,REQ-00013,CLI-007,REC-005,Pharmacy Technician,Healthcare,Houston,TX,onsite,1099,5.4,career_site,40.28,41.87,2024-12-10,2024-12-17,2024-12-25,2024-12-26,2025-01-11,,True,False,declined_offer,2024-12-26,9,held_out_test
CAND-01973,APP-02038,REQ-00094,CLI-001,REC-012,Forklift Operator,Light Industrial,Orlando,FL,remote,W2 Contract,4.9,reapply,,19.45,2024-06-21,2024-07-07,2024-07-18,2024-07-22,2024-07-30,2024-08-06,True,True,joined_late,2024-08-06,8,discovery
CAND-01974,APP-02039,REQ-00034,CLI-011,REC-015,Machine Operator,Light Industrial,Raleigh,NC,onsite,W2 Contract,5.9,career_site,21.2,19.84,2024-08-29,2024-09-02,2024-09-12,2024-09-13,2024-10-11,,True,True,withdrew_post_acceptance,2024-09-30,4,held_out_test
CAND-01975,APP-02040,REQ-00063,CLI-007,REC-011,Certified Nursing Assistant,Healthcare,Dallas,TX,onsite,1099,2.5,job_board,23.55,23.79,2024-07-14,2024-07-19,2024-08-04,2024-08-08,2024-09-01,,True,False,declined_offer,2024-08-08,7,discovery
CAND-01976,APP-02041,REQ-00004,CLI-003,REC-009,AR Specialist,Finance/Accounting,Tampa,FL,hybrid,W2 Contract,1.7,career_site,,33.41,2024-07-20,2024-07-27,2024-08-05,2024-08-06,2024-08-25,,True,True,withdrew_post_acceptance,2024-08-24,14,held_out_test
CAND-01977,APP-02042,REQ-00013,CLI-007,REC-014,Pharmacy Technician,Healthcare,Houston,TX,onsite,1099,3.0,recruiter_sourced,37.54,36.23,2025-01-07,2025-01-21,2025-02-05,2025-02-05,2025-02-24,2025-03-02,True,True,joined_late,2025-03-02,11,held_out_test
CAND-01978,APP-02043,REQ-00224,CLI-009,REC-001,Project Engineer,Engineering,Memphis,TN,onsite,W2 Contract,5.0,career_site,52.31,53.16,2025-05-23,2025-05-29,2025-06-10,2025-06-11,2025-07-09,,True,False,declined_offer,2025-06-11,14,discovery
CAND-01979,APP-02044,REQ-00202,CLI-004,REC-013,Software Engineer,IT/Technology,Houston,TX,onsite,W2 Contract,6.3,recruiter_sourced,54.34,64.82,2025-04-22,2025-04-27,2025-05-08,2025-05-10,2025-05-19,2025-06-11,True,True,joined_late,2025-06-11,12,discovery
CAND-01980,APP-02045,REQ-00035,CLI-005,REC-013,Forklift Operator,Light Industrial,Chicago,IL,onsite,Contract-to-Hire,1.6,job_board,15.05,14.67,2024-04-17,2024-04-22,2024-05-03,2024-05-08,2024-06-02,2024-06-02,True,True,joined_on_time,2024-06-02,8,held_out_test
CAND-01981,APP-02046,REQ-00156,CLI-009,REC-008,Manufacturing Engineer,Engineering,Cincinnati,OH,onsite,Contract-to-Hire,8.0,job_board,38.85,39.5,2025-05-26,2025-05-29,2025-06-06,2025-06-10,2025-07-11,2025-07-12,True,True,joined_on_time,2025-07-12,4,hypothesis_generation
CAND-01982,APP-02047,REQ-00090,CLI-011,REC-018,Warehouse Associate,Light Industrial,Atlanta,GA,onsite,W2 Contract,3.7,job_board,14.35,16.63,2025-01-04,2025-01-24,2025-02-08,2025-02-13,2025-02-28,2025-02-28,True,True,joined_on_time,2025-02-28,14,discovery
CAND-01983,APP-02048,REQ-00192,CLI-008,REC-007,Business Systems Analyst,IT/Technology,Jacksonville,FL,hybrid,Direct Hire,3.0,referral,37.1,34.93,2025-03-10,2025-03-17,2025-03-20,2025-03-24,2025-04-04,2025-04-04,True,True,joined_on_time,2025-04-04,7,discovery
CAND-01984,APP-02049,REQ-00150,CLI-009,REC-001,Manufacturing Engineer,Engineering,Tucson,AZ,onsite,Direct Hire,10.7,staffing_event,47.08,53.32,2025-03-01,2025-03-07,2025-03-17,2025-03-21,2025-04-15,,True,False,declined_offer,2025-03-21,0,discovery
CAND-01985,APP-02050,REQ-00130,CLI-011,REC-018,HR Coordinator,Administrative/Professional,Austin,TX,onsite,Contract-to-Hire,6.1,recruiter_sourced,15.07,16.97,2025-04-25,2025-04-28,2025-05-02,2025-05-05,2025-06-02,2025-06-02,True,True,joined_on_time,2025-06-02,13,held_out_test
CAND-01986,APP-02051,REQ-00048,CLI-008,REC-010,QA Tester,IT/Technology,Phoenix,AZ,hybrid,Contract-to-Hire,3.1,job_board,40.04,46.95,2024-12-06,2024-12-27,2025-01-08,2025-01-11,2025-01-22,,True,True,withdrew_post_acceptance,2025-01-22,0,discovery
CAND-01987,APP-02052,REQ-00013,CLI-007,REC-003,Pharmacy Technician,Healthcare,Houston,TX,onsite,1099,7.4,career_site,29.95,35.71,2024-12-11,2024-12-21,2025-01-01,2025-01-04,2025-01-19,2025-01-25,True,True,joined_late,2025-01-25,10,hypothesis_generation
CAND-01988,APP-02053,REQ-00118,CLI-006,REC-006,Accounts Payable Clerk,Finance/Accounting,Memphis,TN,onsite,1099,9.1,job_board,19.83,24.21,2024-06-17,2024-06-30,2024-07-14,2024-07-14,2024-07-24,,True,False,declined_offer,2024-07-14,10,hypothesis_generation
CAND-01989,APP-02054,REQ-00113,CLI-005,REC-012,Warehouse Associate,Light Industrial,Orlando,FL,onsite,W2 Contract,4.7,job_board,,15.75,2024-11-20,2024-12-04,2024-12-07,2024-12-08,2024-12-30,2024-12-29,True,True,joined_on_time,2024-12-29,11,hypothesis_generation
CAND-01990,APP-02055,REQ-00164,CLI-011,REC-003,Shipping/Receiving Clerk,Light Industrial,St. Louis,MO,onsite,Direct Hire,1.4,career_site,21.16,20.02,2024-03-01,2024-03-22,2024-03-26,2024-03-30,2024-04-11,2024-04-12,True,True,joined_on_time,2024-04-12,12,hypothesis_generation
CAND-01991,APP-02056,REQ-00171,CLI-005,REC-010,Process Engineer,Engineering,Jacksonville,FL,onsite,Contract-to-Hire,3.9,referral,38.99,48.3,2024-12-25,2025-01-06,2025-01-16,2025-01-22,2025-02-09,2025-02-09,True,True,joined_on_time,2025-02-09,4,discovery
CAND-01992,APP-02057,REQ-00178,CLI-005,REC-007,Quality Engineer,Engineering,Atlanta,GA,onsite,W2 Contract,7.6,recruiter_sourced,,40.09,2025-04-16,2025-05-02,2025-05-08,2025-05-14,2025-05-25,,True,False,declined_offer,2025-05-14,5,held_out_test
CAND-01993,APP-02058,REQ-00138,CLI-010,REC-003,Office Coordinator,Administrative/Professional,Nashville,TN,hybrid,Contract-to-Hire,5.1,recruiter_sourced,16.95,16.39,2024-09-22,2024-09-27,2024-10-14,2024-10-19,2024-10-25,,True,True,withdrew_post_acceptance,2024-10-25,13,discovery
CAND-01994,APP-02059,REQ-00169,CLI-002,REC-002,Medical Assistant,Healthcare,Tucson,AZ,onsite,Contract-to-Hire,0.5,staffing_event,32.67,34.25,2025-04-30,2025-05-20,2025-06-02,2025-06-02,2025-06-20,2025-07-04,True,True,joined_late,2025-07-04,13,discovery
CAND-01995,APP-02060,REQ-00206,CLI-006,REC-003,AR Specialist,Finance/Accounting,Indianapolis,IN,hybrid,Contract-to-Hire,3.4,recruiter_sourced,32.32,33.74,2024-10-26,2024-10-29,2024-11-11,2024-11-13,2024-12-08,2024-12-13,True,True,joined_late,2024-12-13,14,held_out_test
CAND-01996,APP-02061,REQ-00161,CLI-004,REC-007,DevOps Engineer,IT/Technology,Atlanta,GA,remote,Direct Hire,9.7,job_board,63.42,62.67,2024-03-24,2024-04-08,2024-04-21,2024-04-22,2024-05-20,,True,True,accepted_no_show,2024-05-20,11,discovery
CAND-01997,APP-02062,REQ-00184,CLI-009,REC-001,Mechanical Engineer,Engineering,Tampa,FL,onsite,W2 Contract,7.0,job_board,33.56,39.59,2025-04-11,2025-05-02,2025-05-11,2025-05-17,2025-06-15,2025-06-18,True,True,joined_late,2025-06-18,14,discovery
CAND-01998,APP-02063,REQ-00097,CLI-006,REC-009,Financial Analyst,Finance/Accounting,Columbus,OH,hybrid,1099,3.3,staffing_event,,34.4,2025-02-10,2025-02-20,2025-02-26,2025-02-27,2025-03-10,2025-03-11,True,True,joined_on_time,2025-03-11,18,held_out_test
CAND-01999,APP-02064,REQ-00052,CLI-011,REC-015,Data Entry Clerk,Administrative/Professional,Austin,TX,onsite,Contract-to-Hire,3.4,reapply,22.88,23.96,2024-10-25,2024-10-29,2024-11-07,2024-11-11,2024-11-28,,True,True,accepted_no_show,2024-11-28,11,held_out_test
CAND-02000,APP-02065,REQ-00004,CLI-003,REC-015,AR Specialist,Finance/Accounting,Tampa,FL,hybrid,W2 Contract,7.0,referral,24.54,29.18,2024-07-08,2024-07-11,2024-07-27,2024-07-31,2024-08-23,,True,True,accepted_no_show,2024-08-23,7,discovery
CAND-02001,APP-02066,REQ-00065,CLI-003,REC-009,Bookkeeper,Finance/Accounting,Indianapolis,IN,hybrid,Direct Hire,4.9,recruiter_sourced,,42.01,2024-08-31,2024-09-15,2024-09-26,2024-10-01,2024-10-19,2024-10-20,True,True,joined_on_time,2024-10-20,7,held_out_test
CAND-02002,APP-02067,REQ-00143,CLI-003,REC-018,Financial Analyst,Finance/Accounting,Charlotte,NC,remote,1099,1.6,job_board,33.41,34.18,2025-06-16,2025-06-25,2025-07-11,2025-07-13,2025-07-29,2025-08-01,True,True,joined_late,2025-08-01,8,discovery
CAND-02003,APP-02068,REQ-00121,CLI-003,REC-012,AR Specialist,Finance/Accounting,Orlando,FL,hybrid,W2 Contract,12.2,referral,28.89,33.47,2024-04-30,2024-05-18,2024-05-21,2024-05-25,2024-06-05,2024-06-04,True,True,joined_on_time,2024-06-04,5,held_out_test
CAND-02004,APP-02069,REQ-00093,CLI-009,REC-012,Civil Engineer,Engineering,St. Louis,MO,onsite,1099,1.6,referral,43.94,49.92,2024-03-25,2024-04-06,2024-04-15,2024-04-15,2024-04-27,2024-05-06,True,True,joined_late,2024-05-06,8,hypothesis_generation
CAND-02005,APP-02070,REQ-00040,CLI-010,REC-012,Executive Assistant,Administrative/Professional,Charlotte,NC,hybrid,W2 Contract,12.5,recruiter_sourced,17.26,17.88,2024-03-14,2024-03-27,2024-03-30,2024-04-01,2024-04-14,2024-04-29,True,True,joined_late,2024-04-29,1,discovery
CAND-02006,APP-02071,REQ-00170,CLI-002,REC-002,Pharmacy Technician,Healthcare,Memphis,TN,onsite,Contract-to-Hire,7.5,job_board,,34.66,2025-02-14,2025-02-22,2025-02-28,2025-02-28,2025-03-20,2025-03-30,True,True,joined_late,2025-03-30,12,discovery
CAND-01891,APP-02072,REQ-00216,CLI-003,REC-018,Bookkeeper,Finance/Accounting,St. Louis,MO,hybrid,Contract-to-Hire,1.6,referral,24.08,25.44,2025-06-24,2025-06-28,2025-07-04,2025-07-09,2025-07-20,2025-07-25,True,True,joined_late,2025-07-25,2,hypothesis_generation
CAND-02007,APP-02073,REQ-00041,CLI-002,REC-008,Registered Nurse,Healthcare,Austin,TX,onsite,Contract-to-Hire,4.2,career_site,28.87,28.16,2024-06-19,2024-06-29,2024-07-09,2024-07-12,2024-08-13,2024-08-13,True,True,joined_on_time,2024-08-13,8,hypothesis_generation
CAND-02008,APP-02074,REQ-00188,CLI-007,REC-017,Medical Assistant,Healthcare,Pittsburgh,PA,hybrid,W2 Contract,16.1,career_site,32.04,35.71,2024-04-05,2024-04-18,2024-05-02,2024-05-02,2024-05-23,2024-05-23,True,True,joined_on_time,2024-05-23,21,held_out_test
CAND-02009,APP-02075,REQ-00097,CLI-006,REC-010,Financial Analyst,Finance/Accounting,Columbus,OH,hybrid,1099,7.5,job_board,37.14,39.36,2025-02-17,2025-02-20,2025-02-26,2025-02-28,2025-03-23,,True,True,rejected_by_client,2025-03-18,5,held_out_test
CAND-01541,APP-02076,REQ-00157,CLI-006,REC-018,Receptionist,Administrative/Professional,Dallas,TX,hybrid,1099,6.2,job_board,,23.66,2024-11-24,2024-11-28,2024-12-12,2024-12-13,2024-12-23,2024-12-23,True,True,joined_on_time,2024-12-23,16,hypothesis_generation
CAND-02010,APP-02077,REQ-00011,CLI-005,REC-001,Manufacturing Engineer,Engineering,Jacksonville,FL,onsite,W2 Contract,2.3,referral,,38.33,2024-08-25,2024-08-30,2024-09-14,2024-09-16,2024-09-24,2024-09-25,True,True,joined_on_time,2024-09-25,8,discovery
CAND-02011,APP-02078,REQ-00150,CLI-009,REC-001,Manufacturing Engineer,Engineering,Tucson,AZ,onsite,Direct Hire,1.2,job_board,39.17,41.01,2025-03-07,2025-03-15,2025-03-18,2025-03-24,2025-04-20,2025-04-30,True,True,joined_late,2025-04-30,12,held_out_test
CAND-02012,APP-02079,REQ-00074,CLI-002,REC-008,Registered Nurse,Healthcare,Jacksonville,FL,remote,Direct Hire,0.8,job_board,22.89,26.33,2024-04-27,2024-05-06,2024-05-22,2024-05-28,2024-06-12,2024-06-13,True,True,joined_on_time,2024-06-13,11,discovery
CAND-02013,APP-02080,REQ-00067,CLI-006,REC-006,Customer Service Representative,Administrative/Professional,Houston,TX,hybrid,Contract-to-Hire,12.5,referral,20.0,22.17,2024-06-17,2024-07-02,2024-07-05,2024-07-05,2024-08-03,,True,True,withdrew_post_acceptance,2024-07-28,6,discovery
CAND-02014,APP-02081,REQ-00173,CLI-006,REC-006,Administrative Assistant,Administrative/Professional,Cincinnati,OH,hybrid,W2 Contract,7.5,recruiter_sourced,24.8,24.17,2025-06-22,2025-07-10,2025-07-21,2025-07-26,2025-08-10,,True,False,declined_offer,2025-07-26,0,hypothesis_generation
CAND-02015,APP-02082,REQ-00085,CLI-008,REC-016,DevOps Engineer,IT/Technology,Memphis,TN,onsite,Direct Hire,2.4,job_board,55.82,63.5,2025-02-06,2025-02-26,2025-03-09,2025-03-14,2025-03-28,,True,True,accepted_no_show,2025-03-28,19,discovery
CAND-02016,APP-02083,REQ-00156,CLI-009,REC-006,Manufacturing Engineer,Engineering,Cincinnati,OH,onsite,Contract-to-Hire,2.8,job_board,40.34,44.96,2025-04-25,2025-05-15,2025-05-20,2025-05-25,2025-06-16,2025-06-17,True,True,joined_on_time,2025-06-17,10,hypothesis_generation
CAND-02017,APP-02084,REQ-00077,CLI-003,REC-015,Accounts Payable Clerk,Finance/Accounting,Tampa,FL,remote,Contract-to-Hire,3.6,reapply,39.07,38.19,2024-03-15,2024-03-30,2024-04-06,2024-04-12,2024-04-21,,True,False,declined_offer,2024-04-12,5,discovery
CAND-02018,APP-02085,REQ-00002,CLI-002,REC-005,Medical Coder,Healthcare,Austin,TX,onsite,W2 Contract,6.7,recruiter_sourced,31.81,31.06,2025-07-15,2025-07-31,2025-08-14,2025-08-14,2025-08-31,2025-08-31,True,True,joined_on_time,2025-08-31,18,hypothesis_generation
CAND-02019,APP-02086,REQ-00134,CLI-010,REC-006,Administrative Assistant,Administrative/Professional,Raleigh,NC,hybrid,W2 Contract,2.9,job_board,20.06,20.23,2025-03-21,2025-04-07,2025-04-13,2025-04-19,2025-05-06,2025-05-06,True,True,joined_on_time,2025-05-06,8,hypothesis_generation
CAND-02020,APP-02087,REQ-00024,CLI-009,REC-007,Mechanical Engineer,Engineering,Jacksonville,FL,onsite,W2 Contract,7.4,recruiter_sourced,49.35,50.79,2025-05-21,2025-05-26,2025-06-08,2025-06-09,2025-07-09,,True,True,withdrew_post_acceptance,2025-06-10,12,discovery
CAND-02021,APP-02088,REQ-00140,CLI-008,REC-016,DevOps Engineer,IT/Technology,Pittsburgh,PA,onsite,Contract-to-Hire,2.5,recruiter_sourced,58.18,62.55,2024-06-07,2024-06-20,2024-07-05,2024-07-05,2024-07-26,,True,True,withdrew_post_acceptance,2024-07-22,2,discovery
CAND-02022,APP-02089,REQ-00053,CLI-002,REC-008,Registered Nurse,Healthcare,Raleigh,NC,remote,1099,4.7,recruiter_sourced,35.29,38.63,2024-07-05,2024-07-26,2024-08-07,2024-08-09,2024-08-31,2024-09-01,True,True,joined_on_time,2024-09-01,7,discovery
CAND-02023,APP-02090,REQ-00118,CLI-006,REC-009,Accounts Payable Clerk,Finance/Accounting,Memphis,TN,onsite,1099,5.4,job_board,22.02,26.34,2024-05-29,2024-06-11,2024-06-27,2024-07-01,2024-07-08,2024-07-08,True,True,joined_on_time,2024-07-08,20,discovery
CAND-02024,APP-02091,REQ-00109,CLI-009,REC-013,Electrical Engineer,Engineering,Milwaukee,WI,onsite,Contract-to-Hire,4.3,referral,,40.33,2024-12-28,2025-01-18,2025-02-01,2025-02-04,2025-03-06,2025-03-18,True,True,joined_late,2025-03-18,0,held_out_test
CAND-02025,APP-02092,REQ-00131,CLI-006,REC-005,Executive Assistant,Administrative/Professional,Memphis,TN,hybrid,Direct Hire,4.3,recruiter_sourced,22.27,25.47,2024-04-21,2024-04-27,2024-05-06,2024-05-07,2024-05-26,,True,False,declined_offer,2024-05-07,3,held_out_test
CAND-02026,APP-02093,REQ-00158,CLI-010,REC-009,Customer Service Representative,Administrative/Professional,Phoenix,AZ,hybrid,Contract-to-Hire,8.1,recruiter_sourced,22.48,25.01,2025-04-19,2025-04-22,2025-05-05,2025-05-10,2025-05-29,,True,True,accepted_no_show,2025-05-29,12,discovery
CAND-02027,APP-02094,REQ-00104,CLI-002,REC-005,Pharmacy Technician,Healthcare,Philadelphia,PA,onsite,Contract-to-Hire,1.5,recruiter_sourced,21.46,24.1,2025-03-13,2025-03-18,2025-03-28,2025-03-29,2025-04-07,2025-04-30,True,True,joined_late,2025-04-30,1,discovery
CAND-01427,APP-02095,REQ-00117,CLI-004,REC-004,Data Analyst,IT/Technology,Tucson,AZ,remote,Contract-to-Hire,5.6,job_board,46.19,48.36,2025-03-03,2025-03-10,2025-03-27,2025-03-28,2025-05-01,2025-05-01,True,True,joined_on_time,2025-05-01,7,held_out_test
CAND-02028,APP-02096,REQ-00083,CLI-008,REC-007,QA Tester,IT/Technology,Tucson,AZ,hybrid,Direct Hire,10.5,career_site,,59.01,2024-03-22,2024-04-04,2024-04-13,2024-04-19,2024-04-28,,True,True,accepted_no_show,2024-04-28,8,held_out_test
CAND-02029,APP-02097,REQ-00004,CLI-003,REC-008,AR Specialist,Finance/Accounting,Tampa,FL,hybrid,W2 Contract,8.4,recruiter_sourced,,34.69,2024-07-12,2024-07-20,2024-07-30,2024-07-31,2024-08-23,,True,True,withdrew_post_acceptance,2024-08-16,3,discovery
CAND-02030,APP-02098,REQ-00112,CLI-001,REC-016,Forklift Operator,Light Industrial,Pittsburgh,PA,onsite,Contract-to-Hire,2.3,job_board,15.18,16.4,2025-08-10,2025-08-23,2025-08-29,2025-08-29,2025-09-12,2025-09-12,True,True,joined_on_time,2025-09-12,8,discovery
CAND-02031,APP-02099,REQ-00179,CLI-006,REC-015,Senior Accountant,Finance/Accounting,Orlando,FL,hybrid,Contract-to-Hire,1.0,staffing_event,28.33,27.25,2024-03-11,2024-03-20,2024-03-29,2024-04-04,2024-05-03,2024-05-03,True,True,joined_on_time,2024-05-03,14,hypothesis_generation
CAND-02032,APP-02100,REQ-00026,CLI-001,REC-006,Material Handler,Light Industrial,Kansas City,MO,onsite,W2 Contract,3.9,recruiter_sourced,19.85,22.29,2024-08-17,2024-09-07,2024-09-25,2024-09-26,2024-10-24,2024-10-23,True,True,joined_on_time,2024-10-23,0,discovery
CAND-02033,APP-02101,REQ-00126,CLI-005,REC-007,Mechanical Engineer,Engineering,Austin,TX,onsite,W2 Contract,1.6,recruiter_sourced,42.59,43.56,2024-11-01,2024-11-14,2024-11-20,2024-11-23,2024-12-01,2024-12-01,True,True,joined_on_time,2024-12-01,12,held_out_test
CAND-02034,APP-02102,REQ-00078,CLI-001,REC-006,General Laborer,Light Industrial,Columbus,OH,onsite,Direct Hire,6.3,job_board,20.81,22.9,2024-12-09,2024-12-24,2025-01-04,2025-01-05,2025-01-20,,True,True,rejected_by_client,2025-01-16,13,hypothesis_generation
CAND-02035,APP-02103,REQ-00142,CLI-010,REC-018,Data Entry Clerk,Administrative/Professional,Chicago,IL,hybrid,Direct Hire,9.0,career_site,15.92,15.63,2024-10-14,2024-10-31,2024-11-16,2024-11-17,2024-12-02,2024-12-01,True,True,joined_on_time,2024-12-01,11,held_out_test
CAND-02036,APP-02104,REQ-00108,CLI-007,REC-011,Phlebotomist,Healthcare,Philadelphia,PA,onsite,W2 Contract,3.1,referral,27.92,34.53,2025-03-14,2025-03-31,2025-04-02,2025-04-03,2025-04-29,,True,False,declined_offer,2025-04-03,2,discovery
CAND-02037,APP-02105,REQ-00176,CLI-008,REC-010,Systems Administrator,IT/Technology,Austin,TX,hybrid,W2 Contract,9.1,referral,37.34,41.04,2025-04-26,2025-05-15,2025-05-26,2025-05-27,2025-06-25,2025-06-25,True,True,joined_on_time,2025-06-25,0,discovery
CAND-02038,APP-02106,REQ-00230,CLI-003,REC-018,Financial Analyst,Finance/Accounting,Houston,TX,hybrid,W2 Contract,4.1,job_board,29.04,33.29,2025-02-12,2025-03-02,2025-03-12,2025-03-12,2025-04-12,2025-04-12,True,True,joined_on_time,2025-04-12,10,discovery
CAND-02039,APP-02107,REQ-00173,CLI-006,REC-015,Administrative Assistant,Administrative/Professional,Cincinnati,OH,hybrid,W2 Contract,3.9,recruiter_sourced,18.82,20.48,2025-06-22,2025-06-25,2025-07-10,2025-07-16,2025-07-25,2025-07-24,True,True,joined_on_time,2025-07-24,1,held_out_test
CAND-02040,APP-02108,REQ-00062,CLI-011,REC-002,Office Coordinator,Administrative/Professional,Houston,TX,hybrid,W2 Contract,10.6,job_board,22.59,23.54,2025-07-05,2025-07-19,2025-08-02,2025-08-08,2025-08-20,2025-08-20,True,True,joined_on_time,2025-08-20,9,hypothesis_generation
CAND-02041,APP-02109,REQ-00080,CLI-009,REC-013,Process Engineer,Engineering,Pittsburgh,PA,onsite,Direct Hire,10.6,referral,33.85,37.68,2024-11-04,2024-11-13,2024-11-18,2024-11-22,2024-12-04,,True,True,accepted_no_show,2024-12-04,19,hypothesis_generation
CAND-02042,APP-02110,REQ-00212,CLI-011,REC-005,HR Coordinator,Administrative/Professional,Chicago,IL,onsite,Direct Hire,7.5,referral,16.57,19.35,2025-04-13,2025-05-03,2025-05-13,2025-05-19,2025-06-11,,True,False,declined_offer,2025-05-19,22,hypothesis_generation
CAND-02043,APP-02111,REQ-00058,CLI-005,REC-013,Project Engineer,Engineering,Tampa,FL,onsite,Direct Hire,4.2,recruiter_sourced,37.44,44.72,2024-03-03,2024-03-16,2024-03-28,2024-03-28,2024-04-16,,True,True,withdrew_post_acceptance,2024-04-04,3,discovery
CAND-02044,APP-02112,REQ-00049,CLI-008,REC-010,Systems Administrator,IT/Technology,Milwaukee,WI,hybrid,Direct Hire,1.1,job_board,52.98,60.43,2024-10-10,2024-10-31,2024-11-10,2024-11-13,2024-11-23,2024-11-23,True,True,joined_on_time,2024-11-23,4,hypothesis_generation
CAND-02045,APP-02113,REQ-00033,CLI-009,REC-016,Quality Engineer,Engineering,Austin,TX,onsite,1099,3.3,recruiter_sourced,43.53,43.88,2024-04-21,2024-05-04,2024-05-13,2024-05-15,2024-05-23,,True,True,withdrew_post_acceptance,2024-05-16,18,discovery
CAND-02046,APP-02114,REQ-00065,CLI-003,REC-018,Bookkeeper,Finance/Accounting,Indianapolis,IN,hybrid,Direct Hire,4.4,staffing_event,,33.7,2024-08-31,2024-09-07,2024-09-15,2024-09-21,2024-10-13,2024-11-01,True,True,joined_late,2024-11-01,17,held_out_test
CAND-02047,APP-02115,REQ-00105,CLI-007,REC-011,Registered Nurse,Healthcare,Pittsburgh,PA,onsite,Contract-to-Hire,10.6,job_board,25.19,25.97,2025-02-12,2025-03-01,2025-03-19,2025-03-24,2025-04-13,,True,False,declined_offer,2025-03-24,0,held_out_test
CAND-02048,APP-02116,REQ-00052,CLI-011,REC-006,Data Entry Clerk,Administrative/Professional,Austin,TX,onsite,Contract-to-Hire,1.4,referral,16.57,17.73,2024-11-17,2024-11-21,2024-12-03,2024-12-08,2024-12-30,,True,False,declined_offer,2024-12-08,3,held_out_test
CAND-02049,APP-02117,REQ-00142,CLI-010,REC-003,Data Entry Clerk,Administrative/Professional,Chicago,IL,hybrid,Direct Hire,1.2,recruiter_sourced,17.66,20.37,2024-10-29,2024-11-03,2024-11-11,2024-11-16,2024-12-14,2024-12-14,True,True,joined_on_time,2024-12-14,8,discovery
CAND-02050,APP-02118,REQ-00058,CLI-005,REC-010,Project Engineer,Engineering,Tampa,FL,onsite,Direct Hire,4.0,referral,,48.7,2024-03-07,2024-03-18,2024-04-01,2024-04-01,2024-05-05,2024-05-05,True,True,joined_on_time,2024-05-05,10,discovery
CAND-02051,APP-02119,REQ-00188,CLI-007,REC-014,Medical Assistant,Healthcare,Pittsburgh,PA,hybrid,W2 Contract,4.4,job_board,19.41,22.72,2024-04-21,2024-05-01,2024-05-03,2024-05-09,2024-06-01,,True,False,declined_offer,2024-05-09,3,held_out_test
CAND-02052,APP-02120,REQ-00129,CLI-010,REC-016,Administrative Assistant,Administrative/Professional,Houston,TX,hybrid,Direct Hire,3.8,recruiter_sourced,19.8,22.61,2024-02-08,2024-02-28,2024-03-02,2024-03-06,2024-03-16,,True,True,withdrew_post_acceptance,2024-03-13,5,hypothesis_generation
CAND-01658,APP-02121,REQ-00047,CLI-006,REC-006,Bookkeeper,Finance/Accounting,Orlando,FL,hybrid,W2 Contract,2.2,career_site,35.89,35.59,2025-03-02,2025-03-21,2025-04-05,2025-04-07,2025-04-25,2025-04-25,True,True,joined_on_time,2025-04-25,5,discovery
CAND-02053,APP-02122,REQ-00081,CLI-003,REC-009,Senior Accountant,Finance/Accounting,Jacksonville,FL,hybrid,W2 Contract,0.5,career_site,28.36,33.43,2024-11-15,2024-11-23,2024-12-03,2024-12-06,2024-12-26,2024-12-26,True,True,joined_on_time,2024-12-26,9,discovery
CAND-02054,APP-02123,REQ-00045,CLI-007,REC-011,Certified Nursing Assistant,Healthcare,Jacksonville,FL,onsite,W2 Contract,2.2,recruiter_sourced,29.23,30.59,2024-11-29,2024-12-18,2024-12-24,2024-12-26,2025-01-24,2025-01-23,True,True,joined_on_time,2025-01-23,8,discovery
CAND-02055,APP-02124,REQ-00189,CLI-003,REC-012,Bookkeeper,Finance/Accounting,Cincinnati,OH,hybrid,W2 Contract,2.9,job_board,30.72,33.28,2024-12-23,2025-01-03,2025-01-14,2025-01-16,2025-01-26,2025-02-14,True,True,joined_late,2025-02-14,5,hypothesis_generation
CAND-00803,APP-02125,REQ-00192,CLI-008,REC-007,Business Systems Analyst,IT/Technology,Jacksonville,FL,hybrid,Direct Hire,7.2,recruiter_sourced,,37.15,2025-03-01,2025-03-17,2025-03-19,2025-03-23,2025-04-22,2025-04-22,True,True,joined_on_time,2025-04-22,14,hypothesis_generation
CAND-02056,APP-02126,REQ-00073,CLI-004,REC-012,QA Tester,IT/Technology,Milwaukee,WI,remote,Direct Hire,2.5,referral,43.8,44.95,2024-06-06,2024-06-16,2024-07-01,2024-07-02,2024-07-12,2024-07-13,True,True,joined_on_time,2024-07-13,14,held_out_test
CAND-02057,APP-02127,REQ-00034,CLI-011,REC-006,Machine Operator,Light Industrial,Raleigh,NC,onsite,W2 Contract,2.8,referral,16.72,18.08,2024-08-19,2024-08-23,2024-09-04,2024-09-09,2024-09-15,,True,True,withdrew_post_acceptance,2024-09-14,4,discovery
CAND-02058,APP-02128,REQ-00139,CLI-009,REC-001,Quality Engineer,Engineering,Columbus,OH,onsite,W2 Contract,5.5,referral,27.73,32.07,2024-11-16,2024-12-07,2024-12-09,2024-12-13,2025-01-12,2025-01-12,True,True,joined_on_time,2025-01-12,18,discovery
CAND-02059,APP-02129,REQ-00224,CLI-009,REC-013,Project Engineer,Engineering,Memphis,TN,onsite,W2 Contract,2.1,career_site,43.11,41.81,2025-06-12,2025-06-23,2025-07-05,2025-07-06,2025-08-01,2025-08-01,True,True,joined_on_time,2025-08-01,16,discovery
CAND-02060,APP-02130,REQ-00207,CLI-002,REC-011,Pharmacy Technician,Healthcare,Austin,TX,onsite,1099,5.4,job_board,24.22,26.37,2024-04-04,2024-04-08,2024-04-24,2024-04-25,2024-05-15,2024-05-30,True,True,joined_late,2024-05-30,0,discovery
CAND-02061,APP-02131,REQ-00126,CLI-005,REC-007,Mechanical Engineer,Engineering,Austin,TX,onsite,W2 Contract,3.1,recruiter_sourced,27.96,31.93,2024-10-27,2024-11-06,2024-11-16,2024-11-21,2024-11-26,2024-11-26,True,True,joined_on_time,2024-11-26,15,hypothesis_generation
CAND-02062,APP-02132,REQ-00228,CLI-004,REC-004,DevOps Engineer,IT/Technology,Raleigh,NC,remote,W2 Contract,1.3,job_board,31.96,36.43,2025-01-09,2025-01-20,2025-01-30,2025-01-31,2025-03-01,,True,False,declined_offer,2025-01-31,4,discovery
CAND-02063,APP-02133,REQ-00095,CLI-001,REC-004,Shipping/Receiving Clerk,Light Industrial,Columbus,OH,onsite,W2 Contract,11.5,staffing_event,18.88,22.77,2024-10-08,2024-10-27,2024-11-02,2024-11-04,2024-11-28,2024-11-28,True,True,joined_on_time,2024-11-28,11,discovery
CAND-02064,APP-02134,REQ-00087,CLI-001,REC-012,Machine Operator,Light Industrial,Jacksonville,FL,onsite,Contract-to-Hire,1.9,job_board,19.66,19.55,2025-02-26,2025-03-19,2025-04-04,2025-04-09,2025-04-28,,True,False,declined_offer,2025-04-09,10,discovery
CAND-02065,APP-02135,REQ-00044,CLI-010,REC-012,Receptionist,Administrative/Professional,Memphis,TN,hybrid,W2 Contract,9.6,staffing_event,15.21,17.3,2024-10-22,2024-11-03,2024-11-07,2024-11-11,2024-11-30,2024-11-30,True,True,joined_on_time,2024-11-30,10,discovery
CAND-02066,APP-02136,REQ-00094,CLI-001,REC-011,Forklift Operator,Light Industrial,Orlando,FL,remote,W2 Contract,1.1,job_board,14.65,17.9,2024-05-24,2024-05-31,2024-06-12,2024-06-18,2024-07-12,2024-07-13,True,True,joined_on_time,2024-07-13,17,discovery
CAND-02067,APP-02137,REQ-00178,CLI-005,REC-018,Quality Engineer,Engineering,Atlanta,GA,onsite,W2 Contract,2.4,job_board,39.01,46.29,2025-05-02,2025-05-12,2025-05-21,2025-05-22,2025-06-13,2025-06-16,True,True,joined_late,2025-06-16,7,discovery
CAND-02068,APP-02138,REQ-00203,CLI-010,REC-018,Executive Assistant,Administrative/Professional,Phoenix,AZ,hybrid,W2 Contract,3.7,referral,21.72,22.0,2024-05-16,2024-06-02,2024-06-17,2024-06-23,2024-07-12,2024-07-12,True,True,joined_on_time,2024-07-12,9,held_out_test
CAND-02069,APP-02139,REQ-00208,CLI-003,REC-007,Accounts Payable Clerk,Finance/Accounting,Charlotte,NC,onsite,Direct Hire,3.4,job_board,41.14,44.01,2024-11-25,2024-12-10,2024-12-17,2024-12-23,2025-01-14,,True,True,rejected_by_client,2024-12-30,12,discovery
CAND-02070,APP-02140,REQ-00059,CLI-002,REC-008,Certified Nursing Assistant,Healthcare,Chicago,IL,remote,Direct Hire,7.3,career_site,41.09,46.02,2024-11-07,2024-11-12,2024-11-28,2024-12-02,2024-12-24,,True,True,rejected_by_client,2024-12-07,2,hypothesis_generation
CAND-02071,APP-02141,REQ-00059,CLI-002,REC-011,Certified Nursing Assistant,Healthcare,Chicago,IL,remote,Direct Hire,1.0,recruiter_sourced,31.53,38.37,2024-10-26,2024-11-15,2024-11-17,2024-11-20,2024-12-01,2024-12-11,True,True,joined_late,2024-12-11,5,discovery
CAND-02072,APP-02142,REQ-00026,CLI-001,REC-006,Material Handler,Light Industrial,Kansas City,MO,onsite,W2 Contract,1.8,recruiter_sourced,19.87,23.19,2024-08-05,2024-08-26,2024-08-28,2024-08-29,2024-09-12,,True,True,rejected_by_client,2024-09-02,9,held_out_test
CAND-02073,APP-02143,REQ-00212,CLI-011,REC-003,HR Coordinator,Administrative/Professional,Chicago,IL,onsite,Direct Hire,6.0,recruiter_sourced,19.21,21.25,2025-04-04,2025-04-24,2025-05-10,2025-05-10,2025-06-10,,True,True,withdrew_post_acceptance,2025-06-08,0,held_out_test
CAND-02074,APP-02144,REQ-00104,CLI-002,REC-011,Pharmacy Technician,Healthcare,Philadelphia,PA,onsite,Contract-to-Hire,10.3,job_board,37.7,45.73,2025-03-14,2025-03-31,2025-04-15,2025-04-18,2025-05-05,2025-05-05,True,True,joined_on_time,2025-05-05,8,held_out_test
CAND-02075,APP-02145,REQ-00098,CLI-002,REC-014,Physical Therapist Asst.,Healthcare,Houston,TX,onsite,Direct Hire,3.5,job_board,33.5,38.9,2024-10-23,2024-11-01,2024-11-17,2024-11-21,2024-11-29,,True,True,accepted_no_show,2024-11-29,10,held_out_test
CAND-02076,APP-02146,REQ-00228,CLI-004,REC-007,DevOps Engineer,IT/Technology,Raleigh,NC,remote,W2 Contract,5.8,recruiter_sourced,42.55,40.52,2024-12-16,2025-01-04,2025-01-18,2025-01-19,2025-02-09,2025-03-01,True,True,joined_late,2025-03-01,10,discovery
CAND-02077,APP-02147,REQ-00035,CLI-005,REC-015,Forklift Operator,Light Industrial,Chicago,IL,onsite,Contract-to-Hire,5.9,job_board,19.52,20.76,2024-04-18,2024-04-25,2024-04-27,2024-05-02,2024-05-22,2024-06-06,True,True,joined_late,2024-06-06,11,discovery
CAND-02078,APP-02148,REQ-00176,CLI-008,REC-013,Systems Administrator,IT/Technology,Austin,TX,hybrid,W2 Contract,7.1,job_board,,60.5,2025-04-11,2025-04-14,2025-04-26,2025-05-01,2025-05-08,2025-05-09,True,True,joined_on_time,2025-05-09,17,held_out_test
CAND-02079,APP-02149,REQ-00222,CLI-011,REC-003,Administrative Assistant,Administrative/Professional,Austin,TX,onsite,W2 Contract,11.9,career_site,17.41,20.46,2024-04-16,2024-05-06,2024-05-24,2024-05-29,2024-06-15,,True,True,withdrew_post_acceptance,2024-06-02,5,discovery
CAND-02080,APP-02150,REQ-00146,CLI-006,REC-003,Administrative Assistant,Administrative/Professional,Raleigh,NC,remote,1099,5.0,job_board,20.08,23.24,2025-03-02,2025-03-06,2025-03-11,2025-03-11,2025-04-04,2025-04-05,True,True,joined_on_time,2025-04-05,9,discovery
CAND-02081,APP-02151,REQ-00184,CLI-009,REC-004,Mechanical Engineer,Engineering,Tampa,FL,onsite,W2 Contract,2.8,recruiter_sourced,45.38,50.43,2025-03-21,2025-03-31,2025-04-09,2025-04-11,2025-05-11,2025-05-30,True,True,joined_late,2025-05-30,13,hypothesis_generation
CAND-02082,APP-02152,REQ-00141,CLI-009,REC-016,Civil Engineer,Engineering,Kansas City,MO,onsite,Direct Hire,1.8,career_site,45.09,51.28,2024-04-15,2024-04-28,2024-05-01,2024-05-04,2024-05-26,,True,True,accepted_no_show,2024-05-26,0,discovery
CAND-02083,APP-02153,REQ-00109,CLI-009,REC-013,Electrical Engineer,Engineering,Milwaukee,WI,onsite,Contract-to-Hire,2.7,staffing_event,43.34,44.54,2025-01-06,2025-01-20,2025-02-05,2025-02-05,2025-03-12,,True,False,declined_offer,2025-02-05,9,discovery
CAND-02084,APP-02154,REQ-00093,CLI-009,REC-016,Civil Engineer,Engineering,St. Louis,MO,onsite,1099,2.2,career_site,33.05,38.11,2024-02-26,2024-03-06,2024-03-11,2024-03-13,2024-03-31,2024-03-31,True,True,joined_on_time,2024-03-31,9,discovery
CAND-02085,APP-02155,REQ-00179,CLI-006,REC-012,Senior Accountant,Finance/Accounting,Orlando,FL,hybrid,Contract-to-Hire,11.6,job_board,29.18,34.81,2024-02-12,2024-03-01,2024-03-10,2024-03-14,2024-03-28,2024-04-22,True,True,joined_late,2024-04-22,9,discovery
CAND-02086,APP-02156,REQ-00169,CLI-002,REC-009,Medical Assistant,Healthcare,Tucson,AZ,onsite,Contract-to-Hire,5.9,recruiter_sourced,37.87,42.67,2025-05-04,2025-05-13,2025-05-18,2025-05-18,2025-06-06,,True,False,declined_offer,2025-05-18,17,discovery
CAND-02087,APP-02157,REQ-00182,CLI-011,REC-003,Data Entry Clerk,Administrative/Professional,Cincinnati,OH,remote,W2 Contract,2.5,job_board,14.42,16.96,2024-08-15,2024-08-25,2024-09-06,2024-09-12,2024-09-17,,True,True,withdrew_post_acceptance,2024-09-14,4,discovery
CAND-02088,APP-02158,REQ-00118,CLI-006,REC-003,Accounts Payable Clerk,Finance/Accounting,Memphis,TN,onsite,1099,1.0,career_site,31.87,31.22,2024-05-31,2024-06-05,2024-06-08,2024-06-12,2024-07-08,2024-07-08,True,True,joined_on_time,2024-07-08,0,hypothesis_generation
CAND-02089,APP-02159,REQ-00112,CLI-001,REC-005,Forklift Operator,Light Industrial,Pittsburgh,PA,onsite,Contract-to-Hire,0.2,recruiter_sourced,,17.76,2025-07-24,2025-07-31,2025-08-09,2025-08-14,2025-08-28,,True,False,declined_offer,2025-08-14,7,discovery
CAND-02090,APP-02160,REQ-00061,CLI-004,REC-006,Systems Administrator,IT/Technology,Jacksonville,FL,remote,Direct Hire,5.6,recruiter_sourced,54.1,61.47,2025-03-11,2025-03-27,2025-04-13,2025-04-17,2025-05-18,,True,False,declined_offer,2025-04-17,14,discovery
CAND-02091,APP-02161,REQ-00148,CLI-004,REC-010,Data Analyst,IT/Technology,Philadelphia,PA,remote,1099,14.2,staffing_event,45.79,45.3,2024-02-17,2024-02-22,2024-03-08,2024-03-09,2024-03-22,2024-03-23,True,True,joined_on_time,2024-03-23,4,discovery
CAND-02092,APP-02162,REQ-00185,CLI-005,REC-010,Process Engineer,Engineering,Houston,TX,onsite,Direct Hire,3.8,career_site,28.54,31.87,2025-06-27,2025-07-15,2025-07-28,2025-07-31,2025-08-29,,True,True,withdrew_post_acceptance,2025-08-06,4,hypothesis_generation
CAND-02093,APP-02163,REQ-00128,CLI-010,REC-018,Customer Service Representative,Administrative/Professional,Houston,TX,hybrid,Direct Hire,0.9,recruiter_sourced,,24.52,2024-12-07,2024-12-16,2024-12-19,2024-12-20,2025-01-16,2025-01-15,True,True,joined_on_time,2025-01-15,0,hypothesis_generation
CAND-02094,APP-02164,REQ-00181,CLI-010,REC-018,Data Entry Clerk,Administrative/Professional,Jacksonville,FL,hybrid,W2 Contract,2.8,job_board,16.0,15.49,2024-02-18,2024-02-28,2024-03-06,2024-03-08,2024-03-18,,True,True,withdrew_post_acceptance,2024-03-15,3,hypothesis_generation
CAND-02095,APP-02165,REQ-00191,CLI-008,REC-013,Data Analyst,IT/Technology,St. Louis,MO,hybrid,Direct Hire,15.0,recruiter_sourced,57.65,63.38,2024-08-17,2024-08-28,2024-09-06,2024-09-10,2024-09-29,,True,False,declined_offer,2024-09-10,11,hypothesis_generation
CAND-02096,APP-02166,REQ-00147,CLI-003,REC-012,Senior Accountant,Finance/Accounting,St. Louis,MO,hybrid,1099,3.4,job_board,36.71,39.48,2024-06-02,2024-06-20,2024-06-30,2024-07-03,2024-07-15,2024-07-14,True,True,joined_on_time,2024-07-14,0,discovery
CAND-02097,APP-02167,REQ-00083,CLI-008,REC-013,QA Tester,IT/Technology,Tucson,AZ,hybrid,Direct Hire,3.9,career_site,54.31,58.45,2024-03-16,2024-03-22,2024-04-06,2024-04-06,2024-04-30,,True,True,withdrew_post_acceptance,2024-04-07,5,held_out_test
CAND-02098,APP-02168,REQ-00019,CLI-011,REC-006,Shipping/Receiving Clerk,Light Industrial,Columbus,OH,onsite,Contract-to-Hire,8.6,job_board,18.19,19.63,2024-11-16,2024-11-21,2024-12-02,2024-12-02,2024-12-19,,True,True,withdrew_post_acceptance,2024-12-12,4,discovery
CAND-02099,APP-02169,REQ-00019,CLI-011,REC-006,Shipping/Receiving Clerk,Light Industrial,Columbus,OH,onsite,Contract-to-Hire,4.9,referral,19.41,21.94,2024-10-29,2024-11-19,2024-11-29,2024-12-05,2024-12-26,2024-12-26,True,True,joined_on_time,2024-12-26,8,hypothesis_generation
CAND-00512,APP-02170,REQ-00193,CLI-003,REC-009,Senior Accountant,Finance/Accounting,Columbus,OH,hybrid,W2 Contract,4.8,career_site,,30.8,2024-10-30,2024-11-19,2024-12-03,2024-12-05,2025-01-03,,True,False,declined_offer,2024-12-05,6,held_out_test
CAND-02100,APP-02171,REQ-00022,CLI-009,REC-004,Civil Engineer,Engineering,Phoenix,AZ,remote,1099,6.6,recruiter_sourced,,39.65,2024-02-05,2024-02-19,2024-02-21,2024-02-25,2024-03-25,2024-03-26,True,True,joined_on_time,2024-03-26,16,discovery
CAND-02101,APP-02172,REQ-00191,CLI-008,REC-001,Data Analyst,IT/Technology,St. Louis,MO,hybrid,Direct Hire,14.9,recruiter_sourced,47.21,46.79,2024-08-25,2024-08-31,2024-09-14,2024-09-17,2024-10-07,2024-10-23,True,True,joined_late,2024-10-23,18,discovery
CAND-01244,APP-02173,REQ-00023,CLI-007,REC-006,Phlebotomist,Healthcare,Dallas,TX,onsite,W2 Contract,2.4,career_site,26.73,31.07,2024-12-10,2024-12-14,2024-12-20,2024-12-26,2025-01-03,,True,True,withdrew_post_acceptance,2024-12-29,5,discovery
CAND-02102,APP-02174,REQ-00183,CLI-010,REC-009,Receptionist,Administrative/Professional,Dallas,TX,hybrid,W2 Contract,2.2,job_board,,16.61,2024-10-09,2024-10-18,2024-11-03,2024-11-06,2024-11-30,,True,False,declined_offer,2024-11-06,8,discovery
CAND-02103,APP-02175,REQ-00214,CLI-005,REC-012,Warehouse Associate,Light Industrial,Chicago,IL,onsite,Contract-to-Hire,6.1,job_board,,16.28,2025-02-20,2025-02-25,2025-03-09,2025-03-10,2025-04-08,2025-04-08,True,True,joined_on_time,2025-04-08,18,discovery
CAND-02104,APP-02176,REQ-00203,CLI-010,REC-003,Executive Assistant,Administrative/Professional,Phoenix,AZ,hybrid,W2 Contract,0.8,referral,20.34,22.31,2024-04-02,2024-04-16,2024-04-20,2024-04-23,2024-05-09,2024-05-24,True,True,joined_late,2024-05-24,15,discovery
CAND-02105,APP-02177,REQ-00091,CLI-006,REC-001,Data Entry Clerk,Administrative/Professional,Tucson,AZ,hybrid,1099,6.3,job_board,21.91,23.96,2025-03-31,2025-04-04,2025-04-09,2025-04-13,2025-05-01,,True,True,accepted_no_show,2025-05-01,10,hypothesis_generation
CAND-02106,APP-02178,REQ-00176,CLI-008,REC-010,Systems Administrator,IT/Technology,Austin,TX,hybrid,W2 Contract,1.9,referral,51.09,56.76,2025-05-11,2025-05-26,2025-06-07,2025-06-09,2025-07-05,,True,True,rejected_by_client,2025-07-04,7,discovery
CAND-02107,APP-02179,REQ-00003,CLI-002,REC-011,Physical Therapist Asst.,Healthcare,St. Louis,MO,hybrid,W2 Contract,3.4,career_site,36.51,35.12,2024-11-09,2024-11-14,2024-11-25,2024-11-29,2024-12-06,2024-12-05,True,True,joined_on_time,2024-12-05,1,held_out_test
CAND-02108,APP-02180,REQ-00218,CLI-007,REC-002,Radiology Technician,Healthcare,Kansas City,MO,onsite,Direct Hire,6.6,recruiter_sourced,22.55,22.31,2024-04-13,2024-04-22,2024-05-02,2024-05-08,2024-05-21,2024-05-21,True,True,joined_on_time,2024-05-21,12,discovery
CAND-02109,APP-02181,REQ-00027,CLI-003,REC-009,Payroll Specialist,Finance/Accounting,Milwaukee,WI,hybrid,Contract-to-Hire,5.5,job_board,,37.63,2025-06-27,2025-07-07,2025-07-09,2025-07-11,2025-08-03,,True,True,rejected_by_client,2025-07-19,5,discovery
CAND-02110,APP-02182,REQ-00089,CLI-008,REC-017,Software Engineer,IT/Technology,Houston,TX,hybrid,W2 Contract,6.1,job_board,59.4,62.37,2025-05-15,2025-05-20,2025-06-02,2025-06-07,2025-06-27,2025-06-27,True,True,joined_on_time,2025-06-27,6,discovery
CAND-02111,APP-02183,REQ-00012,CLI-009,REC-004,Project Engineer,Engineering,Austin,TX,onsite,W2 Contract,9.1,job_board,45.69,53.26,2024-12-01,2024-12-18,2025-01-05,2025-01-09,2025-01-29,2025-02-19,True,True,joined_late,2025-02-19,8,discovery
CAND-02112,APP-02184,REQ-00099,CLI-002,REC-007,Pharmacy Technician,Healthcare,Milwaukee,WI,onsite,W2 Contract,2.2,career_site,43.79,44.88,2024-02-25,2024-02-28,2024-03-11,2024-03-13,2024-03-28,,True,True,rejected_by_client,2024-03-21,8,hypothesis_generation
CAND-02113,APP-02185,REQ-00130,CLI-011,REC-012,HR Coordinator,Administrative/Professional,Austin,TX,onsite,Contract-to-Hire,2.2,job_board,14.5,17.0,2025-04-14,2025-04-28,2025-05-16,2025-05-16,2025-05-27,,True,True,withdrew_post_acceptance,2025-05-18,11,hypothesis_generation
CAND-02114,APP-02186,REQ-00052,CLI-011,REC-006,Data Entry Clerk,Administrative/Professional,Austin,TX,onsite,Contract-to-Hire,6.1,referral,20.42,20.65,2024-10-28,2024-11-02,2024-11-12,2024-11-13,2024-12-05,2024-12-05,True,True,joined_on_time,2024-12-05,12,hypothesis_generation
CAND-02115,APP-02187,REQ-00207,CLI-002,REC-017,Pharmacy Technician,Healthcare,Austin,TX,onsite,1099,5.0,recruiter_sourced,29.08,33.41,2024-03-02,2024-03-22,2024-04-07,2024-04-07,2024-04-18,,True,True,withdrew_post_acceptance,2024-04-17,5,discovery
CAND-02116,APP-02188,REQ-00148,CLI-004,REC-010,Data Analyst,IT/Technology,Philadelphia,PA,remote,1099,3.6,reapply,60.66,70.69,2024-02-11,2024-02-27,2024-02-29,2024-03-01,2024-03-23,,True,True,withdrew_post_acceptance,2024-03-20,4,held_out_test
CAND-02117,APP-02189,REQ-00032,CLI-005,REC-018,Forklift Operator,Light Industrial,Columbus,OH,onsite,Contract-to-Hire,14.5,job_board,17.2,19.71,2025-03-30,2025-04-02,2025-04-16,2025-04-16,2025-04-27,,True,True,withdrew_post_acceptance,2025-04-19,0,held_out_test
CAND-02118,APP-02190,REQ-00201,CLI-009,REC-013,Mechanical Engineer,Engineering,Tampa,FL,remote,Direct Hire,3.8,staffing_event,34.98,39.66,2024-04-07,2024-04-20,2024-04-22,2024-04-27,2024-05-12,,True,True,accepted_no_show,2024-05-12,7,held_out_test
CAND-02119,APP-02191,REQ-00050,CLI-003,REC-009,Staff Accountant,Finance/Accounting,Nashville,TN,hybrid,W2 Contract,3.8,referral,32.71,35.3,2024-08-26,2024-09-02,2024-09-04,2024-09-07,2024-09-27,,True,True,rejected_by_client,2024-09-23,12,hypothesis_generation
CAND-02120,APP-02192,REQ-00059,CLI-002,REC-002,Certified Nursing Assistant,Healthcare,Chicago,IL,remote,Direct Hire,5.8,recruiter_sourced,39.32,37.69,2024-11-11,2024-11-26,2024-12-11,2024-12-12,2024-12-27,,True,False,declined_offer,2024-12-12,14,discovery
CAND-02121,APP-02193,REQ-00017,CLI-011,REC-003,General Laborer,Light Industrial,Columbus,OH,onsite,W2 Contract,4.3,job_board,15.41,19.03,2025-03-21,2025-03-25,2025-03-28,2025-03-30,2025-04-14,,True,True,rejected_by_client,2025-04-13,13,discovery
CAND-02122,APP-02194,REQ-00122,CLI-004,REC-016,QA Tester,IT/Technology,Tampa,FL,remote,W2 Contract,5.3,job_board,62.21,67.95,2025-04-10,2025-04-17,2025-04-19,2025-04-19,2025-05-20,,True,False,declined_offer,2025-04-19,16,discovery
CAND-02123,APP-02195,REQ-00003,CLI-002,REC-002,Physical Therapist Asst.,Healthcare,St. Louis,MO,hybrid,W2 Contract,3.9,job_board,24.95,28.66,2024-10-29,2024-11-08,2024-11-13,2024-11-14,2024-11-30,2024-11-30,True,True,joined_on_time,2024-11-30,18,discovery
CAND-02124,APP-02196,REQ-00139,CLI-009,REC-001,Quality Engineer,Engineering,Columbus,OH,onsite,W2 Contract,6.1,job_board,35.55,38.04,2024-11-09,2024-11-22,2024-12-07,2024-12-12,2024-12-26,,True,False,declined_offer,2024-12-12,23,discovery
CAND-02125,APP-02197,REQ-00206,CLI-006,REC-009,AR Specialist,Finance/Accounting,Indianapolis,IN,hybrid,Contract-to-Hire,2.4,job_board,25.0,29.08,2024-11-16,2024-12-03,2024-12-18,2024-12-24,2024-12-28,2024-12-28,True,True,joined_on_time,2024-12-28,18,hypothesis_generation
CAND-02126,APP-02198,REQ-00184,CLI-009,REC-010,Mechanical Engineer,Engineering,Tampa,FL,onsite,W2 Contract,3.4,referral,48.06,48.34,2025-03-23,2025-04-13,2025-04-26,2025-04-27,2025-05-19,2025-05-19,True,True,joined_on_time,2025-05-19,8,held_out_test
CAND-02127,APP-02199,REQ-00121,CLI-003,REC-018,AR Specialist,Finance/Accounting,Orlando,FL,hybrid,W2 Contract,4.3,job_board,34.6,39.44,2024-04-13,2024-04-27,2024-05-04,2024-05-08,2024-05-29,2024-05-29,True,True,joined_on_time,2024-05-29,18,hypothesis_generation
CAND-02128,APP-02200,REQ-00123,CLI-009,REC-007,Process Engineer,Engineering,Kansas City,MO,onsite,W2 Contract,2.7,staffing_event,34.75,37.33,2024-11-20,2024-12-03,2024-12-07,2024-12-09,2025-01-01,2025-01-01,True,True,joined_on_time,2025-01-01,9,discovery
CAND-02129,APP-02201,REQ-00136,CLI-008,REC-016,Business Systems Analyst,IT/Technology,St. Louis,MO,hybrid,W2 Contract,6.4,career_site,37.3,41.13,2024-10-20,2024-11-05,2024-11-20,2024-11-22,2024-12-03,,True,False,declined_offer,2024-11-22,5,discovery
CAND-02130,APP-02202,REQ-00114,CLI-007,REC-005,Radiology Technician,Healthcare,Atlanta,GA,onsite,W2 Contract,2.8,referral,33.66,37.46,2024-12-07,2024-12-24,2025-01-03,2025-01-09,2025-01-25,2025-02-10,True,True,joined_late,2025-02-10,21,hypothesis_generation
CAND-02131,APP-02203,REQ-00046,CLI-007,REC-008,Certified Nursing Assistant,Healthcare,Houston,TX,onsite,Contract-to-Hire,11.7,referral,22.24,23.68,2024-05-24,2024-06-09,2024-06-15,2024-06-21,2024-07-15,,True,False,declined_offer,2024-06-21,17,discovery
CAND-02132,APP-02204,REQ-00081,CLI-003,REC-012,Senior Accountant,Finance/Accounting,Jacksonville,FL,hybrid,W2 Contract,4.1,referral,27.55,31.85,2024-11-14,2024-11-23,2024-12-07,2024-12-10,2025-01-04,,True,True,accepted_no_show,2025-01-04,7,discovery
CAND-02133,APP-02205,REQ-00020,CLI-011,REC-009,Administrative Assistant,Administrative/Professional,Charlotte,NC,onsite,Contract-to-Hire,1.7,referral,,20.78,2024-10-11,2024-10-27,2024-11-04,2024-11-09,2024-12-04,,True,True,accepted_no_show,2024-12-04,12,discovery
CAND-02134,APP-02206,REQ-00005,CLI-002,REC-008,Certified Nursing Assistant,Healthcare,Columbus,OH,onsite,W2 Contract,0.4,job_board,39.48,40.57,2025-02-03,2025-02-22,2025-03-09,2025-03-10,2025-04-09,2025-04-30,True,True,joined_late,2025-04-30,13,discovery
CAND-02135,APP-02207,REQ-00084,CLI-009,REC-010,Quality Engineer,Engineering,Raleigh,NC,onsite,Contract-to-Hire,1.0,job_board,47.05,54.26,2024-08-13,2024-08-23,2024-08-27,2024-08-30,2024-09-09,,True,True,accepted_no_show,2024-09-09,13,hypothesis_generation
CAND-02136,APP-02208,REQ-00139,CLI-009,REC-016,Quality Engineer,Engineering,Columbus,OH,onsite,W2 Contract,3.8,job_board,,48.74,2024-11-04,2024-11-23,2024-12-01,2024-12-06,2024-12-25,2024-12-24,True,True,joined_on_time,2024-12-24,20,discovery
CAND-02137,APP-02209,REQ-00107,CLI-001,REC-012,Warehouse Associate,Light Industrial,Jacksonville,FL,hybrid,Contract-to-Hire,1.0,job_board,18.26,18.23,2024-10-08,2024-10-16,2024-10-18,2024-10-18,2024-11-05,,True,True,withdrew_post_acceptance,2024-11-05,2,discovery
CAND-02138,APP-02210,REQ-00144,CLI-006,REC-015,Payroll Specialist,Finance/Accounting,Nashville,TN,hybrid,W2 Contract,12.1,recruiter_sourced,36.5,39.94,2025-01-27,2025-02-07,2025-02-15,2025-02-15,2025-03-01,2025-02-28,True,True,joined_on_time,2025-02-28,12,discovery
CAND-02139,APP-02211,REQ-00164,CLI-011,REC-012,Shipping/Receiving Clerk,Light Industrial,St. Louis,MO,onsite,Direct Hire,9.3,referral,16.26,16.86,2024-02-21,2024-03-09,2024-03-23,2024-03-24,2024-04-12,2024-04-12,True,True,joined_on_time,2024-04-12,9,discovery
CAND-02140,APP-02212,REQ-00137,CLI-009,REC-006,Electrical Engineer,Engineering,Philadelphia,PA,hybrid,W2 Contract,3.7,job_board,29.88,33.4,2024-10-17,2024-10-29,2024-11-11,2024-11-17,2024-12-03,,True,True,accepted_no_show,2024-12-03,6,hypothesis_generation
CAND-02141,APP-02213,REQ-00104,CLI-002,REC-014,Pharmacy Technician,Healthcare,Philadelphia,PA,onsite,Contract-to-Hire,7.7,referral,46.36,45.97,2025-02-05,2025-02-26,2025-03-09,2025-03-09,2025-03-25,,True,True,accepted_no_show,2025-03-25,16,discovery
CAND-02142,APP-02214,REQ-00183,CLI-010,REC-015,Receptionist,Administrative/Professional,Dallas,TX,hybrid,W2 Contract,1.1,staffing_event,23.96,24.24,2024-09-10,2024-09-26,2024-10-10,2024-10-15,2024-10-29,,True,True,rejected_by_client,2024-10-25,17,discovery
CAND-02143,APP-02215,REQ-00037,CLI-003,REC-012,AR Specialist,Finance/Accounting,Jacksonville,FL,hybrid,Contract-to-Hire,4.5,recruiter_sourced,,39.72,2024-08-12,2024-08-22,2024-08-30,2024-09-01,2024-09-16,2024-09-17,True,True,joined_on_time,2024-09-17,10,held_out_test
CAND-02144,APP-02216,REQ-00159,CLI-006,REC-012,Customer Service Representative,Administrative/Professional,Charlotte,NC,hybrid,W2 Contract,4.0,reapply,26.47,26.27,2025-06-05,2025-06-11,2025-06-25,2025-07-01,2025-07-27,2025-08-06,True,True,joined_late,2025-08-06,13,discovery
CAND-02145,APP-02217,REQ-00072,CLI-002,REC-017,Medical Assistant,Healthcare,Charlotte,NC,onsite,Contract-to-Hire,5.8,job_board,34.04,39.41,2024-12-19,2024-12-30,2025-01-07,2025-01-10,2025-02-07,,True,True,withdrew_post_acceptance,2025-01-24,9,discovery
CAND-02146,APP-02218,REQ-00035,CLI-005,REC-003,Forklift Operator,Light Industrial,Chicago,IL,onsite,Contract-to-Hire,9.6,staffing_event,18.07,17.28,2024-04-05,2024-04-11,2024-04-22,2024-04-22,2024-05-20,2024-05-21,True,True,joined_on_time,2024-05-21,11,discovery
CAND-02147,APP-02219,REQ-00072,CLI-002,REC-002,Medical Assistant,Healthcare,Charlotte,NC,onsite,Contract-to-Hire,1.5,career_site,36.88,36.42,2024-12-18,2024-12-27,2024-12-30,2024-12-30,2025-01-17,,True,True,withdrew_post_acceptance,2025-01-17,0,hypothesis_generation
CAND-02148,APP-02220,REQ-00013,CLI-007,REC-002,Pharmacy Technician,Healthcare,Houston,TX,onsite,1099,3.3,referral,33.66,41.79,2024-12-30,2025-01-04,2025-01-06,2025-01-06,2025-01-25,,True,True,accepted_no_show,2025-01-25,7,discovery
CAND-02149,APP-02221,REQ-00135,CLI-010,REC-003,Receptionist,Administrative/Professional,Nashville,TN,hybrid,W2 Contract,3.9,career_site,22.18,21.19,2025-07-24,2025-08-09,2025-08-14,2025-08-17,2025-09-10,,True,False,declined_offer,2025-08-17,15,discovery
CAND-02150,APP-02222,REQ-00023,CLI-007,REC-009,Phlebotomist,Healthcare,Dallas,TX,onsite,W2 Contract,7.0,career_site,22.65,26.52,2024-11-19,2024-11-29,2024-12-10,2024-12-11,2024-12-23,,True,False,declined_offer,2024-12-11,15,discovery
CAND-02151,APP-02223,REQ-00137,CLI-009,REC-014,Electrical Engineer,Engineering,Philadelphia,PA,hybrid,W2 Contract,3.7,recruiter_sourced,26.61,31.38,2024-09-23,2024-10-06,2024-10-17,2024-10-21,2024-11-04,,True,True,withdrew_post_acceptance,2024-10-24,6,discovery
CAND-02152,APP-02224,REQ-00209,CLI-002,REC-009,Medical Assistant,Healthcare,Dallas,TX,onsite,Contract-to-Hire,6.3,job_board,24.83,28.73,2024-05-29,2024-06-16,2024-06-21,2024-06-24,2024-07-19,,True,True,withdrew_post_acceptance,2024-06-28,12,discovery
CAND-02153,APP-02225,REQ-00190,CLI-010,REC-003,HR Coordinator,Administrative/Professional,Indianapolis,IN,hybrid,Contract-to-Hire,3.7,job_board,21.48,20.81,2025-04-20,2025-04-25,2025-05-12,2025-05-12,2025-05-28,,True,False,declined_offer,2025-05-12,16,discovery
CAND-02154,APP-02226,REQ-00068,CLI-002,REC-009,Pharmacy Technician,Healthcare,Milwaukee,WI,onsite,Contract-to-Hire,3.6,referral,33.4,40.05,2024-11-09,2024-11-12,2024-11-18,2024-11-20,2024-12-12,2024-12-11,True,True,joined_on_time,2024-12-11,20,discovery
CAND-02155,APP-02227,REQ-00160,CLI-005,REC-007,Civil Engineer,Engineering,Tucson,AZ,onsite,Contract-to-Hire,3.1,career_site,27.37,30.93,2024-11-11,2024-11-23,2024-12-05,2024-12-06,2024-12-30,2024-12-29,True,True,joined_on_time,2024-12-29,8,discovery
CAND-02156,APP-02228,REQ-00012,CLI-009,REC-010,Project Engineer,Engineering,Austin,TX,onsite,W2 Contract,13.1,recruiter_sourced,31.88,36.21,2024-12-26,2025-01-11,2025-01-19,2025-01-23,2025-01-31,2025-01-31,True,True,joined_on_time,2025-01-31,10,held_out_test
CAND-02157,APP-02229,REQ-00062,CLI-011,REC-003,Office Coordinator,Administrative/Professional,Houston,TX,hybrid,W2 Contract,3.0,recruiter_sourced,,17.23,2025-07-11,2025-07-26,2025-07-31,2025-08-06,2025-08-28,2025-08-28,True,True,joined_on_time,2025-08-28,15,held_out_test
CAND-02158,APP-02230,REQ-00065,CLI-003,REC-003,Bookkeeper,Finance/Accounting,Indianapolis,IN,hybrid,Direct Hire,11.1,job_board,31.48,37.37,2024-07-21,2024-08-03,2024-08-11,2024-08-13,2024-08-22,2024-09-07,True,True,joined_late,2024-09-07,13,held_out_test
CAND-02159,APP-02231,REQ-00174,CLI-009,REC-016,Mechanical Engineer,Engineering,Jacksonville,FL,onsite,W2 Contract,4.6,recruiter_sourced,42.76,50.18,2025-01-23,2025-02-06,2025-02-18,2025-02-19,2025-03-10,,True,True,rejected_by_client,2025-02-25,10,hypothesis_generation
CAND-02160,APP-02232,REQ-00103,CLI-007,REC-017,Phlebotomist,Healthcare,Chicago,IL,remote,W2 Contract,6.4,job_board,25.3,29.55,2024-09-17,2024-09-29,2024-10-16,2024-10-21,2024-11-20,2024-11-19,True,True,joined_on_time,2024-11-19,0,discovery
CAND-02161,APP-02233,REQ-00068,CLI-002,REC-007,Pharmacy Technician,Healthcare,Milwaukee,WI,onsite,Contract-to-Hire,10.4,referral,30.25,30.97,2024-12-07,2024-12-26,2025-01-13,2025-01-15,2025-02-05,2025-02-05,True,True,joined_on_time,2025-02-05,13,discovery
CAND-02162,APP-02234,REQ-00167,CLI-004,REC-001,Systems Administrator,IT/Technology,Pittsburgh,PA,hybrid,Direct Hire,2.8,referral,65.46,63.26,2024-12-23,2025-01-05,2025-01-20,2025-01-23,2025-02-10,,True,False,declined_offer,2025-01-23,14,discovery
CAND-02163,APP-02235,REQ-00018,CLI-008,REC-009,DevOps Engineer,IT/Technology,Tucson,AZ,hybrid,Contract-to-Hire,15.0,recruiter_sourced,33.65,36.58,2024-10-02,2024-10-14,2024-10-20,2024-10-26,2024-11-04,,True,False,declined_offer,2024-10-26,17,hypothesis_generation
CAND-02164,APP-02236,REQ-00166,CLI-003,REC-012,Accounts Payable Clerk,Finance/Accounting,Nashville,TN,hybrid,Contract-to-Hire,3.4,job_board,26.31,27.99,2024-11-05,2024-11-20,2024-12-03,2024-12-03,2024-12-21,2024-12-21,True,True,joined_on_time,2024-12-21,11,hypothesis_generation
CAND-02165,APP-02237,REQ-00222,CLI-011,REC-005,Administrative Assistant,Administrative/Professional,Austin,TX,onsite,W2 Contract,10.8,job_board,17.37,17.52,2024-05-19,2024-05-30,2024-06-04,2024-06-10,2024-06-21,2024-06-20,True,True,joined_on_time,2024-06-20,9,discovery
CAND-02166,APP-02238,REQ-00056,CLI-011,REC-015,Office Coordinator,Administrative/Professional,Austin,TX,onsite,Direct Hire,1.5,staffing_event,14.71,15.82,2024-05-31,2024-06-08,2024-06-18,2024-06-18,2024-07-23,2024-07-24,True,True,joined_on_time,2024-07-24,21,discovery
CAND-01631,APP-02239,REQ-00106,CLI-002,REC-002,Certified Nursing Assistant,Healthcare,Atlanta,GA,remote,Direct Hire,6.6,referral,39.75,40.67,2024-08-26,2024-09-01,2024-09-18,2024-09-19,2024-10-15,2024-10-15,True,True,joined_on_time,2024-10-15,0,discovery
CAND-02167,APP-02240,REQ-00070,CLI-004,REC-004,DevOps Engineer,IT/Technology,Nashville,TN,hybrid,W2 Contract,8.3,job_board,,60.02,2025-03-28,2025-04-05,2025-04-11,2025-04-12,2025-04-25,,True,True,rejected_by_client,2025-04-21,18,discovery
CAND-02168,APP-02241,REQ-00167,CLI-004,REC-013,Systems Administrator,IT/Technology,Pittsburgh,PA,hybrid,Direct Hire,5.1,recruiter_sourced,55.7,54.08,2024-12-17,2024-12-24,2025-01-11,2025-01-12,2025-02-01,,True,False,declined_offer,2025-01-12,16,discovery
CAND-02169,APP-02242,REQ-00141,CLI-009,REC-009,Civil Engineer,Engineering,Kansas City,MO,onsite,Direct Hire,4.1,job_board,41.64,48.43,2024-04-05,2024-04-09,2024-04-19,2024-04-22,2024-05-18,,True,True,withdrew_post_acceptance,2024-05-18,4,hypothesis_generation
CAND-02170,APP-02243,REQ-00154,CLI-010,REC-003,Office Coordinator,Administrative/Professional,Phoenix,AZ,hybrid,W2 Contract,3.4,recruiter_sourced,18.98,21.03,2025-03-17,2025-03-30,2025-04-07,2025-04-09,2025-05-11,,True,True,withdrew_post_acceptance,2025-05-08,9,discovery
CAND-02171,APP-02244,REQ-00026,CLI-001,REC-013,Material Handler,Light Industrial,Kansas City,MO,onsite,W2 Contract,7.5,recruiter_sourced,19.17,19.46,2024-09-08,2024-09-11,2024-09-26,2024-09-28,2024-10-09,,True,False,declined_offer,2024-09-28,5,held_out_test
CAND-02172,APP-02245,REQ-00215,CLI-002,REC-011,Medical Coder,Healthcare,Charlotte,NC,onsite,W2 Contract,3.9,referral,40.2,41.03,2024-06-28,2024-07-08,2024-07-10,2024-07-11,2024-08-06,,True,True,withdrew_post_acceptance,2024-07-12,10,discovery
CAND-01193,APP-02246,REQ-00134,CLI-010,REC-009,Administrative Assistant,Administrative/Professional,Raleigh,NC,hybrid,W2 Contract,19.3,referral,,24.43,2025-02-28,2025-03-13,2025-03-22,2025-03-24,2025-04-03,,True,True,withdrew_post_acceptance,2025-04-03,4,discovery
CAND-02173,APP-02247,REQ-00212,CLI-011,REC-015,HR Coordinator,Administrative/Professional,Chicago,IL,onsite,Direct Hire,14.2,career_site,19.83,20.66,2025-03-14,2025-04-01,2025-04-16,2025-04-22,2025-05-10,2025-05-10,True,True,joined_on_time,2025-05-10,15,hypothesis_generation
CAND-02174,APP-02248,REQ-00116,CLI-009,REC-013,Electrical Engineer,Engineering,Tampa,FL,hybrid,1099,15.3,referral,53.46,50.74,2025-05-14,2025-05-24,2025-05-26,2025-05-29,2025-06-12,,True,True,accepted_no_show,2025-06-12,6,discovery
CAND-02175,APP-02249,REQ-00207,CLI-002,REC-014,Pharmacy Technician,Healthcare,Austin,TX,onsite,1099,1.1,referral,41.59,44.86,2024-03-03,2024-03-23,2024-03-28,2024-04-02,2024-04-11,2024-04-10,True,True,joined_on_time,2024-04-10,11,discovery
CAND-02176,APP-02250,REQ-00059,CLI-002,REC-008,Certified Nursing Assistant,Healthcare,Chicago,IL,remote,Direct Hire,2.5,career_site,30.7,31.48,2024-10-20,2024-11-10,2024-11-12,2024-11-14,2024-12-02,,True,True,withdrew_post_acceptance,2024-12-02,9,held_out_test
CAND-02177,APP-02251,REQ-00123,CLI-009,REC-010,Process Engineer,Engineering,Kansas City,MO,onsite,W2 Contract,2.8,recruiter_sourced,32.87,34.82,2024-12-03,2024-12-06,2024-12-16,2024-12-17,2025-01-13,2025-01-16,True,True,joined_late,2025-01-16,18,discovery
CAND-02178,APP-02252,REQ-00188,CLI-007,REC-004,Medical Assistant,Healthcare,Pittsburgh,PA,hybrid,W2 Contract,4.1,recruiter_sourced,28.6,30.89,2024-04-24,2024-05-06,2024-05-19,2024-05-20,2024-06-14,2024-07-06,True,True,joined_late,2024-07-06,5,discovery
CAND-02179,APP-02253,REQ-00135,CLI-010,REC-016,Receptionist,Administrative/Professional,Nashville,TN,hybrid,W2 Contract,9.6,job_board,16.76,19.71,2025-07-13,2025-07-26,2025-08-10,2025-08-13,2025-08-27,,True,False,declined_offer,2025-08-13,16,held_out_test
CAND-02180,APP-02254,REQ-00001,CLI-004,REC-007,Software Engineer,IT/Technology,Atlanta,GA,remote,W2 Contract,6.5,job_board,47.1,45.75,2024-04-21,2024-05-08,2024-05-23,2024-05-23,2024-06-09,2024-06-09,True,True,joined_on_time,2024-06-09,4,discovery
CAND-02181,APP-02255,REQ-00109,CLI-009,REC-007,Electrical Engineer,Engineering,Milwaukee,WI,onsite,Contract-to-Hire,2.7,job_board,38.75,42.24,2025-01-27,2025-01-30,2025-02-17,2025-02-19,2025-03-05,2025-03-05,True,True,joined_on_time,2025-03-05,10,hypothesis_generation
CAND-02182,APP-02256,REQ-00098,CLI-002,REC-017,Physical Therapist Asst.,Healthcare,Houston,TX,onsite,Direct Hire,3.3,job_board,36.29,40.65,2024-10-05,2024-10-23,2024-10-30,2024-11-01,2024-12-04,2024-12-03,True,True,joined_on_time,2024-12-03,15,discovery
CAND-02183,APP-02257,REQ-00125,CLI-010,REC-006,Customer Service Representative,Administrative/Professional,Columbus,OH,hybrid,Contract-to-Hire,3.4,job_board,16.53,16.23,2024-10-20,2024-10-23,2024-10-26,2024-10-28,2024-11-07,2024-11-07,True,True,joined_on_time,2024-11-07,8,discovery
CAND-02184,APP-02258,REQ-00027,CLI-003,REC-003,Payroll Specialist,Finance/Accounting,Milwaukee,WI,hybrid,Contract-to-Hire,4.8,job_board,,40.8,2025-07-09,2025-07-15,2025-07-27,2025-07-31,2025-08-16,2025-08-16,True,True,joined_on_time,2025-08-16,0,held_out_test
CAND-02185,APP-02259,REQ-00006,CLI-007,REC-011,Registered Nurse,Healthcare,Philadelphia,PA,onsite,1099,3.2,recruiter_sourced,41.17,40.36,2025-02-27,2025-03-07,2025-03-17,2025-03-18,2025-04-07,2025-04-24,True,True,joined_late,2025-04-24,16,discovery
CAND-02186,APP-02260,REQ-00057,CLI-003,REC-006,AR Specialist,Finance/Accounting,Nashville,TN,hybrid,1099,6.0,reapply,28.91,31.9,2024-07-21,2024-08-02,2024-08-15,2024-08-16,2024-09-01,,True,True,withdrew_post_acceptance,2024-08-19,19,hypothesis_generation
CAND-02187,APP-02261,REQ-00134,CLI-010,REC-015,Administrative Assistant,Administrative/Professional,Raleigh,NC,hybrid,W2 Contract,3.8,job_board,,21.1,2025-02-24,2025-03-03,2025-03-18,2025-03-21,2025-04-02,,True,True,withdrew_post_acceptance,2025-04-02,12,discovery
CAND-02188,APP-02262,REQ-00131,CLI-006,REC-012,Executive Assistant,Administrative/Professional,Memphis,TN,hybrid,Direct Hire,6.5,job_board,23.38,23.01,2024-05-09,2024-05-16,2024-05-22,2024-05-22,2024-06-10,2024-06-09,True,True,joined_on_time,2024-06-09,6,discovery
CAND-02189,APP-02263,REQ-00210,CLI-008,REC-001,QA Tester,IT/Technology,Indianapolis,IN,hybrid,Direct Hire,1.0,referral,,47.95,2025-01-17,2025-02-01,2025-02-09,2025-02-12,2025-02-19,,True,True,rejected_by_client,2025-02-16,21,held_out_test
CAND-02190,APP-02264,REQ-00093,CLI-009,REC-007,Civil Engineer,Engineering,St. Louis,MO,onsite,1099,1.3,job_board,37.85,40.66,2024-02-29,2024-03-08,2024-03-26,2024-03-26,2024-04-14,2024-04-15,True,True,joined_on_time,2024-04-15,16,held_out_test
CAND-02191,APP-02265,REQ-00009,CLI-001,REC-003,General Laborer,Light Industrial,Jacksonville,FL,hybrid,W2 Contract,4.8,recruiter_sourced,20.32,21.44,2025-01-15,2025-01-19,2025-01-24,2025-01-28,2025-02-10,,True,True,accepted_no_show,2025-02-10,0,hypothesis_generation
CAND-02192,APP-02266,REQ-00106,CLI-002,REC-008,Certified Nursing Assistant,Healthcare,Atlanta,GA,remote,Direct Hire,7.1,referral,38.38,42.02,2024-02-16,2024-02-20,2024-02-22,2024-02-22,2024-03-23,2024-03-22,True,True,joined_on_time,2024-03-22,13,hypothesis_generation
CAND-02193,APP-02267,REQ-00072,CLI-002,REC-011,Medical Assistant,Healthcare,Charlotte,NC,onsite,Contract-to-Hire,1.1,job_board,29.11,31.89,2024-12-23,2025-01-03,2025-01-20,2025-01-20,2025-02-15,2025-03-01,True,True,joined_late,2025-03-01,3,discovery
CAND-02194,APP-02268,REQ-00167,CLI-004,REC-001,Systems Administrator,IT/Technology,Pittsburgh,PA,hybrid,Direct Hire,1.8,staffing_event,39.3,37.9,2025-01-23,2025-01-30,2025-02-08,2025-02-08,2025-02-27,,True,False,declined_offer,2025-02-08,8,held_out_test
CAND-02195,APP-02269,REQ-00039,CLI-009,REC-016,Electrical Engineer,Engineering,Chicago,IL,onsite,Direct Hire,6.3,job_board,53.28,50.42,2025-05-31,2025-06-15,2025-07-01,2025-07-04,2025-08-05,,True,False,declined_offer,2025-07-04,11,hypothesis_generation
CAND-02196,APP-02270,REQ-00128,CLI-010,REC-009,Customer Service Representative,Administrative/Professional,Houston,TX,hybrid,Direct Hire,4.9,recruiter_sourced,14.24,16.26,2024-12-19,2024-12-29,2025-01-14,2025-01-14,2025-02-18,,True,False,declined_offer,2025-01-14,4,discovery
CAND-02197,APP-02271,REQ-00098,CLI-002,REC-008,Physical Therapist Asst.,Healthcare,Houston,TX,onsite,Direct Hire,1.7,referral,22.97,25.97,2024-10-19,2024-10-24,2024-11-09,2024-11-12,2024-12-02,2024-12-02,True,True,joined_on_time,2024-12-02,10,hypothesis_generation
CAND-02198,APP-02272,REQ-00110,CLI-002,REC-002,Certified Nursing Assistant,Healthcare,Phoenix,AZ,hybrid,W2 Contract,3.0,recruiter_sourced,,39.34,2024-10-10,2024-10-26,2024-10-30,2024-10-31,2024-11-09,2024-11-10,True,True,joined_on_time,2024-11-10,8,discovery
CAND-02199,APP-02273,REQ-00038,CLI-011,REC-018,Administrative Assistant,Administrative/Professional,Tampa,FL,onsite,1099,6.0,recruiter_sourced,21.29,23.34,2024-11-02,2024-11-07,2024-11-10,2024-11-11,2024-11-24,,True,False,declined_offer,2024-11-11,8,discovery
CAND-02200,APP-02274,REQ-00043,CLI-008,REC-010,Data Analyst,IT/Technology,Memphis,TN,hybrid,Contract-to-Hire,5.9,referral,50.96,59.33,2024-05-03,2024-05-18,2024-06-04,2024-06-09,2024-06-27,2024-06-27,True,True,joined_on_time,2024-06-27,10,hypothesis_generation
CAND-02201,APP-02275,REQ-00090,CLI-011,REC-006,Warehouse Associate,Light Industrial,Atlanta,GA,onsite,W2 Contract,4.6,job_board,16.56,20.15,2025-01-05,2025-01-12,2025-01-16,2025-01-22,2025-01-30,2025-01-30,True,True,joined_on_time,2025-01-30,3,discovery
CAND-02202,APP-02276,REQ-00022,CLI-009,REC-009,Civil Engineer,Engineering,Phoenix,AZ,remote,1099,10.3,recruiter_sourced,33.8,40.88,2024-02-21,2024-03-10,2024-03-14,2024-03-14,2024-04-02,,True,True,withdrew_post_acceptance,2024-03-19,3,discovery
CAND-02203,APP-02277,REQ-00149,CLI-004,REC-001,DevOps Engineer,IT/Technology,St. Louis,MO,onsite,Contract-to-Hire,2.2,recruiter_sourced,35.48,37.11,2024-10-18,2024-10-28,2024-11-03,2024-11-09,2024-11-20,2024-11-19,True,True,joined_on_time,2024-11-19,4,discovery
CAND-02204,APP-02278,REQ-00083,CLI-008,REC-010,QA Tester,IT/Technology,Tucson,AZ,hybrid,Direct Hire,8.3,referral,,57.59,2024-04-22,2024-05-07,2024-05-15,2024-05-16,2024-06-09,2024-06-10,True,True,joined_on_time,2024-06-10,16,discovery
CAND-02205,APP-02279,REQ-00145,CLI-010,REC-012,Office Coordinator,Administrative/Professional,Orlando,FL,onsite,Contract-to-Hire,5.5,reapply,21.93,21.96,2024-09-13,2024-09-26,2024-09-30,2024-10-02,2024-10-16,2024-10-17,True,True,joined_on_time,2024-10-17,13,discovery
CAND-02206,APP-02280,REQ-00135,CLI-010,REC-003,Receptionist,Administrative/Professional,Nashville,TN,hybrid,W2 Contract,5.3,career_site,20.19,22.5,2025-07-31,2025-08-14,2025-08-21,2025-08-26,2025-09-13,2025-09-13,True,True,joined_on_time,2025-09-13,9,discovery
CAND-02207,APP-02281,REQ-00090,CLI-011,REC-012,Warehouse Associate,Light Industrial,Atlanta,GA,onsite,W2 Contract,6.5,career_site,13.89,15.38,2024-12-19,2024-12-26,2025-01-12,2025-01-13,2025-01-30,2025-01-30,True,True,joined_on_time,2025-01-30,4,discovery
CAND-02208,APP-02282,REQ-00063,CLI-007,REC-010,Certified Nursing Assistant,Healthcare,Dallas,TX,onsite,1099,2.0,recruiter_sourced,28.7,31.87,2024-07-21,2024-08-05,2024-08-17,2024-08-23,2024-09-08,2024-09-09,True,True,joined_on_time,2024-09-09,22,discovery
CAND-02209,APP-02283,REQ-00207,CLI-002,REC-008,Pharmacy Technician,Healthcare,Austin,TX,onsite,1099,4.1,job_board,43.73,44.34,2024-04-03,2024-04-11,2024-04-21,2024-04-27,2024-05-26,2024-05-27,True,True,joined_on_time,2024-05-27,11,discovery
CAND-01611,APP-02284,REQ-00200,CLI-001,REC-003,Warehouse Associate,Light Industrial,Tampa,FL,onsite,Direct Hire,3.9,recruiter_sourced,,23.08,2025-03-20,2025-04-10,2025-04-16,2025-04-20,2025-05-09,2025-05-09,True,True,joined_on_time,2025-05-09,5,discovery
CAND-02210,APP-02285,REQ-00028,CLI-009,REC-001,Mechanical Engineer,Engineering,Jacksonville,FL,onsite,W2 Contract,2.1,job_board,35.32,37.52,2024-10-10,2024-10-17,2024-11-02,2024-11-05,2024-12-04,,True,False,declined_offer,2024-11-05,1,discovery
CAND-02211,APP-02286,REQ-00175,CLI-011,REC-018,HR Coordinator,Administrative/Professional,Cincinnati,OH,remote,W2 Contract,0.4,referral,19.88,19.15,2025-05-22,2025-05-31,2025-06-10,2025-06-15,2025-06-28,2025-06-28,True,True,joined_on_time,2025-06-28,19,discovery
CAND-02212,APP-02287,REQ-00140,CLI-008,REC-007,DevOps Engineer,IT/Technology,Pittsburgh,PA,onsite,Contract-to-Hire,1.7,recruiter_sourced,61.79,60.26,2024-07-14,2024-07-21,2024-07-29,2024-07-31,2024-08-23,,True,True,accepted_no_show,2024-08-23,8,hypothesis_generation
CAND-02213,APP-02288,REQ-00180,CLI-002,REC-008,Certified Nursing Assistant,Healthcare,Jacksonville,FL,remote,W2 Contract,4.8,referral,39.11,46.72,2024-09-05,2024-09-12,2024-09-25,2024-09-25,2024-10-21,2024-10-21,True,True,joined_on_time,2024-10-21,4,hypothesis_generation
CAND-00916,APP-02289,REQ-00067,CLI-006,REC-012,Customer Service Representative,Administrative/Professional,Houston,TX,hybrid,Contract-to-Hire,9.3,recruiter_sourced,17.82,18.29,2024-11-11,2024-11-28,2024-12-04,2024-12-10,2024-12-21,,True,True,withdrew_post_acceptance,2024-12-14,13,discovery
CAND-02214,APP-02290,REQ-00210,CLI-008,REC-016,QA Tester,IT/Technology,Indianapolis,IN,hybrid,Direct Hire,5.8,referral,39.67,42.76,2025-02-07,2025-02-12,2025-02-26,2025-03-01,2025-03-20,2025-04-06,True,True,joined_late,2025-04-06,24,hypothesis_generation
CAND-02215,APP-02291,REQ-00212,CLI-011,REC-012,HR Coordinator,Administrative/Professional,Chicago,IL,onsite,Direct Hire,2.5,job_board,,22.47,2025-04-19,2025-05-08,2025-05-23,2025-05-24,2025-06-02,2025-06-08,True,True,joined_late,2025-06-08,16,discovery
CAND-00194,APP-02292,REQ-00180,CLI-002,REC-005,Certified Nursing Assistant,Healthcare,Jacksonville,FL,remote,W2 Contract,8.5,job_board,,38.67,2025-04-08,2025-04-15,2025-04-29,2025-05-05,2025-05-17,2025-05-18,True,True,joined_on_time,2025-05-18,13,discovery
CAND-02216,APP-02293,REQ-00126,CLI-005,REC-010,Mechanical Engineer,Engineering,Austin,TX,onsite,W2 Contract,2.2,recruiter_sourced,41.49,43.36,2024-12-09,2024-12-28,2025-01-04,2025-01-09,2025-01-31,2025-02-01,True,True,joined_on_time,2025-02-01,3,discovery
CAND-02217,APP-02294,REQ-00191,CLI-008,REC-016,Data Analyst,IT/Technology,St. Louis,MO,hybrid,Direct Hire,9.8,career_site,56.6,58.51,2024-08-13,2024-08-24,2024-09-04,2024-09-07,2024-10-03,,True,True,withdrew_post_acceptance,2024-09-12,14,discovery
CAND-02218,APP-02295,REQ-00035,CLI-005,REC-012,Forklift Operator,Light Industrial,Chicago,IL,onsite,Contract-to-Hire,6.3,career_site,17.28,17.29,2024-05-07,2024-05-16,2024-05-22,2024-05-24,2024-06-20,2024-06-20,True,True,joined_on_time,2024-06-20,17,discovery
CAND-02219,APP-02296,REQ-00047,CLI-006,REC-015,Bookkeeper,Finance/Accounting,Orlando,FL,hybrid,W2 Contract,4.3,job_board,19.85,24.63,2025-01-20,2025-01-23,2025-01-27,2025-01-27,2025-02-16,2025-02-16,True,True,joined_on_time,2025-02-16,21,hypothesis_generation
CAND-02220,APP-02297,REQ-00137,CLI-009,REC-007,Electrical Engineer,Engineering,Philadelphia,PA,hybrid,W2 Contract,4.7,referral,,55.46,2024-10-10,2024-10-14,2024-10-17,2024-10-18,2024-11-12,,True,False,declined_offer,2024-10-18,1,discovery
CAND-02221,APP-02298,REQ-00010,CLI-002,REC-008,Certified Nursing Assistant,Healthcare,Phoenix,AZ,onsite,W2 Contract,6.8,job_board,26.75,29.5,2024-03-23,2024-04-02,2024-04-06,2024-04-08,2024-04-28,,True,True,withdrew_post_acceptance,2024-04-21,7,hypothesis_generation
CAND-02222,APP-02299,REQ-00052,CLI-011,REC-018,Data Entry Clerk,Administrative/Professional,Austin,TX,onsite,Contract-to-Hire,7.8,job_board,15.33,17.04,2024-11-27,2024-12-16,2024-12-21,2024-12-23,2025-01-16,2025-01-16,True,True,joined_on_time,2025-01-16,13,discovery
CAND-02223,APP-02300,REQ-00226,CLI-006,REC-009,Bookkeeper,Finance/Accounting,St. Louis,MO,hybrid,W2 Contract,17.3,job_board,33.24,34.17,2025-04-01,2025-04-04,2025-04-09,2025-04-12,2025-05-05,2025-05-05,True,True,joined_on_time,2025-05-05,13,discovery
CAND-02224,APP-02301,REQ-00222,CLI-011,REC-003,Administrative Assistant,Administrative/Professional,Austin,TX,onsite,W2 Contract,1.1,recruiter_sourced,22.29,21.43,2024-05-05,2024-05-09,2024-05-15,2024-05-18,2024-06-19,2024-07-13,True,True,joined_late,2024-07-13,10,discovery
CAND-02225,APP-02302,REQ-00134,CLI-010,REC-012,Administrative Assistant,Administrative/Professional,Raleigh,NC,hybrid,W2 Contract,1.8,job_board,21.37,23.0,2025-03-21,2025-04-05,2025-04-20,2025-04-26,2025-05-16,2025-05-16,True,True,joined_on_time,2025-05-16,21,discovery
CAND-02226,APP-02303,REQ-00211,CLI-001,REC-012,Machine Operator,Light Industrial,Austin,TX,onsite,Contract-to-Hire,4.9,referral,17.35,19.19,2024-05-01,2024-05-10,2024-05-17,2024-05-20,2024-05-29,,True,True,withdrew_post_acceptance,2024-05-28,14,discovery
CAND-02227,APP-02304,REQ-00179,CLI-006,REC-012,Senior Accountant,Finance/Accounting,Orlando,FL,hybrid,Contract-to-Hire,1.8,staffing_event,21.97,23.21,2024-02-11,2024-02-25,2024-03-04,2024-03-06,2024-03-25,,True,False,declined_offer,2024-03-06,0,discovery
CAND-02228,APP-02305,REQ-00151,CLI-001,REC-015,Shipping/Receiving Clerk,Light Industrial,Pittsburgh,PA,onsite,Contract-to-Hire,12.3,recruiter_sourced,15.76,18.96,2024-09-22,2024-10-06,2024-10-15,2024-10-17,2024-11-01,,True,False,declined_offer,2024-10-17,9,discovery
CAND-02229,APP-02306,REQ-00070,CLI-004,REC-014,DevOps Engineer,IT/Technology,Nashville,TN,hybrid,W2 Contract,5.5,reapply,46.15,44.35,2025-04-27,2025-05-09,2025-05-16,2025-05-19,2025-06-07,,True,True,accepted_no_show,2025-06-07,10,discovery
CAND-02230,APP-02307,REQ-00046,CLI-007,REC-011,Certified Nursing Assistant,Healthcare,Houston,TX,onsite,Contract-to-Hire,3.7,recruiter_sourced,19.12,22.6,2024-05-31,2024-06-05,2024-06-17,2024-06-21,2024-07-05,,True,True,withdrew_post_acceptance,2024-06-28,2,discovery
CAND-02231,APP-02308,REQ-00116,CLI-009,REC-013,Electrical Engineer,Engineering,Tampa,FL,hybrid,1099,7.8,career_site,51.21,52.88,2025-05-09,2025-05-12,2025-05-18,2025-05-24,2025-06-13,,True,True,withdrew_post_acceptance,2025-06-04,14,discovery
CAND-02232,APP-02309,REQ-00217,CLI-001,REC-006,Shipping/Receiving Clerk,Light Industrial,St. Louis,MO,onsite,W2 Contract,4.9,recruiter_sourced,21.18,24.7,2024-10-18,2024-10-28,2024-11-07,2024-11-09,2024-11-19,2024-11-19,True,True,joined_on_time,2024-11-19,13,discovery
CAND-02233,APP-02310,REQ-00133,CLI-007,REC-001,Medical Coder,Healthcare,Pittsburgh,PA,onsite,1099,8.0,recruiter_sourced,,30.93,2024-02-22,2024-03-07,2024-03-18,2024-03-21,2024-03-31,,True,True,rejected_by_client,2024-03-25,4,held_out_test
CAND-02234,APP-02311,REQ-00113,CLI-005,REC-006,Warehouse Associate,Light Industrial,Orlando,FL,onsite,W2 Contract,1.9,recruiter_sourced,11.67,13.37,2024-11-10,2024-11-28,2024-12-04,2024-12-09,2024-12-14,2024-12-14,True,True,joined_on_time,2024-12-14,1,discovery
CAND-02235,APP-02312,REQ-00137,CLI-009,REC-013,Electrical Engineer,Engineering,Philadelphia,PA,hybrid,W2 Contract,3.4,staffing_event,34.63,34.9,2024-09-17,2024-10-05,2024-10-21,2024-10-26,2024-11-24,,True,True,withdrew_post_acceptance,2024-10-30,9,held_out_test
CAND-02236,APP-02313,REQ-00031,CLI-001,REC-006,Shipping/Receiving Clerk,Light Industrial,Memphis,TN,onsite,W2 Contract,6.4,referral,16.82,18.9,2025-06-17,2025-07-02,2025-07-10,2025-07-10,2025-08-13,,True,True,withdrew_post_acceptance,2025-07-14,7,discovery
CAND-02237,APP-02314,REQ-00056,CLI-011,REC-006,Office Coordinator,Administrative/Professional,Austin,TX,onsite,Direct Hire,11.0,referral,18.36,18.88,2024-04-29,2024-05-08,2024-05-19,2024-05-24,2024-06-07,2024-06-07,True,True,joined_on_time,2024-06-07,6,discovery
CAND-02238,APP-02315,REQ-00110,CLI-002,REC-008,Certified Nursing Assistant,Healthcare,Phoenix,AZ,hybrid,W2 Contract,5.1,career_site,28.72,27.79,2024-09-28,2024-10-15,2024-11-01,2024-11-01,2024-12-05,2024-12-06,True,True,joined_on_time,2024-12-06,11,hypothesis_generation
CAND-02239,APP-02316,REQ-00010,CLI-002,REC-011,Certified Nursing Assistant,Healthcare,Phoenix,AZ,onsite,W2 Contract,5.4,career_site,41.45,43.31,2024-04-15,2024-05-06,2024-05-23,2024-05-23,2024-06-14,2024-06-28,True,True,joined_late,2024-06-28,0,hypothesis_generation
CAND-02240,APP-02317,REQ-00139,CLI-009,REC-007,Quality Engineer,Engineering,Columbus,OH,onsite,W2 Contract,4.0,reapply,41.32,45.45,2024-11-24,2024-11-28,2024-12-12,2024-12-16,2024-12-29,2024-12-29,True,True,joined_on_time,2024-12-29,8,held_out_test
CAND-01454,APP-02318,REQ-00025,CLI-006,REC-003,AR Specialist,Finance/Accounting,Nashville,TN,onsite,Direct Hire,1.5,career_site,22.01,23.72,2025-01-28,2025-02-04,2025-02-18,2025-02-23,2025-03-22,,True,True,rejected_by_client,2025-03-07,18,discovery
CAND-02241,APP-02319,REQ-00114,CLI-007,REC-014,Radiology Technician,Healthcare,Atlanta,GA,onsite,W2 Contract,1.2,job_board,25.23,28.01,2024-12-14,2025-01-04,2025-01-08,2025-01-14,2025-01-26,2025-01-26,True,True,joined_on_time,2025-01-26,8,held_out_test
CAND-02242,APP-02320,REQ-00171,CLI-005,REC-004,Process Engineer,Engineering,Jacksonville,FL,onsite,Contract-to-Hire,2.6,job_board,29.17,29.82,2025-01-04,2025-01-22,2025-01-31,2025-02-03,2025-02-11,2025-02-10,True,True,joined_on_time,2025-02-10,9,discovery
CAND-02243,APP-02321,REQ-00002,CLI-002,REC-002,Medical Coder,Healthcare,Austin,TX,onsite,W2 Contract,4.4,job_board,24.41,28.35,2025-06-27,2025-07-01,2025-07-05,2025-07-08,2025-08-06,2025-08-06,True,True,joined_on_time,2025-08-06,6,discovery
CAND-02244,APP-02322,REQ-00226,CLI-006,REC-015,Bookkeeper,Finance/Accounting,St. Louis,MO,hybrid,W2 Contract,3.5,recruiter_sourced,32.7,37.98,2025-04-23,2025-05-02,2025-05-12,2025-05-18,2025-06-05,,True,True,accepted_no_show,2025-06-05,18,held_out_test
CAND-02245,APP-02323,REQ-00210,CLI-008,REC-003,QA Tester,IT/Technology,Indianapolis,IN,hybrid,Direct Hire,1.0,career_site,35.29,42.56,2025-02-06,2025-02-19,2025-03-02,2025-03-06,2025-03-28,2025-03-28,True,True,joined_on_time,2025-03-28,15,hypothesis_generation
CAND-02246,APP-02324,REQ-00196,CLI-008,REC-013,Data Analyst,IT/Technology,Chicago,IL,hybrid,Direct Hire,8.5,recruiter_sourced,34.97,40.01,2025-04-01,2025-04-06,2025-04-16,2025-04-19,2025-05-03,,True,True,accepted_no_show,2025-05-03,12,discovery
CAND-02247,APP-02325,REQ-00039,CLI-009,REC-005,Electrical Engineer,Engineering,Chicago,IL,onsite,Direct Hire,8.9,staffing_event,56.27,57.07,2025-06-13,2025-06-25,2025-07-04,2025-07-10,2025-07-18,2025-07-17,True,True,joined_on_time,2025-07-17,2,discovery
CAND-02248,APP-02326,REQ-00153,CLI-006,REC-006,Executive Assistant,Administrative/Professional,Charlotte,NC,onsite,W2 Contract,0.8,referral,24.21,23.79,2024-04-03,2024-04-19,2024-05-04,2024-05-06,2024-05-18,,True,False,declined_offer,2024-05-06,7,hypothesis_generation
CAND-02249,APP-02327,REQ-00164,CLI-011,REC-009,Shipping/Receiving Clerk,Light Industrial,St. Louis,MO,onsite,Direct Hire,8.5,job_board,,15.99,2024-03-01,2024-03-09,2024-03-26,2024-03-31,2024-04-09,,True,True,withdrew_post_acceptance,2024-04-05,10,discovery
CAND-02250,APP-02328,REQ-00222,CLI-011,REC-018,Administrative Assistant,Administrative/Professional,Austin,TX,onsite,W2 Contract,11.3,referral,17.12,19.29,2024-05-20,2024-06-04,2024-06-07,2024-06-07,2024-06-26,,True,False,declined_offer,2024-06-07,0,hypothesis_generation
CAND-02251,APP-02329,REQ-00182,CLI-011,REC-003,Data Entry Clerk,Administrative/Professional,Cincinnati,OH,remote,W2 Contract,3.8,job_board,20.46,23.78,2024-08-08,2024-08-19,2024-08-27,2024-09-02,2024-09-10,2024-09-10,True,True,joined_on_time,2024-09-10,21,discovery
CAND-02252,APP-02330,REQ-00174,CLI-009,REC-017,Mechanical Engineer,Engineering,Jacksonville,FL,onsite,W2 Contract,2.6,job_board,41.87,45.35,2025-03-01,2025-03-10,2025-03-19,2025-03-21,2025-04-11,,True,True,withdrew_post_acceptance,2025-04-11,9,hypothesis_generation
CAND-02253,APP-02331,REQ-00029,CLI-009,REC-011,Mechanical Engineer,Engineering,Houston,TX,onsite,W2 Contract,7.3,reapply,,49.69,2024-03-23,2024-03-26,2024-03-30,2024-03-30,2024-04-10,2024-04-09,True,True,joined_on_time,2024-04-09,4,hypothesis_generation
CAND-02254,APP-02332,REQ-00017,CLI-011,REC-003,General Laborer,Light Industrial,Columbus,OH,onsite,W2 Contract,2.8,job_board,15.71,17.94,2025-04-15,2025-04-27,2025-04-30,2025-05-01,2025-05-26,2025-05-26,True,True,joined_on_time,2025-05-26,15,hypothesis_generation
CAND-02255,APP-02333,REQ-00051,CLI-006,REC-003,Executive Assistant,Administrative/Professional,Milwaukee,WI,hybrid,W2 Contract,2.6,referral,27.26,26.17,2025-06-27,2025-07-01,2025-07-10,2025-07-10,2025-07-28,2025-07-28,True,True,joined_on_time,2025-07-28,13,held_out_test
CAND-02256,APP-02334,REQ-00143,CLI-003,REC-012,Financial Analyst,Finance/Accounting,Charlotte,NC,remote,1099,10.9,recruiter_sourced,33.8,36.83,2025-06-16,2025-06-19,2025-07-07,2025-07-13,2025-08-11,2025-08-10,True,True,joined_on_time,2025-08-10,15,discovery
CAND-02257,APP-02335,REQ-00031,CLI-001,REC-018,Shipping/Receiving Clerk,Light Industrial,Memphis,TN,onsite,W2 Contract,7.2,job_board,,24.3,2025-06-06,2025-06-27,2025-07-08,2025-07-14,2025-08-01,,True,False,declined_offer,2025-07-14,1,held_out_test
CAND-02258,APP-02336,REQ-00180,CLI-002,REC-011,Certified Nursing Assistant,Healthcare,Jacksonville,FL,remote,W2 Contract,4.1,career_site,,40.69,2024-09-03,2024-09-13,2024-09-17,2024-09-23,2024-09-29,2024-10-03,True,True,joined_late,2024-10-03,8,hypothesis_generation
CAND-02259,APP-02337,REQ-00030,CLI-006,REC-018,Administrative Assistant,Administrative/Professional,Indianapolis,IN,hybrid,Direct Hire,6.1,referral,21.8,22.58,2024-08-25,2024-08-28,2024-09-12,2024-09-15,2024-09-28,2024-09-29,True,True,joined_on_time,2024-09-29,14,discovery
CAND-02260,APP-02338,REQ-00163,CLI-011,REC-006,Shipping/Receiving Clerk,Light Industrial,Orlando,FL,onsite,Direct Hire,6.6,staffing_event,19.87,22.27,2024-07-01,2024-07-08,2024-07-23,2024-07-27,2024-08-09,,True,True,accepted_no_show,2024-08-09,16,hypothesis_generation
CAND-02261,APP-02339,REQ-00136,CLI-008,REC-016,Business Systems Analyst,IT/Technology,St. Louis,MO,hybrid,W2 Contract,3.6,job_board,41.06,43.73,2024-11-15,2024-11-30,2024-12-17,2024-12-20,2025-01-11,,True,False,declined_offer,2024-12-20,0,held_out_test
CAND-02262,APP-02340,REQ-00018,CLI-008,REC-013,DevOps Engineer,IT/Technology,Tucson,AZ,hybrid,Contract-to-Hire,1.9,career_site,32.74,32.84,2024-10-14,2024-11-02,2024-11-10,2024-11-13,2024-11-27,2024-11-27,True,True,joined_on_time,2024-11-27,2,discovery
CAND-02263,APP-02341,REQ-00021,CLI-009,REC-001,Manufacturing Engineer,Engineering,Columbus,OH,hybrid,Direct Hire,11.4,recruiter_sourced,43.78,49.53,2025-07-19,2025-07-27,2025-08-12,2025-08-15,2025-08-27,2025-08-28,True,True,joined_on_time,2025-08-28,5,held_out_test
CAND-02264,APP-02342,REQ-00044,CLI-010,REC-012,Receptionist,Administrative/Professional,Memphis,TN,hybrid,W2 Contract,11.1,career_site,22.44,21.66,2024-10-31,2024-11-21,2024-11-29,2024-12-02,2024-12-29,,True,True,accepted_no_show,2024-12-29,0,hypothesis_generation
CAND-02265,APP-02343,REQ-00011,CLI-005,REC-007,Manufacturing Engineer,Engineering,Jacksonville,FL,onsite,W2 Contract,16.9,career_site,49.53,48.15,2024-09-21,2024-10-11,2024-10-13,2024-10-16,2024-11-01,,True,True,withdrew_post_acceptance,2024-10-24,20,discovery
CAND-02266,APP-02344,REQ-00114,CLI-007,REC-003,Radiology Technician,Healthcare,Atlanta,GA,onsite,W2 Contract,8.5,job_board,23.91,23.54,2024-11-06,2024-11-24,2024-12-11,2024-12-14,2024-12-25,2024-12-25,True,True,joined_on_time,2024-12-25,9,held_out_test
CAND-02267,APP-02345,REQ-00177,CLI-006,REC-012,AR Specialist,Finance/Accounting,Phoenix,AZ,hybrid,Direct Hire,2.4,career_site,,25.25,2025-02-11,2025-02-25,2025-02-27,2025-03-01,2025-03-09,2025-03-08,True,True,joined_on_time,2025-03-08,0,discovery
CAND-02268,APP-02346,REQ-00131,CLI-006,REC-017,Executive Assistant,Administrative/Professional,Memphis,TN,hybrid,Direct Hire,4.0,job_board,22.02,26.58,2024-04-26,2024-05-11,2024-05-23,2024-05-26,2024-06-19,2024-06-20,True,True,joined_on_time,2024-06-20,16,discovery
CAND-02269,APP-02347,REQ-00072,CLI-002,REC-005,Medical Assistant,Healthcare,Charlotte,NC,onsite,Contract-to-Hire,4.9,career_site,37.39,39.92,2025-01-05,2025-01-10,2025-01-26,2025-01-26,2025-02-25,2025-02-24,True,True,joined_on_time,2025-02-24,14,discovery
CAND-02270,APP-02348,REQ-00162,CLI-005,REC-012,General Laborer,Light Industrial,Charlotte,NC,onsite,Contract-to-Hire,3.3,job_board,,13.87,2025-01-27,2025-02-10,2025-02-13,2025-02-13,2025-03-17,,True,True,accepted_no_show,2025-03-17,12,discovery
CAND-02271,APP-02349,REQ-00057,CLI-003,REC-009,AR Specialist,Finance/Accounting,Nashville,TN,hybrid,1099,1.5,job_board,,23.95,2024-07-22,2024-08-11,2024-08-28,2024-08-30,2024-09-27,2024-09-27,True,True,joined_on_time,2024-09-27,0,discovery
CAND-02272,APP-02350,REQ-00205,CLI-009,REC-016,Process Engineer,Engineering,Chicago,IL,onsite,Contract-to-Hire,1.8,job_board,40.34,41.81,2024-11-21,2024-11-30,2024-12-02,2024-12-02,2024-12-15,2024-12-15,True,True,joined_on_time,2024-12-15,9,hypothesis_generation
CAND-02273,APP-02351,REQ-00020,CLI-011,REC-003,Administrative Assistant,Administrative/Professional,Charlotte,NC,onsite,Contract-to-Hire,2.6,career_site,19.99,20.18,2024-10-26,2024-11-06,2024-11-13,2024-11-17,2024-12-17,,True,True,accepted_no_show,2024-12-17,11,held_out_test
CAND-02274,APP-02352,REQ-00034,CLI-011,REC-018,Machine Operator,Light Industrial,Raleigh,NC,onsite,W2 Contract,0.7,referral,21.06,21.0,2024-08-28,2024-09-05,2024-09-12,2024-09-13,2024-09-28,2024-09-28,True,True,joined_on_time,2024-09-28,8,discovery
CAND-02275,APP-02353,REQ-00105,CLI-007,REC-017,Registered Nurse,Healthcare,Pittsburgh,PA,onsite,Contract-to-Hire,7.0,job_board,39.11,40.88,2025-01-27,2025-02-14,2025-02-22,2025-02-22,2025-03-08,,True,True,withdrew_post_acceptance,2025-03-07,16,discovery
CAND-02276,APP-02354,REQ-00004,CLI-003,REC-012,AR Specialist,Finance/Accounting,Tampa,FL,hybrid,W2 Contract,2.1,job_board,30.76,31.79,2024-07-10,2024-07-31,2024-08-16,2024-08-18,2024-09-02,2024-09-02,True,True,joined_on_time,2024-09-02,7,discovery
CAND-02277,APP-02355,REQ-00049,CLI-008,REC-015,Systems Administrator,IT/Technology,Milwaukee,WI,hybrid,Direct Hire,1.5,staffing_event,52.38,57.72,2024-10-20,2024-11-02,2024-11-19,2024-11-25,2024-12-21,2024-12-20,True,True,joined_on_time,2024-12-20,12,discovery
CAND-02278,APP-02356,REQ-00172,CLI-001,REC-018,Shipping/Receiving Clerk,Light Industrial,Houston,TX,onsite,Contract-to-Hire,6.2,recruiter_sourced,23.62,23.45,2024-11-29,2024-12-13,2024-12-28,2025-01-02,2025-01-31,,True,True,withdrew_post_acceptance,2025-01-18,4,hypothesis_generation
CAND-02279,APP-02357,REQ-00129,CLI-010,REC-015,Administrative Assistant,Administrative/Professional,Houston,TX,hybrid,Direct Hire,0.3,recruiter_sourced,14.3,16.49,2024-02-09,2024-02-23,2024-03-03,2024-03-05,2024-03-23,,True,False,declined_offer,2024-03-05,9,held_out_test
CAND-02280,APP-02358,REQ-00198,CLI-001,REC-012,Forklift Operator,Light Industrial,Milwaukee,WI,onsite,Direct Hire,5.4,staffing_event,14.24,17.43,2025-02-02,2025-02-18,2025-03-03,2025-03-09,2025-03-29,2025-03-29,True,True,joined_on_time,2025-03-29,9,discovery
CAND-02281,APP-02359,REQ-00191,CLI-008,REC-013,Data Analyst,IT/Technology,St. Louis,MO,hybrid,Direct Hire,6.2,recruiter_sourced,,40.33,2024-08-31,2024-09-14,2024-09-29,2024-10-04,2024-10-14,,True,True,withdrew_post_acceptance,2024-10-11,0,discovery
CAND-02282,APP-02360,REQ-00087,CLI-001,REC-016,Machine Operator,Light Industrial,Jacksonville,FL,onsite,Contract-to-Hire,2.7,career_site,21.18,22.03,2025-03-04,2025-03-14,2025-03-20,2025-03-20,2025-04-20,,True,True,accepted_no_show,2025-04-20,2,discovery
CAND-02283,APP-02361,REQ-00147,CLI-003,REC-002,Senior Accountant,Finance/Accounting,St. Louis,MO,hybrid,1099,6.3,recruiter_sourced,,34.32,2024-06-16,2024-06-28,2024-07-07,2024-07-08,2024-08-10,,True,True,rejected_by_client,2024-08-04,14,discovery
CAND-02284,APP-02362,REQ-00191,CLI-008,REC-016,Data Analyst,IT/Technology,St. Louis,MO,hybrid,Direct Hire,3.2,recruiter_sourced,,54.56,2024-08-29,2024-09-14,2024-09-26,2024-10-02,2024-10-23,,True,True,accepted_no_show,2024-10-23,14,discovery
CAND-02285,APP-02363,REQ-00145,CLI-010,REC-018,Office Coordinator,Administrative/Professional,Orlando,FL,onsite,Contract-to-Hire,5.9,reapply,19.28,20.06,2024-09-21,2024-09-25,2024-10-02,2024-10-06,2024-10-20,,True,True,withdrew_post_acceptance,2024-10-13,5,discovery
CAND-02286,APP-02364,REQ-00218,CLI-007,REC-002,Radiology Technician,Healthcare,Kansas City,MO,onsite,Direct Hire,8.7,job_board,,36.84,2024-04-09,2024-04-18,2024-04-21,2024-04-26,2024-05-15,2024-05-15,True,True,joined_on_time,2024-05-15,10,hypothesis_generation
CAND-02287,APP-02365,REQ-00216,CLI-003,REC-006,Bookkeeper,Finance/Accounting,St. Louis,MO,hybrid,Contract-to-Hire,9.0,recruiter_sourced,24.95,28.57,2025-02-03,2025-02-17,2025-02-19,2025-02-20,2025-03-18,2025-03-17,True,True,joined_on_time,2025-03-17,0,held_out_test
CAND-02288,APP-02366,REQ-00027,CLI-003,REC-009,Payroll Specialist,Finance/Accounting,Milwaukee,WI,hybrid,Contract-to-Hire,1.8,job_board,28.15,34.67,2025-07-10,2025-07-17,2025-07-19,2025-07-21,2025-08-08,2025-08-07,True,True,joined_on_time,2025-08-07,14,held_out_test
CAND-02289,APP-02367,REQ-00101,CLI-011,REC-009,General Laborer,Light Industrial,Chicago,IL,onsite,Contract-to-Hire,3.5,career_site,17.71,21.26,2025-01-24,2025-02-10,2025-02-20,2025-02-26,2025-03-23,,True,True,withdrew_post_acceptance,2025-03-20,10,discovery
CAND-02290,APP-02368,REQ-00058,CLI-005,REC-004,Project Engineer,Engineering,Tampa,FL,onsite,Direct Hire,1.0,career_site,40.21,39.02,2024-03-10,2024-03-19,2024-03-23,2024-03-29,2024-04-25,2024-04-24,True,True,joined_on_time,2024-04-24,6,hypothesis_generation
CAND-02291,APP-02369,REQ-00173,CLI-006,REC-018,Administrative Assistant,Administrative/Professional,Cincinnati,OH,hybrid,W2 Contract,2.4,job_board,,24.93,2025-05-25,2025-06-09,2025-06-22,2025-06-23,2025-07-16,,True,False,declined_offer,2025-06-23,20,held_out_test
CAND-02292,APP-02370,REQ-00151,CLI-001,REC-017,Shipping/Receiving Clerk,Light Industrial,Pittsburgh,PA,onsite,Contract-to-Hire,2.0,career_site,17.9,20.31,2024-09-29,2024-10-07,2024-10-20,2024-10-20,2024-11-21,,True,True,withdrew_post_acceptance,2024-10-24,4,hypothesis_generation
CAND-02293,APP-02371,REQ-00054,CLI-005,REC-006,Material Handler,Light Industrial,Chicago,IL,onsite,W2 Contract,2.6,referral,13.94,13.86,2024-07-11,2024-07-23,2024-08-04,2024-08-04,2024-08-22,2024-08-22,True,True,joined_on_time,2024-08-22,3,held_out_test
CAND-02294,APP-02372,REQ-00127,CLI-004,REC-015,Data Analyst,IT/Technology,Philadelphia,PA,remote,Direct Hire,3.5,job_board,34.76,37.23,2024-11-19,2024-11-25,2024-11-29,2024-12-02,2024-12-30,2024-12-30,True,True,joined_on_time,2024-12-30,16,discovery
CAND-02295,APP-02373,REQ-00023,CLI-007,REC-008,Phlebotomist,Healthcare,Dallas,TX,onsite,W2 Contract,0.7,referral,27.2,26.2,2024-11-29,2024-12-15,2024-12-21,2024-12-24,2025-01-05,,True,True,accepted_no_show,2025-01-05,8,held_out_test
CAND-02296,APP-02374,REQ-00159,CLI-006,REC-012,Customer Service Representative,Administrative/Professional,Charlotte,NC,hybrid,W2 Contract,2.8,recruiter_sourced,22.67,26.01,2025-05-29,2025-06-05,2025-06-09,2025-06-14,2025-06-29,2025-06-29,True,True,joined_on_time,2025-06-29,2,held_out_test
CAND-02297,APP-02375,REQ-00097,CLI-006,REC-018,Financial Analyst,Finance/Accounting,Columbus,OH,hybrid,1099,3.4,reapply,34.43,36.78,2025-02-03,2025-02-09,2025-02-16,2025-02-22,2025-03-11,2025-03-14,True,True,joined_late,2025-03-14,3,hypothesis_generation
CAND-02298,APP-02376,REQ-00208,CLI-003,REC-015,Accounts Payable Clerk,Finance/Accounting,Charlotte,NC,onsite,Direct Hire,11.5,recruiter_sourced,34.06,32.18,2024-12-08,2024-12-29,2025-01-01,2025-01-04,2025-01-29,2025-01-29,True,True,joined_on_time,2025-01-29,3,discovery
CAND-00935,APP-02377,REQ-00174,CLI-009,REC-004,Mechanical Engineer,Engineering,Jacksonville,FL,onsite,W2 Contract,5.6,referral,,49.02,2025-02-27,2025-03-15,2025-04-01,2025-04-01,2025-04-20,2025-04-20,True,True,joined_on_time,2025-04-20,9,held_out_test
CAND-02299,APP-02378,REQ-00217,CLI-001,REC-018,Shipping/Receiving Clerk,Light Industrial,St. Louis,MO,onsite,W2 Contract,4.3,recruiter_sourced,,18.83,2024-10-31,2024-11-07,2024-11-22,2024-11-25,2024-12-09,,True,False,declined_offer,2024-11-25,10,discovery
CAND-02300,APP-02379,REQ-00123,CLI-009,REC-004,Process Engineer,Engineering,Kansas City,MO,onsite,W2 Contract,4.0,job_board,30.4,32.33,2024-11-09,2024-11-28,2024-12-16,2024-12-16,2025-01-04,2025-01-23,True,True,joined_late,2025-01-23,14,discovery
CAND-02301,APP-02380,REQ-00162,CLI-005,REC-018,General Laborer,Light Industrial,Charlotte,NC,onsite,Contract-to-Hire,5.0,job_board,21.83,21.54,2025-01-09,2025-01-19,2025-02-02,2025-02-04,2025-02-23,,True,True,rejected_by_client,2025-02-06,12,hypothesis_generation
CAND-02302,APP-02381,REQ-00043,CLI-008,REC-005,Data Analyst,IT/Technology,Memphis,TN,hybrid,Contract-to-Hire,5.7,reapply,38.93,43.1,2024-04-09,2024-04-19,2024-04-29,2024-04-30,2024-05-24,2024-05-24,True,True,joined_on_time,2024-05-24,11,held_out_test
CAND-02303,APP-02382,REQ-00052,CLI-011,REC-012,Data Entry Clerk,Administrative/Professional,Austin,TX,onsite,Contract-to-Hire,0.7,referral,24.77,25.52,2024-11-22,2024-12-05,2024-12-16,2024-12-20,2024-12-26,,True,True,withdrew_post_acceptance,2024-12-26,12,discovery
CAND-02304,APP-02383,REQ-00055,CLI-002,REC-005,Certified Nursing Assistant,Healthcare,Memphis,TN,onsite,Contract-to-Hire,2.1,career_site,23.33,24.94,2024-03-21,2024-04-02,2024-04-11,2024-04-14,2024-05-10,,True,True,withdrew_post_acceptance,2024-04-26,7,hypothesis_generation
CAND-02305,APP-02384,REQ-00144,CLI-006,REC-003,Payroll Specialist,Finance/Accounting,Nashville,TN,hybrid,W2 Contract,2.8,referral,34.72,34.61,2025-02-05,2025-02-23,2025-02-28,2025-03-05,2025-03-30,2025-03-29,True,True,joined_on_time,2025-03-29,19,held_out_test
CAND-02306,APP-02385,REQ-00133,CLI-007,REC-005,Medical Coder,Healthcare,Pittsburgh,PA,onsite,1099,6.7,career_site,,32.16,2024-02-19,2024-02-26,2024-03-11,2024-03-17,2024-03-31,2024-03-30,True,True,joined_on_time,2024-03-30,5,discovery
CAND-02307,APP-02386,REQ-00009,CLI-001,REC-005,General Laborer,Light Industrial,Jacksonville,FL,hybrid,W2 Contract,0.9,recruiter_sourced,17.7,19.45,2025-01-23,2025-01-30,2025-02-03,2025-02-08,2025-02-14,,True,False,declined_offer,2025-02-08,4,held_out_test
CAND-02308,APP-02387,REQ-00212,CLI-011,REC-006,HR Coordinator,Administrative/Professional,Chicago,IL,onsite,Direct Hire,6.6,job_board,19.44,20.06,2025-03-17,2025-03-27,2025-04-10,2025-04-14,2025-04-22,,True,True,accepted_no_show,2025-04-22,19,held_out_test
CAND-02309,APP-02388,REQ-00136,CLI-008,REC-004,Business Systems Analyst,IT/Technology,St. Louis,MO,hybrid,W2 Contract,3.0,reapply,52.28,53.31,2024-11-01,2024-11-04,2024-11-17,2024-11-18,2024-12-15,,True,True,withdrew_post_acceptance,2024-12-05,10,held_out_test
CAND-02310,APP-02389,REQ-00141,CLI-009,REC-001,Civil Engineer,Engineering,Kansas City,MO,onsite,Direct Hire,1.9,recruiter_sourced,50.81,50.09,2024-04-04,2024-04-09,2024-04-22,2024-04-28,2024-05-08,2024-05-07,True,True,joined_on_time,2024-05-07,7,hypothesis_generation
CAND-00708,APP-02390,REQ-00160,CLI-005,REC-001,Civil Engineer,Engineering,Tucson,AZ,onsite,Contract-to-Hire,2.5,job_board,33.09,39.71,2024-11-03,2024-11-22,2024-12-01,2024-12-05,2024-12-26,,True,True,withdrew_post_acceptance,2024-12-23,19,hypothesis_generation
CAND-02311,APP-02391,REQ-00155,CLI-003,REC-018,Accounts Payable Clerk,Finance/Accounting,Tampa,FL,hybrid,Direct Hire,3.6,recruiter_sourced,35.77,37.15,2024-10-18,2024-10-31,2024-11-18,2024-11-21,2024-12-12,,True,True,withdrew_post_acceptance,2024-12-04,18,held_out_test
CAND-00819,APP-02392,REQ-00083,CLI-008,REC-007,QA Tester,IT/Technology,Tucson,AZ,hybrid,Direct Hire,6.5,referral,55.68,62.31,2025-05-29,2025-06-12,2025-06-23,2025-06-28,2025-07-05,,True,False,declined_offer,2025-06-28,19,discovery
CAND-02312,APP-02393,REQ-00043,CLI-008,REC-004,Data Analyst,IT/Technology,Memphis,TN,hybrid,Contract-to-Hire,1.0,recruiter_sourced,56.39,52.49,2024-05-02,2024-05-12,2024-05-18,2024-05-21,2024-06-02,,True,True,rejected_by_client,2024-05-23,11,discovery
CAND-02313,APP-02394,REQ-00094,CLI-001,REC-003,Forklift Operator,Light Industrial,Orlando,FL,remote,W2 Contract,1.2,recruiter_sourced,14.72,15.38,2024-05-31,2024-06-12,2024-06-19,2024-06-20,2024-06-29,2024-06-28,True,True,joined_on_time,2024-06-28,8,discovery
CAND-02314,APP-02395,REQ-00045,CLI-007,REC-008,Certified Nursing Assistant,Healthcare,Jacksonville,FL,onsite,W2 Contract,8.1,job_board,34.13,40.65,2024-11-19,2024-11-28,2024-12-02,2024-12-08,2025-01-02,,True,False,declined_offer,2024-12-08,7,held_out_test
CAND-02315,APP-02396,REQ-00144,CLI-006,REC-018,Payroll Specialist,Finance/Accounting,Nashville,TN,hybrid,W2 Contract,10.2,job_board,22.89,26.3,2025-02-21,2025-03-03,2025-03-07,2025-03-12,2025-04-08,2025-04-26,True,True,joined_late,2025-04-26,7,discovery
CAND-02316,APP-02397,REQ-00207,CLI-002,REC-002,Pharmacy Technician,Healthcare,Austin,TX,onsite,1099,3.4,job_board,43.55,43.87,2024-04-09,2024-04-30,2024-05-11,2024-05-16,2024-06-05,,True,False,declined_offer,2024-05-16,0,held_out_test
CAND-02317,APP-02398,REQ-00047,CLI-006,REC-003,Bookkeeper,Finance/Accounting,Orlando,FL,hybrid,W2 Contract,5.7,job_board,27.34,30.85,2025-01-19,2025-01-25,2025-01-28,2025-01-31,2025-02-07,,True,True,withdrew_post_acceptance,2025-02-04,18,discovery
CAND-02318,APP-02399,REQ-00047,CLI-006,REC-009,Bookkeeper,Finance/Accounting,Orlando,FL,hybrid,W2 Contract,10.4,reapply,20.82,24.17,2024-12-29,2025-01-11,2025-01-16,2025-01-17,2025-02-01,2025-02-01,True,True,joined_on_time,2025-02-01,6,held_out_test
CAND-02319,APP-02400,REQ-00224,CLI-009,REC-001,Project Engineer,Engineering,Memphis,TN,onsite,W2 Contract,1.5,referral,37.1,41.18,2025-06-13,2025-06-25,2025-07-08,2025-07-10,2025-07-29,,True,True,withdrew_post_acceptance,2025-07-24,0,discovery
CAND-02320,APP-02401,REQ-00099,CLI-002,REC-014,Pharmacy Technician,Healthcare,Milwaukee,WI,onsite,W2 Contract,11.5,recruiter_sourced,24.37,23.8,2024-03-09,2024-03-17,2024-04-02,2024-04-05,2024-04-27,,True,False,declined_offer,2024-04-05,12,hypothesis_generation
CAND-02321,APP-02402,REQ-00053,CLI-002,REC-011,Registered Nurse,Healthcare,Raleigh,NC,remote,1099,4.4,referral,34.7,43.27,2024-06-26,2024-07-15,2024-07-30,2024-08-05,2024-08-13,2024-08-13,True,True,joined_on_time,2024-08-13,11,held_out_test
CAND-02322,APP-02403,REQ-00089,CLI-008,REC-010,Software Engineer,IT/Technology,Houston,TX,hybrid,W2 Contract,3.8,reapply,47.38,53.02,2025-05-17,2025-06-03,2025-06-12,2025-06-12,2025-07-03,2025-07-03,True,True,joined_on_time,2025-07-03,15,hypothesis_generation
CAND-02323,APP-02404,REQ-00219,CLI-004,REC-001,Business Systems Analyst,IT/Technology,Philadelphia,PA,remote,Contract-to-Hire,3.7,recruiter_sourced,35.33,39.31,2025-01-03,2025-01-07,2025-01-14,2025-01-19,2025-01-28,,True,True,rejected_by_client,2025-01-23,14,discovery
CAND-02324,APP-02405,REQ-00170,CLI-002,REC-017,Pharmacy Technician,Healthcare,Memphis,TN,onsite,Contract-to-Hire,3.0,recruiter_sourced,21.04,23.96,2025-01-24,2025-02-08,2025-02-15,2025-02-18,2025-03-10,,True,True,withdrew_post_acceptance,2025-02-25,0,held_out_test
CAND-02325,APP-02406,REQ-00212,CLI-011,REC-009,HR Coordinator,Administrative/Professional,Chicago,IL,onsite,Direct Hire,8.1,job_board,17.93,18.18,2025-03-15,2025-03-21,2025-04-01,2025-04-02,2025-05-01,2025-04-30,True,True,joined_on_time,2025-04-30,4,held_out_test
CAND-02326,APP-02407,REQ-00007,CLI-009,REC-013,Manufacturing Engineer,Engineering,Charlotte,NC,remote,Direct Hire,8.0,recruiter_sourced,36.33,42.44,2025-02-17,2025-03-05,2025-03-13,2025-03-16,2025-03-31,,True,True,rejected_by_client,2025-03-24,15,held_out_test
CAND-02327,APP-02408,REQ-00042,CLI-008,REC-010,Data Analyst,IT/Technology,Tampa,FL,hybrid,W2 Contract,1.0,staffing_event,45.3,49.49,2024-10-06,2024-10-25,2024-11-11,2024-11-11,2024-11-27,2024-11-27,True,True,joined_on_time,2024-11-27,19,held_out_test
CAND-02146,APP-02409,REQ-00008,CLI-001,REC-003,Shipping/Receiving Clerk,Light Industrial,Houston,TX,onsite,W2 Contract,4.4,recruiter_sourced,20.98,20.66,2024-11-11,2024-11-21,2024-12-05,2024-12-10,2024-12-22,2024-12-21,True,True,joined_on_time,2024-12-21,4,discovery
CAND-02328,APP-02410,REQ-00185,CLI-005,REC-016,Process Engineer,Engineering,Houston,TX,onsite,Direct Hire,2.6,staffing_event,35.84,36.47,2025-07-29,2025-08-06,2025-08-23,2025-08-23,2025-09-14,2025-09-14,True,True,joined_on_time,2025-09-14,6,discovery
CAND-02329,APP-02411,REQ-00151,CLI-001,REC-003,Shipping/Receiving Clerk,Light Industrial,Pittsburgh,PA,onsite,Contract-to-Hire,4.4,job_board,16.84,19.39,2024-09-18,2024-09-25,2024-09-30,2024-09-30,2024-10-27,2024-11-13,True,True,joined_late,2024-11-13,6,discovery
CAND-02330,APP-02412,REQ-00144,CLI-006,REC-009,Payroll Specialist,Finance/Accounting,Nashville,TN,hybrid,W2 Contract,0.3,job_board,24.51,24.8,2025-02-28,2025-03-06,2025-03-22,2025-03-27,2025-04-19,,True,True,withdrew_post_acceptance,2025-04-09,5,hypothesis_generation
CAND-02331,APP-02413,REQ-00200,CLI-001,REC-009,Warehouse Associate,Light Industrial,Tampa,FL,onsite,Direct Hire,2.3,referral,19.84,22.8,2025-01-20,2025-02-08,2025-02-18,2025-02-24,2025-03-18,,True,True,withdrew_post_acceptance,2025-03-12,14,hypothesis_generation
CAND-02332,APP-02414,REQ-00126,CLI-005,REC-007,Mechanical Engineer,Engineering,Austin,TX,onsite,W2 Contract,4.2,referral,27.66,31.38,2024-11-24,2024-12-02,2024-12-08,2024-12-08,2025-01-02,2025-01-08,True,True,joined_late,2025-01-08,4,discovery
CAND-02333,APP-02415,REQ-00209,CLI-002,REC-008,Medical Assistant,Healthcare,Dallas,TX,onsite,Contract-to-Hire,3.5,recruiter_sourced,31.96,36.37,2024-06-08,2024-06-28,2024-07-03,2024-07-03,2024-07-26,,True,True,rejected_by_client,2024-07-06,2,discovery
CAND-02334,APP-02416,REQ-00091,CLI-006,REC-012,Data Entry Clerk,Administrative/Professional,Tucson,AZ,hybrid,1099,7.0,staffing_event,16.71,19.67,2025-03-18,2025-03-24,2025-03-31,2025-04-04,2025-04-24,,True,False,declined_offer,2025-04-04,6,hypothesis_generation
CAND-02335,APP-02417,REQ-00023,CLI-007,REC-008,Phlebotomist,Healthcare,Dallas,TX,onsite,W2 Contract,2.0,recruiter_sourced,22.91,24.45,2024-12-07,2024-12-23,2024-12-28,2024-12-31,2025-01-26,2025-01-26,True,True,joined_on_time,2025-01-26,10,hypothesis_generation
CAND-02336,APP-02418,REQ-00123,CLI-009,REC-010,Process Engineer,Engineering,Kansas City,MO,onsite,W2 Contract,6.3,job_board,30.44,35.64,2024-11-28,2024-12-07,2024-12-25,2024-12-31,2025-01-26,,True,True,accepted_no_show,2025-01-26,16,discovery
CAND-02337,APP-02419,REQ-00191,CLI-008,REC-010,Data Analyst,IT/Technology,St. Louis,MO,hybrid,Direct Hire,3.1,referral,47.29,55.3,2024-08-23,2024-09-01,2024-09-03,2024-09-06,2024-09-15,,True,True,accepted_no_show,2024-09-15,11,discovery
CAND-02338,APP-02420,REQ-00026,CLI-001,REC-009,Material Handler,Light Industrial,Kansas City,MO,onsite,W2 Contract,9.3,referral,20.16,24.76,2024-09-10,2024-09-20,2024-09-28,2024-10-01,2024-10-11,2024-10-21,True,True,joined_late,2024-10-21,11,held_out_test
CAND-02339,APP-02421,REQ-00223,CLI-001,REC-009,Machine Operator,Light Industrial,Memphis,TN,onsite,Direct Hire,2.7,recruiter_sourced,20.03,21.43,2024-02-19,2024-02-23,2024-03-03,2024-03-06,2024-04-03,2024-04-03,True,True,joined_on_time,2024-04-03,5,hypothesis_generation
CAND-02340,APP-02422,REQ-00182,CLI-011,REC-009,Data Entry Clerk,Administrative/Professional,Cincinnati,OH,remote,W2 Contract,3.5,recruiter_sourced,22.35,24.34,2024-07-23,2024-08-08,2024-08-17,2024-08-22,2024-09-15,,True,True,withdrew_post_acceptance,2024-09-10,22,discovery
CAND-02341,APP-02423,REQ-00006,CLI-007,REC-005,Registered Nurse,Healthcare,Philadelphia,PA,onsite,1099,4.5,staffing_event,22.48,22.79,2025-02-13,2025-02-20,2025-02-26,2025-02-28,2025-04-01,2025-04-01,True,True,joined_on_time,2025-04-01,6,discovery
CAND-02342,APP-02424,REQ-00010,CLI-002,REC-002,Certified Nursing Assistant,Healthcare,Phoenix,AZ,onsite,W2 Contract,7.9,referral,36.5,36.14,2024-05-02,2024-05-07,2024-05-17,2024-05-23,2024-06-11,2024-06-11,True,True,joined_on_time,2024-06-11,13,discovery
CAND-02343,APP-02425,REQ-00092,CLI-011,REC-006,Data Entry Clerk,Administrative/Professional,Houston,TX,onsite,Direct Hire,5.1,career_site,,24.35,2024-03-05,2024-03-14,2024-03-28,2024-04-03,2024-04-08,2024-04-07,True,True,joined_on_time,2024-04-07,0,discovery
CAND-02344,APP-02426,REQ-00173,CLI-006,REC-006,Administrative Assistant,Administrative/Professional,Cincinnati,OH,hybrid,W2 Contract,8.0,recruiter_sourced,21.69,24.75,2025-06-09,2025-06-18,2025-06-28,2025-06-30,2025-07-15,2025-07-14,True,True,joined_on_time,2025-07-14,17,held_out_test
CAND-02345,APP-02427,REQ-00063,CLI-007,REC-002,Certified Nursing Assistant,Healthcare,Dallas,TX,onsite,1099,6.8,career_site,26.04,32.54,2024-07-06,2024-07-21,2024-08-08,2024-08-13,2024-09-10,2024-09-23,True,True,joined_late,2024-09-23,5,discovery
CAND-02346,APP-02428,REQ-00154,CLI-010,REC-018,Office Coordinator,Administrative/Professional,Phoenix,AZ,hybrid,W2 Contract,2.1,referral,22.2,23.45,2025-04-15,2025-05-06,2025-05-22,2025-05-23,2025-06-21,2025-06-21,True,True,joined_on_time,2025-06-21,19,discovery
CAND-02347,APP-02429,REQ-00204,CLI-011,REC-016,Forklift Operator,Light Industrial,Tampa,FL,onsite,Direct Hire,4.2,referral,18.89,19.86,2024-11-18,2024-11-24,2024-12-10,2024-12-13,2025-01-09,2025-01-18,True,True,joined_late,2025-01-18,5,discovery
CAND-02348,APP-02430,REQ-00116,CLI-009,REC-010,Electrical Engineer,Engineering,Tampa,FL,hybrid,1099,5.1,job_board,39.02,42.04,2025-05-13,2025-05-31,2025-06-08,2025-06-11,2025-07-02,,True,True,rejected_by_client,2025-06-12,12,discovery
CAND-02349,APP-02431,REQ-00226,CLI-006,REC-003,Bookkeeper,Finance/Accounting,St. Louis,MO,hybrid,W2 Contract,3.8,referral,,30.98,2025-04-12,2025-04-20,2025-05-01,2025-05-02,2025-05-31,2025-05-31,True,True,joined_on_time,2025-05-31,12,hypothesis_generation
CAND-02350,APP-02432,REQ-00184,CLI-009,REC-001,Mechanical Engineer,Engineering,Tampa,FL,onsite,W2 Contract,7.8,career_site,33.6,38.33,2025-04-14,2025-04-24,2025-04-27,2025-04-30,2025-05-28,2025-06-07,True,True,joined_late,2025-06-07,2,discovery
CAND-02351,APP-02433,REQ-00091,CLI-006,REC-012,Data Entry Clerk,Administrative/Professional,Tucson,AZ,hybrid,1099,6.6,job_board,23.76,25.21,2025-03-12,2025-03-24,2025-04-04,2025-04-06,2025-04-19,2025-04-19,True,True,joined_on_time,2025-04-19,11,hypothesis_generation
CAND-02352,APP-02434,REQ-00150,CLI-009,REC-004,Manufacturing Engineer,Engineering,Tucson,AZ,onsite,Direct Hire,2.2,job_board,35.56,41.24,2025-03-12,2025-03-22,2025-04-04,2025-04-04,2025-05-06,2025-05-07,True,True,joined_on_time,2025-05-07,8,discovery
CAND-02353,APP-02435,REQ-00107,CLI-001,REC-009,Warehouse Associate,Light Industrial,Jacksonville,FL,hybrid,Contract-to-Hire,4.2,job_board,22.0,23.67,2024-09-13,2024-09-29,2024-10-03,2024-10-05,2024-10-26,2024-10-26,True,True,joined_on_time,2024-10-26,7,discovery
CAND-02354,APP-02436,REQ-00114,CLI-007,REC-002,Radiology Technician,Healthcare,Atlanta,GA,onsite,W2 Contract,13.6,job_board,19.91,24.73,2024-11-22,2024-11-27,2024-12-05,2024-12-08,2024-12-16,,True,True,withdrew_post_acceptance,2024-12-14,4,discovery
CAND-02355,APP-02437,REQ-00201,CLI-009,REC-007,Mechanical Engineer,Engineering,Tampa,FL,remote,Direct Hire,3.6,referral,41.08,46.91,2024-03-22,2024-04-10,2024-04-17,2024-04-20,2024-04-29,,True,False,declined_offer,2024-04-20,19,discovery
CAND-02356,APP-02438,REQ-00051,CLI-006,REC-003,Executive Assistant,Administrative/Professional,Milwaukee,WI,hybrid,W2 Contract,2.6,recruiter_sourced,15.47,17.54,2025-06-09,2025-06-17,2025-06-24,2025-06-24,2025-07-24,,True,True,withdrew_post_acceptance,2025-06-30,4,discovery
CAND-02357,APP-02439,REQ-00179,CLI-006,REC-018,Senior Accountant,Finance/Accounting,Orlando,FL,hybrid,Contract-to-Hire,7.5,referral,,22.83,2024-03-04,2024-03-12,2024-03-19,2024-03-23,2024-04-09,,True,True,accepted_no_show,2024-04-09,15,held_out_test
CAND-02358,APP-02440,REQ-00218,CLI-007,REC-002,Radiology Technician,Healthcare,Kansas City,MO,onsite,Direct Hire,2.0,career_site,26.95,25.78,2024-03-28,2024-04-17,2024-04-25,2024-04-29,2024-05-26,2024-05-29,True,True,joined_late,2024-05-29,9,discovery
CAND-02359,APP-02441,REQ-00132,CLI-006,REC-015,Office Coordinator,Administrative/Professional,Chicago,IL,hybrid,Direct Hire,0.9,job_board,20.71,21.67,2024-07-07,2024-07-14,2024-07-25,2024-07-25,2024-08-16,2024-08-16,True,True,joined_on_time,2024-08-16,24,held_out_test
CAND-02360,APP-02442,REQ-00213,CLI-009,REC-007,Mechanical Engineer,Engineering,Tucson,AZ,onsite,W2 Contract,1.0,reapply,28.5,32.38,2025-05-03,2025-05-23,2025-06-01,2025-06-02,2025-06-19,2025-06-19,True,True,joined_on_time,2025-06-19,4,discovery
CAND-02361,APP-02443,REQ-00113,CLI-005,REC-018,Warehouse Associate,Light Industrial,Orlando,FL,onsite,W2 Contract,4.4,career_site,16.49,18.5,2024-12-07,2024-12-11,2024-12-29,2025-01-01,2025-02-01,,True,True,accepted_no_show,2025-02-01,2,hypothesis_generation
CAND-02362,APP-02444,REQ-00013,CLI-007,REC-016,Pharmacy Technician,Healthcare,Houston,TX,onsite,1099,2.7,job_board,25.57,24.25,2024-12-04,2024-12-12,2024-12-26,2024-12-30,2025-01-09,2025-01-29,True,True,joined_late,2025-01-29,15,discovery
CAND-02363,APP-02445,REQ-00184,CLI-009,REC-010,Mechanical Engineer,Engineering,Tampa,FL,onsite,W2 Contract,5.3,career_site,31.28,31.63,2025-04-02,2025-04-16,2025-04-23,2025-04-29,2025-05-20,2025-05-21,True,True,joined_on_time,2025-05-21,0,discovery
CAND-02364,APP-02446,REQ-00092,CLI-011,REC-016,Data Entry Clerk,Administrative/Professional,Houston,TX,onsite,Direct Hire,2.1,job_board,,16.25,2024-04-06,2024-04-24,2024-04-26,2024-04-27,2024-05-24,,True,False,declined_offer,2024-04-27,6,discovery
CAND-02365,APP-02447,REQ-00132,CLI-006,REC-009,Office Coordinator,Administrative/Professional,Chicago,IL,hybrid,Direct Hire,8.0,referral,21.86,25.94,2024-07-08,2024-07-26,2024-08-09,2024-08-11,2024-08-20,2024-08-20,True,True,joined_on_time,2024-08-20,17,discovery
CAND-02366,APP-02448,REQ-00058,CLI-005,REC-001,Project Engineer,Engineering,Tampa,FL,onsite,Direct Hire,2.0,reapply,47.21,50.75,2024-03-08,2024-03-15,2024-04-02,2024-04-05,2024-04-18,,True,False,declined_offer,2024-04-05,8,discovery
CAND-02367,APP-02449,REQ-00077,CLI-003,REC-003,Accounts Payable Clerk,Finance/Accounting,Tampa,FL,remote,Contract-to-Hire,5.4,referral,32.39,34.12,2024-04-05,2024-04-24,2024-05-09,2024-05-12,2024-06-02,2024-06-03,True,True,joined_on_time,2024-06-03,11,held_out_test
CAND-00423,APP-02450,REQ-00218,CLI-007,REC-011,Radiology Technician,Healthcare,Kansas City,MO,onsite,Direct Hire,2.5,job_board,,35.48,2025-01-03,2025-01-19,2025-01-22,2025-01-22,2025-02-09,,True,False,declined_offer,2025-01-22,17,held_out_test
CAND-00855,APP-02451,REQ-00218,CLI-007,REC-002,Radiology Technician,Healthcare,Kansas City,MO,onsite,Direct Hire,3.8,reapply,,26.47,2024-10-25,2024-11-11,2024-11-16,2024-11-18,2024-12-08,,True,False,declined_offer,2024-11-18,13,discovery
CAND-02368,APP-02452,REQ-00138,CLI-010,REC-012,Office Coordinator,Administrative/Professional,Nashville,TN,hybrid,Contract-to-Hire,3.1,job_board,15.01,17.55,2024-09-12,2024-10-02,2024-10-20,2024-10-23,2024-10-30,2024-10-29,True,True,joined_on_time,2024-10-29,15,discovery
CAND-02369,APP-02453,REQ-00224,CLI-009,REC-007,Project Engineer,Engineering,Memphis,TN,onsite,W2 Contract,8.4,job_board,49.14,51.27,2025-06-19,2025-06-28,2025-07-11,2025-07-15,2025-08-10,2025-08-10,True,True,joined_on_time,2025-08-10,13,discovery
CAND-02370,APP-02454,REQ-00115,CLI-004,REC-001,Business Systems Analyst,IT/Technology,Columbus,OH,remote,W2 Contract,3.1,recruiter_sourced,,67.54,2025-05-27,2025-06-09,2025-06-24,2025-06-27,2025-07-26,2025-07-27,True,True,joined_on_time,2025-07-27,11,held_out_test
CAND-02371,APP-02455,REQ-00139,CLI-009,REC-010,Quality Engineer,Engineering,Columbus,OH,onsite,W2 Contract,4.1,job_board,56.6,52.93,2024-11-01,2024-11-12,2024-11-19,2024-11-25,2024-12-16,,True,False,declined_offer,2024-11-25,12,hypothesis_generation
CAND-02372,APP-02456,REQ-00039,CLI-009,REC-016,Electrical Engineer,Engineering,Chicago,IL,onsite,Direct Hire,8.2,career_site,33.28,36.51,2025-05-28,2025-06-03,2025-06-14,2025-06-14,2025-06-28,,True,False,declined_offer,2025-06-14,14,discovery
CAND-02373,APP-02457,REQ-00057,CLI-003,REC-015,AR Specialist,Finance/Accounting,Nashville,TN,hybrid,1099,7.4,staffing_event,32.41,33.15,2024-07-27,2024-08-04,2024-08-18,2024-08-24,2024-09-06,,True,False,declined_offer,2024-08-24,10,held_out_test
CAND-02374,APP-02458,REQ-00072,CLI-002,REC-017,Medical Assistant,Healthcare,Charlotte,NC,onsite,Contract-to-Hire,5.7,recruiter_sourced,43.11,45.08,2024-12-29,2025-01-08,2025-01-23,2025-01-29,2025-02-19,2025-02-18,True,True,joined_on_time,2025-02-18,18,held_out_test
CAND-02375,APP-02459,REQ-00085,CLI-008,REC-007,DevOps Engineer,IT/Technology,Memphis,TN,onsite,Direct Hire,7.9,job_board,30.21,34.66,2025-02-12,2025-02-15,2025-02-19,2025-02-25,2025-03-25,2025-03-25,True,True,joined_on_time,2025-03-25,16,discovery
CAND-02376,APP-02460,REQ-00162,CLI-005,REC-015,General Laborer,Light Industrial,Charlotte,NC,onsite,Contract-to-Hire,3.2,referral,20.92,21.02,2025-02-08,2025-02-20,2025-03-10,2025-03-16,2025-03-31,2025-03-31,True,True,joined_on_time,2025-03-31,7,discovery
CAND-02377,APP-02461,REQ-00108,CLI-007,REC-013,Phlebotomist,Healthcare,Philadelphia,PA,onsite,W2 Contract,6.1,recruiter_sourced,22.31,24.13,2025-03-26,2025-04-13,2025-04-16,2025-04-17,2025-05-08,2025-05-08,True,True,joined_on_time,2025-05-08,17,discovery
CAND-02378,APP-02462,REQ-00034,CLI-011,REC-006,Machine Operator,Light Industrial,Raleigh,NC,onsite,W2 Contract,9.0,job_board,13.25,15.58,2024-07-31,2024-08-09,2024-08-19,2024-08-22,2024-09-14,2024-09-15,True,True,joined_on_time,2024-09-15,13,hypothesis_generation
CAND-02379,APP-02463,REQ-00138,CLI-010,REC-006,Office Coordinator,Administrative/Professional,Nashville,TN,hybrid,Contract-to-Hire,5.0,referral,21.25,22.24,2024-08-27,2024-09-06,2024-09-19,2024-09-22,2024-10-20,2024-10-20,True,True,joined_on_time,2024-10-20,13,held_out_test
CAND-02380,APP-02464,REQ-00046,CLI-007,REC-011,Certified Nursing Assistant,Healthcare,Houston,TX,onsite,Contract-to-Hire,5.3,career_site,33.91,33.86,2024-04-24,2024-05-08,2024-05-24,2024-05-27,2024-06-16,2024-06-24,True,True,joined_late,2024-06-24,10,held_out_test
CAND-02381,APP-02465,REQ-00117,CLI-004,REC-010,Data Analyst,IT/Technology,Tucson,AZ,remote,Contract-to-Hire,6.0,recruiter_sourced,58.46,70.05,2024-03-25,2024-03-29,2024-04-16,2024-04-20,2024-05-13,,True,False,declined_offer,2024-04-20,5,discovery
CAND-02382,APP-02466,REQ-00126,CLI-005,REC-014,Mechanical Engineer,Engineering,Austin,TX,onsite,W2 Contract,3.3,job_board,37.08,42.84,2024-11-27,2024-12-11,2024-12-21,2024-12-26,2025-01-09,2025-01-09,True,True,joined_on_time,2025-01-09,5,hypothesis_generation
CAND-02383,APP-02467,REQ-00160,CLI-005,REC-008,Civil Engineer,Engineering,Tucson,AZ,onsite,Contract-to-Hire,3.2,recruiter_sourced,27.75,32.89,2024-12-18,2024-12-27,2025-01-12,2025-01-17,2025-02-05,,True,True,withdrew_post_acceptance,2025-01-26,14,discovery
CAND-02384,APP-02468,REQ-00204,CLI-011,REC-014,Forklift Operator,Light Industrial,Tampa,FL,onsite,Direct Hire,2.6,recruiter_sourced,20.76,20.52,2024-10-25,2024-11-14,2024-12-01,2024-12-03,2024-12-11,,True,True,withdrew_post_acceptance,2024-12-08,0,held_out_test
CAND-01902,APP-02469,REQ-00034,CLI-011,REC-005,Machine Operator,Light Industrial,Raleigh,NC,onsite,W2 Contract,11.5,recruiter_sourced,13.54,15.31,2024-08-13,2024-08-30,2024-09-12,2024-09-13,2024-10-01,,True,True,accepted_no_show,2024-10-01,6,discovery
CAND-02385,APP-02470,REQ-00160,CLI-005,REC-010,Civil Engineer,Engineering,Tucson,AZ,onsite,Contract-to-Hire,1.7,reapply,34.22,35.47,2024-12-14,2025-01-04,2025-01-07,2025-01-13,2025-01-18,2025-02-10,True,True,joined_late,2025-02-10,16,discovery
CAND-02386,APP-02471,REQ-00045,CLI-007,REC-017,Certified Nursing Assistant,Healthcare,Jacksonville,FL,onsite,W2 Contract,3.8,recruiter_sourced,28.73,31.43,2024-12-04,2024-12-23,2024-12-29,2024-12-30,2025-01-31,,True,False,declined_offer,2024-12-30,18,hypothesis_generation
CAND-02387,APP-02472,REQ-00185,CLI-005,REC-007,Process Engineer,Engineering,Houston,TX,onsite,Direct Hire,5.4,referral,41.57,48.02,2025-07-05,2025-07-15,2025-07-27,2025-07-28,2025-08-12,,True,True,withdrew_post_acceptance,2025-08-11,9,discovery
CAND-02388,APP-02473,REQ-00040,CLI-010,REC-012,Executive Assistant,Administrative/Professional,Charlotte,NC,hybrid,W2 Contract,3.3,referral,,22.68,2024-04-17,2024-04-20,2024-04-23,2024-04-25,2024-05-17,2024-05-20,True,True,joined_late,2024-05-20,4,hypothesis_generation
CAND-02389,APP-02474,REQ-00066,CLI-001,REC-017,Warehouse Associate,Light Industrial,Chicago,IL,onsite,1099,7.2,job_board,15.02,15.3,2024-07-30,2024-08-11,2024-08-24,2024-08-30,2024-09-16,2024-09-15,True,True,joined_on_time,2024-09-15,17,hypothesis_generation
CAND-02390,APP-02475,REQ-00084,CLI-009,REC-007,Quality Engineer,Engineering,Raleigh,NC,onsite,Contract-to-Hire,4.0,recruiter_sourced,30.99,33.95,2024-08-09,2024-08-22,2024-09-09,2024-09-10,2024-10-12,2024-10-12,True,True,joined_on_time,2024-10-12,0,discovery
CAND-02391,APP-02476,REQ-00086,CLI-002,REC-011,Registered Nurse,Healthcare,Phoenix,AZ,onsite,W2 Contract,2.0,referral,39.55,42.25,2025-03-29,2025-04-14,2025-04-18,2025-04-22,2025-05-18,,True,False,declined_offer,2025-04-22,7,hypothesis_generation
CAND-02392,APP-02477,REQ-00215,CLI-002,REC-014,Medical Coder,Healthcare,Charlotte,NC,onsite,W2 Contract,5.4,job_board,41.27,47.82,2024-06-26,2024-07-17,2024-08-01,2024-08-04,2024-09-01,,True,True,rejected_by_client,2024-08-25,7,hypothesis_generation
CAND-02393,APP-02478,REQ-00221,CLI-009,REC-012,Manufacturing Engineer,Engineering,Austin,TX,onsite,W2 Contract,6.8,career_site,45.05,49.05,2025-05-27,2025-05-30,2025-06-12,2025-06-17,2025-06-26,2025-06-26,True,True,joined_on_time,2025-06-26,7,discovery
CAND-02394,APP-02479,REQ-00018,CLI-008,REC-001,DevOps Engineer,IT/Technology,Tucson,AZ,hybrid,Contract-to-Hire,5.1,job_board,40.08,42.02,2024-10-28,2024-11-07,2024-11-16,2024-11-16,2024-12-19,2024-12-19,True,True,joined_on_time,2024-12-19,6,hypothesis_generation
CAND-02395,APP-02480,REQ-00012,CLI-009,REC-010,Project Engineer,Engineering,Austin,TX,onsite,W2 Contract,3.6,career_site,34.78,39.42,2024-12-12,2024-12-30,2025-01-08,2025-01-12,2025-02-04,2025-02-04,True,True,joined_on_time,2025-02-04,16,discovery
CAND-02396,APP-02481,REQ-00054,CLI-005,REC-003,Material Handler,Light Industrial,Chicago,IL,onsite,W2 Contract,1.9,job_board,,17.85,2024-06-28,2024-07-18,2024-08-01,2024-08-04,2024-08-12,2024-08-12,True,True,joined_on_time,2024-08-12,12,discovery
CAND-02397,APP-02482,REQ-00093,CLI-009,REC-004,Civil Engineer,Engineering,St. Louis,MO,onsite,1099,4.9,career_site,35.98,40.03,2024-03-24,2024-04-12,2024-04-24,2024-04-25,2024-05-12,2024-05-12,True,True,joined_on_time,2024-05-12,4,hypothesis_generation
CAND-01300,APP-02483,REQ-00065,CLI-003,REC-006,Bookkeeper,Finance/Accounting,Indianapolis,IN,hybrid,Direct Hire,2.8,job_board,41.06,43.28,2024-08-25,2024-09-02,2024-09-11,2024-09-17,2024-10-07,,True,True,withdrew_post_acceptance,2024-10-03,20,hypothesis_generation
CAND-02398,APP-02484,REQ-00228,CLI-004,REC-001,DevOps Engineer,IT/Technology,Raleigh,NC,remote,W2 Contract,6.9,referral,,38.4,2025-01-25,2025-02-10,2025-02-21,2025-02-27,2025-03-18,2025-03-18,True,True,joined_on_time,2025-03-18,5,discovery
CAND-02399,APP-02485,REQ-00106,CLI-002,REC-002,Certified Nursing Assistant,Healthcare,Atlanta,GA,remote,Direct Hire,4.4,job_board,24.72,31.17,2024-02-08,2024-02-11,2024-02-17,2024-02-19,2024-03-14,2024-03-14,True,True,joined_on_time,2024-03-14,7,held_out_test
CAND-02400,APP-02486,REQ-00164,CLI-011,REC-009,Shipping/Receiving Clerk,Light Industrial,St. Louis,MO,onsite,Direct Hire,5.9,recruiter_sourced,,17.78,2024-02-14,2024-03-04,2024-03-17,2024-03-22,2024-04-01,2024-03-31,True,True,joined_on_time,2024-03-31,4,hypothesis_generation
CAND-02401,APP-02487,REQ-00135,CLI-010,REC-009,Receptionist,Administrative/Professional,Nashville,TN,hybrid,W2 Contract,4.3,job_board,18.03,21.44,2025-07-28,2025-08-09,2025-08-13,2025-08-14,2025-09-09,2025-09-24,True,True,joined_late,2025-09-24,7,discovery
CAND-02402,APP-02488,REQ-00207,CLI-002,REC-011,Pharmacy Technician,Healthcare,Austin,TX,onsite,1099,3.1,job_board,32.32,35.77,2024-04-10,2024-04-16,2024-04-25,2024-04-27,2024-05-22,,True,False,declined_offer,2024-04-27,12,held_out_test
CAND-02403,APP-02489,REQ-00031,CLI-001,REC-015,Shipping/Receiving Clerk,Light Industrial,Memphis,TN,onsite,W2 Contract,1.1,referral,,21.42,2025-05-06,2025-05-26,2025-05-30,2025-06-05,2025-06-17,,True,True,withdrew_post_acceptance,2025-06-12,16,held_out_test
CAND-02404,APP-02490,REQ-00056,CLI-011,REC-018,Office Coordinator,Administrative/Professional,Austin,TX,onsite,Direct Hire,2.4,recruiter_sourced,13.44,15.85,2024-05-01,2024-05-15,2024-05-31,2024-06-05,2024-06-17,,True,True,withdrew_post_acceptance,2024-06-06,1,discovery
CAND-02405,APP-02491,REQ-00166,CLI-003,REC-016,Accounts Payable Clerk,Finance/Accounting,Nashville,TN,hybrid,Contract-to-Hire,2.0,job_board,26.16,28.65,2024-10-17,2024-10-24,2024-11-10,2024-11-11,2024-11-29,,True,True,accepted_no_show,2024-11-29,13,held_out_test
CAND-02406,APP-02492,REQ-00142,CLI-010,REC-009,Data Entry Clerk,Administrative/Professional,Chicago,IL,hybrid,Direct Hire,3.3,job_board,20.43,22.99,2024-10-10,2024-10-24,2024-11-06,2024-11-07,2024-11-17,2024-11-16,True,True,joined_on_time,2024-11-16,12,discovery
CAND-02407,APP-02493,REQ-00046,CLI-007,REC-005,Certified Nursing Assistant,Healthcare,Houston,TX,onsite,Contract-to-Hire,6.3,job_board,28.75,34.29,2024-05-06,2024-05-26,2024-05-30,2024-06-04,2024-07-01,,True,True,withdrew_post_acceptance,2024-06-08,11,discovery
CAND-02408,APP-02494,REQ-00015,CLI-001,REC-008,Forklift Operator,Light Industrial,Nashville,TN,onsite,Direct Hire,6.5,recruiter_sourced,16.67,16.21,2025-04-14,2025-04-27,2025-05-09,2025-05-12,2025-06-01,2025-06-01,True,True,joined_on_time,2025-06-01,2,held_out_test
CAND-02409,APP-02495,REQ-00208,CLI-003,REC-009,Accounts Payable Clerk,Finance/Accounting,Charlotte,NC,onsite,Direct Hire,8.2,job_board,30.52,35.93,2024-11-16,2024-11-24,2024-11-29,2024-11-30,2024-12-22,,True,True,withdrew_post_acceptance,2024-12-20,5,hypothesis_generation
CAND-02410,APP-02496,REQ-00012,CLI-009,REC-011,Project Engineer,Engineering,Austin,TX,onsite,W2 Contract,2.2,job_board,45.83,51.35,2024-12-15,2024-12-20,2024-12-25,2024-12-25,2025-01-17,,True,True,withdrew_post_acceptance,2024-12-29,14,hypothesis_generation
CAND-02411,APP-02497,REQ-00093,CLI-009,REC-013,Civil Engineer,Engineering,St. Louis,MO,onsite,1099,4.1,recruiter_sourced,42.65,47.97,2024-03-28,2024-03-31,2024-04-03,2024-04-09,2024-05-05,2024-05-06,True,True,joined_on_time,2024-05-06,14,discovery
CAND-02412,APP-02498,REQ-00124,CLI-011,REC-018,Receptionist,Administrative/Professional,Philadelphia,PA,onsite,W2 Contract,1.5,recruiter_sourced,15.64,15.84,2024-10-09,2024-10-28,2024-11-03,2024-11-04,2024-12-04,2024-12-03,True,True,joined_on_time,2024-12-03,10,discovery
CAND-02413,APP-02499,REQ-00021,CLI-009,REC-007,Manufacturing Engineer,Engineering,Columbus,OH,hybrid,Direct Hire,1.5,job_board,35.13,38.87,2025-07-03,2025-07-24,2025-08-07,2025-08-08,2025-08-17,2025-08-18,True,True,joined_on_time,2025-08-18,11,discovery
CAND-02414,APP-02500,REQ-00135,CLI-010,REC-012,Receptionist,Administrative/Professional,Nashville,TN,hybrid,W2 Contract,4.2,job_board,14.79,16.59,2025-08-03,2025-08-17,2025-08-26,2025-08-27,2025-09-26,2025-10-19,True,True,joined_late,2025-10-19,17,discovery
