event_id,application_id,stage_name,stage_timestamp,days_in_prior_stage
EVT-000001,APP-00001,screened,2024-07-27,0
EVT-000002,APP-00001,submitted,2024-07-28,1
EVT-000003,APP-00001,client_interview_1,2024-08-16,19
EVT-000004,APP-00001,offer_extended,2024-08-30,14
EVT-000005,APP-00001,offer_accepted,2024-09-04,5
EVT-000006,APP-00001,background_check,2024-09-07,3
EVT-000007,APP-00001,onboarding_docs_sent,2024-09-28,21
EVT-000008,APP-00001,start_date,2024-10-04,6
EVT-000009,APP-00002,screened,2025-03-11,0
EVT-000010,APP-00002,submitted,2025-03-15,4
EVT-000011,APP-00002,client_interview_1,2025-03-27,12
EVT-000012,APP-00002,client_interview_2,2025-03-30,3
EVT-000013,APP-00002,offer_extended,2025-04-14,15
EVT-000014,APP-00002,offer_accepted,2025-04-16,2
EVT-000015,APP-00002,background_check,2025-04-17,1
EVT-000016,APP-00002,onboarding_docs_sent,2025-04-18,1
EVT-000017,APP-00002,start_date,2025-05-08,20
EVT-000018,APP-00003,screened,2024-12-07,0
EVT-000019,APP-00003,submitted,2024-12-09,2
EVT-000020,APP-00003,client_interview_1,2024-12-11,2
EVT-000021,APP-00003,offer_extended,2024-12-15,4
EVT-000022,APP-00003,offer_accepted,2024-12-17,2
EVT-000023,APP-00003,background_check,2024-12-18,1
EVT-000024,APP-00003,start_date,2025-01-18,31
EVT-000025,APP-00004,screened,2024-11-20,0
EVT-000026,APP-00004,submitted,2024-11-24,4
EVT-000027,APP-00004,client_interview_1,2024-11-27,3
EVT-000028,APP-00004,client_interview_2,2024-12-01,4
EVT-000029,APP-00004,offer_extended,2024-12-04,3
EVT-000030,APP-00004,offer_accepted,2024-12-10,6
EVT-000031,APP-00004,background_check,2024-12-16,6
EVT-000032,APP-00004,onboarding_docs_sent,2025-01-01,16
EVT-000033,APP-00004,start_date,2025-01-06,5
EVT-000034,APP-00005,screened,2025-03-17,0
EVT-000035,APP-00005,submitted,2025-03-20,3
EVT-000036,APP-00005,client_interview_1,2025-03-27,7
EVT-000037,APP-00005,offer_extended,2025-04-12,16
EVT-000038,APP-00005,offer_accepted,2025-04-16,4
EVT-000039,APP-00005,background_check,2025-04-17,1
EVT-000040,APP-00006,screened,2025-05-13,0
EVT-000041,APP-00006,submitted,2025-05-14,1
EVT-000042,APP-00006,client_interview_1,2025-05-19,5
EVT-000043,APP-00006,offer_extended,2025-06-01,13
EVT-000044,APP-00006,offer_accepted,2025-06-06,5
EVT-000045,APP-00006,background_check,2025-06-11,5
EVT-000046,APP-00006,start_date,2025-06-29,18
EVT-000047,APP-00007,screened,2025-06-18,0
EVT-000048,APP-00007,submitted,2025-06-20,2
EVT-000049,APP-00007,client_interview_1,2025-06-23,3
EVT-000050,APP-00007,offer_extended,2025-07-03,10
EVT-000051,APP-00007,offer_accepted,2025-07-03,0
EVT-000052,APP-00007,background_check,2025-07-07,4
EVT-000053,APP-00007,start_date,2025-08-02,26
EVT-000054,APP-00008,screened,2025-06-20,0
EVT-000055,APP-00008,submitted,2025-06-22,2
EVT-000056,APP-00008,client_interview_1,2025-06-26,4
EVT-000057,APP-00008,offer_extended,2025-07-07,11
EVT-000058,APP-00009,screened,2024-03-13,0
EVT-000059,APP-00009,submitted,2024-03-16,3
EVT-000060,APP-00009,client_interview_1,2024-03-27,11
EVT-000061,APP-00009,offer_extended,2024-04-09,13
EVT-000062,APP-00009,offer_accepted,2024-04-09,0
EVT-000063,APP-00009,background_check,2024-04-12,3
EVT-000064,APP-00010,screened,2025-05-31,0
EVT-000065,APP-00010,submitted,2025-06-03,3
EVT-000066,APP-00010,client_interview_1,2025-06-04,1
EVT-000067,APP-00010,client_interview_2,2025-06-10,6
EVT-000068,APP-00010,offer_extended,2025-06-16,6
EVT-000069,APP-00010,offer_accepted,2025-06-22,6
EVT-000070,APP-00010,background_check,2025-06-24,2
EVT-000071,APP-00010,onboarding_docs_sent,2025-06-28,4
EVT-000072,APP-00010,start_date,2025-06-30,2
EVT-000073,APP-00011,screened,2024-05-31,0
EVT-000074,APP-00011,submitted,2024-06-02,2
EVT-000075,APP-00011,client_interview_1,2024-06-04,2
EVT-000076,APP-00011,offer_extended,2024-06-06,2
EVT-000077,APP-00012,screened,2024-04-08,0
EVT-000078,APP-00012,submitted,2024-04-10,2
EVT-000079,APP-00012,client_interview_1,2024-04-18,8
EVT-000080,APP-00012,offer_extended,2024-04-27,9
EVT-000081,APP-00013,screened,2024-02-25,0
EVT-000082,APP-00013,submitted,2024-02-27,2
EVT-000083,APP-00013,client_interview_1,2024-03-14,16
EVT-000084,APP-00013,offer_extended,2024-03-16,2
EVT-000085,APP-00013,offer_accepted,2024-03-21,5
EVT-000086,APP-00013,background_check,2024-03-28,7
EVT-000087,APP-00013,onboarding_docs_sent,2024-04-09,12
EVT-000088,APP-00013,start_date,2024-05-02,23
EVT-000089,APP-00014,screened,2025-08-02,0
EVT-000090,APP-00014,submitted,2025-08-04,2
EVT-000091,APP-00014,client_interview_1,2025-08-08,4
EVT-000092,APP-00014,offer_extended,2025-08-12,4
EVT-000093,APP-00014,offer_accepted,2025-08-16,4
EVT-000094,APP-00014,background_check,2025-08-24,8
EVT-000095,APP-00014,onboarding_docs_sent,2025-08-31,7
EVT-000096,APP-00014,start_date,2025-09-01,1
EVT-000097,APP-00015,screened,2024-05-04,0
EVT-000098,APP-00015,submitted,2024-05-07,3
EVT-000099,APP-00015,client_interview_1,2024-05-21,14
EVT-000100,APP-00015,offer_extended,2024-05-24,3
EVT-000101,APP-00015,offer_accepted,2024-05-29,5
EVT-000102,APP-00015,background_check,2024-06-05,7
EVT-000103,APP-00015,onboarding_docs_sent,2024-06-13,8
EVT-000104,APP-00015,start_date,2024-06-15,2
EVT-000105,APP-00016,screened,2025-02-13,0
EVT-000106,APP-00016,submitted,2025-02-14,1
EVT-000107,APP-00016,client_interview_1,2025-02-16,2
EVT-000108,APP-00016,offer_extended,2025-02-28,12
EVT-000109,APP-00016,offer_accepted,2025-03-01,1
EVT-000110,APP-00016,onboarding_docs_sent,2025-03-09,8
EVT-000111,APP-00017,screened,2024-02-21,0
EVT-000112,APP-00017,submitted,2024-02-22,1
EVT-000113,APP-00017,client_interview_1,2024-02-26,4
EVT-000114,APP-00017,offer_extended,2024-03-03,6
EVT-000115,APP-00017,offer_accepted,2024-03-03,0
EVT-000116,APP-00017,background_check,2024-03-04,1
EVT-000117,APP-00017,onboarding_docs_sent,2024-04-03,30
EVT-000118,APP-00017,start_date,2024-04-04,1
EVT-000119,APP-00018,screened,2024-05-18,0
EVT-000120,APP-00018,submitted,2024-05-21,3
EVT-000121,APP-00018,client_interview_1,2024-05-31,10
EVT-000122,APP-00018,client_interview_2,2024-06-08,8
EVT-000123,APP-00018,offer_extended,2024-06-17,9
EVT-000124,APP-00018,offer_accepted,2024-06-19,2
EVT-000125,APP-00018,background_check,2024-06-20,1
EVT-000126,APP-00019,screened,2025-04-07,0
EVT-000127,APP-00019,submitted,2025-04-09,2
EVT-000128,APP-00019,client_interview_1,2025-04-20,11
EVT-000129,APP-00019,offer_extended,2025-05-06,16
EVT-000130,APP-00019,offer_accepted,2025-05-09,3
EVT-000131,APP-00019,background_check,2025-05-11,2
EVT-000132,APP-00020,screened,2024-11-09,0
EVT-000133,APP-00020,submitted,2024-11-11,2
EVT-000134,APP-00020,client_interview_1,2024-11-23,12
EVT-000135,APP-00020,offer_extended,2024-11-27,4
EVT-000136,APP-00020,offer_accepted,2024-11-30,3
EVT-000137,APP-00020,background_check,2024-12-01,1
EVT-000138,APP-00021,screened,2025-04-23,0
EVT-000139,APP-00021,submitted,2025-04-27,4
EVT-000140,APP-00021,client_interview_1,2025-05-07,10
EVT-000141,APP-00021,offer_extended,2025-05-14,7
EVT-000142,APP-00021,offer_accepted,2025-05-19,5
EVT-000143,APP-00021,start_date,2025-06-07,19
EVT-000144,APP-00022,screened,2024-11-16,0
EVT-000145,APP-00022,submitted,2024-11-18,2
EVT-000146,APP-00022,client_interview_1,2024-11-18,0
EVT-000147,APP-00022,client_interview_2,2024-11-21,3
EVT-000148,APP-00022,offer_extended,2024-11-22,1
EVT-000149,APP-00022,offer_accepted,2024-11-27,5
EVT-000150,APP-00022,background_check,2024-12-05,8
EVT-000151,APP-00022,start_date,2024-12-22,17
EVT-000152,APP-00023,screened,2024-11-01,0
EVT-000153,APP-00023,submitted,2024-11-03,2
EVT-000154,APP-00023,client_interview_1,2024-11-07,4
EVT-000155,APP-00023,offer_extended,2024-11-11,4
EVT-000156,APP-00024,screened,2024-07-09,0
EVT-000157,APP-00024,submitted,2024-07-12,3
EVT-000158,APP-00024,client_interview_1,2024-07-22,10
EVT-000159,APP-00024,offer_extended,2024-08-04,13
EVT-000160,APP-00024,offer_accepted,2024-08-07,3
EVT-000161,APP-00024,background_check,2024-08-11,4
EVT-000162,APP-00024,start_date,2024-09-06,26
EVT-000163,APP-00025,screened,2024-05-20,0
EVT-000164,APP-00025,submitted,2024-05-23,3
EVT-000165,APP-00025,client_interview_1,2024-05-27,4
EVT-000166,APP-00025,client_interview_2,2024-06-03,7
EVT-000167,APP-00025,offer_extended,2024-06-13,10
EVT-000168,APP-00025,offer_accepted,2024-06-17,4
EVT-000169,APP-00025,background_check,2024-06-25,8
EVT-000170,APP-00025,onboarding_docs_sent,2024-07-03,8
EVT-000171,APP-00025,start_date,2024-07-06,3
EVT-000172,APP-00026,screened,2024-11-02,0
EVT-000173,APP-00026,submitted,2024-11-05,3
EVT-000174,APP-00026,client_interview_1,2024-11-20,15
EVT-000175,APP-00026,offer_extended,2024-11-28,8
EVT-000176,APP-00026,offer_accepted,2024-11-28,0
EVT-000177,APP-00026,background_check,2024-12-02,4
EVT-000178,APP-00027,screened,2024-06-17,0
EVT-000179,APP-00027,submitted,2024-06-18,1
EVT-000180,APP-00027,client_interview_1,2024-06-30,12
EVT-000181,APP-00027,offer_extended,2024-07-13,13
EVT-000182,APP-00027,offer_accepted,2024-07-18,5
EVT-000183,APP-00027,background_check,2024-07-20,2
EVT-000184,APP-00027,start_date,2024-08-14,25
EVT-000185,APP-00028,screened,2024-10-13,0
EVT-000186,APP-00028,submitted,2024-10-14,1
EVT-000187,APP-00028,client_interview_1,2024-10-30,16
EVT-000188,APP-00028,offer_extended,2024-11-08,9
EVT-000189,APP-00028,offer_accepted,2024-11-08,0
EVT-000190,APP-00028,background_check,2024-11-16,8
EVT-000191,APP-00028,onboarding_docs_sent,2024-11-22,6
EVT-000192,APP-00028,start_date,2024-11-24,2
EVT-000193,APP-00029,screened,2025-06-25,0
EVT-000194,APP-00029,submitted,2025-06-27,2
EVT-000195,APP-00029,client_interview_1,2025-07-12,15
EVT-000196,APP-00029,offer_extended,2025-07-18,6
EVT-000197,APP-00029,offer_accepted,2025-07-22,4
EVT-000198,APP-00029,onboarding_docs_sent,2025-07-24,2
EVT-000199,APP-00029,background_check,2025-07-26,2
EVT-000200,APP-00029,start_date,2025-07-29,3
EVT-000201,APP-00030,screened,2024-04-15,0
EVT-000202,APP-00030,submitted,2024-04-18,3
EVT-000203,APP-00030,client_interview_1,2024-04-25,7
EVT-000204,APP-00030,offer_extended,2024-04-29,4
EVT-000205,APP-00030,offer_accepted,2024-05-02,3
EVT-000206,APP-00030,background_check,2024-05-03,1
EVT-000207,APP-00031,screened,2024-10-14,0
EVT-000208,APP-00031,submitted,2024-10-15,1
EVT-000209,APP-00031,client_interview_1,2024-10-26,11
EVT-000210,APP-00031,offer_extended,2024-11-02,7
EVT-000211,APP-00031,offer_accepted,2024-11-03,1
EVT-000212,APP-00031,background_check,2024-11-05,2
EVT-000213,APP-00031,onboarding_docs_sent,2024-11-20,15
EVT-000214,APP-00032,screened,2024-04-24,0
EVT-000215,APP-00032,submitted,2024-04-26,2
EVT-000216,APP-00032,client_interview_1,2024-05-02,6
EVT-000217,APP-00032,offer_extended,2024-05-10,8
EVT-000218,APP-00033,screened,2025-04-15,0
EVT-000219,APP-00033,submitted,2025-04-19,4
EVT-000220,APP-00033,client_interview_1,2025-05-04,15
EVT-000221,APP-00033,client_interview_2,2025-05-07,3
EVT-000222,APP-00033,offer_extended,2025-05-10,3
EVT-000223,APP-00033,offer_accepted,2025-05-11,1
EVT-000224,APP-00033,background_check,2025-05-13,2
EVT-000225,APP-00033,onboarding_docs_sent,2025-06-05,23
EVT-000226,APP-00033,start_date,2025-06-11,6
EVT-000227,APP-00034,screened,2024-04-25,0
EVT-000228,APP-00034,submitted,2024-04-26,1
EVT-000229,APP-00034,client_interview_1,2024-05-16,20
EVT-000230,APP-00034,offer_extended,2024-05-26,10
EVT-000231,APP-00034,offer_accepted,2024-05-31,5
EVT-000232,APP-00034,background_check,2024-06-03,3
EVT-000233,APP-00035,screened,2024-09-17,0
EVT-000234,APP-00035,submitted,2024-09-21,4
EVT-000235,APP-00035,client_interview_1,2024-10-02,11
EVT-000236,APP-00035,offer_extended,2024-10-11,9
EVT-000237,APP-00035,offer_accepted,2024-10-17,6
EVT-000238,APP-00035,start_date,2024-11-15,29
EVT-000239,APP-00036,screened,2024-06-12,0
EVT-000240,APP-00036,submitted,2024-06-16,4
EVT-000241,APP-00036,client_interview_1,2024-06-24,8
EVT-000242,APP-00036,offer_extended,2024-06-30,6
EVT-000243,APP-00036,offer_accepted,2024-07-02,2
EVT-000244,APP-00036,background_check,2024-07-10,8
EVT-000245,APP-00036,onboarding_docs_sent,2024-07-26,16
EVT-000246,APP-00036,start_date,2024-08-14,19
EVT-000247,APP-00037,screened,2025-05-18,0
EVT-000248,APP-00037,submitted,2025-05-20,2
EVT-000249,APP-00037,client_interview_1,2025-05-25,5
EVT-000250,APP-00037,client_interview_2,2025-05-30,5
EVT-000251,APP-00037,offer_extended,2025-06-10,11
EVT-000252,APP-00037,offer_accepted,2025-06-10,0
EVT-000253,APP-00037,onboarding_docs_sent,2025-06-23,13
EVT-000254,APP-00038,screened,2024-11-04,0
EVT-000255,APP-00038,submitted,2024-11-07,3
EVT-000256,APP-00038,client_interview_1,2024-11-12,5
EVT-000257,APP-00038,client_interview_2,2024-11-21,9
EVT-000258,APP-00038,offer_extended,2024-11-24,3
EVT-000259,APP-00038,offer_accepted,2024-11-28,4
EVT-000260,APP-00038,background_check,2024-12-01,3
EVT-000261,APP-00038,onboarding_docs_sent,2024-12-22,21
EVT-000262,APP-00038,start_date,2025-01-09,18
EVT-000263,APP-00039,screened,2024-12-09,0
EVT-000264,APP-00039,submitted,2024-12-11,2
EVT-000265,APP-00039,client_interview_1,2024-12-12,1
EVT-000266,APP-00039,client_interview_2,2024-12-15,3
EVT-000267,APP-00039,offer_extended,2024-12-16,1
EVT-000268,APP-00039,offer_accepted,2024-12-19,3
EVT-000269,APP-00039,background_check,2024-12-23,4
EVT-000270,APP-00039,onboarding_docs_sent,2025-01-06,14
EVT-000271,APP-00039,start_date,2025-01-28,22
EVT-000272,APP-00040,screened,2025-02-02,0
EVT-000273,APP-00040,submitted,2025-02-03,1
EVT-000274,APP-00040,client_interview_1,2025-02-19,16
EVT-000275,APP-00040,offer_extended,2025-03-02,11
EVT-000276,APP-00041,screened,2025-02-21,0
EVT-000277,APP-00041,submitted,2025-02-24,3
EVT-000278,APP-00041,client_interview_1,2025-03-04,8
EVT-000279,APP-00041,offer_extended,2025-03-07,3
EVT-000280,APP-00041,offer_accepted,2025-03-10,3
EVT-000281,APP-00041,onboarding_docs_sent,2025-03-14,4
EVT-000282,APP-00041,background_check,2025-03-16,2
EVT-000283,APP-00041,start_date,2025-03-19,3
EVT-000284,APP-00042,screened,2024-02-18,0
EVT-000285,APP-00042,submitted,2024-02-21,3
EVT-000286,APP-00042,client_interview_1,2024-02-23,2
EVT-000287,APP-00042,offer_extended,2024-02-29,6
EVT-000288,APP-00042,offer_accepted,2024-02-29,0
EVT-000289,APP-00042,start_date,2024-03-22,22
EVT-000290,APP-00043,screened,2024-12-03,0
EVT-000291,APP-00043,submitted,2024-12-07,4
EVT-000292,APP-00043,client_interview_1,2024-12-22,15
EVT-000293,APP-00043,offer_extended,2024-12-25,3
EVT-000294,APP-00043,offer_accepted,2024-12-25,0
EVT-000295,APP-00043,background_check,2024-12-27,2
EVT-000296,APP-00043,onboarding_docs_sent,2025-01-03,7
EVT-000297,APP-00043,start_date,2025-01-05,2
EVT-000298,APP-00044,screened,2024-04-16,0
EVT-000299,APP-00044,submitted,2024-04-18,2
EVT-000300,APP-00044,client_interview_1,2024-04-27,9
EVT-000301,APP-00044,offer_extended,2024-05-04,7
EVT-000302,APP-00044,offer_accepted,2024-05-07,3
EVT-000303,APP-00044,start_date,2024-06-02,26
EVT-000304,APP-00045,screened,2025-05-08,0
EVT-000305,APP-00045,submitted,2025-05-11,3
EVT-000306,APP-00045,client_interview_1,2025-05-12,1
EVT-000307,APP-00045,client_interview_2,2025-05-22,10
EVT-000308,APP-00045,offer_extended,2025-05-27,5
EVT-000309,APP-00045,offer_accepted,2025-05-31,4
EVT-000310,APP-00045,background_check,2025-06-01,1
EVT-000311,APP-00045,onboarding_docs_sent,2025-06-10,9
EVT-000312,APP-00045,start_date,2025-06-14,4
EVT-000313,APP-00046,screened,2024-03-27,0
EVT-000314,APP-00046,submitted,2024-03-28,1
EVT-000315,APP-00046,client_interview_1,2024-04-15,18
EVT-000316,APP-00046,offer_extended,2024-05-02,17
EVT-000317,APP-00046,offer_accepted,2024-05-03,1
EVT-000318,APP-00046,background_check,2024-05-05,2
EVT-000319,APP-00046,start_date,2024-05-29,24
EVT-000320,APP-00047,screened,2025-02-18,0
EVT-000321,APP-00047,submitted,2025-02-21,3
EVT-000322,APP-00047,client_interview_1,2025-02-23,2
EVT-000323,APP-00047,client_interview_2,2025-02-28,5
EVT-000324,APP-00047,offer_extended,2025-03-03,3
EVT-000325,APP-00048,screened,2024-10-11,0
EVT-000326,APP-00048,submitted,2024-10-13,2
EVT-000327,APP-00048,client_interview_1,2024-10-27,14
EVT-000328,APP-00048,offer_extended,2024-10-30,3
EVT-000329,APP-00048,offer_accepted,2024-11-04,5
EVT-000330,APP-00049,screened,2025-02-16,0
EVT-000331,APP-00049,submitted,2025-02-19,3
EVT-000332,APP-00049,client_interview_1,2025-03-05,14
EVT-000333,APP-00049,offer_extended,2025-03-17,12
EVT-000334,APP-00049,offer_accepted,2025-03-21,4
EVT-000335,APP-00049,background_check,2025-03-23,2
EVT-000336,APP-00049,onboarding_docs_sent,2025-04-04,12
EVT-000337,APP-00049,start_date,2025-05-01,27
EVT-000338,APP-00050,screened,2024-10-30,0
EVT-000339,APP-00050,submitted,2024-10-31,1
EVT-000340,APP-00050,client_interview_1,2024-11-11,11
EVT-000341,APP-00050,client_interview_2,2024-11-15,4
EVT-000342,APP-00050,offer_extended,2024-11-22,7
EVT-000343,APP-00050,offer_accepted,2024-11-27,5
EVT-000344,APP-00050,background_check,2024-12-02,5
EVT-000345,APP-00050,onboarding_docs_sent,2024-12-04,2
EVT-000346,APP-00050,start_date,2024-12-08,4
EVT-000347,APP-00051,screened,2025-01-20,0
EVT-000348,APP-00051,submitted,2025-01-21,1
EVT-000349,APP-00051,client_interview_1,2025-02-06,16
EVT-000350,APP-00051,client_interview_2,2025-02-10,4
EVT-000351,APP-00051,offer_extended,2025-02-20,10
EVT-000352,APP-00052,screened,2024-03-06,0
EVT-000353,APP-00052,submitted,2024-03-09,3
EVT-000354,APP-00052,client_interview_1,2024-03-11,2
EVT-000355,APP-00052,offer_extended,2024-03-24,13
EVT-000356,APP-00052,offer_accepted,2024-03-27,3
EVT-000357,APP-00052,background_check,2024-03-30,3
EVT-000358,APP-00052,onboarding_docs_sent,2024-04-20,21
EVT-000359,APP-00053,screened,2025-01-04,0
EVT-000360,APP-00053,submitted,2025-01-07,3
EVT-000361,APP-00053,client_interview_1,2025-01-15,8
EVT-000362,APP-00053,client_interview_2,2025-01-20,5
EVT-000363,APP-00053,offer_extended,2025-01-21,1
EVT-000364,APP-00053,offer_accepted,2025-01-21,0
EVT-000365,APP-00053,background_check,2025-01-27,6
EVT-000366,APP-00054,screened,2025-03-06,0
EVT-000367,APP-00054,submitted,2025-03-08,2
EVT-000368,APP-00054,client_interview_1,2025-03-09,1
EVT-000369,APP-00054,offer_extended,2025-03-24,15
EVT-000370,APP-00055,screened,2025-01-03,0
EVT-000371,APP-00055,submitted,2025-01-05,2
EVT-000372,APP-00055,client_interview_1,2025-01-20,15
EVT-000373,APP-00055,offer_extended,2025-02-06,17
EVT-000374,APP-00056,screened,2024-10-09,0
EVT-000375,APP-00056,submitted,2024-10-13,4
EVT-000376,APP-00056,client_interview_1,2024-10-29,16
EVT-000377,APP-00056,client_interview_2,2024-11-05,7
EVT-000378,APP-00056,offer_extended,2024-11-07,2
EVT-000379,APP-00056,offer_accepted,2024-11-11,4
EVT-000380,APP-00056,background_check,2024-11-18,7
EVT-000381,APP-00056,start_date,2024-12-09,21
EVT-000382,APP-00057,screened,2025-06-20,0
EVT-000383,APP-00057,submitted,2025-06-23,3
EVT-000384,APP-00057,client_interview_1,2025-07-04,11
EVT-000385,APP-00057,client_interview_2,2025-07-07,3
EVT-000386,APP-00057,offer_extended,2025-07-21,14
EVT-000387,APP-00057,offer_accepted,2025-07-22,1
EVT-000388,APP-00057,background_check,2025-07-23,1
EVT-000389,APP-00057,start_date,2025-08-23,31
EVT-000390,APP-00058,screened,2025-06-18,0
EVT-000391,APP-00058,submitted,2025-06-20,2
EVT-000392,APP-00058,client_interview_1,2025-07-04,14
EVT-000393,APP-00058,offer_extended,2025-07-22,18
EVT-000394,APP-00058,offer_accepted,2025-07-25,3
EVT-000395,APP-00058,background_check,2025-07-30,5
EVT-000396,APP-00059,screened,2025-02-02,0
EVT-000397,APP-00059,submitted,2025-02-04,2
EVT-000398,APP-00059,client_interview_1,2025-02-04,0
EVT-000399,APP-00059,client_interview_2,2025-02-09,5
EVT-000400,APP-00059,offer_extended,2025-02-16,7
EVT-000401,APP-00059,offer_accepted,2025-02-22,6
EVT-000402,APP-00059,background_check,2025-02-27,5
EVT-000403,APP-00059,start_date,2025-03-08,9
EVT-000404,APP-00060,screened,2024-11-21,0
EVT-000405,APP-00060,submitted,2024-11-24,3
EVT-000406,APP-00060,client_interview_1,2024-12-08,14
EVT-000407,APP-00060,offer_extended,2024-12-20,12
EVT-000408,APP-00060,offer_accepted,2024-12-20,0
EVT-000409,APP-00060,background_check,2024-12-26,6
EVT-000410,APP-00060,start_date,2025-01-10,15
EVT-000411,APP-00061,screened,2024-09-16,0
EVT-000412,APP-00061,submitted,2024-09-19,3
EVT-000413,APP-00061,client_interview_1,2024-10-03,14
EVT-000414,APP-00061,client_interview_2,2024-10-09,6
EVT-000415,APP-00061,offer_extended,2024-10-13,4
EVT-000416,APP-00061,offer_accepted,2024-10-15,2
EVT-000417,APP-00061,background_check,2024-10-22,7
EVT-000418,APP-00061,onboarding_docs_sent,2024-10-29,7
EVT-000419,APP-00061,start_date,2024-11-02,4
EVT-000420,APP-00062,screened,2025-02-19,0
EVT-000421,APP-00062,submitted,2025-02-20,1
EVT-000422,APP-00062,client_interview_1,2025-03-05,13
EVT-000423,APP-00062,client_interview_2,2025-03-10,5
EVT-000424,APP-00062,offer_extended,2025-03-16,6
EVT-000425,APP-00062,offer_accepted,2025-03-17,1
EVT-000426,APP-00062,background_check,2025-03-24,7
EVT-000427,APP-00062,onboarding_docs_sent,2025-04-02,9
EVT-000428,APP-00062,start_date,2025-04-08,6
EVT-000429,APP-00063,screened,2025-04-10,0
EVT-000430,APP-00063,submitted,2025-04-13,3
EVT-000431,APP-00063,client_interview_1,2025-04-21,8
EVT-000432,APP-00063,offer_extended,2025-05-04,13
EVT-000433,APP-00063,offer_accepted,2025-05-08,4
EVT-000434,APP-00063,start_date,2025-05-21,13
EVT-000435,APP-00064,screened,2025-05-06,0
EVT-000436,APP-00064,submitted,2025-05-07,1
EVT-000437,APP-00064,client_interview_1,2025-05-20,13
EVT-000438,APP-00064,offer_extended,2025-06-06,17
EVT-000439,APP-00064,offer_accepted,2025-06-12,6
EVT-000440,APP-00064,background_check,2025-06-16,4
EVT-000441,APP-00065,screened,2025-02-08,0
EVT-000442,APP-00065,submitted,2025-02-12,4
EVT-000443,APP-00065,client_interview_1,2025-02-12,0
EVT-000444,APP-00065,offer_extended,2025-02-15,3
EVT-000445,APP-00065,offer_accepted,2025-02-21,6
EVT-000446,APP-00065,background_check,2025-02-25,4
EVT-000447,APP-00065,onboarding_docs_sent,2025-03-10,13
EVT-000448,APP-00065,start_date,2025-03-15,5
EVT-000449,APP-00066,screened,2025-02-03,0
EVT-000450,APP-00066,submitted,2025-02-06,3
EVT-000451,APP-00066,client_interview_1,2025-02-23,17
EVT-000452,APP-00066,client_interview_2,2025-02-25,2
EVT-000453,APP-00066,offer_extended,2025-03-12,15
EVT-000454,APP-00066,offer_accepted,2025-03-12,0
EVT-000455,APP-00066,background_check,2025-03-16,4
EVT-000456,APP-00066,onboarding_docs_sent,2025-04-02,17
EVT-000457,APP-00066,start_date,2025-04-07,5
EVT-000458,APP-00067,screened,2024-08-16,0
EVT-000459,APP-00067,submitted,2024-08-20,4
EVT-000460,APP-00067,client_interview_1,2024-09-03,14
EVT-000461,APP-00067,offer_extended,2024-09-19,16
EVT-000462,APP-00067,offer_accepted,2024-09-24,5
EVT-000463,APP-00067,background_check,2024-10-02,8
EVT-000464,APP-00067,start_date,2024-10-24,22
EVT-000465,APP-00068,screened,2024-11-14,0
EVT-000466,APP-00068,submitted,2024-11-15,1
EVT-000467,APP-00068,client_interview_1,2024-11-27,12
EVT-000468,APP-00068,offer_extended,2024-12-01,4
EVT-000469,APP-00068,offer_accepted,2024-12-05,4
EVT-000470,APP-00068,background_check,2024-12-09,4
EVT-000471,APP-00068,onboarding_docs_sent,2024-12-10,1
EVT-000472,APP-00068,start_date,2024-12-11,1
EVT-000473,APP-00069,screened,2024-02-04,0
EVT-000474,APP-00069,submitted,2024-02-06,2
EVT-000475,APP-00069,client_interview_1,2024-02-19,13
EVT-000476,APP-00069,client_interview_2,2024-02-24,5
EVT-000477,APP-00069,offer_extended,2024-03-03,8
EVT-000478,APP-00069,offer_accepted,2024-03-06,3
EVT-000479,APP-00069,onboarding_docs_sent,2024-03-26,20
EVT-000480,APP-00069,start_date,2024-04-11,16
EVT-000481,APP-00070,screened,2024-02-27,0
EVT-000482,APP-00070,submitted,2024-03-02,4
EVT-000483,APP-00070,client_interview_1,2024-03-14,12
EVT-000484,APP-00070,offer_extended,2024-03-20,6
EVT-000485,APP-00071,screened,2024-06-15,0
EVT-000486,APP-00071,submitted,2024-06-19,4
EVT-000487,APP-00071,client_interview_1,2024-06-30,11
EVT-000488,APP-00071,offer_extended,2024-07-14,14
EVT-000489,APP-00071,offer_accepted,2024-07-20,6
EVT-000490,APP-00071,background_check,2024-07-21,1
EVT-000491,APP-00071,start_date,2024-07-31,10
EVT-000492,APP-00072,screened,2024-02-03,0
EVT-000493,APP-00072,client_interview_1,2024-02-06,3
EVT-000494,APP-00072,submitted,2024-02-07,1
EVT-000495,APP-00072,offer_extended,2024-02-15,8
EVT-000496,APP-00072,offer_accepted,2024-02-16,1
EVT-000497,APP-00072,background_check,2024-02-20,4
EVT-000498,APP-00072,start_date,2024-02-26,6
EVT-000499,APP-00073,screened,2024-04-10,0
EVT-000500,APP-00073,submitted,2024-04-14,4
EVT-000501,APP-00073,client_interview_1,2024-04-27,13
EVT-000502,APP-00073,offer_extended,2024-05-06,9
EVT-000503,APP-00073,offer_accepted,2024-05-10,4
EVT-000504,APP-00073,background_check,2024-05-16,6
EVT-000505,APP-00073,start_date,2024-05-21,5
EVT-000506,APP-00074,screened,2024-07-21,0
EVT-000507,APP-00074,submitted,2024-07-25,4
EVT-000508,APP-00074,client_interview_1,2024-07-31,6
EVT-000509,APP-00074,offer_extended,2024-08-09,9
EVT-000510,APP-00074,offer_accepted,2024-08-11,2
EVT-000511,APP-00074,background_check,2024-08-14,3
EVT-000512,APP-00075,screened,2024-06-21,0
EVT-000513,APP-00075,submitted,2024-06-25,4
EVT-000514,APP-00075,client_interview_1,2024-06-26,1
EVT-000515,APP-00075,client_interview_2,2024-07-01,5
EVT-000516,APP-00075,offer_extended,2024-07-11,10
EVT-000517,APP-00075,offer_accepted,2024-07-15,4
EVT-000518,APP-00075,background_check,2024-07-20,5
EVT-000519,APP-00075,start_date,2024-08-04,15
EVT-000520,APP-00076,screened,2024-06-28,0
EVT-000521,APP-00076,submitted,2024-06-30,2
EVT-000522,APP-00076,client_interview_1,2024-07-11,11
EVT-000523,APP-00076,client_interview_2,2024-07-14,3
EVT-000524,APP-00076,offer_extended,2024-07-26,12
EVT-000525,APP-00076,offer_accepted,2024-07-27,1
EVT-000526,APP-00076,background_check,2024-07-31,4
EVT-000527,APP-00076,onboarding_docs_sent,2024-08-11,11
EVT-000528,APP-00076,start_date,2024-08-14,3
EVT-000529,APP-00077,screened,2025-06-27,0
EVT-000530,APP-00077,submitted,2025-06-29,2
EVT-000531,APP-00077,client_interview_1,2025-07-14,15
EVT-000532,APP-00077,offer_extended,2025-07-17,3
EVT-000533,APP-00077,offer_accepted,2025-07-21,4
EVT-000534,APP-00077,background_check,2025-07-25,4
EVT-000535,APP-00077,onboarding_docs_sent,2025-08-05,11
EVT-000536,APP-00077,start_date,2025-08-25,20
EVT-000537,APP-00078,screened,2024-03-15,0
EVT-000538,APP-00078,submitted,2024-03-19,4
EVT-000539,APP-00078,client_interview_1,2024-03-30,11
EVT-000540,APP-00078,client_interview_2,2024-04-04,5
EVT-000541,APP-00078,offer_extended,2024-04-12,8
EVT-000542,APP-00078,offer_accepted,2024-04-12,0
EVT-000543,APP-00078,background_check,2024-04-19,7
EVT-000544,APP-00078,start_date,2024-05-09,20
EVT-000545,APP-00079,screened,2024-06-06,0
EVT-000546,APP-00079,submitted,2024-06-10,4
EVT-000547,APP-00079,client_interview_1,2024-06-27,17
EVT-000548,APP-00079,offer_extended,2024-07-05,8
EVT-000549,APP-00079,offer_accepted,2024-07-08,3
EVT-000550,APP-00079,onboarding_docs_sent,2024-07-17,9
EVT-000551,APP-00079,start_date,2024-08-03,17
EVT-000552,APP-00080,screened,2025-01-08,0
EVT-000553,APP-00080,submitted,2025-01-10,2
EVT-000554,APP-00080,client_interview_1,2025-01-15,5
EVT-000555,APP-00080,offer_extended,2025-01-23,8
EVT-000556,APP-00081,screened,2024-08-15,0
EVT-000557,APP-00081,submitted,2024-08-19,4
EVT-000558,APP-00081,client_interview_1,2024-09-01,13
EVT-000559,APP-00081,offer_extended,2024-09-18,17
EVT-000560,APP-00081,offer_accepted,2024-09-21,3
EVT-000561,APP-00081,onboarding_docs_sent,2024-09-27,6
EVT-000562,APP-00081,background_check,2024-09-28,1
EVT-000563,APP-00081,start_date,2024-10-01,3
EVT-000564,APP-00082,screened,2024-09-01,0
EVT-000565,APP-00082,submitted,2024-09-02,1
EVT-000566,APP-00082,client_interview_1,2024-09-07,5
EVT-000567,APP-00082,offer_extended,2024-09-09,2
EVT-000568,APP-00082,offer_accepted,2024-09-11,2
EVT-000569,APP-00082,background_check,2024-09-12,1
EVT-000570,APP-00082,onboarding_docs_sent,2024-10-02,20
EVT-000571,APP-00082,start_date,2024-10-07,5
EVT-000572,APP-00083,screened,2025-07-14,0
EVT-000573,APP-00083,submitted,2025-07-18,4
EVT-000574,APP-00083,client_interview_1,2025-07-23,5
EVT-000575,APP-00083,client_interview_2,2025-07-29,6
EVT-000576,APP-00083,offer_extended,2025-08-09,11
EVT-000577,APP-00083,offer_accepted,2025-08-13,4
EVT-000578,APP-00083,background_check,2025-08-17,4
EVT-000579,APP-00084,screened,2025-02-13,0
EVT-000580,APP-00084,submitted,2025-02-16,3
EVT-000581,APP-00084,client_interview_1,2025-02-24,8
EVT-000582,APP-00084,offer_extended,2025-03-03,7
EVT-000583,APP-00084,offer_accepted,2025-03-04,1
EVT-000584,APP-00084,background_check,2025-03-11,7
EVT-000585,APP-00084,onboarding_docs_sent,2025-04-04,24
EVT-000586,APP-00084,start_date,2025-04-25,21
EVT-000587,APP-00085,screened,2024-07-03,0
EVT-000588,APP-00085,client_interview_1,2024-07-03,0
EVT-000589,APP-00085,submitted,2024-07-04,1
EVT-000590,APP-00085,offer_extended,2024-07-18,14
EVT-000591,APP-00086,screened,2024-06-24,0
EVT-000592,APP-00086,submitted,2024-06-27,3
EVT-000593,APP-00086,client_interview_1,2024-07-12,15
EVT-000594,APP-00086,client_interview_2,2024-07-15,3
EVT-000595,APP-00086,offer_extended,2024-07-29,14
EVT-000596,APP-00086,offer_accepted,2024-07-29,0
EVT-000597,APP-00086,background_check,2024-07-30,1
EVT-000598,APP-00087,screened,2024-11-27,0
EVT-000599,APP-00087,submitted,2024-11-29,2
EVT-000600,APP-00087,client_interview_1,2024-12-16,17
EVT-000601,APP-00087,client_interview_2,2024-12-18,2
EVT-000602,APP-00087,offer_extended,2024-12-31,13
EVT-000603,APP-00087,offer_accepted,2025-01-06,6
EVT-000604,APP-00087,onboarding_docs_sent,2025-01-09,3
EVT-000605,APP-00087,background_check,2025-01-10,1
EVT-000606,APP-00087,start_date,2025-01-14,4
EVT-000607,APP-00088,screened,2025-06-21,0
EVT-000608,APP-00088,submitted,2025-06-23,2
EVT-000609,APP-00088,client_interview_1,2025-07-05,12
EVT-000610,APP-00088,offer_extended,2025-07-15,10
EVT-000611,APP-00088,offer_accepted,2025-07-21,6
EVT-000612,APP-00088,background_check,2025-07-27,6
EVT-000613,APP-00088,onboarding_docs_sent,2025-08-01,5
EVT-000614,APP-00088,start_date,2025-08-05,4
EVT-000615,APP-00089,screened,2024-11-16,0
EVT-000616,APP-00089,submitted,2024-11-18,2
EVT-000617,APP-00089,client_interview_1,2024-11-21,3
EVT-000618,APP-00089,offer_extended,2024-11-24,3
EVT-000619,APP-00089,offer_accepted,2024-11-24,0
EVT-000620,APP-00089,background_check,2024-11-25,1
EVT-000621,APP-00090,screened,2024-03-02,0
EVT-000622,APP-00090,submitted,2024-03-06,4
EVT-000623,APP-00090,client_interview_1,2024-03-16,10
EVT-000624,APP-00090,client_interview_2,2024-03-21,5
EVT-000625,APP-00090,offer_extended,2024-03-28,7
EVT-000626,APP-00090,offer_accepted,2024-04-01,4
EVT-000627,APP-00090,background_check,2024-04-05,4
EVT-000628,APP-00090,onboarding_docs_sent,2024-04-07,2
EVT-000629,APP-00090,start_date,2024-04-11,4
EVT-000630,APP-00091,screened,2025-05-12,0
EVT-000631,APP-00091,submitted,2025-05-13,1
EVT-000632,APP-00091,client_interview_1,2025-05-16,3
EVT-000633,APP-00091,offer_extended,2025-05-20,4
EVT-000634,APP-00091,offer_accepted,2025-05-25,5
EVT-000635,APP-00091,background_check,2025-05-27,2
EVT-000636,APP-00091,onboarding_docs_sent,2025-06-04,8
EVT-000637,APP-00092,screened,2024-02-28,0
EVT-000638,APP-00092,client_interview_1,2024-03-02,3
EVT-000639,APP-00092,submitted,2024-03-03,1
EVT-000640,APP-00092,offer_extended,2024-03-10,7
EVT-000641,APP-00092,offer_accepted,2024-03-14,4
EVT-000642,APP-00092,background_check,2024-03-20,6
EVT-000643,APP-00092,onboarding_docs_sent,2024-03-20,0
EVT-000644,APP-00092,start_date,2024-04-18,29
EVT-000645,APP-00093,screened,2024-09-28,0
EVT-000646,APP-00093,submitted,2024-10-02,4
EVT-000647,APP-00093,client_interview_1,2024-10-12,10
EVT-000648,APP-00093,client_interview_2,2024-10-22,10
EVT-000649,APP-00093,offer_extended,2024-10-24,2
EVT-000650,APP-00093,offer_accepted,2024-10-27,3
EVT-000651,APP-00094,screened,2024-11-03,0
EVT-000652,APP-00094,client_interview_1,2024-11-06,3
EVT-000653,APP-00094,submitted,2024-11-07,1
EVT-000654,APP-00094,offer_extended,2024-11-18,11
EVT-000655,APP-00095,screened,2024-10-31,0
EVT-000656,APP-00095,submitted,2024-11-03,3
EVT-000657,APP-00095,client_interview_1,2024-11-13,10
EVT-000658,APP-00095,offer_extended,2024-11-28,15
EVT-000659,APP-00095,offer_accepted,2024-11-29,1
EVT-000660,APP-00095,background_check,2024-12-03,4
EVT-000661,APP-00096,screened,2025-03-16,0
EVT-000662,APP-00096,submitted,2025-03-20,4
EVT-000663,APP-00096,client_interview_1,2025-03-21,1
EVT-000664,APP-00096,client_interview_2,2025-03-30,9
EVT-000665,APP-00096,offer_extended,2025-04-04,5
EVT-000666,APP-00096,offer_accepted,2025-04-09,5
EVT-000667,APP-00096,background_check,2025-04-16,7
EVT-000668,APP-00096,onboarding_docs_sent,2025-05-05,19
EVT-000669,APP-00096,start_date,2025-05-09,4
EVT-000670,APP-00097,screened,2025-02-21,0
EVT-000671,APP-00097,submitted,2025-02-23,2
EVT-000672,APP-00097,client_interview_1,2025-03-02,7
EVT-000673,APP-00097,offer_extended,2025-03-07,5
EVT-000674,APP-00097,offer_accepted,2025-03-08,1
EVT-000675,APP-00097,background_check,2025-03-13,5
EVT-000676,APP-00097,onboarding_docs_sent,2025-03-14,1
EVT-000677,APP-00097,start_date,2025-03-19,5
EVT-000678,APP-00098,screened,2025-06-13,0
EVT-000679,APP-00098,submitted,2025-06-14,1
EVT-000680,APP-00098,client_interview_1,2025-06-24,10
EVT-000681,APP-00098,offer_extended,2025-07-08,14
EVT-000682,APP-00098,offer_accepted,2025-07-08,0
EVT-000683,APP-00098,background_check,2025-07-12,4
EVT-000684,APP-00099,screened,2024-10-12,0
EVT-000685,APP-00099,submitted,2024-10-14,2
EVT-000686,APP-00099,client_interview_1,2024-10-24,10
EVT-000687,APP-00099,offer_extended,2024-10-31,7
EVT-000688,APP-00099,offer_accepted,2024-11-01,1
EVT-000689,APP-00099,background_check,2024-11-09,8
EVT-000690,APP-00099,onboarding_docs_sent,2024-11-17,8
EVT-000691,APP-00099,start_date,2024-11-18,1
EVT-000692,APP-00100,screened,2025-05-09,0
EVT-000693,APP-00100,submitted,2025-05-12,3
EVT-000694,APP-00100,client_interview_1,2025-05-14,2
EVT-000695,APP-00100,client_interview_2,2025-05-19,5
EVT-000696,APP-00100,offer_extended,2025-05-27,8
EVT-000697,APP-00100,offer_accepted,2025-05-29,2
EVT-000698,APP-00100,background_check,2025-06-04,6
EVT-000699,APP-00100,onboarding_docs_sent,2025-06-08,4
EVT-000700,APP-00100,start_date,2025-06-13,5
EVT-000701,APP-00101,screened,2024-03-18,0
EVT-000702,APP-00101,submitted,2024-03-22,4
EVT-000703,APP-00101,client_interview_1,2024-03-31,9
EVT-000704,APP-00101,offer_extended,2024-04-12,12
EVT-000705,APP-00101,offer_accepted,2024-04-15,3
EVT-000706,APP-00101,background_check,2024-04-21,6
EVT-000707,APP-00101,onboarding_docs_sent,2024-04-29,8
EVT-000708,APP-00101,start_date,2024-05-02,3
EVT-000709,APP-00102,screened,2025-01-15,0
EVT-000710,APP-00102,submitted,2025-01-18,3
EVT-000711,APP-00102,client_interview_1,2025-01-22,4
EVT-000712,APP-00102,client_interview_2,2025-01-27,5
EVT-000713,APP-00102,offer_extended,2025-02-08,12
EVT-000714,APP-00103,screened,2024-02-05,0
EVT-000715,APP-00103,submitted,2024-02-06,1
EVT-000716,APP-00103,client_interview_1,2024-02-24,18
EVT-000717,APP-00103,offer_extended,2024-03-04,9
EVT-000718,APP-00104,screened,2024-12-06,0
EVT-000719,APP-00104,submitted,2024-12-08,2
EVT-000720,APP-00104,client_interview_1,2024-12-13,5
EVT-000721,APP-00104,offer_extended,2024-12-15,2
EVT-000722,APP-00104,offer_accepted,2024-12-20,5
EVT-000723,APP-00104,background_check,2024-12-25,5
EVT-000724,APP-00105,screened,2024-06-20,0
EVT-000725,APP-00105,submitted,2024-06-22,2
EVT-000726,APP-00105,client_interview_1,2024-07-02,10
EVT-000727,APP-00105,client_interview_2,2024-07-09,7
EVT-000728,APP-00105,offer_extended,2024-07-11,2
EVT-000729,APP-00105,offer_accepted,2024-07-13,2
EVT-000730,APP-00105,background_check,2024-07-16,3
EVT-000731,APP-00106,screened,2025-06-19,0
EVT-000732,APP-00106,submitted,2025-06-20,1
EVT-000733,APP-00106,client_interview_1,2025-07-06,16
EVT-000734,APP-00106,offer_extended,2025-07-21,15
EVT-000735,APP-00106,offer_accepted,2025-07-25,4
EVT-000736,APP-00106,background_check,2025-07-26,1
EVT-000737,APP-00106,start_date,2025-08-01,6
EVT-000738,APP-00107,screened,2024-04-12,0
EVT-000739,APP-00107,submitted,2024-04-14,2
EVT-000740,APP-00107,client_interview_1,2024-04-14,0
EVT-000741,APP-00107,offer_extended,2024-04-28,14
EVT-000742,APP-00107,offer_accepted,2024-05-04,6
EVT-000743,APP-00107,background_check,2024-05-06,2
EVT-000744,APP-00108,screened,2024-11-11,0
EVT-000745,APP-00108,submitted,2024-11-14,3
EVT-000746,APP-00108,client_interview_1,2024-12-02,18
EVT-000747,APP-00108,offer_extended,2024-12-11,9
EVT-000748,APP-00108,offer_accepted,2024-12-14,3
EVT-000749,APP-00108,background_check,2024-12-17,3
EVT-000750,APP-00108,start_date,2025-01-01,15
EVT-000751,APP-00109,screened,2025-03-03,0
EVT-000752,APP-00109,client_interview_1,2025-03-06,3
EVT-000753,APP-00109,submitted,2025-03-07,1
EVT-000754,APP-00109,client_interview_2,2025-03-09,2
EVT-000755,APP-00109,offer_extended,2025-03-11,2
EVT-000756,APP-00109,offer_accepted,2025-03-17,6
EVT-000757,APP-00109,background_check,2025-03-19,2
EVT-000758,APP-00110,screened,2024-11-07,0
EVT-000759,APP-00110,submitted,2024-11-09,2
EVT-000760,APP-00110,client_interview_1,2024-11-24,15
EVT-000761,APP-00110,client_interview_2,2024-11-30,6
EVT-000762,APP-00110,offer_extended,2024-12-10,10
EVT-000763,APP-00111,screened,2024-04-09,0
EVT-000764,APP-00111,submitted,2024-04-11,2
EVT-000765,APP-00111,client_interview_1,2024-04-19,8
EVT-000766,APP-00111,client_interview_2,2024-04-27,8
EVT-000767,APP-00111,offer_extended,2024-05-07,10
EVT-000768,APP-00111,offer_accepted,2024-05-08,1
EVT-000769,APP-00111,background_check,2024-05-12,4
EVT-000770,APP-00112,screened,2025-02-21,0
EVT-000771,APP-00112,submitted,2025-02-25,4
EVT-000772,APP-00112,client_interview_1,2025-03-06,9
EVT-000773,APP-00112,offer_extended,2025-03-20,14
EVT-000774,APP-00112,offer_accepted,2025-03-20,0
EVT-000775,APP-00112,background_check,2025-03-27,7
EVT-000776,APP-00113,screened,2024-11-12,0
EVT-000777,APP-00113,submitted,2024-11-13,1
EVT-000778,APP-00113,client_interview_1,2024-11-15,2
EVT-000779,APP-00113,offer_extended,2024-11-20,5
EVT-000780,APP-00113,offer_accepted,2024-11-26,6
EVT-000781,APP-00113,background_check,2024-11-30,4
EVT-000782,APP-00114,screened,2024-03-10,0
EVT-000783,APP-00114,submitted,2024-03-13,3
EVT-000784,APP-00114,client_interview_1,2024-03-22,9
EVT-000785,APP-00114,offer_extended,2024-04-05,14
EVT-000786,APP-00114,offer_accepted,2024-04-09,4
EVT-000787,APP-00114,background_check,2024-04-12,3
EVT-000788,APP-00115,screened,2025-02-10,0
EVT-000789,APP-00115,submitted,2025-02-12,2
EVT-000790,APP-00115,client_interview_1,2025-03-03,19
EVT-000791,APP-00115,offer_extended,2025-03-07,4
EVT-000792,APP-00115,offer_accepted,2025-03-12,5
EVT-000793,APP-00115,onboarding_docs_sent,2025-03-19,7
EVT-000794,APP-00115,background_check,2025-03-20,1
EVT-000795,APP-00115,start_date,2025-04-03,14
EVT-000796,APP-00116,screened,2024-08-08,0
EVT-000797,APP-00116,submitted,2024-08-11,3
EVT-000798,APP-00116,client_interview_1,2024-08-13,2
EVT-000799,APP-00116,offer_extended,2024-08-27,14
EVT-000800,APP-00116,offer_accepted,2024-08-30,3
EVT-000801,APP-00116,background_check,2024-09-03,4
EVT-000802,APP-00117,screened,2024-06-02,0
EVT-000803,APP-00117,submitted,2024-06-06,4
EVT-000804,APP-00117,client_interview_1,2024-06-18,12
EVT-000805,APP-00117,offer_extended,2024-06-21,3
EVT-000806,APP-00118,screened,2024-10-06,0
EVT-000807,APP-00118,submitted,2024-10-09,3
EVT-000808,APP-00118,client_interview_1,2024-10-24,15
EVT-000809,APP-00118,offer_extended,2024-11-10,17
EVT-000810,APP-00118,offer_accepted,2024-11-13,3
EVT-000811,APP-00118,background_check,2024-11-16,3
EVT-000812,APP-00118,start_date,2024-12-11,25
EVT-000813,APP-00119,screened,2025-01-30,0
EVT-000814,APP-00119,submitted,2025-02-03,4
EVT-000815,APP-00119,client_interview_1,2025-02-09,6
EVT-000816,APP-00119,offer_extended,2025-02-12,3
EVT-000817,APP-00119,offer_accepted,2025-02-14,2
EVT-000818,APP-00119,background_check,2025-02-19,5
EVT-000819,APP-00119,onboarding_docs_sent,2025-02-25,6
EVT-000820,APP-00119,start_date,2025-03-02,5
EVT-000821,APP-00120,screened,2024-10-23,0
EVT-000822,APP-00120,submitted,2024-10-24,1
EVT-000823,APP-00120,client_interview_1,2024-10-26,2
EVT-000824,APP-00120,offer_extended,2024-11-05,10
EVT-000825,APP-00120,offer_accepted,2024-11-11,6
EVT-000826,APP-00121,screened,2024-04-03,0
EVT-000827,APP-00121,submitted,2024-04-06,3
EVT-000828,APP-00121,client_interview_1,2024-04-11,5
EVT-000829,APP-00121,client_interview_2,2024-04-16,5
EVT-000830,APP-00121,offer_extended,2024-04-22,6
EVT-000831,APP-00121,offer_accepted,2024-04-28,6
EVT-000832,APP-00121,background_check,2024-05-02,4
EVT-000833,APP-00122,screened,2024-03-03,0
EVT-000834,APP-00122,submitted,2024-03-06,3
EVT-000835,APP-00122,client_interview_1,2024-03-24,18
EVT-000836,APP-00122,offer_extended,2024-04-06,13
EVT-000837,APP-00122,offer_accepted,2024-04-12,6
EVT-000838,APP-00122,background_check,2024-04-15,3
EVT-000839,APP-00123,screened,2024-11-12,0
EVT-000840,APP-00123,submitted,2024-11-16,4
EVT-000841,APP-00123,client_interview_1,2024-11-30,14
EVT-000842,APP-00123,offer_extended,2024-12-13,13
EVT-000843,APP-00123,offer_accepted,2024-12-17,4
EVT-000844,APP-00123,background_check,2024-12-24,7
EVT-000845,APP-00124,screened,2024-03-27,0
EVT-000846,APP-00124,submitted,2024-03-28,1
EVT-000847,APP-00124,client_interview_1,2024-03-30,2
EVT-000848,APP-00124,offer_extended,2024-04-05,6
EVT-000849,APP-00124,offer_accepted,2024-04-11,6
EVT-000850,APP-00124,background_check,2024-04-17,6
EVT-000851,APP-00124,onboarding_docs_sent,2024-05-08,21
EVT-000852,APP-00124,start_date,2024-05-10,2
EVT-000853,APP-00125,screened,2024-11-02,0
EVT-000854,APP-00125,submitted,2024-11-06,4
EVT-000855,APP-00125,client_interview_1,2024-11-10,4
EVT-000856,APP-00125,offer_extended,2024-11-16,6
EVT-000857,APP-00125,offer_accepted,2024-11-21,5
EVT-000858,APP-00125,background_check,2024-11-28,7
EVT-000859,APP-00126,screened,2024-06-02,0
EVT-000860,APP-00126,submitted,2024-06-06,4
EVT-000861,APP-00126,client_interview_1,2024-06-13,7
EVT-000862,APP-00126,client_interview_2,2024-06-19,6
EVT-000863,APP-00126,offer_extended,2024-06-28,9
EVT-000864,APP-00126,offer_accepted,2024-07-01,3
EVT-000865,APP-00126,background_check,2024-07-08,7
EVT-000866,APP-00127,screened,2024-10-06,0
EVT-000867,APP-00127,submitted,2024-10-10,4
EVT-000868,APP-00127,client_interview_1,2024-10-23,13
EVT-000869,APP-00127,client_interview_2,2024-10-28,5
EVT-000870,APP-00127,offer_extended,2024-11-09,12
EVT-000871,APP-00127,offer_accepted,2024-11-11,2
EVT-000872,APP-00127,background_check,2024-11-19,8
EVT-000873,APP-00127,onboarding_docs_sent,2024-12-06,17
EVT-000874,APP-00127,start_date,2024-12-06,0
EVT-000875,APP-00128,screened,2024-10-07,0
EVT-000876,APP-00128,submitted,2024-10-10,3
EVT-000877,APP-00128,client_interview_1,2024-10-20,10
EVT-000878,APP-00128,offer_extended,2024-10-24,4
EVT-000879,APP-00128,offer_accepted,2024-10-30,6
EVT-000880,APP-00128,background_check,2024-11-05,6
EVT-000881,APP-00129,screened,2024-07-25,0
EVT-000882,APP-00129,submitted,2024-07-29,4
EVT-000883,APP-00129,client_interview_1,2024-08-12,14
EVT-000884,APP-00129,client_interview_2,2024-08-17,5
EVT-000885,APP-00129,offer_extended,2024-08-18,1
EVT-000886,APP-00129,offer_accepted,2024-08-22,4
EVT-000887,APP-00129,background_check,2024-08-27,5
EVT-000888,APP-00129,onboarding_docs_sent,2024-09-07,11
EVT-000889,APP-00129,start_date,2024-09-12,5
EVT-000890,APP-00130,screened,2024-12-19,0
EVT-000891,APP-00130,submitted,2024-12-20,1
EVT-000892,APP-00130,client_interview_1,2025-01-02,13
EVT-000893,APP-00130,offer_extended,2025-01-04,2
EVT-000894,APP-00130,offer_accepted,2025-01-04,0
EVT-000895,APP-00130,background_check,2025-01-06,2
EVT-000896,APP-00130,onboarding_docs_sent,2025-01-17,11
EVT-000897,APP-00130,start_date,2025-01-19,2
EVT-000898,APP-00131,screened,2024-04-05,0
EVT-000899,APP-00131,submitted,2024-04-08,3
EVT-000900,APP-00131,client_interview_1,2024-04-13,5
EVT-000901,APP-00131,offer_extended,2024-04-17,4
EVT-000902,APP-00132,screened,2024-04-09,0
EVT-000903,APP-00132,submitted,2024-04-13,4
EVT-000904,APP-00132,client_interview_1,2024-04-17,4
EVT-000905,APP-00132,offer_extended,2024-05-02,15
EVT-000906,APP-00132,offer_accepted,2024-05-07,5
EVT-000907,APP-00132,onboarding_docs_sent,2024-05-09,2
EVT-000908,APP-00133,screened,2024-10-31,0
EVT-000909,APP-00133,submitted,2024-11-04,4
EVT-000910,APP-00133,client_interview_1,2024-11-16,12
EVT-000911,APP-00133,offer_extended,2024-11-18,2
EVT-000912,APP-00133,offer_accepted,2024-11-18,0
EVT-000913,APP-00133,background_check,2024-11-21,3
EVT-000914,APP-00133,start_date,2024-12-20,29
EVT-000915,APP-00134,screened,2024-06-12,0
EVT-000916,APP-00134,submitted,2024-06-16,4
EVT-000917,APP-00134,client_interview_1,2024-06-20,4
EVT-000918,APP-00134,client_interview_2,2024-06-30,10
EVT-000919,APP-00134,offer_extended,2024-07-04,4
EVT-000920,APP-00134,offer_accepted,2024-07-04,0
EVT-000921,APP-00134,background_check,2024-07-05,1
EVT-000922,APP-00134,onboarding_docs_sent,2024-08-03,29
EVT-000923,APP-00134,start_date,2024-08-05,2
EVT-000924,APP-00135,screened,2025-04-09,0
EVT-000925,APP-00135,submitted,2025-04-11,2
EVT-000926,APP-00135,client_interview_1,2025-04-11,0
EVT-000927,APP-00135,offer_extended,2025-04-29,18
EVT-000928,APP-00135,offer_accepted,2025-05-03,4
EVT-000929,APP-00135,onboarding_docs_sent,2025-05-04,1
EVT-000930,APP-00135,start_date,2025-05-31,27
EVT-000931,APP-00136,screened,2025-06-03,0
EVT-000932,APP-00136,submitted,2025-06-07,4
EVT-000933,APP-00136,client_interview_1,2025-06-17,10
EVT-000934,APP-00136,offer_extended,2025-06-25,8
EVT-000935,APP-00136,offer_accepted,2025-06-25,0
EVT-000936,APP-00136,start_date,2025-07-15,20
EVT-000937,APP-00137,screened,2024-10-14,0
EVT-000938,APP-00137,submitted,2024-10-18,4
EVT-000939,APP-00137,client_interview_1,2024-10-18,0
EVT-000940,APP-00137,client_interview_2,2024-10-26,8
EVT-000941,APP-00137,offer_extended,2024-10-27,1
EVT-000942,APP-00137,offer_accepted,2024-10-31,4
EVT-000943,APP-00137,background_check,2024-11-08,8
EVT-000944,APP-00137,onboarding_docs_sent,2024-11-21,13
EVT-000945,APP-00137,start_date,2024-11-26,5
EVT-000946,APP-00138,screened,2024-11-24,0
EVT-000947,APP-00138,submitted,2024-11-26,2
EVT-000948,APP-00138,client_interview_1,2024-12-06,10
EVT-000949,APP-00138,offer_extended,2024-12-17,11
EVT-000950,APP-00138,offer_accepted,2024-12-22,5
EVT-000951,APP-00138,start_date,2024-12-28,6
EVT-000952,APP-00139,screened,2024-12-07,0
EVT-000953,APP-00139,client_interview_1,2024-12-07,0
EVT-000954,APP-00139,submitted,2024-12-08,1
EVT-000955,APP-00139,offer_extended,2024-12-20,12
EVT-000956,APP-00139,offer_accepted,2024-12-22,2
EVT-000957,APP-00139,background_check,2024-12-25,3
EVT-000958,APP-00140,screened,2024-05-28,0
EVT-000959,APP-00140,submitted,2024-05-30,2
EVT-000960,APP-00140,client_interview_1,2024-06-12,13
EVT-000961,APP-00140,offer_extended,2024-06-16,4
EVT-000962,APP-00140,offer_accepted,2024-06-16,0
EVT-000963,APP-00140,background_check,2024-06-23,7
EVT-000964,APP-00140,onboarding_docs_sent,2024-07-11,18
EVT-000965,APP-00140,start_date,2024-07-13,2
EVT-000966,APP-00141,screened,2024-11-02,0
EVT-000967,APP-00141,submitted,2024-11-05,3
EVT-000968,APP-00141,client_interview_1,2024-11-18,13
EVT-000969,APP-00141,offer_extended,2024-12-03,15
EVT-000970,APP-00141,offer_accepted,2024-12-06,3
EVT-000971,APP-00142,screened,2024-08-21,0
EVT-000972,APP-00142,submitted,2024-08-22,1
EVT-000973,APP-00142,client_interview_1,2024-08-25,3
EVT-000974,APP-00142,offer_extended,2024-09-06,12
EVT-000975,APP-00143,screened,2025-05-07,0
EVT-000976,APP-00143,submitted,2025-05-10,3
EVT-000977,APP-00143,client_interview_1,2025-05-22,12
EVT-000978,APP-00143,offer_extended,2025-05-27,5
EVT-000979,APP-00143,offer_accepted,2025-05-30,3
EVT-000980,APP-00143,background_check,2025-06-06,7
EVT-000981,APP-00143,start_date,2025-07-17,41
EVT-000982,APP-00144,screened,2024-07-11,0
EVT-000983,APP-00144,submitted,2024-07-15,4
EVT-000984,APP-00144,client_interview_1,2024-07-30,15
EVT-000985,APP-00144,client_interview_2,2024-08-05,6
EVT-000986,APP-00144,offer_extended,2024-08-17,12
EVT-000987,APP-00144,offer_accepted,2024-08-23,6
EVT-000988,APP-00144,onboarding_docs_sent,2024-09-18,26
EVT-000989,APP-00144,start_date,2024-09-19,1
EVT-000990,APP-00145,screened,2024-04-27,0
EVT-000991,APP-00145,client_interview_1,2024-04-28,1
EVT-000992,APP-00145,submitted,2024-04-30,2
EVT-000993,APP-00145,client_interview_2,2024-05-02,2
EVT-000994,APP-00145,offer_extended,2024-05-10,8
EVT-000995,APP-00145,offer_accepted,2024-05-16,6
EVT-000996,APP-00145,background_check,2024-05-23,7
EVT-000997,APP-00145,onboarding_docs_sent,2024-05-31,8
EVT-000998,APP-00145,start_date,2024-06-02,2
EVT-000999,APP-00146,screened,2024-12-10,0
EVT-001000,APP-00146,submitted,2024-12-12,2
EVT-001001,APP-00146,client_interview_1,2024-12-23,11
EVT-001002,APP-00146,offer_extended,2024-12-26,3
EVT-001003,APP-00146,offer_accepted,2024-12-29,3
EVT-001004,APP-00146,background_check,2025-01-02,4
EVT-001005,APP-00146,onboarding_docs_sent,2025-01-18,16
EVT-001006,APP-00146,start_date,2025-01-23,5
EVT-001007,APP-00147,screened,2024-12-10,0
EVT-001008,APP-00147,submitted,2024-12-12,2
EVT-001009,APP-00147,client_interview_1,2024-12-28,16
EVT-001010,APP-00147,offer_extended,2024-12-30,2
EVT-001011,APP-00147,offer_accepted,2024-12-30,0
EVT-001012,APP-00147,background_check,2025-01-04,5
EVT-001013,APP-00147,onboarding_docs_sent,2025-01-05,1
EVT-001014,APP-00147,start_date,2025-01-09,4
EVT-001015,APP-00148,screened,2024-10-28,0
EVT-001016,APP-00148,submitted,2024-10-30,2
EVT-001017,APP-00148,client_interview_1,2024-11-15,16
EVT-001018,APP-00148,client_interview_2,2024-11-22,7
EVT-001019,APP-00148,offer_extended,2024-11-30,8
EVT-001020,APP-00148,offer_accepted,2024-12-01,1
EVT-001021,APP-00148,onboarding_docs_sent,2024-12-16,15
EVT-001022,APP-00148,start_date,2024-12-30,14
EVT-001023,APP-00149,screened,2025-07-16,0
EVT-001024,APP-00149,client_interview_1,2025-07-18,2
EVT-001025,APP-00149,submitted,2025-07-20,2
EVT-001026,APP-00149,offer_extended,2025-07-25,5
EVT-001027,APP-00149,offer_accepted,2025-07-26,1
EVT-001028,APP-00149,background_check,2025-08-02,7
EVT-001029,APP-00150,screened,2024-12-24,0
EVT-001030,APP-00150,submitted,2024-12-25,1
EVT-001031,APP-00150,client_interview_1,2025-01-02,8
EVT-001032,APP-00150,client_interview_2,2025-01-09,7
EVT-001033,APP-00150,offer_extended,2025-01-14,5
EVT-001034,APP-00150,offer_accepted,2025-01-14,0
EVT-001035,APP-00150,background_check,2025-01-19,5
EVT-001036,APP-00150,onboarding_docs_sent,2025-02-04,16
EVT-001037,APP-00150,start_date,2025-02-10,6
EVT-001038,APP-00151,screened,2025-06-11,0
EVT-001039,APP-00151,submitted,2025-06-14,3
EVT-001040,APP-00151,client_interview_1,2025-06-22,8
EVT-001041,APP-00151,client_interview_2,2025-06-24,2
EVT-001042,APP-00151,offer_extended,2025-07-09,15
EVT-001043,APP-00152,screened,2025-03-18,0
EVT-001044,APP-00152,client_interview_1,2025-03-18,0
EVT-001045,APP-00152,submitted,2025-03-21,3
EVT-001046,APP-00152,offer_extended,2025-03-30,9
EVT-001047,APP-00152,offer_accepted,2025-03-30,0
EVT-001048,APP-00152,background_check,2025-04-05,6
EVT-001049,APP-00152,onboarding_docs_sent,2025-05-01,26
EVT-001050,APP-00152,start_date,2025-05-03,2
EVT-001051,APP-00153,screened,2025-04-22,0
EVT-001052,APP-00153,submitted,2025-04-24,2
EVT-001053,APP-00153,client_interview_1,2025-05-06,12
EVT-001054,APP-00153,offer_extended,2025-05-23,17
EVT-001055,APP-00153,offer_accepted,2025-05-23,0
EVT-001056,APP-00153,onboarding_docs_sent,2025-06-03,11
EVT-001057,APP-00153,start_date,2025-06-06,3
EVT-001058,APP-00154,screened,2024-02-22,0
EVT-001059,APP-00154,submitted,2024-02-23,1
EVT-001060,APP-00154,client_interview_1,2024-03-11,17
EVT-001061,APP-00154,offer_extended,2024-03-16,5
EVT-001062,APP-00154,offer_accepted,2024-03-20,4
EVT-001063,APP-00154,background_check,2024-03-22,2
EVT-001064,APP-00154,start_date,2024-03-30,8
EVT-001065,APP-00155,screened,2025-05-01,0
EVT-001066,APP-00155,submitted,2025-05-05,4
EVT-001067,APP-00155,client_interview_1,2025-05-12,7
EVT-001068,APP-00155,client_interview_2,2025-05-16,4
EVT-001069,APP-00155,offer_extended,2025-05-26,10
EVT-001070,APP-00155,offer_accepted,2025-05-31,5
EVT-001071,APP-00155,background_check,2025-06-06,6
EVT-001072,APP-00155,onboarding_docs_sent,2025-06-25,19
EVT-001073,APP-00155,start_date,2025-06-28,3
EVT-001074,APP-00156,screened,2024-10-23,0
EVT-001075,APP-00156,submitted,2024-10-26,3
EVT-001076,APP-00156,client_interview_1,2024-10-28,2
EVT-001077,APP-00156,offer_extended,2024-11-03,6
EVT-001078,APP-00157,screened,2024-03-22,0
EVT-001079,APP-00157,submitted,2024-03-25,3
EVT-001080,APP-00157,client_interview_1,2024-03-31,6
EVT-001081,APP-00157,offer_extended,2024-04-16,16
EVT-001082,APP-00158,screened,2024-10-07,0
EVT-001083,APP-00158,submitted,2024-10-08,1
EVT-001084,APP-00158,client_interview_1,2024-10-12,4
EVT-001085,APP-00158,offer_extended,2024-10-16,4
EVT-001086,APP-00158,offer_accepted,2024-10-21,5
EVT-001087,APP-00158,background_check,2024-10-25,4
EVT-001088,APP-00158,start_date,2024-11-02,8
EVT-001089,APP-00159,screened,2024-10-03,0
EVT-001090,APP-00159,submitted,2024-10-06,3
EVT-001091,APP-00159,client_interview_1,2024-10-17,11
EVT-001092,APP-00159,client_interview_2,2024-10-25,8
EVT-001093,APP-00159,offer_extended,2024-10-26,1
EVT-001094,APP-00159,offer_accepted,2024-10-26,0
EVT-001095,APP-00159,background_check,2024-10-28,2
EVT-001096,APP-00160,screened,2024-11-25,0
EVT-001097,APP-00160,submitted,2024-11-28,3
EVT-001098,APP-00160,client_interview_1,2024-12-02,4
EVT-001099,APP-00160,offer_extended,2024-12-08,6
EVT-001100,APP-00160,offer_accepted,2024-12-09,1
EVT-001101,APP-00160,background_check,2024-12-16,7
EVT-001102,APP-00160,start_date,2025-01-13,28
EVT-001103,APP-00161,screened,2025-04-20,0
EVT-001104,APP-00161,submitted,2025-04-21,1
EVT-001105,APP-00161,client_interview_1,2025-05-05,14
EVT-001106,APP-00161,offer_extended,2025-05-11,6
EVT-001107,APP-00162,screened,2024-09-19,0
EVT-001108,APP-00162,submitted,2024-09-20,1
EVT-001109,APP-00162,client_interview_1,2024-10-04,14
EVT-001110,APP-00162,offer_extended,2024-10-06,2
EVT-001111,APP-00162,offer_accepted,2024-10-09,3
EVT-001112,APP-00163,screened,2024-09-07,0
EVT-001113,APP-00163,submitted,2024-09-09,2
EVT-001114,APP-00163,client_interview_1,2024-09-15,6
EVT-001115,APP-00163,offer_extended,2024-09-26,11
EVT-001116,APP-00163,offer_accepted,2024-09-29,3
EVT-001117,APP-00163,background_check,2024-10-07,8
EVT-001118,APP-00164,screened,2024-03-01,0
EVT-001119,APP-00164,submitted,2024-03-05,4
EVT-001120,APP-00164,client_interview_1,2024-03-18,13
EVT-001121,APP-00164,client_interview_2,2024-03-20,2
EVT-001122,APP-00164,offer_extended,2024-03-27,7
EVT-001123,APP-00165,screened,2025-04-06,0
EVT-001124,APP-00165,submitted,2025-04-09,3
EVT-001125,APP-00165,client_interview_1,2025-04-20,11
EVT-001126,APP-00165,offer_extended,2025-05-08,18
EVT-001127,APP-00165,offer_accepted,2025-05-10,2
EVT-001128,APP-00165,background_check,2025-05-13,3
EVT-001129,APP-00166,screened,2025-05-24,0
EVT-001130,APP-00166,submitted,2025-05-26,2
EVT-001131,APP-00166,client_interview_1,2025-06-12,17
EVT-001132,APP-00166,offer_extended,2025-06-25,13
EVT-001133,APP-00166,offer_accepted,2025-07-01,6
EVT-001134,APP-00166,background_check,2025-07-09,8
EVT-001135,APP-00166,onboarding_docs_sent,2025-07-17,8
EVT-001136,APP-00166,start_date,2025-07-23,6
EVT-001137,APP-00167,screened,2025-07-25,0
EVT-001138,APP-00167,client_interview_1,2025-07-26,1
EVT-001139,APP-00167,submitted,2025-07-27,1
EVT-001140,APP-00167,offer_extended,2025-08-04,8
EVT-001141,APP-00167,offer_accepted,2025-08-08,4
EVT-001142,APP-00167,background_check,2025-08-16,8
EVT-001143,APP-00168,screened,2025-04-21,0
EVT-001144,APP-00168,submitted,2025-04-24,3
EVT-001145,APP-00168,client_interview_1,2025-05-09,15
EVT-001146,APP-00168,offer_extended,2025-05-11,2
EVT-001147,APP-00168,offer_accepted,2025-05-16,5
EVT-001148,APP-00168,background_check,2025-05-21,5
EVT-001149,APP-00169,screened,2024-10-28,0
EVT-001150,APP-00169,submitted,2024-11-01,4
EVT-001151,APP-00169,client_interview_1,2024-11-12,11
EVT-001152,APP-00169,offer_extended,2024-11-23,11
EVT-001153,APP-00169,offer_accepted,2024-11-24,1
EVT-001154,APP-00169,onboarding_docs_sent,2024-12-12,18
EVT-001155,APP-00169,start_date,2024-12-22,10
EVT-001156,APP-00170,screened,2025-02-01,0
EVT-001157,APP-00170,submitted,2025-02-04,3
EVT-001158,APP-00170,client_interview_1,2025-02-08,4
EVT-001159,APP-00170,offer_extended,2025-02-14,6
EVT-001160,APP-00170,offer_accepted,2025-02-16,2
EVT-001161,APP-00170,background_check,2025-02-18,2
EVT-001162,APP-00170,start_date,2025-03-18,28
EVT-001163,APP-00171,screened,2024-10-24,0
EVT-001164,APP-00171,submitted,2024-10-25,1
EVT-001165,APP-00171,client_interview_1,2024-10-28,3
EVT-001166,APP-00171,offer_extended,2024-11-02,5
EVT-001167,APP-00171,offer_accepted,2024-11-08,6
EVT-001168,APP-00171,background_check,2024-11-09,1
EVT-001169,APP-00171,onboarding_docs_sent,2024-11-25,16
EVT-001170,APP-00171,start_date,2024-12-12,17
EVT-001171,APP-00172,screened,2025-03-13,0
EVT-001172,APP-00172,submitted,2025-03-15,2
EVT-001173,APP-00172,client_interview_1,2025-03-24,9
EVT-001174,APP-00172,offer_extended,2025-04-05,12
EVT-001175,APP-00172,offer_accepted,2025-04-06,1
EVT-001176,APP-00172,background_check,2025-04-10,4
EVT-001177,APP-00173,screened,2024-12-12,0
EVT-001178,APP-00173,submitted,2024-12-14,2
EVT-001179,APP-00173,client_interview_1,2024-12-31,17
EVT-001180,APP-00173,client_interview_2,2025-01-04,4
EVT-001181,APP-00173,offer_extended,2025-01-13,9
EVT-001182,APP-00173,offer_accepted,2025-01-14,1
EVT-001183,APP-00173,background_check,2025-01-15,1
EVT-001184,APP-00173,onboarding_docs_sent,2025-02-11,27
EVT-001185,APP-00173,start_date,2025-03-06,23
EVT-001186,APP-00174,screened,2025-06-06,0
EVT-001187,APP-00174,client_interview_1,2025-06-08,2
EVT-001188,APP-00174,submitted,2025-06-09,1
EVT-001189,APP-00174,offer_extended,2025-06-22,13
EVT-001190,APP-00174,offer_accepted,2025-06-28,6
EVT-001191,APP-00174,background_check,2025-06-29,1
EVT-001192,APP-00175,screened,2025-03-26,0
EVT-001193,APP-00175,submitted,2025-03-27,1
EVT-001194,APP-00175,client_interview_1,2025-04-07,11
EVT-001195,APP-00175,offer_extended,2025-04-11,4
EVT-001196,APP-00175,offer_accepted,2025-04-12,1
EVT-001197,APP-00175,background_check,2025-04-13,1
EVT-001198,APP-00175,onboarding_docs_sent,2025-05-01,18
EVT-001199,APP-00175,start_date,2025-05-02,1
EVT-001200,APP-00176,screened,2025-02-21,0
EVT-001201,APP-00176,submitted,2025-02-25,4
EVT-001202,APP-00176,client_interview_1,2025-03-02,5
EVT-001203,APP-00176,offer_extended,2025-03-06,4
EVT-001204,APP-00177,screened,2025-04-24,0
EVT-001205,APP-00177,submitted,2025-04-28,4
EVT-001206,APP-00177,client_interview_1,2025-05-12,14
EVT-001207,APP-00177,offer_extended,2025-05-26,14
EVT-001208,APP-00177,offer_accepted,2025-05-28,2
EVT-001209,APP-00177,background_check,2025-05-30,2
EVT-001210,APP-00177,onboarding_docs_sent,2025-06-20,21
EVT-001211,APP-00178,screened,2025-02-22,0
EVT-001212,APP-00178,submitted,2025-02-25,3
EVT-001213,APP-00178,client_interview_1,2025-02-26,1
EVT-001214,APP-00178,offer_extended,2025-03-09,11
EVT-001215,APP-00178,offer_accepted,2025-03-09,0
EVT-001216,APP-00178,onboarding_docs_sent,2025-03-25,16
EVT-001217,APP-00178,start_date,2025-04-09,15
EVT-001218,APP-00179,screened,2025-03-08,0
EVT-001219,APP-00179,client_interview_1,2025-03-10,2
EVT-001220,APP-00179,submitted,2025-03-12,2
EVT-001221,APP-00179,offer_extended,2025-03-14,2
EVT-001222,APP-00179,offer_accepted,2025-03-16,2
EVT-001223,APP-00179,background_check,2025-03-24,8
EVT-001224,APP-00180,screened,2024-11-06,0
EVT-001225,APP-00180,submitted,2024-11-07,1
EVT-001226,APP-00180,client_interview_1,2024-11-22,15
EVT-001227,APP-00180,client_interview_2,2024-11-26,4
EVT-001228,APP-00180,offer_extended,2024-11-29,3
EVT-001229,APP-00181,screened,2025-07-30,0
EVT-001230,APP-00181,submitted,2025-08-01,2
EVT-001231,APP-00181,client_interview_1,2025-08-09,8
EVT-001232,APP-00181,offer_extended,2025-08-14,5
EVT-001233,APP-00182,screened,2024-03-09,0
EVT-001234,APP-00182,submitted,2024-03-13,4
EVT-001235,APP-00182,client_interview_1,2024-03-25,12
EVT-001236,APP-00182,offer_extended,2024-04-02,8
EVT-001237,APP-00182,offer_accepted,2024-04-02,0
EVT-001238,APP-00182,onboarding_docs_sent,2024-04-08,6
EVT-001239,APP-00182,background_check,2024-04-10,2
EVT-001240,APP-00182,start_date,2024-04-12,2
EVT-001241,APP-00183,screened,2024-02-24,0
EVT-001242,APP-00183,submitted,2024-02-25,1
EVT-001243,APP-00183,client_interview_1,2024-03-13,17
EVT-001244,APP-00183,offer_extended,2024-03-23,10
EVT-001245,APP-00184,screened,2024-05-09,0
EVT-001246,APP-00184,submitted,2024-05-13,4
EVT-001247,APP-00184,client_interview_1,2024-05-25,12
EVT-001248,APP-00184,offer_extended,2024-06-10,16
EVT-001249,APP-00184,offer_accepted,2024-06-12,2
EVT-001250,APP-00184,background_check,2024-06-18,6
EVT-001251,APP-00184,start_date,2024-06-27,9
EVT-001252,APP-00185,screened,2024-12-30,0
EVT-001253,APP-00185,submitted,2025-01-03,4
EVT-001254,APP-00185,client_interview_1,2025-01-12,9
EVT-001255,APP-00185,offer_extended,2025-01-21,9
EVT-001256,APP-00186,screened,2025-01-20,0
EVT-001257,APP-00186,submitted,2025-01-24,4
EVT-001258,APP-00186,client_interview_1,2025-02-05,12
EVT-001259,APP-00186,client_interview_2,2025-02-11,6
EVT-001260,APP-00186,offer_extended,2025-02-14,3
EVT-001261,APP-00186,offer_accepted,2025-02-17,3
EVT-001262,APP-00186,background_check,2025-02-20,3
EVT-001263,APP-00187,screened,2025-01-22,0
EVT-001264,APP-00187,submitted,2025-01-23,1
EVT-001265,APP-00187,client_interview_1,2025-01-26,3
EVT-001266,APP-00187,client_interview_2,2025-01-29,3
EVT-001267,APP-00187,offer_extended,2025-01-31,2
EVT-001268,APP-00188,screened,2024-10-13,0
EVT-001269,APP-00188,submitted,2024-10-17,4
EVT-001270,APP-00188,client_interview_1,2024-10-29,12
EVT-001271,APP-00188,client_interview_2,2024-11-05,7
EVT-001272,APP-00188,offer_extended,2024-11-06,1
EVT-001273,APP-00188,offer_accepted,2024-11-12,6
EVT-001274,APP-00188,background_check,2024-11-13,1
EVT-001275,APP-00189,screened,2024-10-08,0
EVT-001276,APP-00189,submitted,2024-10-09,1
EVT-001277,APP-00189,client_interview_1,2024-10-26,17
EVT-001278,APP-00189,client_interview_2,2024-11-03,8
EVT-001279,APP-00189,offer_extended,2024-11-07,4
EVT-001280,APP-00190,screened,2025-06-06,0
EVT-001281,APP-00190,submitted,2025-06-09,3
EVT-001282,APP-00190,client_interview_1,2025-06-13,4
EVT-001283,APP-00190,offer_extended,2025-06-19,6
EVT-001284,APP-00190,offer_accepted,2025-06-23,4
EVT-001285,APP-00190,background_check,2025-06-27,4
EVT-001286,APP-00190,onboarding_docs_sent,2025-07-13,16
EVT-001287,APP-00190,start_date,2025-07-18,5
EVT-001288,APP-00191,screened,2024-11-10,0
EVT-001289,APP-00191,submitted,2024-11-11,1
EVT-001290,APP-00191,client_interview_1,2024-11-23,12
EVT-001291,APP-00191,client_interview_2,2024-12-03,10
EVT-001292,APP-00191,offer_extended,2024-12-08,5
EVT-001293,APP-00192,screened,2025-05-12,0
EVT-001294,APP-00192,submitted,2025-05-13,1
EVT-001295,APP-00192,client_interview_1,2025-05-25,12
EVT-001296,APP-00192,offer_extended,2025-05-28,3
EVT-001297,APP-00193,screened,2024-03-06,0
EVT-001298,APP-00193,submitted,2024-03-10,4
EVT-001299,APP-00193,client_interview_1,2024-03-17,7
EVT-001300,APP-00193,offer_extended,2024-03-28,11
EVT-001301,APP-00193,offer_accepted,2024-03-30,2
EVT-001302,APP-00193,start_date,2024-04-21,22
EVT-001303,APP-00194,screened,2024-07-22,0
EVT-001304,APP-00194,submitted,2024-07-25,3
EVT-001305,APP-00194,client_interview_1,2024-08-04,10
EVT-001306,APP-00194,client_interview_2,2024-08-10,6
EVT-001307,APP-00194,offer_extended,2024-08-14,4
EVT-001308,APP-00194,offer_accepted,2024-08-19,5
EVT-001309,APP-00194,background_check,2024-08-24,5
EVT-001310,APP-00195,screened,2025-07-23,0
EVT-001311,APP-00195,submitted,2025-07-26,3
EVT-001312,APP-00195,client_interview_1,2025-08-09,14
EVT-001313,APP-00195,client_interview_2,2025-08-13,4
EVT-001314,APP-00195,offer_extended,2025-08-16,3
EVT-001315,APP-00195,offer_accepted,2025-08-16,0
EVT-001316,APP-00195,background_check,2025-08-23,7
EVT-001317,APP-00195,onboarding_docs_sent,2025-08-29,6
EVT-001318,APP-00195,start_date,2025-09-05,7
EVT-001319,APP-00196,screened,2024-10-23,0
EVT-001320,APP-00196,submitted,2024-10-24,1
EVT-001321,APP-00196,client_interview_1,2024-11-09,16
EVT-001322,APP-00196,offer_extended,2024-11-12,3
EVT-001323,APP-00196,offer_accepted,2024-11-14,2
EVT-001324,APP-00196,background_check,2024-11-21,7
EVT-001325,APP-00197,screened,2025-05-14,0
EVT-001326,APP-00197,submitted,2025-05-17,3
EVT-001327,APP-00197,client_interview_1,2025-05-29,12
EVT-001328,APP-00197,client_interview_2,2025-06-04,6
EVT-001329,APP-00197,offer_extended,2025-06-14,10
EVT-001330,APP-00197,offer_accepted,2025-06-15,1
EVT-001331,APP-00197,background_check,2025-06-17,2
EVT-001332,APP-00198,screened,2025-05-23,0
EVT-001333,APP-00198,submitted,2025-05-25,2
EVT-001334,APP-00198,client_interview_1,2025-06-04,10
EVT-001335,APP-00198,offer_extended,2025-06-06,2
EVT-001336,APP-00198,offer_accepted,2025-06-09,3
EVT-001337,APP-00198,onboarding_docs_sent,2025-06-13,4
EVT-001338,APP-00198,background_check,2025-06-14,1
EVT-001339,APP-00199,screened,2024-03-02,0
EVT-001340,APP-00199,submitted,2024-03-06,4
EVT-001341,APP-00199,client_interview_1,2024-03-18,12
EVT-001342,APP-00199,offer_extended,2024-03-20,2
EVT-001343,APP-00199,offer_accepted,2024-03-26,6
EVT-001344,APP-00199,background_check,2024-03-28,2
EVT-001345,APP-00199,onboarding_docs_sent,2024-04-22,25
EVT-001346,APP-00199,start_date,2024-04-22,0
EVT-001347,APP-00200,screened,2024-11-05,0
EVT-001348,APP-00200,submitted,2024-11-09,4
EVT-001349,APP-00200,client_interview_1,2024-11-15,6
EVT-001350,APP-00200,offer_extended,2024-11-25,10
EVT-001351,APP-00200,offer_accepted,2024-11-28,3
EVT-001352,APP-00200,background_check,2024-12-02,4
EVT-001353,APP-00201,screened,2025-02-24,0
EVT-001354,APP-00201,submitted,2025-02-25,1
EVT-001355,APP-00201,client_interview_1,2025-02-27,2
EVT-001356,APP-00201,offer_extended,2025-03-01,2
EVT-001357,APP-00201,offer_accepted,2025-03-05,4
EVT-001358,APP-00201,start_date,2025-04-01,27
EVT-001359,APP-00202,screened,2025-07-24,0
EVT-001360,APP-00202,submitted,2025-07-27,3
EVT-001361,APP-00202,client_interview_1,2025-08-04,8
EVT-001362,APP-00202,client_interview_2,2025-08-06,2
EVT-001363,APP-00202,offer_extended,2025-08-14,8
EVT-001364,APP-00203,screened,2025-05-22,0
EVT-001365,APP-00203,submitted,2025-05-26,4
EVT-001366,APP-00203,client_interview_1,2025-06-03,8
EVT-001367,APP-00203,client_interview_2,2025-06-11,8
EVT-001368,APP-00203,offer_extended,2025-06-15,4
EVT-001369,APP-00203,offer_accepted,2025-06-20,5
EVT-001370,APP-00203,background_check,2025-06-24,4
EVT-001371,APP-00204,screened,2024-04-04,0
EVT-001372,APP-00204,submitted,2024-04-05,1
EVT-001373,APP-00204,client_interview_1,2024-04-23,18
EVT-001374,APP-00204,client_interview_2,2024-04-25,2
EVT-001375,APP-00204,offer_extended,2024-05-01,6
EVT-001376,APP-00204,offer_accepted,2024-05-03,2
EVT-001377,APP-00204,background_check,2024-05-18,15
EVT-001378,APP-00205,screened,2024-10-22,0
EVT-001379,APP-00205,submitted,2024-10-26,4
EVT-001380,APP-00205,client_interview_1,2024-11-11,16
EVT-001381,APP-00205,offer_extended,2024-11-18,7
EVT-001382,APP-00205,offer_accepted,2024-11-20,2
EVT-001383,APP-00205,background_check,2024-11-28,8
EVT-001384,APP-00206,screened,2024-03-20,0
EVT-001385,APP-00206,client_interview_1,2024-03-23,3
EVT-001386,APP-00206,submitted,2024-03-24,1
EVT-001387,APP-00206,offer_extended,2024-04-01,8
EVT-001388,APP-00206,offer_accepted,2024-04-03,2
EVT-001389,APP-00206,background_check,2024-04-10,7
EVT-001390,APP-00206,onboarding_docs_sent,2024-04-14,4
EVT-001391,APP-00206,start_date,2024-04-18,4
EVT-001392,APP-00207,screened,2025-02-16,0
EVT-001393,APP-00207,submitted,2025-02-19,3
EVT-001394,APP-00207,client_interview_1,2025-02-20,1
EVT-001395,APP-00207,offer_extended,2025-02-24,4
EVT-001396,APP-00207,offer_accepted,2025-02-27,3
EVT-001397,APP-00207,background_check,2025-03-05,6
EVT-001398,APP-00207,onboarding_docs_sent,2025-03-11,6
EVT-001399,APP-00207,start_date,2025-03-31,20
EVT-001400,APP-00208,screened,2025-01-30,0
EVT-001401,APP-00208,submitted,2025-02-03,4
EVT-001402,APP-00208,client_interview_1,2025-02-07,4
EVT-001403,APP-00208,offer_extended,2025-02-19,12
EVT-001404,APP-00208,offer_accepted,2025-02-22,3
EVT-001405,APP-00208,background_check,2025-03-01,7
EVT-001406,APP-00208,start_date,2025-03-19,18
EVT-001407,APP-00209,screened,2025-06-15,0
EVT-001408,APP-00209,submitted,2025-06-17,2
EVT-001409,APP-00209,client_interview_1,2025-06-17,0
EVT-001410,APP-00209,offer_extended,2025-06-19,2
EVT-001411,APP-00209,offer_accepted,2025-06-22,3
EVT-001412,APP-00209,background_check,2025-06-24,2
EVT-001413,APP-00209,onboarding_docs_sent,2025-07-05,11
EVT-001414,APP-00209,start_date,2025-07-07,2
EVT-001415,APP-00210,screened,2024-05-18,0
EVT-001416,APP-00210,submitted,2024-05-21,3
EVT-001417,APP-00210,client_interview_1,2024-05-23,2
EVT-001418,APP-00210,offer_extended,2024-06-07,15
EVT-001419,APP-00210,offer_accepted,2024-06-12,5
EVT-001420,APP-00210,background_check,2024-06-15,3
EVT-001421,APP-00210,onboarding_docs_sent,2024-06-28,13
EVT-001422,APP-00210,start_date,2024-07-15,17
EVT-001423,APP-00211,screened,2024-11-25,0
EVT-001424,APP-00211,submitted,2024-11-27,2
EVT-001425,APP-00211,client_interview_1,2024-12-12,15
EVT-001426,APP-00211,client_interview_2,2024-12-16,4
EVT-001427,APP-00211,offer_extended,2024-12-20,4
EVT-001428,APP-00211,offer_accepted,2024-12-20,0
EVT-001429,APP-00211,background_check,2024-12-22,2
EVT-001430,APP-00211,onboarding_docs_sent,2025-01-14,23
EVT-001431,APP-00211,start_date,2025-01-19,5
EVT-001432,APP-00212,screened,2024-05-27,0
EVT-001433,APP-00212,submitted,2024-05-31,4
EVT-001434,APP-00212,client_interview_1,2024-06-12,12
EVT-001435,APP-00212,offer_extended,2024-06-23,11
EVT-001436,APP-00213,screened,2024-12-01,0
EVT-001437,APP-00213,submitted,2024-12-04,3
EVT-001438,APP-00213,client_interview_1,2024-12-17,13
EVT-001439,APP-00213,offer_extended,2024-12-29,12
EVT-001440,APP-00213,offer_accepted,2025-01-01,3
EVT-001441,APP-00213,background_check,2025-01-04,3
EVT-001442,APP-00214,screened,2024-07-19,0
EVT-001443,APP-00214,submitted,2024-07-20,1
EVT-001444,APP-00214,client_interview_1,2024-07-31,11
EVT-001445,APP-00214,offer_extended,2024-08-02,2
EVT-001446,APP-00214,offer_accepted,2024-08-03,1
EVT-001447,APP-00214,background_check,2024-08-08,5
EVT-001448,APP-00214,onboarding_docs_sent,2024-08-16,8
EVT-001449,APP-00214,start_date,2024-08-19,3
EVT-001450,APP-00215,screened,2024-10-18,0
EVT-001451,APP-00215,submitted,2024-10-21,3
EVT-001452,APP-00215,client_interview_1,2024-10-22,1
EVT-001453,APP-00215,offer_extended,2024-11-05,14
EVT-001454,APP-00215,offer_accepted,2024-11-10,5
EVT-001455,APP-00215,background_check,2024-11-16,6
EVT-001456,APP-00216,screened,2025-01-07,0
EVT-001457,APP-00216,submitted,2025-01-08,1
EVT-001458,APP-00216,client_interview_1,2025-01-09,1
EVT-001459,APP-00216,offer_extended,2025-01-14,5
EVT-001460,APP-00216,offer_accepted,2025-01-17,3
EVT-001461,APP-00217,screened,2024-10-14,0
EVT-001462,APP-00217,submitted,2024-10-18,4
EVT-001463,APP-00217,client_interview_1,2024-10-26,8
EVT-001464,APP-00217,offer_extended,2024-11-10,15
EVT-001465,APP-00217,offer_accepted,2024-11-15,5
EVT-001466,APP-00217,background_check,2024-11-16,1
EVT-001467,APP-00217,onboarding_docs_sent,2024-11-18,2
EVT-001468,APP-00218,screened,2025-06-27,0
EVT-001469,APP-00218,submitted,2025-06-30,3
EVT-001470,APP-00218,client_interview_1,2025-07-15,15
EVT-001471,APP-00218,offer_extended,2025-07-20,5
EVT-001472,APP-00218,offer_accepted,2025-07-22,2
EVT-001473,APP-00218,background_check,2025-07-23,1
EVT-001474,APP-00219,screened,2024-04-03,0
EVT-001475,APP-00219,submitted,2024-04-04,1
EVT-001476,APP-00219,client_interview_1,2024-04-08,4
EVT-001477,APP-00219,offer_extended,2024-04-11,3
EVT-001478,APP-00220,screened,2024-12-01,0
EVT-001479,APP-00220,submitted,2024-12-02,1
EVT-001480,APP-00220,client_interview_1,2024-12-04,2
EVT-001481,APP-00220,offer_extended,2024-12-09,5
EVT-001482,APP-00220,offer_accepted,2024-12-15,6
EVT-001483,APP-00220,background_check,2024-12-19,4
EVT-001484,APP-00220,onboarding_docs_sent,2025-01-02,14
EVT-001485,APP-00220,start_date,2025-01-06,4
EVT-001486,APP-00221,screened,2024-04-24,0
EVT-001487,APP-00221,submitted,2024-04-27,3
EVT-001488,APP-00221,client_interview_1,2024-05-10,13
EVT-001489,APP-00221,client_interview_2,2024-05-16,6
EVT-001490,APP-00221,offer_extended,2024-05-21,5
EVT-001491,APP-00221,offer_accepted,2024-05-23,2
EVT-001492,APP-00221,background_check,2024-05-29,6
EVT-001493,APP-00221,onboarding_docs_sent,2024-06-13,15
EVT-001494,APP-00221,start_date,2024-06-13,0
EVT-001495,APP-00222,screened,2024-12-06,0
EVT-001496,APP-00222,submitted,2024-12-07,1
EVT-001497,APP-00222,client_interview_1,2024-12-10,3
EVT-001498,APP-00222,offer_extended,2024-12-15,5
EVT-001499,APP-00222,offer_accepted,2024-12-21,6
EVT-001500,APP-00222,background_check,2024-12-26,5
EVT-001501,APP-00222,onboarding_docs_sent,2025-01-12,17
EVT-001502,APP-00222,start_date,2025-01-17,5
EVT-001503,APP-00223,screened,2024-06-03,0
EVT-001504,APP-00223,submitted,2024-06-06,3
EVT-001505,APP-00223,client_interview_1,2024-06-13,7
EVT-001506,APP-00223,offer_extended,2024-06-17,4
EVT-001507,APP-00223,offer_accepted,2024-06-19,2
EVT-001508,APP-00223,onboarding_docs_sent,2024-07-03,14
EVT-001509,APP-00224,screened,2024-08-31,0
EVT-001510,APP-00224,submitted,2024-09-01,1
EVT-001511,APP-00224,client_interview_1,2024-09-17,16
EVT-001512,APP-00224,client_interview_2,2024-09-25,8
EVT-001513,APP-00224,offer_extended,2024-10-02,7
EVT-001514,APP-00225,screened,2024-12-26,0
EVT-001515,APP-00225,submitted,2024-12-28,2
EVT-001516,APP-00225,client_interview_1,2025-01-11,14
EVT-001517,APP-00225,offer_extended,2025-01-27,16
EVT-001518,APP-00225,offer_accepted,2025-01-28,1
EVT-001519,APP-00225,background_check,2025-01-30,2
EVT-001520,APP-00226,screened,2025-01-09,0
EVT-001521,APP-00226,submitted,2025-01-12,3
EVT-001522,APP-00226,client_interview_1,2025-01-22,10
EVT-001523,APP-00226,client_interview_2,2025-01-28,6
EVT-001524,APP-00226,offer_extended,2025-02-07,10
EVT-001525,APP-00226,offer_accepted,2025-02-07,0
EVT-001526,APP-00226,background_check,2025-02-11,4
EVT-001527,APP-00226,onboarding_docs_sent,2025-02-15,4
EVT-001528,APP-00226,start_date,2025-02-19,4
EVT-001529,APP-00227,screened,2024-12-07,0
EVT-001530,APP-00227,submitted,2024-12-09,2
EVT-001531,APP-00227,client_interview_1,2024-12-27,18
EVT-001532,APP-00227,offer_extended,2025-01-05,9
EVT-001533,APP-00227,offer_accepted,2025-01-10,5
EVT-001534,APP-00227,background_check,2025-01-15,5
EVT-001535,APP-00227,start_date,2025-02-13,29
EVT-001536,APP-00228,screened,2024-07-11,0
EVT-001537,APP-00228,submitted,2024-07-12,1
EVT-001538,APP-00228,client_interview_1,2024-07-26,14
EVT-001539,APP-00228,offer_extended,2024-08-01,6
EVT-001540,APP-00229,screened,2025-01-11,0
EVT-001541,APP-00229,submitted,2025-01-15,4
EVT-001542,APP-00229,client_interview_1,2025-01-28,13
EVT-001543,APP-00229,client_interview_2,2025-02-01,4
EVT-001544,APP-00229,offer_extended,2025-02-14,13
EVT-001545,APP-00229,offer_accepted,2025-02-20,6
EVT-001546,APP-00229,background_check,2025-02-23,3
EVT-001547,APP-00229,onboarding_docs_sent,2025-02-28,5
EVT-001548,APP-00229,start_date,2025-02-28,0
EVT-001549,APP-00230,screened,2024-06-03,0
EVT-001550,APP-00230,submitted,2024-06-06,3
EVT-001551,APP-00230,client_interview_1,2024-06-15,9
EVT-001552,APP-00230,offer_extended,2024-06-29,14
EVT-001553,APP-00230,offer_accepted,2024-07-05,6
EVT-001554,APP-00230,background_check,2024-07-13,8
EVT-001555,APP-00231,screened,2024-12-26,0
EVT-001556,APP-00231,submitted,2024-12-28,2
EVT-001557,APP-00231,client_interview_1,2025-01-10,13
EVT-001558,APP-00231,offer_extended,2025-01-12,2
EVT-001559,APP-00231,offer_accepted,2025-01-12,0
EVT-001560,APP-00231,background_check,2025-01-20,8
EVT-001561,APP-00231,start_date,2025-02-03,14
EVT-001562,APP-00232,screened,2024-04-06,0
EVT-001563,APP-00232,submitted,2024-04-09,3
EVT-001564,APP-00232,client_interview_1,2024-04-25,16
EVT-001565,APP-00232,offer_extended,2024-05-03,8
EVT-001566,APP-00233,screened,2024-03-05,0
EVT-001567,APP-00233,submitted,2024-03-09,4
EVT-001568,APP-00233,client_interview_1,2024-03-20,11
EVT-001569,APP-00233,offer_extended,2024-04-02,13
EVT-001570,APP-00233,offer_accepted,2024-04-07,5
EVT-001571,APP-00233,background_check,2024-04-14,7
EVT-001572,APP-00233,start_date,2024-04-25,11
EVT-001573,APP-00234,screened,2025-04-18,0
EVT-001574,APP-00234,submitted,2025-04-20,2
EVT-001575,APP-00234,client_interview_1,2025-05-06,16
EVT-001576,APP-00234,offer_extended,2025-05-19,13
EVT-001577,APP-00234,offer_accepted,2025-05-24,5
EVT-001578,APP-00234,start_date,2025-06-05,12
EVT-001579,APP-00235,screened,2024-09-26,0
EVT-001580,APP-00235,submitted,2024-09-27,1
EVT-001581,APP-00235,client_interview_1,2024-10-07,10
EVT-001582,APP-00235,client_interview_2,2024-10-11,4
EVT-001583,APP-00235,offer_extended,2024-10-15,4
EVT-001584,APP-00235,offer_accepted,2024-10-16,1
EVT-001585,APP-00235,background_check,2024-10-19,3
EVT-001586,APP-00235,start_date,2024-10-28,9
EVT-001587,APP-00236,screened,2024-10-31,0
EVT-001588,APP-00236,submitted,2024-11-02,2
EVT-001589,APP-00236,client_interview_1,2024-11-21,19
EVT-001590,APP-00236,offer_extended,2024-11-26,5
EVT-001591,APP-00237,screened,2024-11-24,0
EVT-001592,APP-00237,submitted,2024-11-25,1
EVT-001593,APP-00237,client_interview_1,2024-12-10,15
EVT-001594,APP-00237,client_interview_2,2024-12-18,8
EVT-001595,APP-00237,offer_extended,2024-12-28,10
EVT-001596,APP-00238,screened,2024-09-16,0
EVT-001597,APP-00238,submitted,2024-09-18,2
EVT-001598,APP-00238,client_interview_1,2024-09-27,9
EVT-001599,APP-00238,client_interview_2,2024-09-30,3
EVT-001600,APP-00238,offer_extended,2024-10-15,15
EVT-001601,APP-00238,offer_accepted,2024-10-18,3
EVT-001602,APP-00238,background_check,2024-10-19,1
EVT-001603,APP-00238,onboarding_docs_sent,2024-11-06,18
EVT-001604,APP-00238,start_date,2024-11-08,2
EVT-001605,APP-00239,screened,2025-01-05,0
EVT-001606,APP-00239,submitted,2025-01-07,2
EVT-001607,APP-00239,client_interview_1,2025-01-15,8
EVT-001608,APP-00239,client_interview_2,2025-01-21,6
EVT-001609,APP-00239,offer_extended,2025-01-31,10
EVT-001610,APP-00239,offer_accepted,2025-02-06,6
EVT-001611,APP-00239,onboarding_docs_sent,2025-02-12,6
EVT-001612,APP-00239,start_date,2025-02-14,2
EVT-001613,APP-00240,screened,2024-03-22,0
EVT-001614,APP-00240,submitted,2024-03-26,4
EVT-001615,APP-00240,client_interview_1,2024-03-28,2
EVT-001616,APP-00240,offer_extended,2024-04-05,8
EVT-001617,APP-00240,offer_accepted,2024-04-06,1
EVT-001618,APP-00241,screened,2024-10-20,0
EVT-001619,APP-00241,submitted,2024-10-23,3
EVT-001620,APP-00241,client_interview_1,2024-11-08,16
EVT-001621,APP-00241,client_interview_2,2024-11-12,4
EVT-001622,APP-00241,offer_extended,2024-11-20,8
EVT-001623,APP-00241,offer_accepted,2024-11-25,5
EVT-001624,APP-00241,onboarding_docs_sent,2024-11-30,5
EVT-001625,APP-00241,background_check,2024-12-02,2
EVT-001626,APP-00241,start_date,2024-12-03,1
EVT-001627,APP-00242,screened,2025-06-11,0
EVT-001628,APP-00242,client_interview_1,2025-06-13,2
EVT-001629,APP-00242,submitted,2025-06-14,1
EVT-001630,APP-00242,client_interview_2,2025-06-18,4
EVT-001631,APP-00242,offer_extended,2025-07-01,13
EVT-001632,APP-00242,offer_accepted,2025-07-01,0
EVT-001633,APP-00242,onboarding_docs_sent,2025-07-07,6
EVT-001634,APP-00242,background_check,2025-07-09,2
EVT-001635,APP-00242,start_date,2025-07-26,17
EVT-001636,APP-00243,screened,2025-04-12,0
EVT-001637,APP-00243,submitted,2025-04-14,2
EVT-001638,APP-00243,client_interview_1,2025-04-19,5
EVT-001639,APP-00243,offer_extended,2025-04-22,3
EVT-001640,APP-00243,offer_accepted,2025-04-27,5
EVT-001641,APP-00243,background_check,2025-04-28,1
EVT-001642,APP-00243,onboarding_docs_sent,2025-05-25,27
EVT-001643,APP-00243,start_date,2025-05-27,2
EVT-001644,APP-00244,screened,2025-05-13,0
EVT-001645,APP-00244,submitted,2025-05-15,2
EVT-001646,APP-00244,client_interview_1,2025-05-30,15
EVT-001647,APP-00244,offer_extended,2025-06-08,9
EVT-001648,APP-00244,offer_accepted,2025-06-13,5
EVT-001649,APP-00244,background_check,2025-06-19,6
EVT-001650,APP-00244,onboarding_docs_sent,2025-07-03,14
EVT-001651,APP-00244,start_date,2025-07-28,25
EVT-001652,APP-00245,screened,2025-04-12,0
EVT-001653,APP-00245,submitted,2025-04-16,4
EVT-001654,APP-00245,client_interview_1,2025-04-25,9
EVT-001655,APP-00245,offer_extended,2025-04-28,3
EVT-001656,APP-00245,offer_accepted,2025-04-28,0
EVT-001657,APP-00245,background_check,2025-05-05,7
EVT-001658,APP-00245,start_date,2025-05-31,26
EVT-001659,APP-00246,screened,2024-10-25,0
EVT-001660,APP-00246,submitted,2024-10-26,1
EVT-001661,APP-00246,client_interview_1,2024-11-13,18
EVT-001662,APP-00246,client_interview_2,2024-11-16,3
EVT-001663,APP-00246,offer_extended,2024-11-21,5
EVT-001664,APP-00246,offer_accepted,2024-11-27,6
EVT-001665,APP-00246,background_check,2024-11-29,2
EVT-001666,APP-00246,start_date,2024-12-24,25
EVT-001667,APP-00247,screened,2025-02-12,0
EVT-001668,APP-00247,submitted,2025-02-14,2
EVT-001669,APP-00247,client_interview_1,2025-02-14,0
EVT-001670,APP-00247,client_interview_2,2025-02-24,10
EVT-001671,APP-00247,offer_extended,2025-03-01,5
EVT-001672,APP-00247,offer_accepted,2025-03-03,2
EVT-001673,APP-00247,background_check,2025-03-06,3
EVT-001674,APP-00247,start_date,2025-03-28,22
EVT-001675,APP-00248,screened,2024-04-13,0
EVT-001676,APP-00248,submitted,2024-04-17,4
EVT-001677,APP-00248,client_interview_1,2024-04-23,6
EVT-001678,APP-00248,offer_extended,2024-04-26,3
EVT-001679,APP-00249,screened,2025-02-07,0
EVT-001680,APP-00249,submitted,2025-02-08,1
EVT-001681,APP-00249,client_interview_1,2025-02-19,11
EVT-001682,APP-00249,offer_extended,2025-03-09,18
EVT-001683,APP-00249,offer_accepted,2025-03-10,1
EVT-001684,APP-00250,screened,2024-09-27,0
EVT-001685,APP-00250,submitted,2024-09-30,3
EVT-001686,APP-00250,client_interview_1,2024-10-06,6
EVT-001687,APP-00250,client_interview_2,2024-10-11,5
EVT-001688,APP-00250,offer_extended,2024-10-18,7
EVT-001689,APP-00250,offer_accepted,2024-10-20,2
EVT-001690,APP-00250,onboarding_docs_sent,2024-11-05,16
EVT-001691,APP-00250,start_date,2024-11-20,15
EVT-001692,APP-00251,screened,2024-12-17,0
EVT-001693,APP-00251,submitted,2024-12-21,4
EVT-001694,APP-00251,client_interview_1,2024-12-31,10
EVT-001695,APP-00251,client_interview_2,2025-01-05,5
EVT-001696,APP-00251,offer_extended,2025-01-09,4
EVT-001697,APP-00251,offer_accepted,2025-01-14,5
EVT-001698,APP-00251,background_check,2025-01-15,1
EVT-001699,APP-00251,start_date,2025-02-08,24
EVT-001700,APP-00252,screened,2024-04-02,0
EVT-001701,APP-00252,submitted,2024-04-05,3
EVT-001702,APP-00252,client_interview_1,2024-04-15,10
EVT-001703,APP-00252,client_interview_2,2024-04-22,7
EVT-001704,APP-00252,offer_extended,2024-04-25,3
EVT-001705,APP-00252,offer_accepted,2024-04-29,4
EVT-001706,APP-00252,background_check,2024-05-06,7
EVT-001707,APP-00252,onboarding_docs_sent,2024-05-24,18
EVT-001708,APP-00252,start_date,2024-05-28,4
EVT-001709,APP-00253,screened,2025-01-02,0
EVT-001710,APP-00253,submitted,2025-01-04,2
EVT-001711,APP-00253,client_interview_1,2025-01-09,5
EVT-001712,APP-00253,offer_extended,2025-01-21,12
EVT-001713,APP-00253,offer_accepted,2025-01-25,4
EVT-001714,APP-00253,background_check,2025-01-30,5
EVT-001715,APP-00253,start_date,2025-02-01,2
EVT-001716,APP-00254,screened,2025-06-06,0
EVT-001717,APP-00254,submitted,2025-06-07,1
EVT-001718,APP-00254,client_interview_1,2025-06-19,12
EVT-001719,APP-00254,offer_extended,2025-06-24,5
EVT-001720,APP-00254,offer_accepted,2025-06-25,1
EVT-001721,APP-00254,background_check,2025-07-02,7
EVT-001722,APP-00255,screened,2024-07-18,0
EVT-001723,APP-00255,submitted,2024-07-21,3
EVT-001724,APP-00255,client_interview_1,2024-07-23,2
EVT-001725,APP-00255,offer_extended,2024-07-25,2
EVT-001726,APP-00255,offer_accepted,2024-07-28,3
EVT-001727,APP-00255,background_check,2024-08-02,5
EVT-001728,APP-00255,onboarding_docs_sent,2024-08-20,18
EVT-001729,APP-00255,start_date,2024-08-26,6
EVT-001730,APP-00256,screened,2024-04-05,0
EVT-001731,APP-00256,submitted,2024-04-07,2
EVT-001732,APP-00256,client_interview_1,2024-04-12,5
EVT-001733,APP-00256,offer_extended,2024-04-22,10
EVT-001734,APP-00256,offer_accepted,2024-04-25,3
EVT-001735,APP-00256,background_check,2024-04-26,1
EVT-001736,APP-00257,screened,2025-05-30,0
EVT-001737,APP-00257,client_interview_1,2025-06-02,3
EVT-001738,APP-00257,submitted,2025-06-03,1
EVT-001739,APP-00257,client_interview_2,2025-06-04,1
EVT-001740,APP-00257,offer_extended,2025-06-05,1
EVT-001741,APP-00257,offer_accepted,2025-06-10,5
EVT-001742,APP-00257,onboarding_docs_sent,2025-06-11,1
EVT-001743,APP-00257,start_date,2025-06-17,6
EVT-001744,APP-00258,screened,2024-09-17,0
EVT-001745,APP-00258,submitted,2024-09-18,1
EVT-001746,APP-00258,client_interview_1,2024-10-03,15
EVT-001747,APP-00258,client_interview_2,2024-10-12,9
EVT-001748,APP-00258,offer_extended,2024-10-17,5
EVT-001749,APP-00258,offer_accepted,2024-10-20,3
EVT-001750,APP-00258,background_check,2024-10-22,2
EVT-001751,APP-00258,onboarding_docs_sent,2024-11-11,20
EVT-001752,APP-00258,start_date,2024-11-16,5
EVT-001753,APP-00259,screened,2025-05-27,0
EVT-001754,APP-00259,submitted,2025-05-30,3
EVT-001755,APP-00259,client_interview_1,2025-06-06,7
EVT-001756,APP-00259,client_interview_2,2025-06-08,2
EVT-001757,APP-00259,offer_extended,2025-06-19,11
EVT-001758,APP-00259,offer_accepted,2025-06-19,0
EVT-001759,APP-00259,background_check,2025-06-27,8
EVT-001760,APP-00259,start_date,2025-08-05,39
EVT-001761,APP-00260,screened,2024-11-30,0
EVT-001762,APP-00260,submitted,2024-12-04,4
EVT-001763,APP-00260,client_interview_1,2024-12-10,6
EVT-001764,APP-00260,offer_extended,2024-12-18,8
EVT-001765,APP-00260,offer_accepted,2024-12-23,5
EVT-001766,APP-00260,background_check,2024-12-29,6
EVT-001767,APP-00261,screened,2024-12-05,0
EVT-001768,APP-00261,submitted,2024-12-08,3
EVT-001769,APP-00261,client_interview_1,2024-12-13,5
EVT-001770,APP-00261,offer_extended,2024-12-21,8
EVT-001771,APP-00261,offer_accepted,2024-12-21,0
EVT-001772,APP-00261,background_check,2024-12-23,2
EVT-001773,APP-00261,onboarding_docs_sent,2025-01-03,11
EVT-001774,APP-00261,start_date,2025-01-06,3
EVT-001775,APP-00262,screened,2024-07-26,0
EVT-001776,APP-00262,submitted,2024-07-30,4
EVT-001777,APP-00262,client_interview_1,2024-08-04,5
EVT-001778,APP-00262,offer_extended,2024-08-08,4
EVT-001779,APP-00262,offer_accepted,2024-08-10,2
EVT-001780,APP-00262,background_check,2024-08-15,5
EVT-001781,APP-00262,onboarding_docs_sent,2024-08-19,4
EVT-001782,APP-00262,start_date,2024-08-21,2
EVT-001783,APP-00263,screened,2024-03-15,0
EVT-001784,APP-00263,client_interview_1,2024-03-18,3
EVT-001785,APP-00263,submitted,2024-03-19,1
EVT-001786,APP-00263,client_interview_2,2024-03-22,3
EVT-001787,APP-00263,offer_extended,2024-03-26,4
EVT-001788,APP-00263,offer_accepted,2024-03-28,2
EVT-001789,APP-00264,screened,2025-07-19,0
EVT-001790,APP-00264,submitted,2025-07-21,2
EVT-001791,APP-00264,client_interview_1,2025-08-01,11
EVT-001792,APP-00264,offer_extended,2025-08-08,7
EVT-001793,APP-00264,offer_accepted,2025-08-08,0
EVT-001794,APP-00264,background_check,2025-08-10,2
EVT-001795,APP-00265,screened,2024-02-27,0
EVT-001796,APP-00265,submitted,2024-03-01,3
EVT-001797,APP-00265,client_interview_1,2024-03-14,13
EVT-001798,APP-00265,offer_extended,2024-03-30,16
EVT-001799,APP-00265,offer_accepted,2024-04-02,3
EVT-001800,APP-00265,background_check,2024-04-07,5
EVT-001801,APP-00265,start_date,2024-04-20,13
EVT-001802,APP-00266,screened,2025-01-16,0
EVT-001803,APP-00266,submitted,2025-01-18,2
EVT-001804,APP-00266,client_interview_1,2025-01-22,4
EVT-001805,APP-00266,offer_extended,2025-01-30,8
EVT-001806,APP-00266,offer_accepted,2025-02-01,2
EVT-001807,APP-00266,background_check,2025-02-03,2
EVT-001808,APP-00266,start_date,2025-03-03,28
EVT-001809,APP-00267,screened,2024-12-23,0
EVT-001810,APP-00267,submitted,2024-12-25,2
EVT-001811,APP-00267,client_interview_1,2024-12-31,6
EVT-001812,APP-00267,offer_extended,2025-01-03,3
EVT-001813,APP-00268,screened,2025-01-25,0
EVT-001814,APP-00268,submitted,2025-01-28,3
EVT-001815,APP-00268,client_interview_1,2025-02-15,18
EVT-001816,APP-00268,offer_extended,2025-02-26,11
EVT-001817,APP-00268,offer_accepted,2025-02-27,1
EVT-001818,APP-00268,background_check,2025-03-02,3
EVT-001819,APP-00268,onboarding_docs_sent,2025-03-21,19
EVT-001820,APP-00268,start_date,2025-03-23,2
EVT-001821,APP-00269,screened,2025-06-03,0
EVT-001822,APP-00269,submitted,2025-06-06,3
EVT-001823,APP-00269,client_interview_1,2025-06-11,5
EVT-001824,APP-00269,client_interview_2,2025-06-20,9
EVT-001825,APP-00269,offer_extended,2025-06-29,9
EVT-001826,APP-00270,screened,2024-07-28,0
EVT-001827,APP-00270,submitted,2024-08-01,4
EVT-001828,APP-00270,client_interview_1,2024-08-04,3
EVT-001829,APP-00270,offer_extended,2024-08-08,4
EVT-001830,APP-00270,offer_accepted,2024-08-10,2
EVT-001831,APP-00270,background_check,2024-08-16,6
EVT-001832,APP-00270,onboarding_docs_sent,2024-08-25,9
EVT-001833,APP-00270,start_date,2024-08-29,4
EVT-001834,APP-00271,screened,2024-07-02,0
EVT-001835,APP-00271,client_interview_1,2024-07-03,1
EVT-001836,APP-00271,submitted,2024-07-05,2
EVT-001837,APP-00271,offer_extended,2024-07-06,1
EVT-001838,APP-00271,offer_accepted,2024-07-11,5
EVT-001839,APP-00271,background_check,2024-07-14,3
EVT-001840,APP-00271,start_date,2024-07-25,11
EVT-001841,APP-00272,screened,2024-03-07,0
EVT-001842,APP-00272,submitted,2024-03-11,4
EVT-001843,APP-00272,client_interview_1,2024-03-21,10
EVT-001844,APP-00272,offer_extended,2024-04-03,13
EVT-001845,APP-00272,offer_accepted,2024-04-07,4
EVT-001846,APP-00272,start_date,2024-05-02,25
EVT-001847,APP-00273,screened,2024-11-13,0
EVT-001848,APP-00273,submitted,2024-11-16,3
EVT-001849,APP-00273,client_interview_1,2024-11-30,14
EVT-001850,APP-00273,offer_extended,2024-12-02,2
EVT-001851,APP-00274,screened,2024-10-28,0
EVT-001852,APP-00274,submitted,2024-10-31,3
EVT-001853,APP-00274,client_interview_1,2024-11-10,10
EVT-001854,APP-00274,offer_extended,2024-11-15,5
EVT-001855,APP-00274,offer_accepted,2024-11-20,5
EVT-001856,APP-00274,background_check,2024-11-25,5
EVT-001857,APP-00275,screened,2024-04-01,0
EVT-001858,APP-00275,submitted,2024-04-04,3
EVT-001859,APP-00275,client_interview_1,2024-04-22,18
EVT-001860,APP-00275,offer_extended,2024-04-29,7
EVT-001861,APP-00275,offer_accepted,2024-05-04,5
EVT-001862,APP-00275,background_check,2024-05-09,5
EVT-001863,APP-00276,screened,2024-10-11,0
EVT-001864,APP-00276,submitted,2024-10-13,2
EVT-001865,APP-00276,client_interview_1,2024-11-01,19
EVT-001866,APP-00276,offer_extended,2024-11-07,6
EVT-001867,APP-00276,offer_accepted,2024-11-07,0
EVT-001868,APP-00276,background_check,2024-11-10,3
EVT-001869,APP-00276,onboarding_docs_sent,2024-11-16,6
EVT-001870,APP-00276,start_date,2024-12-03,17
EVT-001871,APP-00277,screened,2024-03-29,0
EVT-001872,APP-00277,submitted,2024-03-30,1
EVT-001873,APP-00277,client_interview_1,2024-03-30,0
EVT-001874,APP-00277,offer_extended,2024-04-10,11
EVT-001875,APP-00277,offer_accepted,2024-04-10,0
EVT-001876,APP-00277,background_check,2024-04-11,1
EVT-001877,APP-00278,screened,2024-12-08,0
EVT-001878,APP-00278,submitted,2024-12-10,2
EVT-001879,APP-00278,client_interview_1,2024-12-14,4
EVT-001880,APP-00278,offer_extended,2025-01-01,18
EVT-001881,APP-00278,offer_accepted,2025-01-03,2
EVT-001882,APP-00278,background_check,2025-01-04,1
EVT-001883,APP-00279,screened,2024-11-27,0
EVT-001884,APP-00279,client_interview_1,2024-11-27,0
EVT-001885,APP-00279,submitted,2024-11-30,3
EVT-001886,APP-00279,offer_extended,2024-12-05,5
EVT-001887,APP-00279,offer_accepted,2024-12-09,4
EVT-001888,APP-00279,background_check,2024-12-13,4
EVT-001889,APP-00279,start_date,2024-12-31,18
EVT-001890,APP-00280,screened,2024-11-17,0
EVT-001891,APP-00280,client_interview_1,2024-11-18,1
EVT-001892,APP-00280,submitted,2024-11-20,2
EVT-001893,APP-00280,offer_extended,2024-12-06,16
EVT-001894,APP-00280,offer_accepted,2024-12-12,6
EVT-001895,APP-00280,background_check,2024-12-14,2
EVT-001896,APP-00281,screened,2024-08-29,0
EVT-001897,APP-00281,submitted,2024-09-02,4
EVT-001898,APP-00281,client_interview_1,2024-09-13,11
EVT-001899,APP-00281,client_interview_2,2024-09-22,9
EVT-001900,APP-00281,offer_extended,2024-10-01,9
EVT-001901,APP-00281,offer_accepted,2024-10-04,3
EVT-001902,APP-00281,background_check,2024-10-07,3
EVT-001903,APP-00282,screened,2025-02-03,0
EVT-001904,APP-00282,submitted,2025-02-06,3
EVT-001905,APP-00282,client_interview_1,2025-02-22,16
EVT-001906,APP-00282,offer_extended,2025-02-27,5
EVT-001907,APP-00282,offer_accepted,2025-03-02,3
EVT-001908,APP-00282,start_date,2025-03-13,11
EVT-001909,APP-00283,screened,2024-06-18,0
EVT-001910,APP-00283,client_interview_1,2024-06-20,2
EVT-001911,APP-00283,submitted,2024-06-21,1
EVT-001912,APP-00283,offer_extended,2024-07-08,17
EVT-001913,APP-00283,offer_accepted,2024-07-08,0
EVT-001914,APP-00283,background_check,2024-07-12,4
EVT-001915,APP-00284,screened,2024-12-14,0
EVT-001916,APP-00284,submitted,2024-12-15,1
EVT-001917,APP-00284,client_interview_1,2025-01-01,17
EVT-001918,APP-00284,client_interview_2,2025-01-06,5
EVT-001919,APP-00284,offer_extended,2025-01-11,5
EVT-001920,APP-00284,offer_accepted,2025-01-13,2
EVT-001921,APP-00284,background_check,2025-01-14,1
EVT-001922,APP-00285,screened,2025-06-25,0
EVT-001923,APP-00285,submitted,2025-06-29,4
EVT-001924,APP-00285,client_interview_1,2025-07-11,12
EVT-001925,APP-00285,offer_extended,2025-07-18,7
EVT-001926,APP-00285,offer_accepted,2025-07-20,2
EVT-001927,APP-00285,background_check,2025-07-23,3
EVT-001928,APP-00285,start_date,2025-08-15,23
EVT-001929,APP-00286,screened,2024-11-18,0
EVT-001930,APP-00286,submitted,2024-11-20,2
EVT-001931,APP-00286,client_interview_1,2024-11-22,2
EVT-001932,APP-00286,offer_extended,2024-12-01,9
EVT-001933,APP-00286,offer_accepted,2024-12-04,3
EVT-001934,APP-00286,background_check,2024-12-12,8
EVT-001935,APP-00287,screened,2025-07-22,0
EVT-001936,APP-00287,submitted,2025-07-25,3
EVT-001937,APP-00287,client_interview_1,2025-07-27,2
EVT-001938,APP-00287,offer_extended,2025-08-10,14
EVT-001939,APP-00287,offer_accepted,2025-08-15,5
EVT-001940,APP-00287,onboarding_docs_sent,2025-08-18,3
EVT-001941,APP-00287,start_date,2025-08-19,1
EVT-001942,APP-00288,screened,2024-10-07,0
EVT-001943,APP-00288,submitted,2024-10-10,3
EVT-001944,APP-00288,client_interview_1,2024-10-16,6
EVT-001945,APP-00288,client_interview_2,2024-10-22,6
EVT-001946,APP-00288,offer_extended,2024-10-29,7
EVT-001947,APP-00289,screened,2025-02-18,0
EVT-001948,APP-00289,client_interview_1,2025-02-19,1
EVT-001949,APP-00289,client_interview_2,2025-02-21,2
EVT-001950,APP-00289,submitted,2025-02-22,1
EVT-001951,APP-00289,offer_extended,2025-02-26,4
EVT-001952,APP-00290,screened,2024-09-14,0
EVT-001953,APP-00290,submitted,2024-09-18,4
EVT-001954,APP-00290,client_interview_1,2024-10-03,15
EVT-001955,APP-00290,client_interview_2,2024-10-09,6
EVT-001956,APP-00290,offer_extended,2024-10-21,12
EVT-001957,APP-00290,offer_accepted,2024-10-26,5
EVT-001958,APP-00290,background_check,2024-11-02,7
EVT-001959,APP-00290,onboarding_docs_sent,2024-11-03,1
EVT-001960,APP-00291,screened,2024-06-06,0
EVT-001961,APP-00291,submitted,2024-06-08,2
EVT-001962,APP-00291,client_interview_1,2024-06-17,9
EVT-001963,APP-00291,client_interview_2,2024-06-23,6
EVT-001964,APP-00291,offer_extended,2024-07-01,8
EVT-001965,APP-00291,offer_accepted,2024-07-03,2
EVT-001966,APP-00291,background_check,2024-07-11,8
EVT-001967,APP-00292,screened,2024-07-30,0
EVT-001968,APP-00292,submitted,2024-07-31,1
EVT-001969,APP-00292,client_interview_1,2024-08-18,18
EVT-001970,APP-00292,client_interview_2,2024-08-21,3
EVT-001971,APP-00292,offer_extended,2024-08-31,10
EVT-001972,APP-00292,offer_accepted,2024-09-02,2
EVT-001973,APP-00292,background_check,2024-09-08,6
EVT-001974,APP-00293,screened,2024-04-27,0
EVT-001975,APP-00293,submitted,2024-04-29,2
EVT-001976,APP-00293,client_interview_1,2024-05-14,15
EVT-001977,APP-00293,offer_extended,2024-05-19,5
EVT-001978,APP-00293,offer_accepted,2024-05-23,4
EVT-001979,APP-00293,background_check,2024-05-24,1
EVT-001980,APP-00293,onboarding_docs_sent,2024-05-29,5
EVT-001981,APP-00293,start_date,2024-06-01,3
EVT-001982,APP-00294,screened,2024-06-17,0
EVT-001983,APP-00294,submitted,2024-06-21,4
EVT-001984,APP-00294,client_interview_1,2024-07-02,11
EVT-001985,APP-00294,offer_extended,2024-07-16,14
EVT-001986,APP-00294,offer_accepted,2024-07-20,4
EVT-001987,APP-00294,background_check,2024-07-23,3
EVT-001988,APP-00294,onboarding_docs_sent,2024-08-05,13
EVT-001989,APP-00294,start_date,2024-08-10,5
EVT-001990,APP-00295,screened,2024-05-11,0
EVT-001991,APP-00295,submitted,2024-05-13,2
EVT-001992,APP-00295,client_interview_1,2024-05-20,7
EVT-001993,APP-00295,offer_extended,2024-05-24,4
EVT-001994,APP-00295,offer_accepted,2024-05-27,3
EVT-001995,APP-00295,background_check,2024-06-04,8
EVT-001996,APP-00296,screened,2025-04-03,0
EVT-001997,APP-00296,submitted,2025-04-07,4
EVT-001998,APP-00296,client_interview_1,2025-04-21,14
EVT-001999,APP-00296,offer_extended,2025-04-23,2
EVT-002000,APP-00297,screened,2025-06-09,0
EVT-002001,APP-00297,submitted,2025-06-12,3
EVT-002002,APP-00297,client_interview_1,2025-06-25,13
EVT-002003,APP-00297,offer_extended,2025-07-07,12
EVT-002004,APP-00297,offer_accepted,2025-07-09,2
EVT-002005,APP-00297,onboarding_docs_sent,2025-07-17,8
EVT-002006,APP-00297,start_date,2025-07-24,7
EVT-002007,APP-00298,screened,2024-04-23,0
EVT-002008,APP-00298,submitted,2024-04-27,4
EVT-002009,APP-00298,client_interview_1,2024-05-02,5
EVT-002010,APP-00298,client_interview_2,2024-05-07,5
EVT-002011,APP-00298,offer_extended,2024-05-11,4
EVT-002012,APP-00298,offer_accepted,2024-05-12,1
EVT-002013,APP-00298,background_check,2024-05-20,8
EVT-002014,APP-00298,onboarding_docs_sent,2024-05-22,2
EVT-002015,APP-00298,start_date,2024-05-29,7
EVT-002016,APP-00299,screened,2025-01-10,0
EVT-002017,APP-00299,client_interview_1,2025-01-10,0
EVT-002018,APP-00299,submitted,2025-01-12,2
EVT-002019,APP-00299,offer_extended,2025-01-13,1
EVT-002020,APP-00299,offer_accepted,2025-01-19,6
EVT-002021,APP-00299,background_check,2025-01-21,2
EVT-002022,APP-00299,onboarding_docs_sent,2025-02-03,13
EVT-002023,APP-00299,start_date,2025-02-07,4
EVT-002024,APP-00300,screened,2025-06-19,0
EVT-002025,APP-00300,submitted,2025-06-23,4
EVT-002026,APP-00300,client_interview_1,2025-07-06,13
EVT-002027,APP-00300,client_interview_2,2025-07-11,5
EVT-002028,APP-00300,offer_extended,2025-07-16,5
EVT-002029,APP-00300,offer_accepted,2025-07-19,3
EVT-002030,APP-00300,background_check,2025-07-27,8
EVT-002031,APP-00300,start_date,2025-08-03,7
EVT-002032,APP-00301,screened,2024-04-22,0
EVT-002033,APP-00301,submitted,2024-04-24,2
EVT-002034,APP-00301,client_interview_1,2024-04-30,6
EVT-002035,APP-00301,offer_extended,2024-05-16,16
EVT-002036,APP-00301,offer_accepted,2024-05-16,0
EVT-002037,APP-00301,background_check,2024-05-24,8
EVT-002038,APP-00301,onboarding_docs_sent,2024-06-14,21
EVT-002039,APP-00302,screened,2025-02-22,0
EVT-002040,APP-00302,submitted,2025-02-26,4
EVT-002041,APP-00302,client_interview_1,2025-03-04,6
EVT-002042,APP-00302,offer_extended,2025-03-11,7
EVT-002043,APP-00302,offer_accepted,2025-03-15,4
EVT-002044,APP-00302,background_check,2025-03-21,6
EVT-002045,APP-00302,onboarding_docs_sent,2025-03-23,2
EVT-002046,APP-00302,start_date,2025-04-08,16
EVT-002047,APP-00303,screened,2024-02-29,0
EVT-002048,APP-00303,submitted,2024-03-04,4
EVT-002049,APP-00303,client_interview_1,2024-03-12,8
EVT-002050,APP-00303,client_interview_2,2024-03-17,5
EVT-002051,APP-00303,offer_extended,2024-03-25,8
EVT-002052,APP-00303,offer_accepted,2024-03-31,6
EVT-002053,APP-00303,background_check,2024-04-05,5
EVT-002054,APP-00303,onboarding_docs_sent,2024-04-13,8
EVT-002055,APP-00303,start_date,2024-04-27,14
EVT-002056,APP-00304,screened,2024-09-10,0
EVT-002057,APP-00304,submitted,2024-09-12,2
EVT-002058,APP-00304,client_interview_1,2024-09-28,16
EVT-002059,APP-00304,offer_extended,2024-10-13,15
EVT-002060,APP-00304,offer_accepted,2024-10-19,6
EVT-002061,APP-00304,background_check,2024-10-27,8
EVT-002062,APP-00305,screened,2024-09-14,0
EVT-002063,APP-00305,submitted,2024-09-17,3
EVT-002064,APP-00305,client_interview_1,2024-10-01,14
EVT-002065,APP-00305,client_interview_2,2024-10-11,10
EVT-002066,APP-00305,offer_extended,2024-10-13,2
EVT-002067,APP-00305,offer_accepted,2024-10-19,6
EVT-002068,APP-00305,background_check,2024-10-26,7
EVT-002069,APP-00305,start_date,2024-11-07,12
EVT-002070,APP-00306,screened,2024-09-19,0
EVT-002071,APP-00306,submitted,2024-09-22,3
EVT-002072,APP-00306,client_interview_1,2024-10-06,14
EVT-002073,APP-00306,client_interview_2,2024-10-09,3
EVT-002074,APP-00306,offer_extended,2024-10-11,2
EVT-002075,APP-00307,screened,2024-07-20,0
EVT-002076,APP-00307,submitted,2024-07-24,4
EVT-002077,APP-00307,client_interview_1,2024-08-01,8
EVT-002078,APP-00307,offer_extended,2024-08-09,8
EVT-002079,APP-00307,offer_accepted,2024-08-13,4
EVT-002080,APP-00307,background_check,2024-08-30,17
EVT-002081,APP-00308,screened,2024-03-16,0
EVT-002082,APP-00308,submitted,2024-03-18,2
EVT-002083,APP-00308,client_interview_1,2024-04-01,14
EVT-002084,APP-00308,offer_extended,2024-04-05,4
EVT-002085,APP-00308,offer_accepted,2024-04-08,3
EVT-002086,APP-00308,background_check,2024-04-13,5
EVT-002087,APP-00308,onboarding_docs_sent,2024-04-29,16
EVT-002088,APP-00308,start_date,2024-05-16,17
EVT-002089,APP-00309,screened,2024-06-08,0
EVT-002090,APP-00309,submitted,2024-06-10,2
EVT-002091,APP-00309,client_interview_1,2024-06-22,12
EVT-002092,APP-00309,offer_extended,2024-06-26,4
EVT-002093,APP-00309,offer_accepted,2024-06-26,0
EVT-002094,APP-00309,background_check,2024-06-30,4
EVT-002095,APP-00309,onboarding_docs_sent,2024-07-07,7
EVT-002096,APP-00309,start_date,2024-07-11,4
EVT-002097,APP-00310,screened,2024-09-26,0
EVT-002098,APP-00310,submitted,2024-09-30,4
EVT-002099,APP-00310,client_interview_1,2024-10-11,11
EVT-002100,APP-00310,client_interview_2,2024-10-15,4
EVT-002101,APP-00310,offer_extended,2024-10-24,9
EVT-002102,APP-00310,offer_accepted,2024-10-29,5
EVT-002103,APP-00310,background_check,2024-11-01,3
EVT-002104,APP-00310,onboarding_docs_sent,2024-11-17,16
EVT-002105,APP-00310,start_date,2024-11-22,5
EVT-002106,APP-00311,screened,2025-02-09,0
EVT-002107,APP-00311,submitted,2025-02-11,2
EVT-002108,APP-00311,client_interview_1,2025-02-16,5
EVT-002109,APP-00311,offer_extended,2025-02-26,10
EVT-002110,APP-00311,offer_accepted,2025-03-03,5
EVT-002111,APP-00311,background_check,2025-03-08,5
EVT-002112,APP-00311,onboarding_docs_sent,2025-03-29,21
EVT-002113,APP-00311,start_date,2025-03-29,0
EVT-002114,APP-00312,screened,2024-07-24,0
EVT-002115,APP-00312,submitted,2024-07-25,1
EVT-002116,APP-00312,client_interview_1,2024-08-07,13
EVT-002117,APP-00312,offer_extended,2024-08-25,18
EVT-002118,APP-00312,offer_accepted,2024-08-31,6
EVT-002119,APP-00312,background_check,2024-09-03,3
EVT-002120,APP-00313,screened,2025-05-09,0
EVT-002121,APP-00313,submitted,2025-05-13,4
EVT-002122,APP-00313,client_interview_1,2025-05-21,8
EVT-002123,APP-00313,offer_extended,2025-06-06,16
EVT-002124,APP-00314,screened,2024-05-01,0
EVT-002125,APP-00314,submitted,2024-05-04,3
EVT-002126,APP-00314,client_interview_1,2024-05-18,14
EVT-002127,APP-00314,offer_extended,2024-06-03,16
EVT-002128,APP-00314,offer_accepted,2024-06-09,6
EVT-002129,APP-00314,background_check,2024-06-11,2
EVT-002130,APP-00315,screened,2025-05-14,0
EVT-002131,APP-00315,submitted,2025-05-17,3
EVT-002132,APP-00315,client_interview_1,2025-05-20,3
EVT-002133,APP-00315,offer_extended,2025-06-05,16
EVT-002134,APP-00315,offer_accepted,2025-06-10,5
EVT-002135,APP-00315,background_check,2025-06-18,8
EVT-002136,APP-00316,screened,2024-10-21,0
EVT-002137,APP-00316,submitted,2024-10-25,4
EVT-002138,APP-00316,client_interview_1,2024-11-03,9
EVT-002139,APP-00316,client_interview_2,2024-11-06,3
EVT-002140,APP-00316,offer_extended,2024-11-20,14
EVT-002141,APP-00316,offer_accepted,2024-11-24,4
EVT-002142,APP-00316,onboarding_docs_sent,2024-12-01,7
EVT-002143,APP-00316,background_check,2024-12-02,1
EVT-002144,APP-00316,start_date,2024-12-06,4
EVT-002145,APP-00317,screened,2024-08-07,0
EVT-002146,APP-00317,submitted,2024-08-08,1
EVT-002147,APP-00317,client_interview_1,2024-08-13,5
EVT-002148,APP-00317,offer_extended,2024-08-26,13
EVT-002149,APP-00317,offer_accepted,2024-08-28,2
EVT-002150,APP-00317,background_check,2024-09-01,4
EVT-002151,APP-00318,screened,2025-03-15,0
EVT-002152,APP-00318,client_interview_1,2025-03-17,2
EVT-002153,APP-00318,submitted,2025-03-19,2
EVT-002154,APP-00318,offer_extended,2025-03-30,11
EVT-002155,APP-00318,offer_accepted,2025-03-31,1
EVT-002156,APP-00318,background_check,2025-04-02,2
EVT-002157,APP-00318,onboarding_docs_sent,2025-04-21,19
EVT-002158,APP-00319,screened,2025-03-30,0
EVT-002159,APP-00319,submitted,2025-04-01,2
EVT-002160,APP-00319,client_interview_1,2025-04-13,12
EVT-002161,APP-00319,offer_extended,2025-04-27,14
EVT-002162,APP-00319,offer_accepted,2025-04-28,1
EVT-002163,APP-00320,screened,2025-04-21,0
EVT-002164,APP-00320,submitted,2025-04-24,3
EVT-002165,APP-00320,client_interview_1,2025-05-03,9
EVT-002166,APP-00320,client_interview_2,2025-05-12,9
EVT-002167,APP-00320,offer_extended,2025-05-13,1
EVT-002168,APP-00320,offer_accepted,2025-05-16,3
EVT-002169,APP-00320,background_check,2025-05-22,6
EVT-002170,APP-00321,screened,2025-04-01,0
EVT-002171,APP-00321,submitted,2025-04-02,1
EVT-002172,APP-00321,client_interview_1,2025-04-17,15
EVT-002173,APP-00321,client_interview_2,2025-04-24,7
EVT-002174,APP-00321,offer_extended,2025-04-25,1
EVT-002175,APP-00321,offer_accepted,2025-04-27,2
EVT-002176,APP-00321,background_check,2025-04-28,1
EVT-002177,APP-00322,screened,2024-10-20,0
EVT-002178,APP-00322,client_interview_1,2024-10-23,3
EVT-002179,APP-00322,submitted,2024-10-24,1
EVT-002180,APP-00322,client_interview_2,2024-10-31,7
EVT-002181,APP-00322,offer_extended,2024-11-01,1
EVT-002182,APP-00323,screened,2024-08-27,0
EVT-002183,APP-00323,submitted,2024-08-28,1
EVT-002184,APP-00323,client_interview_1,2024-08-29,1
EVT-002185,APP-00323,offer_extended,2024-09-10,12
EVT-002186,APP-00323,offer_accepted,2024-09-10,0
EVT-002187,APP-00323,onboarding_docs_sent,2024-10-12,32
EVT-002188,APP-00323,start_date,2024-10-14,2
EVT-002189,APP-00324,screened,2024-02-24,0
EVT-002190,APP-00324,submitted,2024-02-26,2
EVT-002191,APP-00324,client_interview_1,2024-03-09,12
EVT-002192,APP-00324,offer_extended,2024-03-11,2
EVT-002193,APP-00324,offer_accepted,2024-03-11,0
EVT-002194,APP-00324,background_check,2024-03-17,6
EVT-002195,APP-00325,screened,2024-10-08,0
EVT-002196,APP-00325,client_interview_1,2024-10-11,3
EVT-002197,APP-00325,submitted,2024-10-12,1
EVT-002198,APP-00325,offer_extended,2024-10-29,17
EVT-002199,APP-00325,offer_accepted,2024-11-03,5
EVT-002200,APP-00325,background_check,2024-11-07,4
EVT-002201,APP-00326,screened,2025-05-09,0
EVT-002202,APP-00326,submitted,2025-05-13,4
EVT-002203,APP-00326,client_interview_1,2025-05-15,2
EVT-002204,APP-00326,offer_extended,2025-05-25,10
EVT-002205,APP-00326,offer_accepted,2025-05-28,3
EVT-002206,APP-00326,background_check,2025-05-30,2
EVT-002207,APP-00326,onboarding_docs_sent,2025-06-19,20
EVT-002208,APP-00326,start_date,2025-06-24,5
EVT-002209,APP-00327,screened,2024-09-05,0
EVT-002210,APP-00327,submitted,2024-09-07,2
EVT-002211,APP-00327,client_interview_1,2024-09-07,0
EVT-002212,APP-00327,offer_extended,2024-09-14,7
EVT-002213,APP-00327,offer_accepted,2024-09-20,6
EVT-002214,APP-00327,background_check,2024-09-24,4
EVT-002215,APP-00327,onboarding_docs_sent,2024-09-28,4
EVT-002216,APP-00327,start_date,2024-10-03,5
EVT-002217,APP-00328,screened,2025-01-20,0
EVT-002218,APP-00328,submitted,2025-01-24,4
EVT-002219,APP-00328,client_interview_1,2025-01-27,3
EVT-002220,APP-00328,offer_extended,2025-02-09,13
EVT-002221,APP-00328,offer_accepted,2025-02-15,6
EVT-002222,APP-00328,onboarding_docs_sent,2025-02-20,5
EVT-002223,APP-00328,start_date,2025-03-03,11
EVT-002224,APP-00329,screened,2024-12-23,0
EVT-002225,APP-00329,submitted,2024-12-26,3
EVT-002226,APP-00329,client_interview_1,2024-12-27,1
EVT-002227,APP-00329,offer_extended,2025-01-01,5
EVT-002228,APP-00329,offer_accepted,2025-01-02,1
EVT-002229,APP-00329,background_check,2025-01-03,1
EVT-002230,APP-00329,onboarding_docs_sent,2025-01-21,18
EVT-002231,APP-00329,start_date,2025-01-26,5
EVT-002232,APP-00330,screened,2024-06-27,0
EVT-002233,APP-00330,submitted,2024-06-28,1
EVT-002234,APP-00330,client_interview_1,2024-07-04,6
EVT-002235,APP-00330,offer_extended,2024-07-14,10
EVT-002236,APP-00331,screened,2024-06-14,0
EVT-002237,APP-00331,submitted,2024-06-15,1
EVT-002238,APP-00331,client_interview_1,2024-06-27,12
EVT-002239,APP-00331,offer_extended,2024-07-13,16
EVT-002240,APP-00331,offer_accepted,2024-07-15,2
EVT-002241,APP-00331,background_check,2024-07-23,8
EVT-002242,APP-00331,onboarding_docs_sent,2024-08-07,15
EVT-002243,APP-00331,start_date,2024-08-31,24
EVT-002244,APP-00332,screened,2025-04-01,0
EVT-002245,APP-00332,submitted,2025-04-03,2
EVT-002246,APP-00332,client_interview_1,2025-04-19,16
EVT-002247,APP-00332,offer_extended,2025-05-03,14
EVT-002248,APP-00332,offer_accepted,2025-05-08,5
EVT-002249,APP-00332,onboarding_docs_sent,2025-05-14,6
EVT-002250,APP-00332,start_date,2025-05-21,7
EVT-002251,APP-00333,screened,2024-08-29,0
EVT-002252,APP-00333,submitted,2024-09-02,4
EVT-002253,APP-00333,client_interview_1,2024-09-11,9
EVT-002254,APP-00333,offer_extended,2024-09-19,8
EVT-002255,APP-00333,offer_accepted,2024-09-23,4
EVT-002256,APP-00333,onboarding_docs_sent,2024-10-19,26
EVT-002257,APP-00333,start_date,2024-11-07,19
EVT-002258,APP-00334,screened,2024-08-02,0
EVT-002259,APP-00334,submitted,2024-08-05,3
EVT-002260,APP-00334,client_interview_1,2024-08-20,15
EVT-002261,APP-00334,offer_extended,2024-08-24,4
EVT-002262,APP-00334,offer_accepted,2024-08-24,0
EVT-002263,APP-00334,background_check,2024-08-27,3
EVT-002264,APP-00335,screened,2024-11-04,0
EVT-002265,APP-00335,submitted,2024-11-05,1
EVT-002266,APP-00335,client_interview_1,2024-11-18,13
EVT-002267,APP-00335,offer_extended,2024-12-05,17
EVT-002268,APP-00335,offer_accepted,2024-12-09,4
EVT-002269,APP-00335,onboarding_docs_sent,2024-12-28,19
EVT-002270,APP-00335,start_date,2025-01-04,7
EVT-002271,APP-00336,screened,2024-05-24,0
EVT-002272,APP-00336,submitted,2024-05-28,4
EVT-002273,APP-00336,client_interview_1,2024-06-08,11
EVT-002274,APP-00336,offer_extended,2024-06-12,4
EVT-002275,APP-00336,offer_accepted,2024-06-15,3
EVT-002276,APP-00336,background_check,2024-06-21,6
EVT-002277,APP-00336,onboarding_docs_sent,2024-07-15,24
EVT-002278,APP-00336,start_date,2024-07-16,1
EVT-002279,APP-00337,screened,2024-10-18,0
EVT-002280,APP-00337,submitted,2024-10-19,1
EVT-002281,APP-00337,client_interview_1,2024-10-22,3
EVT-002282,APP-00337,offer_extended,2024-10-26,4
EVT-002283,APP-00337,offer_accepted,2024-11-01,6
EVT-002284,APP-00337,background_check,2024-11-02,1
EVT-002285,APP-00337,onboarding_docs_sent,2024-11-13,11
EVT-002286,APP-00337,start_date,2024-11-13,0
EVT-002287,APP-00338,screened,2024-10-09,0
EVT-002288,APP-00338,submitted,2024-10-10,1
EVT-002289,APP-00338,client_interview_1,2024-10-24,14
EVT-002290,APP-00338,offer_extended,2024-11-01,8
EVT-002291,APP-00338,offer_accepted,2024-11-02,1
EVT-002292,APP-00338,background_check,2024-11-03,1
EVT-002293,APP-00339,screened,2025-01-24,0
EVT-002294,APP-00339,submitted,2025-01-25,1
EVT-002295,APP-00339,client_interview_1,2025-02-13,19
EVT-002296,APP-00339,client_interview_2,2025-02-18,5
EVT-002297,APP-00339,offer_extended,2025-02-26,8
EVT-002298,APP-00339,offer_accepted,2025-03-03,5
EVT-002299,APP-00339,background_check,2025-03-04,1
EVT-002300,APP-00339,onboarding_docs_sent,2025-03-19,15
EVT-002301,APP-00339,start_date,2025-04-16,28
EVT-002302,APP-00340,screened,2024-09-17,0
EVT-002303,APP-00340,submitted,2024-09-20,3
EVT-002304,APP-00340,client_interview_1,2024-09-24,4
EVT-002305,APP-00340,offer_extended,2024-10-10,16
EVT-002306,APP-00340,offer_accepted,2024-10-12,2
EVT-002307,APP-00340,background_check,2024-10-18,6
EVT-002308,APP-00340,onboarding_docs_sent,2024-10-28,10
EVT-002309,APP-00340,start_date,2024-11-19,22
EVT-002310,APP-00341,screened,2025-02-03,0
EVT-002311,APP-00341,submitted,2025-02-07,4
EVT-002312,APP-00341,client_interview_1,2025-02-15,8
EVT-002313,APP-00341,client_interview_2,2025-02-17,2
EVT-002314,APP-00341,offer_extended,2025-02-24,7
EVT-002315,APP-00341,offer_accepted,2025-02-28,4
EVT-002316,APP-00341,background_check,2025-03-03,3
EVT-002317,APP-00342,screened,2025-05-23,0
EVT-002318,APP-00342,client_interview_1,2025-05-24,1
EVT-002319,APP-00342,submitted,2025-05-27,3
EVT-002320,APP-00342,client_interview_2,2025-05-31,4
EVT-002321,APP-00342,offer_extended,2025-06-04,4
EVT-002322,APP-00342,offer_accepted,2025-06-08,4
EVT-002323,APP-00343,screened,2025-05-07,0
EVT-002324,APP-00343,submitted,2025-05-11,4
EVT-002325,APP-00343,client_interview_1,2025-05-16,5
EVT-002326,APP-00343,client_interview_2,2025-05-22,6
EVT-002327,APP-00343,offer_extended,2025-06-03,12
EVT-002328,APP-00343,offer_accepted,2025-06-07,4
EVT-002329,APP-00343,background_check,2025-06-21,14
EVT-002330,APP-00344,screened,2025-02-02,0
EVT-002331,APP-00344,submitted,2025-02-06,4
EVT-002332,APP-00344,client_interview_1,2025-02-11,5
EVT-002333,APP-00344,client_interview_2,2025-02-16,5
EVT-002334,APP-00344,offer_extended,2025-02-20,4
EVT-002335,APP-00345,screened,2024-08-10,0
EVT-002336,APP-00345,submitted,2024-08-12,2
EVT-002337,APP-00345,client_interview_1,2024-08-16,4
EVT-002338,APP-00345,offer_extended,2024-09-02,17
EVT-002339,APP-00345,offer_accepted,2024-09-08,6
EVT-002340,APP-00345,onboarding_docs_sent,2024-09-30,22
EVT-002341,APP-00345,start_date,2024-10-05,5
EVT-002342,APP-00346,screened,2024-07-18,0
EVT-002343,APP-00346,submitted,2024-07-22,4
EVT-002344,APP-00346,client_interview_1,2024-08-07,16
EVT-002345,APP-00346,client_interview_2,2024-08-12,5
EVT-002346,APP-00346,offer_extended,2024-08-21,9
EVT-002347,APP-00347,screened,2024-04-26,0
EVT-002348,APP-00347,submitted,2024-04-27,1
EVT-002349,APP-00347,client_interview_1,2024-05-04,7
EVT-002350,APP-00347,offer_extended,2024-05-06,2
EVT-002351,APP-00347,offer_accepted,2024-05-11,5
EVT-002352,APP-00347,background_check,2024-05-13,2
EVT-002353,APP-00347,onboarding_docs_sent,2024-06-07,25
EVT-002354,APP-00347,start_date,2024-06-09,2
EVT-002355,APP-00348,screened,2025-07-05,0
EVT-002356,APP-00348,submitted,2025-07-08,3
EVT-002357,APP-00348,client_interview_1,2025-07-12,4
EVT-002358,APP-00348,client_interview_2,2025-07-14,2
EVT-002359,APP-00348,offer_extended,2025-07-15,1
EVT-002360,APP-00348,offer_accepted,2025-07-20,5
EVT-002361,APP-00348,onboarding_docs_sent,2025-08-12,23
EVT-002362,APP-00348,start_date,2025-09-01,20
EVT-002363,APP-00349,screened,2024-05-31,0
EVT-002364,APP-00349,submitted,2024-06-04,4
EVT-002365,APP-00349,client_interview_1,2024-06-11,7
EVT-002366,APP-00349,client_interview_2,2024-06-18,7
EVT-002367,APP-00349,offer_extended,2024-06-25,7
EVT-002368,APP-00349,offer_accepted,2024-06-26,1
EVT-002369,APP-00349,background_check,2024-06-30,4
EVT-002370,APP-00350,screened,2024-10-27,0
EVT-002371,APP-00350,submitted,2024-10-29,2
EVT-002372,APP-00350,client_interview_1,2024-11-03,5
EVT-002373,APP-00350,offer_extended,2024-11-09,6
EVT-002374,APP-00350,offer_accepted,2024-11-12,3
EVT-002375,APP-00350,onboarding_docs_sent,2024-12-02,20
EVT-002376,APP-00350,start_date,2024-12-06,4
EVT-002377,APP-00351,screened,2024-11-27,0
EVT-002378,APP-00351,submitted,2024-11-29,2
EVT-002379,APP-00351,client_interview_1,2024-12-12,13
EVT-002380,APP-00351,client_interview_2,2024-12-17,5
EVT-002381,APP-00351,offer_extended,2024-12-24,7
EVT-002382,APP-00351,offer_accepted,2024-12-29,5
EVT-002383,APP-00351,background_check,2025-01-03,5
EVT-002384,APP-00351,onboarding_docs_sent,2025-01-16,13
EVT-002385,APP-00352,screened,2024-03-16,0
EVT-002386,APP-00352,client_interview_1,2024-03-17,1
EVT-002387,APP-00352,submitted,2024-03-19,2
EVT-002388,APP-00352,client_interview_2,2024-03-27,8
EVT-002389,APP-00352,offer_extended,2024-03-28,1
EVT-002390,APP-00352,offer_accepted,2024-03-29,1
EVT-002391,APP-00352,onboarding_docs_sent,2024-04-12,14
EVT-002392,APP-00352,start_date,2024-04-19,7
EVT-002393,APP-00353,screened,2024-05-19,0
EVT-002394,APP-00353,submitted,2024-05-22,3
EVT-002395,APP-00353,client_interview_1,2024-05-26,4
EVT-002396,APP-00353,offer_extended,2024-06-03,8
EVT-002397,APP-00353,offer_accepted,2024-06-08,5
EVT-002398,APP-00353,background_check,2024-06-15,7
EVT-002399,APP-00353,onboarding_docs_sent,2024-06-22,7
EVT-002400,APP-00353,start_date,2024-06-24,2
EVT-002401,APP-00354,screened,2024-12-09,0
EVT-002402,APP-00354,submitted,2024-12-10,1
EVT-002403,APP-00354,client_interview_1,2024-12-20,10
EVT-002404,APP-00354,offer_extended,2024-12-22,2
EVT-002405,APP-00354,offer_accepted,2024-12-24,2
EVT-002406,APP-00354,background_check,2024-12-28,4
EVT-002407,APP-00354,onboarding_docs_sent,2025-01-19,22
EVT-002408,APP-00354,start_date,2025-01-22,3
EVT-002409,APP-00355,screened,2024-11-14,0
EVT-002410,APP-00355,submitted,2024-11-18,4
EVT-002411,APP-00355,client_interview_1,2024-11-24,6
EVT-002412,APP-00355,offer_extended,2024-12-11,17
EVT-002413,APP-00355,offer_accepted,2024-12-15,4
EVT-002414,APP-00355,onboarding_docs_sent,2025-01-09,25
EVT-002415,APP-00355,start_date,2025-01-13,4
EVT-002416,APP-00356,screened,2025-01-28,0
EVT-002417,APP-00356,client_interview_1,2025-01-29,1
EVT-002418,APP-00356,submitted,2025-02-01,3
EVT-002419,APP-00356,client_interview_2,2025-02-05,4
EVT-002420,APP-00356,offer_extended,2025-02-09,4
EVT-002421,APP-00356,offer_accepted,2025-02-10,1
EVT-002422,APP-00356,background_check,2025-02-18,8
EVT-002423,APP-00356,onboarding_docs_sent,2025-03-11,21
EVT-002424,APP-00356,start_date,2025-03-17,6
EVT-002425,APP-00357,screened,2024-08-08,0
EVT-002426,APP-00357,submitted,2024-08-09,1
EVT-002427,APP-00357,client_interview_1,2024-08-22,13
EVT-002428,APP-00357,offer_extended,2024-08-27,5
EVT-002429,APP-00357,offer_accepted,2024-08-27,0
EVT-002430,APP-00357,background_check,2024-08-28,1
EVT-002431,APP-00358,screened,2024-11-03,0
EVT-002432,APP-00358,submitted,2024-11-07,4
EVT-002433,APP-00358,client_interview_1,2024-11-23,16
EVT-002434,APP-00358,offer_extended,2024-11-27,4
EVT-002435,APP-00358,offer_accepted,2024-11-28,1
EVT-002436,APP-00358,background_check,2024-12-01,3
EVT-002437,APP-00358,onboarding_docs_sent,2024-12-08,7
EVT-002438,APP-00359,screened,2024-03-24,0
EVT-002439,APP-00359,submitted,2024-03-27,3
EVT-002440,APP-00359,client_interview_1,2024-04-02,6
EVT-002441,APP-00359,client_interview_2,2024-04-11,9
EVT-002442,APP-00359,offer_extended,2024-04-14,3
EVT-002443,APP-00359,offer_accepted,2024-04-17,3
EVT-002444,APP-00359,background_check,2024-04-18,1
EVT-002445,APP-00359,onboarding_docs_sent,2024-05-01,13
EVT-002446,APP-00359,start_date,2024-05-14,13
EVT-002447,APP-00360,screened,2025-02-14,0
EVT-002448,APP-00360,submitted,2025-02-15,1
EVT-002449,APP-00360,client_interview_1,2025-02-22,7
EVT-002450,APP-00360,offer_extended,2025-02-25,3
EVT-002451,APP-00360,offer_accepted,2025-03-02,5
EVT-002452,APP-00360,background_check,2025-03-07,5
EVT-002453,APP-00361,screened,2025-01-30,0
EVT-002454,APP-00361,submitted,2025-02-03,4
EVT-002455,APP-00361,client_interview_1,2025-02-09,6
EVT-002456,APP-00361,offer_extended,2025-02-15,6
EVT-002457,APP-00362,screened,2024-12-13,0
EVT-002458,APP-00362,submitted,2024-12-14,1
EVT-002459,APP-00362,client_interview_1,2024-12-22,8
EVT-002460,APP-00362,offer_extended,2025-01-06,15
EVT-002461,APP-00362,offer_accepted,2025-01-07,1
EVT-002462,APP-00362,background_check,2025-01-11,4
EVT-002463,APP-00363,screened,2024-07-31,0
EVT-002464,APP-00363,submitted,2024-08-03,3
EVT-002465,APP-00363,client_interview_1,2024-08-20,17
EVT-002466,APP-00363,offer_extended,2024-08-28,8
EVT-002467,APP-00363,offer_accepted,2024-09-03,6
EVT-002468,APP-00363,onboarding_docs_sent,2024-09-07,4
EVT-002469,APP-00363,background_check,2024-09-10,3
EVT-002470,APP-00363,start_date,2024-09-11,1
EVT-002471,APP-00364,screened,2025-01-25,0
EVT-002472,APP-00364,submitted,2025-01-27,2
EVT-002473,APP-00364,client_interview_1,2025-01-30,3
EVT-002474,APP-00364,offer_extended,2025-02-11,12
EVT-002475,APP-00365,screened,2024-09-11,0
EVT-002476,APP-00365,submitted,2024-09-14,3
EVT-002477,APP-00365,client_interview_1,2024-09-26,12
EVT-002478,APP-00365,offer_extended,2024-10-11,15
EVT-002479,APP-00366,screened,2025-02-04,0
EVT-002480,APP-00366,submitted,2025-02-05,1
EVT-002481,APP-00366,client_interview_1,2025-02-15,10
EVT-002482,APP-00366,client_interview_2,2025-02-23,8
EVT-002483,APP-00366,offer_extended,2025-02-24,1
EVT-002484,APP-00366,offer_accepted,2025-02-28,4
EVT-002485,APP-00366,background_check,2025-03-08,8
EVT-002486,APP-00366,onboarding_docs_sent,2025-03-12,4
EVT-002487,APP-00366,start_date,2025-03-13,1
EVT-002488,APP-00367,screened,2024-06-25,0
EVT-002489,APP-00367,submitted,2024-06-26,1
EVT-002490,APP-00367,client_interview_1,2024-07-12,16
EVT-002491,APP-00367,offer_extended,2024-07-25,13
EVT-002492,APP-00367,offer_accepted,2024-07-26,1
EVT-002493,APP-00367,background_check,2024-08-01,6
EVT-002494,APP-00367,onboarding_docs_sent,2024-08-15,14
EVT-002495,APP-00367,start_date,2024-09-03,19
EVT-002496,APP-00368,screened,2025-05-02,0
EVT-002497,APP-00368,submitted,2025-05-04,2
EVT-002498,APP-00368,client_interview_1,2025-05-13,9
EVT-002499,APP-00368,client_interview_2,2025-05-22,9
EVT-002500,APP-00368,offer_extended,2025-05-28,6
EVT-002501,APP-00368,offer_accepted,2025-05-29,1
EVT-002502,APP-00368,background_check,2025-05-31,2
EVT-002503,APP-00368,onboarding_docs_sent,2025-06-27,27
EVT-002504,APP-00368,start_date,2025-06-30,3
EVT-002505,APP-00369,screened,2024-10-31,0
EVT-002506,APP-00369,submitted,2024-11-02,2
EVT-002507,APP-00369,client_interview_1,2024-11-13,11
EVT-002508,APP-00369,offer_extended,2024-11-29,16
EVT-002509,APP-00370,screened,2024-11-23,0
EVT-002510,APP-00370,submitted,2024-11-24,1
EVT-002511,APP-00370,client_interview_1,2024-12-12,18
EVT-002512,APP-00370,offer_extended,2024-12-30,18
EVT-002513,APP-00370,offer_accepted,2025-01-04,5
EVT-002514,APP-00370,background_check,2025-01-11,7
EVT-002515,APP-00370,start_date,2025-01-30,19
EVT-002516,APP-00371,screened,2025-01-01,0
EVT-002517,APP-00371,submitted,2025-01-03,2
EVT-002518,APP-00371,client_interview_1,2025-01-19,16
EVT-002519,APP-00371,offer_extended,2025-02-02,14
EVT-002520,APP-00371,offer_accepted,2025-02-07,5
EVT-002521,APP-00371,onboarding_docs_sent,2025-02-08,1
EVT-002522,APP-00371,start_date,2025-02-14,6
EVT-002523,APP-00372,screened,2024-03-05,0
EVT-002524,APP-00372,submitted,2024-03-09,4
EVT-002525,APP-00372,client_interview_1,2024-03-15,6
EVT-002526,APP-00372,offer_extended,2024-03-31,16
EVT-002527,APP-00372,offer_accepted,2024-04-01,1
EVT-002528,APP-00372,background_check,2024-04-03,2
EVT-002529,APP-00372,onboarding_docs_sent,2024-04-20,17
EVT-002530,APP-00373,screened,2025-04-15,0
EVT-002531,APP-00373,submitted,2025-04-16,1
EVT-002532,APP-00373,client_interview_1,2025-04-20,4
EVT-002533,APP-00373,offer_extended,2025-05-08,18
EVT-002534,APP-00373,offer_accepted,2025-05-08,0
EVT-002535,APP-00373,background_check,2025-05-14,6
EVT-002536,APP-00373,onboarding_docs_sent,2025-05-18,4
EVT-002537,APP-00373,start_date,2025-05-24,6
EVT-002538,APP-00374,screened,2024-09-09,0
EVT-002539,APP-00374,client_interview_1,2024-09-09,0
EVT-002540,APP-00374,submitted,2024-09-12,3
EVT-002541,APP-00374,client_interview_2,2024-09-15,3
EVT-002542,APP-00374,offer_extended,2024-09-16,1
EVT-002543,APP-00374,offer_accepted,2024-09-19,3
EVT-002544,APP-00374,background_check,2024-09-27,8
EVT-002545,APP-00374,onboarding_docs_sent,2024-10-11,14
EVT-002546,APP-00374,start_date,2024-10-14,3
EVT-002547,APP-00375,screened,2025-06-16,0
EVT-002548,APP-00375,submitted,2025-06-20,4
EVT-002549,APP-00375,client_interview_1,2025-06-21,1
EVT-002550,APP-00375,offer_extended,2025-06-26,5
EVT-002551,APP-00375,offer_accepted,2025-06-26,0
EVT-002552,APP-00375,background_check,2025-07-01,5
EVT-002553,APP-00375,start_date,2025-07-09,8
EVT-002554,APP-00376,screened,2024-11-17,0
EVT-002555,APP-00376,submitted,2024-11-18,1
EVT-002556,APP-00376,client_interview_1,2024-12-07,19
EVT-002557,APP-00376,client_interview_2,2024-12-15,8
EVT-002558,APP-00376,offer_extended,2024-12-21,6
EVT-002559,APP-00376,offer_accepted,2024-12-21,0
EVT-002560,APP-00376,background_check,2024-12-24,3
EVT-002561,APP-00376,onboarding_docs_sent,2025-01-21,28
EVT-002562,APP-00376,start_date,2025-01-24,3
EVT-002563,APP-00377,screened,2024-05-06,0
EVT-002564,APP-00377,submitted,2024-05-07,1
EVT-002565,APP-00377,client_interview_1,2024-05-11,4
EVT-002566,APP-00377,client_interview_2,2024-05-17,6
EVT-002567,APP-00377,offer_extended,2024-05-18,1
EVT-002568,APP-00378,screened,2025-01-05,0
EVT-002569,APP-00378,submitted,2025-01-08,3
EVT-002570,APP-00378,client_interview_1,2025-01-09,1
EVT-002571,APP-00378,offer_extended,2025-01-17,8
EVT-002572,APP-00379,screened,2025-07-07,0
EVT-002573,APP-00379,submitted,2025-07-09,2
EVT-002574,APP-00379,client_interview_1,2025-07-25,16
EVT-002575,APP-00379,client_interview_2,2025-08-02,8
EVT-002576,APP-00379,offer_extended,2025-08-03,1
EVT-002577,APP-00379,offer_accepted,2025-08-04,1
EVT-002578,APP-00379,background_check,2025-08-11,7
EVT-002579,APP-00379,onboarding_docs_sent,2025-08-30,19
EVT-002580,APP-00379,start_date,2025-08-31,1
EVT-002581,APP-00380,screened,2025-01-22,0
EVT-002582,APP-00380,submitted,2025-01-23,1
EVT-002583,APP-00380,client_interview_1,2025-02-09,17
EVT-002584,APP-00380,offer_extended,2025-02-17,8
EVT-002585,APP-00380,offer_accepted,2025-02-17,0
EVT-002586,APP-00380,background_check,2025-02-24,7
EVT-002587,APP-00380,onboarding_docs_sent,2025-02-28,4
EVT-002588,APP-00380,start_date,2025-03-04,4
EVT-002589,APP-00381,screened,2024-04-29,0
EVT-002590,APP-00381,submitted,2024-04-30,1
EVT-002591,APP-00381,client_interview_1,2024-05-08,8
EVT-002592,APP-00381,offer_extended,2024-05-20,12
EVT-002593,APP-00381,offer_accepted,2024-05-20,0
EVT-002594,APP-00381,background_check,2024-05-24,4
EVT-002595,APP-00381,onboarding_docs_sent,2024-05-29,5
EVT-002596,APP-00382,screened,2024-11-16,0
EVT-002597,APP-00382,submitted,2024-11-18,2
EVT-002598,APP-00382,client_interview_1,2024-12-04,16
EVT-002599,APP-00382,client_interview_2,2024-12-10,6
EVT-002600,APP-00382,offer_extended,2024-12-11,1
EVT-002601,APP-00382,offer_accepted,2024-12-14,3
EVT-002602,APP-00382,background_check,2024-12-17,3
EVT-002603,APP-00382,onboarding_docs_sent,2025-01-09,23
EVT-002604,APP-00382,start_date,2025-02-03,25
EVT-002605,APP-00383,screened,2024-11-01,0
EVT-002606,APP-00383,client_interview_1,2024-11-04,3
EVT-002607,APP-00383,submitted,2024-11-05,1
EVT-002608,APP-00383,client_interview_2,2024-11-07,2
EVT-002609,APP-00383,offer_extended,2024-11-19,12
EVT-002610,APP-00383,offer_accepted,2024-11-25,6
EVT-002611,APP-00383,background_check,2024-11-29,4
EVT-002612,APP-00383,onboarding_docs_sent,2024-12-12,13
EVT-002613,APP-00383,start_date,2024-12-15,3
EVT-002614,APP-00384,screened,2025-06-24,0
EVT-002615,APP-00384,submitted,2025-06-28,4
EVT-002616,APP-00384,client_interview_1,2025-07-02,4
EVT-002617,APP-00384,client_interview_2,2025-07-08,6
EVT-002618,APP-00384,offer_extended,2025-07-10,2
EVT-002619,APP-00384,offer_accepted,2025-07-14,4
EVT-002620,APP-00384,onboarding_docs_sent,2025-07-16,2
EVT-002621,APP-00384,start_date,2025-07-20,4
EVT-002622,APP-00385,screened,2024-03-02,0
EVT-002623,APP-00385,submitted,2024-03-05,3
EVT-002624,APP-00385,client_interview_1,2024-03-11,6
EVT-002625,APP-00385,offer_extended,2024-03-26,15
EVT-002626,APP-00386,screened,2024-12-07,0
EVT-002627,APP-00386,submitted,2024-12-09,2
EVT-002628,APP-00386,client_interview_1,2024-12-22,13
EVT-002629,APP-00386,client_interview_2,2024-12-27,5
EVT-002630,APP-00386,offer_extended,2024-12-29,2
EVT-002631,APP-00386,offer_accepted,2025-01-02,4
EVT-002632,APP-00386,background_check,2025-01-05,3
EVT-002633,APP-00386,start_date,2025-01-15,10
EVT-002634,APP-00387,screened,2024-10-09,0
EVT-002635,APP-00387,submitted,2024-10-12,3
EVT-002636,APP-00387,client_interview_1,2024-10-16,4
EVT-002637,APP-00387,offer_extended,2024-10-31,15
EVT-002638,APP-00388,screened,2024-05-15,0
EVT-002639,APP-00388,submitted,2024-05-17,2
EVT-002640,APP-00388,client_interview_1,2024-05-24,7
EVT-002641,APP-00388,client_interview_2,2024-05-30,6
EVT-002642,APP-00388,offer_extended,2024-06-04,5
EVT-002643,APP-00389,screened,2025-01-21,0
EVT-002644,APP-00389,client_interview_1,2025-01-21,0
EVT-002645,APP-00389,submitted,2025-01-24,3
EVT-002646,APP-00389,client_interview_2,2025-01-26,2
EVT-002647,APP-00389,offer_extended,2025-01-28,2
EVT-002648,APP-00389,offer_accepted,2025-01-29,1
EVT-002649,APP-00389,background_check,2025-02-01,3
EVT-002650,APP-00389,onboarding_docs_sent,2025-02-12,11
EVT-002651,APP-00389,start_date,2025-03-02,18
EVT-002652,APP-00390,screened,2025-04-20,0
EVT-002653,APP-00390,submitted,2025-04-24,4
EVT-002654,APP-00390,client_interview_1,2025-05-08,14
EVT-002655,APP-00390,offer_extended,2025-05-14,6
EVT-002656,APP-00390,offer_accepted,2025-05-19,5
EVT-002657,APP-00390,background_check,2025-05-27,8
EVT-002658,APP-00391,screened,2024-10-07,0
EVT-002659,APP-00391,submitted,2024-10-10,3
EVT-002660,APP-00391,client_interview_1,2024-10-23,13
EVT-002661,APP-00391,offer_extended,2024-11-03,11
EVT-002662,APP-00391,offer_accepted,2024-11-07,4
EVT-002663,APP-00391,background_check,2024-11-14,7
EVT-002664,APP-00391,onboarding_docs_sent,2024-12-04,20
EVT-002665,APP-00391,start_date,2024-12-06,2
EVT-002666,APP-00392,screened,2024-09-05,0
EVT-002667,APP-00392,submitted,2024-09-07,2
EVT-002668,APP-00392,client_interview_1,2024-09-17,10
EVT-002669,APP-00392,offer_extended,2024-09-21,4
EVT-002670,APP-00392,offer_accepted,2024-09-22,1
EVT-002671,APP-00392,background_check,2024-09-29,7
EVT-002672,APP-00392,onboarding_docs_sent,2024-10-04,5
EVT-002673,APP-00392,start_date,2024-10-12,8
EVT-002674,APP-00393,screened,2024-09-15,0
EVT-002675,APP-00393,client_interview_1,2024-09-18,3
EVT-002676,APP-00393,submitted,2024-09-19,1
EVT-002677,APP-00393,offer_extended,2024-09-29,10
EVT-002678,APP-00393,offer_accepted,2024-10-04,5
EVT-002679,APP-00393,start_date,2024-10-18,14
EVT-002680,APP-00394,screened,2025-01-18,0
EVT-002681,APP-00394,submitted,2025-01-19,1
EVT-002682,APP-00394,client_interview_1,2025-01-24,5
EVT-002683,APP-00394,offer_extended,2025-02-11,18
EVT-002684,APP-00394,offer_accepted,2025-02-13,2
EVT-002685,APP-00394,background_check,2025-02-15,2
EVT-002686,APP-00395,screened,2025-02-17,0
EVT-002687,APP-00395,submitted,2025-02-19,2
EVT-002688,APP-00395,client_interview_1,2025-03-08,17
EVT-002689,APP-00395,offer_extended,2025-03-14,6
EVT-002690,APP-00395,offer_accepted,2025-03-15,1
EVT-002691,APP-00395,background_check,2025-03-16,1
EVT-002692,APP-00395,onboarding_docs_sent,2025-03-28,12
EVT-002693,APP-00395,start_date,2025-04-21,24
EVT-002694,APP-00396,screened,2024-05-15,0
EVT-002695,APP-00396,submitted,2024-05-18,3
EVT-002696,APP-00396,client_interview_1,2024-05-19,1
EVT-002697,APP-00396,offer_extended,2024-05-27,8
EVT-002698,APP-00396,offer_accepted,2024-06-01,5
EVT-002699,APP-00396,background_check,2024-06-02,1
EVT-002700,APP-00396,onboarding_docs_sent,2024-06-05,3
EVT-002701,APP-00396,start_date,2024-06-07,2
EVT-002702,APP-00397,screened,2024-02-20,0
EVT-002703,APP-00397,submitted,2024-02-24,4
EVT-002704,APP-00397,client_interview_1,2024-02-24,0
EVT-002705,APP-00397,client_interview_2,2024-03-04,9
EVT-002706,APP-00397,offer_extended,2024-03-07,3
EVT-002707,APP-00397,offer_accepted,2024-03-10,3
EVT-002708,APP-00397,background_check,2024-03-13,3
EVT-002709,APP-00397,onboarding_docs_sent,2024-03-17,4
EVT-002710,APP-00397,start_date,2024-03-24,7
EVT-002711,APP-00398,screened,2024-10-25,0
EVT-002712,APP-00398,submitted,2024-10-26,1
EVT-002713,APP-00398,client_interview_1,2024-10-31,5
EVT-002714,APP-00398,client_interview_2,2024-11-03,3
EVT-002715,APP-00398,offer_extended,2024-11-08,5
EVT-002716,APP-00398,offer_accepted,2024-11-10,2
EVT-002717,APP-00398,background_check,2024-11-13,3
EVT-002718,APP-00399,screened,2024-11-03,0
EVT-002719,APP-00399,submitted,2024-11-06,3
EVT-002720,APP-00399,client_interview_1,2024-11-22,16
EVT-002721,APP-00399,client_interview_2,2024-12-01,9
EVT-002722,APP-00399,offer_extended,2024-12-10,9
EVT-002723,APP-00399,offer_accepted,2024-12-10,0
EVT-002724,APP-00399,background_check,2024-12-18,8
EVT-002725,APP-00400,screened,2024-03-08,0
EVT-002726,APP-00400,submitted,2024-03-12,4
EVT-002727,APP-00400,client_interview_1,2024-03-18,6
EVT-002728,APP-00400,client_interview_2,2024-03-27,9
EVT-002729,APP-00400,offer_extended,2024-03-30,3
EVT-002730,APP-00400,offer_accepted,2024-04-03,4
EVT-002731,APP-00400,background_check,2024-04-08,5
EVT-002732,APP-00400,onboarding_docs_sent,2024-04-17,9
EVT-002733,APP-00400,start_date,2024-04-22,5
EVT-002734,APP-00401,screened,2024-06-10,0
EVT-002735,APP-00401,submitted,2024-06-11,1
EVT-002736,APP-00401,client_interview_1,2024-06-18,7
EVT-002737,APP-00401,offer_extended,2024-07-04,16
EVT-002738,APP-00402,screened,2025-03-05,0
EVT-002739,APP-00402,submitted,2025-03-07,2
EVT-002740,APP-00402,client_interview_1,2025-03-22,15
EVT-002741,APP-00402,offer_extended,2025-03-28,6
EVT-002742,APP-00402,offer_accepted,2025-03-28,0
EVT-002743,APP-00402,background_check,2025-03-31,3
EVT-002744,APP-00402,onboarding_docs_sent,2025-04-29,29
EVT-002745,APP-00402,start_date,2025-05-02,3
EVT-002746,APP-00403,screened,2024-07-25,0
EVT-002747,APP-00403,submitted,2024-07-29,4
EVT-002748,APP-00403,client_interview_1,2024-07-29,0
EVT-002749,APP-00403,client_interview_2,2024-08-06,8
EVT-002750,APP-00403,offer_extended,2024-08-08,2
EVT-002751,APP-00403,offer_accepted,2024-08-10,2
EVT-002752,APP-00403,background_check,2024-08-13,3
EVT-002753,APP-00404,screened,2024-04-11,0
EVT-002754,APP-00404,submitted,2024-04-15,4
EVT-002755,APP-00404,client_interview_1,2024-04-26,11
EVT-002756,APP-00404,client_interview_2,2024-05-01,5
EVT-002757,APP-00404,offer_extended,2024-05-12,11
EVT-002758,APP-00404,offer_accepted,2024-05-18,6
EVT-002759,APP-00404,onboarding_docs_sent,2024-05-21,3
EVT-002760,APP-00404,background_check,2024-05-25,4
EVT-002761,APP-00404,start_date,2024-05-27,2
EVT-002762,APP-00405,screened,2025-08-11,0
EVT-002763,APP-00405,submitted,2025-08-13,2
EVT-002764,APP-00405,client_interview_1,2025-08-15,2
EVT-002765,APP-00405,client_interview_2,2025-08-18,3
EVT-002766,APP-00405,offer_extended,2025-08-26,8
EVT-002767,APP-00405,offer_accepted,2025-08-30,4
EVT-002768,APP-00405,background_check,2025-09-02,3
EVT-002769,APP-00406,screened,2024-12-29,0
EVT-002770,APP-00406,submitted,2025-01-01,3
EVT-002771,APP-00406,client_interview_1,2025-01-09,8
EVT-002772,APP-00406,client_interview_2,2025-01-12,3
EVT-002773,APP-00406,offer_extended,2025-01-17,5
EVT-002774,APP-00406,offer_accepted,2025-01-23,6
EVT-002775,APP-00406,background_check,2025-01-31,8
EVT-002776,APP-00406,onboarding_docs_sent,2025-02-12,12
EVT-002777,APP-00406,start_date,2025-02-19,7
EVT-002778,APP-00407,screened,2024-04-01,0
EVT-002779,APP-00407,client_interview_1,2024-04-04,3
EVT-002780,APP-00407,submitted,2024-04-05,1
EVT-002781,APP-00407,offer_extended,2024-04-21,16
EVT-002782,APP-00407,offer_accepted,2024-04-21,0
EVT-002783,APP-00407,background_check,2024-04-27,6
EVT-002784,APP-00408,screened,2025-04-29,0
EVT-002785,APP-00408,submitted,2025-05-03,4
EVT-002786,APP-00408,client_interview_1,2025-05-12,9
EVT-002787,APP-00408,offer_extended,2025-05-24,12
EVT-002788,APP-00408,offer_accepted,2025-05-27,3
EVT-002789,APP-00408,background_check,2025-06-01,5
EVT-002790,APP-00409,screened,2024-03-01,0
EVT-002791,APP-00409,submitted,2024-03-03,2
EVT-002792,APP-00409,client_interview_1,2024-03-08,5
EVT-002793,APP-00409,client_interview_2,2024-03-13,5
EVT-002794,APP-00409,offer_extended,2024-03-24,11
EVT-002795,APP-00409,offer_accepted,2024-03-28,4
EVT-002796,APP-00409,background_check,2024-03-31,3
EVT-002797,APP-00409,onboarding_docs_sent,2024-04-10,10
EVT-002798,APP-00409,start_date,2024-04-12,2
EVT-002799,APP-00410,screened,2025-07-01,0
EVT-002800,APP-00410,submitted,2025-07-05,4
EVT-002801,APP-00410,client_interview_1,2025-07-10,5
EVT-002802,APP-00410,offer_extended,2025-07-25,15
EVT-002803,APP-00410,offer_accepted,2025-07-30,5
EVT-002804,APP-00410,background_check,2025-08-06,7
EVT-002805,APP-00410,onboarding_docs_sent,2025-08-09,3
EVT-002806,APP-00410,start_date,2025-08-14,5
EVT-002807,APP-00411,screened,2024-03-27,0
EVT-002808,APP-00411,submitted,2024-03-29,2
EVT-002809,APP-00411,client_interview_1,2024-03-30,1
EVT-002810,APP-00411,offer_extended,2024-04-01,2
EVT-002811,APP-00411,offer_accepted,2024-04-06,5
EVT-002812,APP-00411,background_check,2024-04-12,6
EVT-002813,APP-00411,start_date,2024-04-28,16
EVT-002814,APP-00412,screened,2024-12-22,0
EVT-002815,APP-00412,submitted,2024-12-25,3
EVT-002816,APP-00412,client_interview_1,2025-01-06,12
EVT-002817,APP-00412,offer_extended,2025-01-20,14
EVT-002818,APP-00412,offer_accepted,2025-01-23,3
EVT-002819,APP-00412,background_check,2025-01-27,4
EVT-002820,APP-00413,screened,2024-07-31,0
EVT-002821,APP-00413,submitted,2024-08-04,4
EVT-002822,APP-00413,client_interview_1,2024-08-13,9
EVT-002823,APP-00413,offer_extended,2024-08-19,6
EVT-002824,APP-00414,screened,2024-08-23,0
EVT-002825,APP-00414,submitted,2024-08-27,4
EVT-002826,APP-00414,client_interview_1,2024-09-05,9
EVT-002827,APP-00414,offer_extended,2024-09-11,6
EVT-002828,APP-00414,offer_accepted,2024-09-11,0
EVT-002829,APP-00414,background_check,2024-09-12,1
EVT-002830,APP-00415,screened,2025-04-09,0
EVT-002831,APP-00415,submitted,2025-04-12,3
EVT-002832,APP-00415,client_interview_1,2025-04-16,4
EVT-002833,APP-00415,client_interview_2,2025-04-21,5
EVT-002834,APP-00415,offer_extended,2025-05-02,11
EVT-002835,APP-00415,offer_accepted,2025-05-06,4
EVT-002836,APP-00415,background_check,2025-05-09,3
EVT-002837,APP-00415,start_date,2025-05-26,17
EVT-002838,APP-00416,screened,2025-07-06,0
EVT-002839,APP-00416,submitted,2025-07-07,1
EVT-002840,APP-00416,client_interview_1,2025-07-24,17
EVT-002841,APP-00416,offer_extended,2025-08-10,17
EVT-002842,APP-00416,offer_accepted,2025-08-16,6
EVT-002843,APP-00416,background_check,2025-08-20,4
EVT-002844,APP-00417,screened,2025-03-07,0
EVT-002845,APP-00417,submitted,2025-03-08,1
EVT-002846,APP-00417,client_interview_1,2025-03-26,18
EVT-002847,APP-00417,offer_extended,2025-04-12,17
EVT-002848,APP-00417,offer_accepted,2025-04-17,5
EVT-002849,APP-00417,background_check,2025-04-21,4
EVT-002850,APP-00417,start_date,2025-05-02,11
EVT-002851,APP-00418,screened,2025-01-03,0
EVT-002852,APP-00418,submitted,2025-01-05,2
EVT-002853,APP-00418,client_interview_1,2025-01-14,9
EVT-002854,APP-00418,client_interview_2,2025-01-16,2
EVT-002855,APP-00418,offer_extended,2025-01-30,14
EVT-002856,APP-00418,offer_accepted,2025-02-03,4
EVT-002857,APP-00418,background_check,2025-02-09,6
EVT-002858,APP-00418,start_date,2025-03-02,21
EVT-002859,APP-00419,screened,2024-03-01,0
EVT-002860,APP-00419,submitted,2024-03-05,4
EVT-002861,APP-00419,client_interview_1,2024-03-06,1
EVT-002862,APP-00419,offer_extended,2024-03-17,11
EVT-002863,APP-00419,offer_accepted,2024-03-21,4
EVT-002864,APP-00419,background_check,2024-03-23,2
EVT-002865,APP-00420,screened,2024-03-09,0
EVT-002866,APP-00420,submitted,2024-03-11,2
EVT-002867,APP-00420,client_interview_1,2024-03-22,11
EVT-002868,APP-00420,offer_extended,2024-04-02,11
EVT-002869,APP-00420,offer_accepted,2024-04-04,2
EVT-002870,APP-00420,background_check,2024-04-10,6
EVT-002871,APP-00420,start_date,2024-04-21,11
EVT-002872,APP-00421,screened,2024-07-21,0
EVT-002873,APP-00421,submitted,2024-07-23,2
EVT-002874,APP-00421,client_interview_1,2024-07-26,3
EVT-002875,APP-00421,offer_extended,2024-07-29,3
EVT-002876,APP-00421,offer_accepted,2024-08-03,5
EVT-002877,APP-00421,background_check,2024-08-07,4
EVT-002878,APP-00421,start_date,2024-08-18,11
EVT-002879,APP-00422,screened,2024-08-14,0
EVT-002880,APP-00422,submitted,2024-08-17,3
EVT-002881,APP-00422,client_interview_1,2024-08-19,2
EVT-002882,APP-00422,offer_extended,2024-08-29,10
EVT-002883,APP-00422,offer_accepted,2024-08-31,2
EVT-002884,APP-00422,background_check,2024-09-05,5
EVT-002885,APP-00422,onboarding_docs_sent,2024-09-13,8
EVT-002886,APP-00422,start_date,2024-09-15,2
EVT-002887,APP-00423,screened,2024-05-04,0
EVT-002888,APP-00423,submitted,2024-05-06,2
EVT-002889,APP-00423,client_interview_1,2024-05-15,9
EVT-002890,APP-00423,offer_extended,2024-05-24,9
EVT-002891,APP-00424,screened,2024-06-06,0
EVT-002892,APP-00424,submitted,2024-06-07,1
EVT-002893,APP-00424,client_interview_1,2024-06-21,14
EVT-002894,APP-00424,offer_extended,2024-07-06,15
EVT-002895,APP-00424,offer_accepted,2024-07-12,6
EVT-002896,APP-00424,onboarding_docs_sent,2024-07-26,14
EVT-002897,APP-00424,start_date,2024-07-28,2
EVT-002898,APP-00425,screened,2024-10-26,0
EVT-002899,APP-00425,submitted,2024-10-28,2
EVT-002900,APP-00425,client_interview_1,2024-10-31,3
EVT-002901,APP-00425,offer_extended,2024-11-03,3
EVT-002902,APP-00425,offer_accepted,2024-11-04,1
EVT-002903,APP-00425,background_check,2024-11-11,7
EVT-002904,APP-00425,onboarding_docs_sent,2024-11-22,11
EVT-002905,APP-00425,start_date,2024-11-27,5
EVT-002906,APP-00426,screened,2024-05-03,0
EVT-002907,APP-00426,submitted,2024-05-07,4
EVT-002908,APP-00426,client_interview_1,2024-05-16,9
EVT-002909,APP-00426,client_interview_2,2024-05-19,3
EVT-002910,APP-00426,offer_extended,2024-06-02,14
EVT-002911,APP-00426,offer_accepted,2024-06-04,2
EVT-002912,APP-00426,background_check,2024-06-06,2
EVT-002913,APP-00426,onboarding_docs_sent,2024-06-10,4
EVT-002914,APP-00426,start_date,2024-06-17,7
EVT-002915,APP-00427,screened,2024-12-22,0
EVT-002916,APP-00427,submitted,2024-12-25,3
EVT-002917,APP-00427,client_interview_1,2025-01-08,14
EVT-002918,APP-00427,offer_extended,2025-01-11,3
EVT-002919,APP-00427,offer_accepted,2025-01-11,0
EVT-002920,APP-00427,background_check,2025-01-12,1
EVT-002921,APP-00428,screened,2024-12-09,0
EVT-002922,APP-00428,submitted,2024-12-13,4
EVT-002923,APP-00428,client_interview_1,2024-12-15,2
EVT-002924,APP-00428,offer_extended,2024-12-25,10
EVT-002925,APP-00428,offer_accepted,2024-12-30,5
EVT-002926,APP-00428,background_check,2025-01-01,2
EVT-002927,APP-00428,start_date,2025-01-22,21
EVT-002928,APP-00429,screened,2024-11-25,0
EVT-002929,APP-00429,submitted,2024-11-27,2
EVT-002930,APP-00429,client_interview_1,2024-11-30,3
EVT-002931,APP-00429,offer_extended,2024-12-12,12
EVT-002932,APP-00429,offer_accepted,2024-12-16,4
EVT-002933,APP-00429,onboarding_docs_sent,2024-12-19,3
EVT-002934,APP-00429,start_date,2024-12-21,2
EVT-002935,APP-00430,screened,2025-03-05,0
EVT-002936,APP-00430,submitted,2025-03-07,2
EVT-002937,APP-00430,client_interview_1,2025-03-13,6
EVT-002938,APP-00430,offer_extended,2025-03-24,11
EVT-002939,APP-00430,offer_accepted,2025-03-26,2
EVT-002940,APP-00430,background_check,2025-04-01,6
EVT-002941,APP-00431,screened,2024-04-10,0
EVT-002942,APP-00431,submitted,2024-04-11,1
EVT-002943,APP-00431,client_interview_1,2024-04-16,5
EVT-002944,APP-00431,offer_extended,2024-04-21,5
EVT-002945,APP-00431,offer_accepted,2024-04-21,0
EVT-002946,APP-00431,background_check,2024-04-24,3
EVT-002947,APP-00431,onboarding_docs_sent,2024-05-19,25
EVT-002948,APP-00431,start_date,2024-05-20,1
EVT-002949,APP-00432,screened,2024-04-13,0
EVT-002950,APP-00432,submitted,2024-04-15,2
EVT-002951,APP-00432,client_interview_1,2024-04-15,0
EVT-002952,APP-00432,offer_extended,2024-05-01,16
EVT-002953,APP-00432,offer_accepted,2024-05-03,2
EVT-002954,APP-00432,start_date,2024-06-04,32
EVT-002955,APP-00433,screened,2024-12-07,0
EVT-002956,APP-00433,submitted,2024-12-09,2
EVT-002957,APP-00433,client_interview_1,2024-12-20,11
EVT-002958,APP-00433,offer_extended,2025-01-01,12
EVT-002959,APP-00433,offer_accepted,2025-01-01,0
EVT-002960,APP-00433,onboarding_docs_sent,2025-01-16,15
EVT-002961,APP-00433,start_date,2025-01-30,14
EVT-002962,APP-00434,screened,2025-05-24,0
EVT-002963,APP-00434,submitted,2025-05-25,1
EVT-002964,APP-00434,client_interview_1,2025-06-09,15
EVT-002965,APP-00434,client_interview_2,2025-06-13,4
EVT-002966,APP-00434,offer_extended,2025-06-14,1
EVT-002967,APP-00434,offer_accepted,2025-06-15,1
EVT-002968,APP-00434,background_check,2025-06-20,5
EVT-002969,APP-00434,onboarding_docs_sent,2025-07-09,19
EVT-002970,APP-00434,start_date,2025-07-27,18
EVT-002971,APP-00435,screened,2024-09-19,0
EVT-002972,APP-00435,submitted,2024-09-20,1
EVT-002973,APP-00435,client_interview_1,2024-09-27,7
EVT-002974,APP-00435,offer_extended,2024-10-13,16
EVT-002975,APP-00435,offer_accepted,2024-10-13,0
EVT-002976,APP-00435,background_check,2024-10-21,8
EVT-002977,APP-00435,onboarding_docs_sent,2024-11-02,12
EVT-002978,APP-00436,screened,2025-02-16,0
EVT-002979,APP-00436,submitted,2025-02-20,4
EVT-002980,APP-00436,client_interview_1,2025-03-02,10
EVT-002981,APP-00436,offer_extended,2025-03-04,2
EVT-002982,APP-00436,offer_accepted,2025-03-08,4
EVT-002983,APP-00436,background_check,2025-03-15,7
EVT-002984,APP-00436,onboarding_docs_sent,2025-04-01,17
EVT-002985,APP-00436,start_date,2025-04-05,4
EVT-002986,APP-00437,screened,2024-11-14,0
EVT-002987,APP-00437,submitted,2024-11-16,2
EVT-002988,APP-00437,client_interview_1,2024-12-02,16
EVT-002989,APP-00437,client_interview_2,2024-12-05,3
EVT-002990,APP-00437,offer_extended,2024-12-07,2
EVT-002991,APP-00437,offer_accepted,2024-12-11,4
EVT-002992,APP-00437,background_check,2024-12-17,6
EVT-002993,APP-00437,start_date,2025-01-17,31
EVT-002994,APP-00438,screened,2024-05-19,0
EVT-002995,APP-00438,submitted,2024-05-23,4
EVT-002996,APP-00438,client_interview_1,2024-05-31,8
EVT-002997,APP-00438,offer_extended,2024-06-04,4
EVT-002998,APP-00438,offer_accepted,2024-06-10,6
EVT-002999,APP-00438,background_check,2024-06-13,3
EVT-003000,APP-00438,onboarding_docs_sent,2024-06-22,9
EVT-003001,APP-00438,start_date,2024-06-28,6
EVT-003002,APP-00439,screened,2025-06-03,0
EVT-003003,APP-00439,submitted,2025-06-04,1
EVT-003004,APP-00439,client_interview_1,2025-06-17,13
EVT-003005,APP-00439,offer_extended,2025-06-22,5
EVT-003006,APP-00439,offer_accepted,2025-06-27,5
EVT-003007,APP-00439,background_check,2025-06-30,3
EVT-003008,APP-00440,screened,2024-10-06,0
EVT-003009,APP-00440,submitted,2024-10-09,3
EVT-003010,APP-00440,client_interview_1,2024-10-24,15
EVT-003011,APP-00440,offer_extended,2024-11-02,9
EVT-003012,APP-00440,offer_accepted,2024-11-05,3
EVT-003013,APP-00440,background_check,2024-11-07,2
EVT-003014,APP-00441,screened,2024-07-07,0
EVT-003015,APP-00441,submitted,2024-07-11,4
EVT-003016,APP-00441,client_interview_1,2024-07-17,6
EVT-003017,APP-00441,offer_extended,2024-07-20,3
EVT-003018,APP-00441,offer_accepted,2024-07-22,2
EVT-003019,APP-00441,background_check,2024-07-24,2
EVT-003020,APP-00441,onboarding_docs_sent,2024-08-23,30
EVT-003021,APP-00441,start_date,2024-08-28,5
EVT-003022,APP-00442,screened,2024-07-25,0
EVT-003023,APP-00442,submitted,2024-07-28,3
EVT-003024,APP-00442,client_interview_1,2024-08-11,14
EVT-003025,APP-00442,offer_extended,2024-08-17,6
EVT-003026,APP-00442,offer_accepted,2024-08-22,5
EVT-003027,APP-00442,background_check,2024-08-25,3
EVT-003028,APP-00442,onboarding_docs_sent,2024-09-08,14
EVT-003029,APP-00442,start_date,2024-09-14,6
EVT-003030,APP-00443,screened,2024-11-17,0
EVT-003031,APP-00443,submitted,2024-11-19,2
EVT-003032,APP-00443,client_interview_1,2024-11-21,2
EVT-003033,APP-00443,offer_extended,2024-11-30,9
EVT-003034,APP-00444,screened,2024-10-20,0
EVT-003035,APP-00444,submitted,2024-10-21,1
EVT-003036,APP-00444,client_interview_1,2024-10-26,5
EVT-003037,APP-00444,offer_extended,2024-10-30,4
EVT-003038,APP-00444,offer_accepted,2024-11-05,6
EVT-003039,APP-00444,onboarding_docs_sent,2024-11-07,2
EVT-003040,APP-00444,background_check,2024-11-10,3
EVT-003041,APP-00444,start_date,2024-11-11,1
EVT-003042,APP-00445,screened,2024-03-16,0
EVT-003043,APP-00445,submitted,2024-03-20,4
EVT-003044,APP-00445,client_interview_1,2024-03-30,10
EVT-003045,APP-00445,client_interview_2,2024-04-01,2
EVT-003046,APP-00445,offer_extended,2024-04-11,10
EVT-003047,APP-00445,offer_accepted,2024-04-11,0
EVT-003048,APP-00445,background_check,2024-04-15,4
EVT-003049,APP-00445,onboarding_docs_sent,2024-05-11,26
EVT-003050,APP-00445,start_date,2024-05-13,2
EVT-003051,APP-00446,screened,2024-12-04,0
EVT-003052,APP-00446,submitted,2024-12-08,4
EVT-003053,APP-00446,client_interview_1,2024-12-14,6
EVT-003054,APP-00446,offer_extended,2024-12-20,6
EVT-003055,APP-00447,screened,2025-02-13,0
EVT-003056,APP-00447,submitted,2025-02-14,1
EVT-003057,APP-00447,client_interview_1,2025-02-19,5
EVT-003058,APP-00447,offer_extended,2025-03-05,14
EVT-003059,APP-00447,offer_accepted,2025-03-11,6
EVT-003060,APP-00448,screened,2024-08-18,0
EVT-003061,APP-00448,submitted,2024-08-22,4
EVT-003062,APP-00448,client_interview_1,2024-09-07,16
EVT-003063,APP-00448,offer_extended,2024-09-18,11
EVT-003064,APP-00449,screened,2025-02-23,0
EVT-003065,APP-00449,submitted,2025-02-26,3
EVT-003066,APP-00449,client_interview_1,2025-03-03,5
EVT-003067,APP-00449,offer_extended,2025-03-21,18
EVT-003068,APP-00450,screened,2024-11-10,0
EVT-003069,APP-00450,submitted,2024-11-14,4
EVT-003070,APP-00450,client_interview_1,2024-11-14,0
EVT-003071,APP-00450,offer_extended,2024-11-25,11
EVT-003072,APP-00450,offer_accepted,2024-11-27,2
EVT-003073,APP-00450,background_check,2024-11-28,1
EVT-003074,APP-00450,onboarding_docs_sent,2024-12-17,19
EVT-003075,APP-00450,start_date,2024-12-17,0
EVT-003076,APP-00451,screened,2024-02-25,0
EVT-003077,APP-00451,submitted,2024-02-27,2
EVT-003078,APP-00451,client_interview_1,2024-03-14,16
EVT-003079,APP-00451,client_interview_2,2024-03-16,2
EVT-003080,APP-00451,offer_extended,2024-04-01,16
EVT-003081,APP-00452,screened,2024-04-17,0
EVT-003082,APP-00452,submitted,2024-04-20,3
EVT-003083,APP-00452,client_interview_1,2024-05-02,12
EVT-003084,APP-00452,offer_extended,2024-05-19,17
EVT-003085,APP-00452,offer_accepted,2024-05-20,1
EVT-003086,APP-00452,background_check,2024-05-27,7
EVT-003087,APP-00453,screened,2024-04-20,0
EVT-003088,APP-00453,submitted,2024-04-24,4
EVT-003089,APP-00453,client_interview_1,2024-04-30,6
EVT-003090,APP-00453,client_interview_2,2024-05-10,10
EVT-003091,APP-00453,offer_extended,2024-05-16,6
EVT-003092,APP-00453,offer_accepted,2024-05-16,0
EVT-003093,APP-00453,background_check,2024-05-19,3
EVT-003094,APP-00454,screened,2024-11-05,0
EVT-003095,APP-00454,submitted,2024-11-06,1
EVT-003096,APP-00454,client_interview_1,2024-11-13,7
EVT-003097,APP-00454,client_interview_2,2024-11-23,10
EVT-003098,APP-00454,offer_extended,2024-11-29,6
EVT-003099,APP-00454,offer_accepted,2024-12-03,4
EVT-003100,APP-00454,start_date,2024-12-27,24
EVT-003101,APP-00455,screened,2024-09-18,0
EVT-003102,APP-00455,submitted,2024-09-21,3
EVT-003103,APP-00455,client_interview_1,2024-10-03,12
EVT-003104,APP-00455,client_interview_2,2024-10-06,3
EVT-003105,APP-00455,offer_extended,2024-10-11,5
EVT-003106,APP-00455,offer_accepted,2024-10-14,3
EVT-003107,APP-00455,background_check,2024-10-21,7
EVT-003108,APP-00455,onboarding_docs_sent,2024-10-26,5
EVT-003109,APP-00455,start_date,2024-10-27,1
EVT-003110,APP-00456,screened,2024-04-17,0
EVT-003111,APP-00456,submitted,2024-04-19,2
EVT-003112,APP-00456,client_interview_1,2024-04-25,6
EVT-003113,APP-00456,client_interview_2,2024-05-03,8
EVT-003114,APP-00456,offer_extended,2024-05-09,6
EVT-003115,APP-00456,offer_accepted,2024-05-11,2
EVT-003116,APP-00456,background_check,2024-05-12,1
EVT-003117,APP-00456,onboarding_docs_sent,2024-05-17,5
EVT-003118,APP-00456,start_date,2024-05-23,6
EVT-003119,APP-00457,screened,2025-02-26,0
EVT-003120,APP-00457,submitted,2025-02-27,1
EVT-003121,APP-00457,client_interview_1,2025-03-08,9
EVT-003122,APP-00457,client_interview_2,2025-03-12,4
EVT-003123,APP-00457,offer_extended,2025-03-14,2
EVT-003124,APP-00457,offer_accepted,2025-03-14,0
EVT-003125,APP-00457,background_check,2025-03-17,3
EVT-003126,APP-00457,onboarding_docs_sent,2025-04-04,18
EVT-003127,APP-00457,start_date,2025-04-24,20
EVT-003128,APP-00458,screened,2024-04-20,0
EVT-003129,APP-00458,submitted,2024-04-22,2
EVT-003130,APP-00458,client_interview_1,2024-04-26,4
EVT-003131,APP-00458,client_interview_2,2024-05-02,6
EVT-003132,APP-00458,offer_extended,2024-05-05,3
EVT-003133,APP-00458,offer_accepted,2024-05-05,0
EVT-003134,APP-00458,background_check,2024-05-07,2
EVT-003135,APP-00458,start_date,2024-05-29,22
EVT-003136,APP-00459,screened,2024-10-31,0
EVT-003137,APP-00459,submitted,2024-11-03,3
EVT-003138,APP-00459,client_interview_1,2024-11-10,7
EVT-003139,APP-00459,offer_extended,2024-11-19,9
EVT-003140,APP-00460,screened,2024-12-01,0
EVT-003141,APP-00460,submitted,2024-12-02,1
EVT-003142,APP-00460,client_interview_1,2024-12-17,15
EVT-003143,APP-00460,client_interview_2,2024-12-20,3
EVT-003144,APP-00460,offer_extended,2025-01-04,15
EVT-003145,APP-00460,offer_accepted,2025-01-04,0
EVT-003146,APP-00460,background_check,2025-01-10,6
EVT-003147,APP-00460,onboarding_docs_sent,2025-01-22,12
EVT-003148,APP-00460,start_date,2025-02-15,24
EVT-003149,APP-00461,screened,2025-05-30,0
EVT-003150,APP-00461,submitted,2025-06-02,3
EVT-003151,APP-00461,client_interview_1,2025-06-14,12
EVT-003152,APP-00461,client_interview_2,2025-06-17,3
EVT-003153,APP-00461,offer_extended,2025-06-22,5
EVT-003154,APP-00462,screened,2025-04-02,0
EVT-003155,APP-00462,submitted,2025-04-04,2
EVT-003156,APP-00462,client_interview_1,2025-04-23,19
EVT-003157,APP-00462,offer_extended,2025-04-25,2
EVT-003158,APP-00462,offer_accepted,2025-04-28,3
EVT-003159,APP-00462,background_check,2025-04-29,1
EVT-003160,APP-00462,onboarding_docs_sent,2025-05-15,16
EVT-003161,APP-00462,start_date,2025-05-26,11
EVT-003162,APP-00463,screened,2024-07-08,0
EVT-003163,APP-00463,client_interview_1,2024-07-09,1
EVT-003164,APP-00463,submitted,2024-07-12,3
EVT-003165,APP-00463,offer_extended,2024-07-13,1
EVT-003166,APP-00463,offer_accepted,2024-07-16,3
EVT-003167,APP-00463,background_check,2024-07-17,1
EVT-003168,APP-00463,onboarding_docs_sent,2024-08-08,22
EVT-003169,APP-00463,start_date,2024-08-14,6
EVT-003170,APP-00464,screened,2025-04-08,0
EVT-003171,APP-00464,submitted,2025-04-10,2
EVT-003172,APP-00464,client_interview_1,2025-04-14,4
EVT-003173,APP-00464,offer_extended,2025-04-18,4
EVT-003174,APP-00464,offer_accepted,2025-04-22,4
EVT-003175,APP-00464,onboarding_docs_sent,2025-05-07,15
EVT-003176,APP-00465,screened,2025-02-06,0
EVT-003177,APP-00465,submitted,2025-02-07,1
EVT-003178,APP-00465,client_interview_1,2025-02-19,12
EVT-003179,APP-00465,offer_extended,2025-03-04,13
EVT-003180,APP-00465,offer_accepted,2025-03-07,3
EVT-003181,APP-00466,screened,2024-04-22,0
EVT-003182,APP-00466,submitted,2024-04-24,2
EVT-003183,APP-00466,client_interview_1,2024-04-28,4
EVT-003184,APP-00466,offer_extended,2024-05-10,12
EVT-003185,APP-00466,offer_accepted,2024-05-11,1
EVT-003186,APP-00466,start_date,2024-06-05,25
EVT-003187,APP-00467,screened,2025-01-18,0
EVT-003188,APP-00467,submitted,2025-01-22,4
EVT-003189,APP-00467,client_interview_1,2025-02-03,12
EVT-003190,APP-00467,offer_extended,2025-02-13,10
EVT-003191,APP-00467,offer_accepted,2025-02-13,0
EVT-003192,APP-00467,background_check,2025-02-18,5
EVT-003193,APP-00467,onboarding_docs_sent,2025-02-20,2
EVT-003194,APP-00468,screened,2025-06-29,0
EVT-003195,APP-00468,submitted,2025-06-30,1
EVT-003196,APP-00468,client_interview_1,2025-07-16,16
EVT-003197,APP-00468,client_interview_2,2025-07-22,6
EVT-003198,APP-00468,offer_extended,2025-07-27,5
EVT-003199,APP-00468,offer_accepted,2025-07-30,3
EVT-003200,APP-00468,background_check,2025-08-10,11
EVT-003201,APP-00469,screened,2024-08-02,0
EVT-003202,APP-00469,submitted,2024-08-04,2
EVT-003203,APP-00469,client_interview_1,2024-08-08,4
EVT-003204,APP-00469,offer_extended,2024-08-19,11
EVT-003205,APP-00470,screened,2024-03-08,0
EVT-003206,APP-00470,client_interview_1,2024-03-08,0
EVT-003207,APP-00470,submitted,2024-03-10,2
EVT-003208,APP-00470,offer_extended,2024-03-19,9
EVT-003209,APP-00470,offer_accepted,2024-03-22,3
EVT-003210,APP-00470,background_check,2024-03-26,4
EVT-003211,APP-00470,onboarding_docs_sent,2024-04-15,20
EVT-003212,APP-00470,start_date,2024-04-20,5
EVT-003213,APP-00471,screened,2025-06-16,0
EVT-003214,APP-00471,submitted,2025-06-18,2
EVT-003215,APP-00471,client_interview_1,2025-06-28,10
EVT-003216,APP-00471,offer_extended,2025-07-06,8
EVT-003217,APP-00471,offer_accepted,2025-07-06,0
EVT-003218,APP-00471,background_check,2025-07-07,1
EVT-003219,APP-00472,screened,2024-10-12,0
EVT-003220,APP-00472,submitted,2024-10-13,1
EVT-003221,APP-00472,client_interview_1,2024-10-23,10
EVT-003222,APP-00472,offer_extended,2024-11-09,17
EVT-003223,APP-00472,offer_accepted,2024-11-13,4
EVT-003224,APP-00472,background_check,2024-11-18,5
EVT-003225,APP-00472,onboarding_docs_sent,2024-12-05,17
EVT-003226,APP-00472,start_date,2024-12-11,6
EVT-003227,APP-00473,screened,2024-12-26,0
EVT-003228,APP-00473,submitted,2024-12-30,4
EVT-003229,APP-00473,client_interview_1,2025-01-06,7
EVT-003230,APP-00473,offer_extended,2025-01-13,7
EVT-003231,APP-00473,offer_accepted,2025-01-19,6
EVT-003232,APP-00473,background_check,2025-01-22,3
EVT-003233,APP-00473,onboarding_docs_sent,2025-01-30,8
EVT-003234,APP-00473,start_date,2025-01-31,1
EVT-003235,APP-00474,screened,2025-03-30,0
EVT-003236,APP-00474,submitted,2025-04-01,2
EVT-003237,APP-00474,client_interview_1,2025-04-07,6
EVT-003238,APP-00474,offer_extended,2025-04-18,11
EVT-003239,APP-00474,offer_accepted,2025-04-19,1
EVT-003240,APP-00474,background_check,2025-04-25,6
EVT-003241,APP-00474,onboarding_docs_sent,2025-05-02,7
EVT-003242,APP-00475,screened,2025-08-07,0
EVT-003243,APP-00475,submitted,2025-08-09,2
EVT-003244,APP-00475,client_interview_1,2025-08-13,4
EVT-003245,APP-00475,offer_extended,2025-08-16,3
EVT-003246,APP-00476,screened,2024-05-06,0
EVT-003247,APP-00476,submitted,2024-05-07,1
EVT-003248,APP-00476,client_interview_1,2024-05-17,10
EVT-003249,APP-00476,offer_extended,2024-05-23,6
EVT-003250,APP-00476,offer_accepted,2024-05-25,2
EVT-003251,APP-00476,background_check,2024-05-28,3
EVT-003252,APP-00476,onboarding_docs_sent,2024-06-13,16
EVT-003253,APP-00476,start_date,2024-06-17,4
EVT-003254,APP-00477,screened,2024-12-10,0
EVT-003255,APP-00477,submitted,2024-12-14,4
EVT-003256,APP-00477,client_interview_1,2024-12-26,12
EVT-003257,APP-00477,offer_extended,2025-01-01,6
EVT-003258,APP-00477,offer_accepted,2025-01-04,3
EVT-003259,APP-00477,background_check,2025-01-10,6
EVT-003260,APP-00478,screened,2024-09-25,0
EVT-003261,APP-00478,submitted,2024-09-28,3
EVT-003262,APP-00478,client_interview_1,2024-10-13,15
EVT-003263,APP-00478,client_interview_2,2024-10-18,5
EVT-003264,APP-00478,offer_extended,2024-10-19,1
EVT-003265,APP-00478,offer_accepted,2024-10-25,6
EVT-003266,APP-00478,background_check,2024-10-27,2
EVT-003267,APP-00479,screened,2024-04-01,0
EVT-003268,APP-00479,submitted,2024-04-02,1
EVT-003269,APP-00479,client_interview_1,2024-04-12,10
EVT-003270,APP-00479,offer_extended,2024-04-14,2
EVT-003271,APP-00479,offer_accepted,2024-04-17,3
EVT-003272,APP-00479,background_check,2024-04-19,2
EVT-003273,APP-00480,screened,2025-04-24,0
EVT-003274,APP-00480,submitted,2025-04-26,2
EVT-003275,APP-00480,client_interview_1,2025-05-03,7
EVT-003276,APP-00480,offer_extended,2025-05-11,8
EVT-003277,APP-00480,offer_accepted,2025-05-11,0
EVT-003278,APP-00480,background_check,2025-05-13,2
EVT-003279,APP-00480,onboarding_docs_sent,2025-05-17,4
EVT-003280,APP-00480,start_date,2025-05-24,7
EVT-003281,APP-00481,screened,2024-02-19,0
EVT-003282,APP-00481,submitted,2024-02-20,1
EVT-003283,APP-00481,client_interview_1,2024-03-06,15
EVT-003284,APP-00481,client_interview_2,2024-03-13,7
EVT-003285,APP-00481,offer_extended,2024-03-18,5
EVT-003286,APP-00481,offer_accepted,2024-03-22,4
EVT-003287,APP-00481,background_check,2024-03-26,4
EVT-003288,APP-00482,screened,2025-01-11,0
EVT-003289,APP-00482,submitted,2025-01-15,4
EVT-003290,APP-00482,client_interview_1,2025-01-25,10
EVT-003291,APP-00482,offer_extended,2025-02-07,13
EVT-003292,APP-00482,offer_accepted,2025-02-10,3
EVT-003293,APP-00482,background_check,2025-02-15,5
EVT-003294,APP-00483,screened,2025-04-19,0
EVT-003295,APP-00483,submitted,2025-04-20,1
EVT-003296,APP-00483,client_interview_1,2025-05-05,15
EVT-003297,APP-00483,offer_extended,2025-05-20,15
EVT-003298,APP-00483,offer_accepted,2025-05-26,6
EVT-003299,APP-00483,onboarding_docs_sent,2025-06-08,13
EVT-003300,APP-00483,start_date,2025-06-25,17
EVT-003301,APP-00484,screened,2025-05-18,0
EVT-003302,APP-00484,submitted,2025-05-19,1
EVT-003303,APP-00484,client_interview_1,2025-05-24,5
EVT-003304,APP-00484,offer_extended,2025-06-01,8
EVT-003305,APP-00484,offer_accepted,2025-06-03,2
EVT-003306,APP-00484,background_check,2025-06-06,3
EVT-003307,APP-00485,screened,2025-01-24,0
EVT-003308,APP-00485,submitted,2025-01-25,1
EVT-003309,APP-00485,client_interview_1,2025-02-09,15
EVT-003310,APP-00485,client_interview_2,2025-02-14,5
EVT-003311,APP-00485,offer_extended,2025-02-19,5
EVT-003312,APP-00485,offer_accepted,2025-02-22,3
EVT-003313,APP-00485,onboarding_docs_sent,2025-02-28,6
EVT-003314,APP-00485,background_check,2025-03-01,1
EVT-003315,APP-00485,start_date,2025-03-07,6
EVT-003316,APP-00486,screened,2024-10-14,0
EVT-003317,APP-00486,submitted,2024-10-17,3
EVT-003318,APP-00486,client_interview_1,2024-10-26,9
EVT-003319,APP-00486,offer_extended,2024-11-06,11
EVT-003320,APP-00486,offer_accepted,2024-11-09,3
EVT-003321,APP-00486,background_check,2024-11-11,2
EVT-003322,APP-00486,onboarding_docs_sent,2024-11-27,16
EVT-003323,APP-00486,start_date,2024-12-03,6
EVT-003324,APP-00487,screened,2024-05-02,0
EVT-003325,APP-00487,submitted,2024-05-04,2
EVT-003326,APP-00487,client_interview_1,2024-05-11,7
EVT-003327,APP-00487,client_interview_2,2024-05-18,7
EVT-003328,APP-00487,offer_extended,2024-05-26,8
EVT-003329,APP-00487,offer_accepted,2024-05-27,1
EVT-003330,APP-00487,background_check,2024-06-04,8
EVT-003331,APP-00487,onboarding_docs_sent,2024-06-15,11
EVT-003332,APP-00487,start_date,2024-06-20,5
EVT-003333,APP-00488,screened,2024-11-30,0
EVT-003334,APP-00488,submitted,2024-12-04,4
EVT-003335,APP-00488,client_interview_1,2024-12-15,11
EVT-003336,APP-00488,offer_extended,2024-12-30,15
EVT-003337,APP-00488,offer_accepted,2025-01-05,6
EVT-003338,APP-00488,background_check,2025-01-12,7
EVT-003339,APP-00489,screened,2025-01-07,0
EVT-003340,APP-00489,submitted,2025-01-10,3
EVT-003341,APP-00489,client_interview_1,2025-01-27,17
EVT-003342,APP-00489,offer_extended,2025-01-30,3
EVT-003343,APP-00489,offer_accepted,2025-01-31,1
EVT-003344,APP-00489,background_check,2025-02-08,8
EVT-003345,APP-00490,screened,2024-03-19,0
EVT-003346,APP-00490,submitted,2024-03-20,1
EVT-003347,APP-00490,client_interview_1,2024-04-01,12
EVT-003348,APP-00490,offer_extended,2024-04-04,3
EVT-003349,APP-00490,offer_accepted,2024-04-06,2
EVT-003350,APP-00490,background_check,2024-04-11,5
EVT-003351,APP-00491,screened,2024-12-10,0
EVT-003352,APP-00491,submitted,2024-12-14,4
EVT-003353,APP-00491,client_interview_1,2024-12-15,1
EVT-003354,APP-00491,offer_extended,2024-12-27,12
EVT-003355,APP-00491,offer_accepted,2025-01-02,6
EVT-003356,APP-00491,background_check,2025-01-04,2
EVT-003357,APP-00491,onboarding_docs_sent,2025-01-14,10
EVT-003358,APP-00491,start_date,2025-01-16,2
EVT-003359,APP-00492,screened,2025-07-13,0
EVT-003360,APP-00492,submitted,2025-07-15,2
EVT-003361,APP-00492,client_interview_1,2025-07-29,14
EVT-003362,APP-00492,offer_extended,2025-08-09,11
EVT-003363,APP-00492,offer_accepted,2025-08-11,2
EVT-003364,APP-00492,background_check,2025-08-15,4
EVT-003365,APP-00493,screened,2024-06-13,0
EVT-003366,APP-00493,submitted,2024-06-17,4
EVT-003367,APP-00493,client_interview_1,2024-07-03,16
EVT-003368,APP-00493,offer_extended,2024-07-21,18
EVT-003369,APP-00493,offer_accepted,2024-07-27,6
EVT-003370,APP-00493,background_check,2024-08-04,8
EVT-003371,APP-00494,screened,2024-10-30,0
EVT-003372,APP-00494,client_interview_1,2024-10-31,1
EVT-003373,APP-00494,submitted,2024-11-02,2
EVT-003374,APP-00494,client_interview_2,2024-11-04,2
EVT-003375,APP-00494,offer_extended,2024-11-17,13
EVT-003376,APP-00494,offer_accepted,2024-11-19,2
EVT-003377,APP-00494,background_check,2024-11-23,4
EVT-003378,APP-00494,onboarding_docs_sent,2024-12-03,10
EVT-003379,APP-00494,start_date,2024-12-06,3
EVT-003380,APP-00495,screened,2024-02-23,0
EVT-003381,APP-00495,submitted,2024-02-27,4
EVT-003382,APP-00495,client_interview_1,2024-02-29,2
EVT-003383,APP-00495,offer_extended,2024-03-09,9
EVT-003384,APP-00495,offer_accepted,2024-03-10,1
EVT-003385,APP-00495,background_check,2024-03-14,4
EVT-003386,APP-00495,start_date,2024-04-17,34
EVT-003387,APP-00496,screened,2025-03-19,0
EVT-003388,APP-00496,submitted,2025-03-21,2
EVT-003389,APP-00496,client_interview_1,2025-03-25,4
EVT-003390,APP-00496,offer_extended,2025-03-29,4
EVT-003391,APP-00497,screened,2024-10-07,0
EVT-003392,APP-00497,submitted,2024-10-08,1
EVT-003393,APP-00497,client_interview_1,2024-10-09,1
EVT-003394,APP-00497,offer_extended,2024-10-26,17
EVT-003395,APP-00497,offer_accepted,2024-10-26,0
EVT-003396,APP-00497,onboarding_docs_sent,2024-11-09,14
EVT-003397,APP-00497,start_date,2024-11-12,3
EVT-003398,APP-00498,screened,2024-06-15,0
EVT-003399,APP-00498,submitted,2024-06-17,2
EVT-003400,APP-00498,client_interview_1,2024-06-21,4
EVT-003401,APP-00498,client_interview_2,2024-06-28,7
EVT-003402,APP-00498,offer_extended,2024-07-04,6
EVT-003403,APP-00498,offer_accepted,2024-07-04,0
EVT-003404,APP-00498,background_check,2024-07-10,6
EVT-003405,APP-00498,start_date,2024-07-16,6
EVT-003406,APP-00499,screened,2024-04-26,0
EVT-003407,APP-00499,submitted,2024-04-29,3
EVT-003408,APP-00499,client_interview_1,2024-05-15,16
EVT-003409,APP-00499,offer_extended,2024-05-24,9
EVT-003410,APP-00499,offer_accepted,2024-05-28,4
EVT-003411,APP-00499,background_check,2024-06-01,4
EVT-003412,APP-00500,screened,2024-06-17,0
EVT-003413,APP-00500,submitted,2024-06-20,3
EVT-003414,APP-00500,client_interview_1,2024-07-04,14
EVT-003415,APP-00500,offer_extended,2024-07-06,2
EVT-003416,APP-00500,offer_accepted,2024-07-11,5
EVT-003417,APP-00500,background_check,2024-07-15,4
EVT-003418,APP-00501,screened,2024-08-20,0
EVT-003419,APP-00501,submitted,2024-08-24,4
EVT-003420,APP-00501,client_interview_1,2024-08-28,4
EVT-003421,APP-00501,client_interview_2,2024-09-02,5
EVT-003422,APP-00501,offer_extended,2024-09-13,11
EVT-003423,APP-00501,offer_accepted,2024-09-18,5
EVT-003424,APP-00501,background_check,2024-09-24,6
EVT-003425,APP-00502,screened,2025-02-27,0
EVT-003426,APP-00502,submitted,2025-02-28,1
EVT-003427,APP-00502,client_interview_1,2025-03-10,10
EVT-003428,APP-00502,client_interview_2,2025-03-14,4
EVT-003429,APP-00502,offer_extended,2025-03-15,1
EVT-003430,APP-00502,offer_accepted,2025-03-18,3
EVT-003431,APP-00502,background_check,2025-03-24,6
EVT-003432,APP-00502,start_date,2025-03-29,5
EVT-003433,APP-00503,screened,2025-05-14,0
EVT-003434,APP-00503,submitted,2025-05-18,4
EVT-003435,APP-00503,client_interview_1,2025-05-27,9
EVT-003436,APP-00503,offer_extended,2025-06-07,11
EVT-003437,APP-00503,offer_accepted,2025-06-10,3
EVT-003438,APP-00503,background_check,2025-06-16,6
EVT-003439,APP-00503,onboarding_docs_sent,2025-07-04,18
EVT-003440,APP-00503,start_date,2025-07-18,14
EVT-003441,APP-00504,screened,2024-02-22,0
EVT-003442,APP-00504,client_interview_1,2024-02-24,2
EVT-003443,APP-00504,submitted,2024-02-26,2
EVT-003444,APP-00504,offer_extended,2024-03-12,15
EVT-003445,APP-00505,screened,2024-04-21,0
EVT-003446,APP-00505,submitted,2024-04-24,3
EVT-003447,APP-00505,client_interview_1,2024-04-26,2
EVT-003448,APP-00505,client_interview_2,2024-04-30,4
EVT-003449,APP-00505,offer_extended,2024-05-02,2
EVT-003450,APP-00505,offer_accepted,2024-05-05,3
EVT-003451,APP-00505,background_check,2024-05-10,5
EVT-003452,APP-00505,onboarding_docs_sent,2024-05-18,8
EVT-003453,APP-00505,start_date,2024-05-25,7
EVT-003454,APP-00506,screened,2024-03-21,0
EVT-003455,APP-00506,submitted,2024-03-25,4
EVT-003456,APP-00506,client_interview_1,2024-04-03,9
EVT-003457,APP-00506,offer_extended,2024-04-11,8
EVT-003458,APP-00506,offer_accepted,2024-04-15,4
EVT-003459,APP-00506,background_check,2024-04-16,1
EVT-003460,APP-00506,onboarding_docs_sent,2024-04-30,14
EVT-003461,APP-00506,start_date,2024-05-02,2
EVT-003462,APP-00507,screened,2024-12-07,0
EVT-003463,APP-00507,submitted,2024-12-08,1
EVT-003464,APP-00507,client_interview_1,2024-12-21,13
EVT-003465,APP-00507,offer_extended,2025-01-03,13
EVT-003466,APP-00507,offer_accepted,2025-01-06,3
EVT-003467,APP-00507,background_check,2025-01-08,2
EVT-003468,APP-00507,onboarding_docs_sent,2025-01-31,23
EVT-003469,APP-00507,start_date,2025-02-04,4
EVT-003470,APP-00508,screened,2024-05-23,0
EVT-003471,APP-00508,submitted,2024-05-24,1
EVT-003472,APP-00508,client_interview_1,2024-05-28,4
EVT-003473,APP-00508,offer_extended,2024-06-02,5
EVT-003474,APP-00508,offer_accepted,2024-06-04,2
EVT-003475,APP-00508,background_check,2024-06-10,6
EVT-003476,APP-00508,onboarding_docs_sent,2024-06-24,14
EVT-003477,APP-00508,start_date,2024-06-27,3
EVT-003478,APP-00509,screened,2024-07-29,0
EVT-003479,APP-00509,submitted,2024-07-31,2
EVT-003480,APP-00509,client_interview_1,2024-07-31,0
EVT-003481,APP-00509,offer_extended,2024-08-07,7
EVT-003482,APP-00509,offer_accepted,2024-08-10,3
EVT-003483,APP-00509,background_check,2024-08-12,2
EVT-003484,APP-00509,onboarding_docs_sent,2024-09-04,23
EVT-003485,APP-00509,start_date,2024-09-29,25
EVT-003486,APP-00510,screened,2024-02-16,0
EVT-003487,APP-00510,submitted,2024-02-20,4
EVT-003488,APP-00510,client_interview_1,2024-03-02,11
EVT-003489,APP-00510,offer_extended,2024-03-18,16
EVT-003490,APP-00510,offer_accepted,2024-03-19,1
EVT-003491,APP-00510,start_date,2024-04-06,18
EVT-003492,APP-00511,screened,2025-04-18,0
EVT-003493,APP-00511,client_interview_1,2025-04-19,1
EVT-003494,APP-00511,submitted,2025-04-22,3
EVT-003495,APP-00511,client_interview_2,2025-04-27,5
EVT-003496,APP-00511,offer_extended,2025-05-04,7
EVT-003497,APP-00511,offer_accepted,2025-05-04,0
EVT-003498,APP-00511,background_check,2025-05-12,8
EVT-003499,APP-00511,start_date,2025-05-26,14
EVT-003500,APP-00512,screened,2024-08-26,0
EVT-003501,APP-00512,submitted,2024-08-28,2
EVT-003502,APP-00512,client_interview_1,2024-09-06,9
EVT-003503,APP-00512,offer_extended,2024-09-13,7
EVT-003504,APP-00513,screened,2024-11-20,0
EVT-003505,APP-00513,submitted,2024-11-23,3
EVT-003506,APP-00513,client_interview_1,2024-12-10,17
EVT-003507,APP-00513,client_interview_2,2024-12-16,6
EVT-003508,APP-00513,offer_extended,2024-12-27,11
EVT-003509,APP-00513,offer_accepted,2024-12-30,3
EVT-003510,APP-00513,onboarding_docs_sent,2025-01-21,22
EVT-003511,APP-00513,start_date,2025-01-23,2
EVT-003512,APP-00514,screened,2024-02-04,0
EVT-003513,APP-00514,submitted,2024-02-06,2
EVT-003514,APP-00514,client_interview_1,2024-02-13,7
EVT-003515,APP-00514,offer_extended,2024-02-25,12
EVT-003516,APP-00514,offer_accepted,2024-02-25,0
EVT-003517,APP-00514,background_check,2024-02-27,2
EVT-003518,APP-00514,onboarding_docs_sent,2024-03-01,3
EVT-003519,APP-00514,start_date,2024-03-27,26
EVT-003520,APP-00515,screened,2024-11-10,0
EVT-003521,APP-00515,submitted,2024-11-11,1
EVT-003522,APP-00515,client_interview_1,2024-11-20,9
EVT-003523,APP-00515,offer_extended,2024-12-04,14
EVT-003524,APP-00515,offer_accepted,2024-12-04,0
EVT-003525,APP-00515,background_check,2024-12-11,7
EVT-003526,APP-00515,onboarding_docs_sent,2024-12-26,15
EVT-003527,APP-00515,start_date,2024-12-27,1
EVT-003528,APP-00516,screened,2024-12-10,0
EVT-003529,APP-00516,submitted,2024-12-12,2
EVT-003530,APP-00516,client_interview_1,2024-12-20,8
EVT-003531,APP-00516,offer_extended,2024-12-24,4
EVT-003532,APP-00516,offer_accepted,2024-12-29,5
EVT-003533,APP-00516,background_check,2025-01-03,5
EVT-003534,APP-00517,screened,2025-05-18,0
EVT-003535,APP-00517,submitted,2025-05-21,3
EVT-003536,APP-00517,client_interview_1,2025-06-06,16
EVT-003537,APP-00517,client_interview_2,2025-06-08,2
EVT-003538,APP-00517,offer_extended,2025-06-24,16
EVT-003539,APP-00517,offer_accepted,2025-06-27,3
EVT-003540,APP-00517,background_check,2025-07-05,8
EVT-003541,APP-00517,onboarding_docs_sent,2025-07-09,4
EVT-003542,APP-00517,start_date,2025-07-11,2
EVT-003543,APP-00518,screened,2025-07-02,0
EVT-003544,APP-00518,submitted,2025-07-06,4
EVT-003545,APP-00518,client_interview_1,2025-07-20,14
EVT-003546,APP-00518,offer_extended,2025-07-25,5
EVT-003547,APP-00518,offer_accepted,2025-07-30,5
EVT-003548,APP-00518,background_check,2025-07-31,1
EVT-003549,APP-00519,screened,2024-12-09,0
EVT-003550,APP-00519,submitted,2024-12-11,2
EVT-003551,APP-00519,client_interview_1,2024-12-13,2
EVT-003552,APP-00519,offer_extended,2024-12-21,8
EVT-003553,APP-00519,offer_accepted,2024-12-23,2
EVT-003554,APP-00519,onboarding_docs_sent,2025-01-07,15
EVT-003555,APP-00519,start_date,2025-01-07,0
EVT-003556,APP-00520,screened,2024-03-18,0
EVT-003557,APP-00520,submitted,2024-03-22,4
EVT-003558,APP-00520,client_interview_1,2024-04-06,15
EVT-003559,APP-00520,offer_extended,2024-04-18,12
EVT-003560,APP-00521,screened,2024-03-06,0
EVT-003561,APP-00521,submitted,2024-03-07,1
EVT-003562,APP-00521,client_interview_1,2024-03-16,9
EVT-003563,APP-00521,offer_extended,2024-03-31,15
EVT-003564,APP-00521,offer_accepted,2024-04-05,5
EVT-003565,APP-00521,background_check,2024-04-11,6
EVT-003566,APP-00521,start_date,2024-04-27,16
EVT-003567,APP-00522,screened,2024-05-25,0
EVT-003568,APP-00522,client_interview_1,2024-05-26,1
EVT-003569,APP-00522,submitted,2024-05-27,1
EVT-003570,APP-00522,offer_extended,2024-06-13,17
EVT-003571,APP-00522,offer_accepted,2024-06-19,6
EVT-003572,APP-00522,onboarding_docs_sent,2024-06-25,6
EVT-003573,APP-00522,background_check,2024-06-27,2
EVT-003574,APP-00522,start_date,2024-06-29,2
EVT-003575,APP-00523,screened,2025-01-21,0
EVT-003576,APP-00523,submitted,2025-01-23,2
EVT-003577,APP-00523,client_interview_1,2025-02-06,14
EVT-003578,APP-00523,offer_extended,2025-02-09,3
EVT-003579,APP-00523,offer_accepted,2025-02-13,4
EVT-003580,APP-00523,background_check,2025-02-15,2
EVT-003581,APP-00524,screened,2024-07-27,0
EVT-003582,APP-00524,client_interview_1,2024-07-30,3
EVT-003583,APP-00524,submitted,2024-07-31,1
EVT-003584,APP-00524,offer_extended,2024-08-07,7
EVT-003585,APP-00524,offer_accepted,2024-08-13,6
EVT-003586,APP-00524,background_check,2024-08-14,1
EVT-003587,APP-00524,start_date,2024-08-30,16
EVT-003588,APP-00525,screened,2024-10-09,0
EVT-003589,APP-00525,submitted,2024-10-13,4
EVT-003590,APP-00525,client_interview_1,2024-10-16,3
EVT-003591,APP-00525,offer_extended,2024-10-21,5
EVT-003592,APP-00525,offer_accepted,2024-10-22,1
EVT-003593,APP-00525,background_check,2024-10-27,5
EVT-003594,APP-00525,onboarding_docs_sent,2024-10-31,4
EVT-003595,APP-00525,start_date,2024-11-05,5
EVT-003596,APP-00526,screened,2024-12-07,0
EVT-003597,APP-00526,submitted,2024-12-09,2
EVT-003598,APP-00526,client_interview_1,2024-12-16,7
EVT-003599,APP-00526,offer_extended,2024-12-23,7
EVT-003600,APP-00526,offer_accepted,2024-12-25,2
EVT-003601,APP-00526,background_check,2024-12-28,3
EVT-003602,APP-00527,screened,2024-07-14,0
EVT-003603,APP-00527,submitted,2024-07-16,2
EVT-003604,APP-00527,client_interview_1,2024-07-31,15
EVT-003605,APP-00527,offer_extended,2024-08-02,2
EVT-003606,APP-00527,offer_accepted,2024-08-02,0
EVT-003607,APP-00527,onboarding_docs_sent,2024-08-08,6
EVT-003608,APP-00527,background_check,2024-08-09,1
EVT-003609,APP-00527,start_date,2024-08-14,5
EVT-003610,APP-00528,screened,2025-02-09,0
EVT-003611,APP-00528,submitted,2025-02-12,3
EVT-003612,APP-00528,client_interview_1,2025-02-15,3
EVT-003613,APP-00528,client_interview_2,2025-02-18,3
EVT-003614,APP-00528,offer_extended,2025-02-24,6
EVT-003615,APP-00529,screened,2025-01-11,0
EVT-003616,APP-00529,submitted,2025-01-15,4
EVT-003617,APP-00529,client_interview_1,2025-01-22,7
EVT-003618,APP-00529,offer_extended,2025-02-08,17
EVT-003619,APP-00530,screened,2025-02-19,0
EVT-003620,APP-00530,submitted,2025-02-22,3
EVT-003621,APP-00530,client_interview_1,2025-03-05,11
EVT-003622,APP-00530,offer_extended,2025-03-13,8
EVT-003623,APP-00530,offer_accepted,2025-03-14,1
EVT-003624,APP-00531,screened,2024-05-01,0
EVT-003625,APP-00531,submitted,2024-05-05,4
EVT-003626,APP-00531,client_interview_1,2024-05-07,2
EVT-003627,APP-00531,client_interview_2,2024-05-11,4
EVT-003628,APP-00531,offer_extended,2024-05-19,8
EVT-003629,APP-00531,offer_accepted,2024-05-23,4
EVT-003630,APP-00531,background_check,2024-05-25,2
EVT-003631,APP-00531,start_date,2024-06-29,35
EVT-003632,APP-00532,screened,2024-11-19,0
EVT-003633,APP-00532,submitted,2024-11-22,3
EVT-003634,APP-00532,client_interview_1,2024-11-23,1
EVT-003635,APP-00532,offer_extended,2024-11-26,3
EVT-003636,APP-00532,offer_accepted,2024-12-01,5
EVT-003637,APP-00532,start_date,2024-12-31,30
EVT-003638,APP-00533,screened,2025-03-17,0
EVT-003639,APP-00533,submitted,2025-03-21,4
EVT-003640,APP-00533,client_interview_1,2025-03-21,0
EVT-003641,APP-00533,offer_extended,2025-03-30,9
EVT-003642,APP-00533,offer_accepted,2025-04-05,6
EVT-003643,APP-00533,background_check,2025-04-13,8
EVT-003644,APP-00533,onboarding_docs_sent,2025-04-20,7
EVT-003645,APP-00533,start_date,2025-05-08,18
EVT-003646,APP-00534,screened,2024-05-24,0
EVT-003647,APP-00534,submitted,2024-05-26,2
EVT-003648,APP-00534,client_interview_1,2024-05-29,3
EVT-003649,APP-00534,offer_extended,2024-06-14,16
EVT-003650,APP-00535,screened,2025-03-28,0
EVT-003651,APP-00535,submitted,2025-03-29,1
EVT-003652,APP-00535,client_interview_1,2025-03-30,1
EVT-003653,APP-00535,client_interview_2,2025-04-06,7
EVT-003654,APP-00535,offer_extended,2025-04-16,10
EVT-003655,APP-00535,offer_accepted,2025-04-19,3
EVT-003656,APP-00535,background_check,2025-04-20,1
EVT-003657,APP-00535,onboarding_docs_sent,2025-05-16,26
EVT-003658,APP-00535,start_date,2025-05-19,3
EVT-003659,APP-00536,screened,2025-02-08,0
EVT-003660,APP-00536,submitted,2025-02-09,1
EVT-003661,APP-00536,client_interview_1,2025-02-14,5
EVT-003662,APP-00536,client_interview_2,2025-02-20,6
EVT-003663,APP-00536,offer_extended,2025-02-24,4
EVT-003664,APP-00536,offer_accepted,2025-02-28,4
EVT-003665,APP-00536,start_date,2025-03-08,8
EVT-003666,APP-00537,screened,2025-01-29,0
EVT-003667,APP-00537,submitted,2025-01-31,2
EVT-003668,APP-00537,client_interview_1,2025-02-15,15
EVT-003669,APP-00537,offer_extended,2025-02-21,6
EVT-003670,APP-00537,offer_accepted,2025-02-21,0
EVT-003671,APP-00537,background_check,2025-02-25,4
EVT-003672,APP-00538,screened,2024-06-06,0
EVT-003673,APP-00538,submitted,2024-06-10,4
EVT-003674,APP-00538,client_interview_1,2024-06-11,1
EVT-003675,APP-00538,offer_extended,2024-06-26,15
EVT-003676,APP-00538,offer_accepted,2024-07-02,6
EVT-003677,APP-00538,background_check,2024-07-10,8
EVT-003678,APP-00538,onboarding_docs_sent,2024-07-12,2
EVT-003679,APP-00538,start_date,2024-07-16,4
EVT-003680,APP-00539,screened,2025-05-08,0
EVT-003681,APP-00539,submitted,2025-05-11,3
EVT-003682,APP-00539,client_interview_1,2025-05-14,3
EVT-003683,APP-00539,offer_extended,2025-05-18,4
EVT-003684,APP-00539,offer_accepted,2025-05-21,3
EVT-003685,APP-00539,background_check,2025-05-24,3
EVT-003686,APP-00539,onboarding_docs_sent,2025-06-03,10
EVT-003687,APP-00540,screened,2024-07-22,0
EVT-003688,APP-00540,submitted,2024-07-24,2
EVT-003689,APP-00540,client_interview_1,2024-07-29,5
EVT-003690,APP-00540,offer_extended,2024-08-02,4
EVT-003691,APP-00540,offer_accepted,2024-08-05,3
EVT-003692,APP-00540,background_check,2024-08-06,1
EVT-003693,APP-00540,onboarding_docs_sent,2024-08-16,10
EVT-003694,APP-00540,start_date,2024-08-29,13
EVT-003695,APP-00541,screened,2025-02-25,0
EVT-003696,APP-00541,submitted,2025-02-27,2
EVT-003697,APP-00541,client_interview_1,2025-03-11,12
EVT-003698,APP-00541,client_interview_2,2025-03-13,2
EVT-003699,APP-00541,offer_extended,2025-03-18,5
EVT-003700,APP-00541,offer_accepted,2025-03-22,4
EVT-003701,APP-00541,onboarding_docs_sent,2025-03-28,6
EVT-003702,APP-00541,start_date,2025-03-30,2
EVT-003703,APP-00542,screened,2025-01-31,0
EVT-003704,APP-00542,submitted,2025-02-04,4
EVT-003705,APP-00542,client_interview_1,2025-02-07,3
EVT-003706,APP-00542,offer_extended,2025-02-17,10
EVT-003707,APP-00542,offer_accepted,2025-02-19,2
EVT-003708,APP-00542,background_check,2025-02-21,2
EVT-003709,APP-00542,onboarding_docs_sent,2025-03-20,27
EVT-003710,APP-00542,start_date,2025-03-22,2
EVT-003711,APP-00543,screened,2024-11-17,0
EVT-003712,APP-00543,submitted,2024-11-21,4
EVT-003713,APP-00543,client_interview_1,2024-11-23,2
EVT-003714,APP-00543,offer_extended,2024-12-08,15
EVT-003715,APP-00543,offer_accepted,2024-12-14,6
EVT-003716,APP-00543,onboarding_docs_sent,2024-12-19,5
EVT-003717,APP-00543,start_date,2024-12-21,2
EVT-003718,APP-00544,screened,2025-04-07,0
EVT-003719,APP-00544,submitted,2025-04-09,2
EVT-003720,APP-00544,client_interview_1,2025-04-22,13
EVT-003721,APP-00544,offer_extended,2025-04-26,4
EVT-003722,APP-00544,offer_accepted,2025-04-26,0
EVT-003723,APP-00544,background_check,2025-04-28,2
EVT-003724,APP-00544,onboarding_docs_sent,2025-05-17,19
EVT-003725,APP-00545,screened,2024-10-07,0
EVT-003726,APP-00545,submitted,2024-10-09,2
EVT-003727,APP-00545,client_interview_1,2024-10-18,9
EVT-003728,APP-00545,offer_extended,2024-10-22,4
EVT-003729,APP-00545,offer_accepted,2024-10-22,0
EVT-003730,APP-00545,background_check,2024-10-26,4
EVT-003731,APP-00545,start_date,2024-11-17,22
EVT-003732,APP-00546,screened,2025-05-31,0
EVT-003733,APP-00546,submitted,2025-06-02,2
EVT-003734,APP-00546,client_interview_1,2025-06-03,1
EVT-003735,APP-00546,offer_extended,2025-06-05,2
EVT-003736,APP-00547,screened,2024-10-12,0
EVT-003737,APP-00547,submitted,2024-10-13,1
EVT-003738,APP-00547,client_interview_1,2024-11-02,20
EVT-003739,APP-00547,offer_extended,2024-11-09,7
EVT-003740,APP-00547,offer_accepted,2024-11-11,2
EVT-003741,APP-00547,background_check,2024-11-14,3
EVT-003742,APP-00548,screened,2024-10-22,0
EVT-003743,APP-00548,submitted,2024-10-24,2
EVT-003744,APP-00548,client_interview_1,2024-11-02,9
EVT-003745,APP-00548,offer_extended,2024-11-07,5
EVT-003746,APP-00548,offer_accepted,2024-11-09,2
EVT-003747,APP-00548,background_check,2024-11-14,5
EVT-003748,APP-00548,onboarding_docs_sent,2024-11-14,0
EVT-003749,APP-00548,start_date,2024-11-18,4
EVT-003750,APP-00549,screened,2024-05-23,0
EVT-003751,APP-00549,submitted,2024-05-27,4
EVT-003752,APP-00549,client_interview_1,2024-06-01,5
EVT-003753,APP-00549,client_interview_2,2024-06-10,9
EVT-003754,APP-00549,offer_extended,2024-06-19,9
EVT-003755,APP-00549,offer_accepted,2024-06-21,2
EVT-003756,APP-00549,background_check,2024-06-28,7
EVT-003757,APP-00549,onboarding_docs_sent,2024-07-11,13
EVT-003758,APP-00549,start_date,2024-07-12,1
EVT-003759,APP-00550,screened,2024-02-21,0
EVT-003760,APP-00550,submitted,2024-02-24,3
EVT-003761,APP-00550,client_interview_1,2024-02-28,4
EVT-003762,APP-00550,client_interview_2,2024-03-02,3
EVT-003763,APP-00550,offer_extended,2024-03-05,3
EVT-003764,APP-00550,offer_accepted,2024-03-05,0
EVT-003765,APP-00550,background_check,2024-03-11,6
EVT-003766,APP-00550,start_date,2024-03-22,11
EVT-003767,APP-00551,screened,2025-01-26,0
EVT-003768,APP-00551,submitted,2025-01-29,3
EVT-003769,APP-00551,client_interview_1,2025-02-11,13
EVT-003770,APP-00551,offer_extended,2025-02-14,3
EVT-003771,APP-00551,offer_accepted,2025-02-17,3
EVT-003772,APP-00551,background_check,2025-02-21,4
EVT-003773,APP-00551,start_date,2025-03-08,15
EVT-003774,APP-00552,screened,2025-04-02,0
EVT-003775,APP-00552,submitted,2025-04-05,3
EVT-003776,APP-00552,client_interview_1,2025-04-11,6
EVT-003777,APP-00552,offer_extended,2025-04-18,7
EVT-003778,APP-00553,screened,2024-07-22,0
EVT-003779,APP-00553,client_interview_1,2024-07-25,3
EVT-003780,APP-00553,submitted,2024-07-26,1
EVT-003781,APP-00553,offer_extended,2024-08-12,17
EVT-003782,APP-00553,offer_accepted,2024-08-18,6
EVT-003783,APP-00553,background_check,2024-08-22,4
EVT-003784,APP-00554,screened,2024-07-22,0
EVT-003785,APP-00554,submitted,2024-07-26,4
EVT-003786,APP-00554,client_interview_1,2024-07-31,5
EVT-003787,APP-00554,client_interview_2,2024-08-02,2
EVT-003788,APP-00554,offer_extended,2024-08-05,3
EVT-003789,APP-00555,screened,2024-02-16,0
EVT-003790,APP-00555,submitted,2024-02-19,3
EVT-003791,APP-00555,client_interview_1,2024-03-03,13
EVT-003792,APP-00555,offer_extended,2024-03-13,10
EVT-003793,APP-00556,screened,2025-06-02,0
EVT-003794,APP-00556,submitted,2025-06-06,4
EVT-003795,APP-00556,client_interview_1,2025-06-22,16
EVT-003796,APP-00556,offer_extended,2025-06-28,6
EVT-003797,APP-00556,offer_accepted,2025-06-29,1
EVT-003798,APP-00556,background_check,2025-07-04,5
EVT-003799,APP-00556,start_date,2025-08-01,28
EVT-003800,APP-00557,screened,2025-06-12,0
EVT-003801,APP-00557,submitted,2025-06-15,3
EVT-003802,APP-00557,client_interview_1,2025-06-19,4
EVT-003803,APP-00557,client_interview_2,2025-06-23,4
EVT-003804,APP-00557,offer_extended,2025-06-28,5
EVT-003805,APP-00558,screened,2025-01-24,0
EVT-003806,APP-00558,submitted,2025-01-26,2
EVT-003807,APP-00558,client_interview_1,2025-01-29,3
EVT-003808,APP-00558,offer_extended,2025-02-03,5
EVT-003809,APP-00558,offer_accepted,2025-02-05,2
EVT-003810,APP-00558,onboarding_docs_sent,2025-02-26,21
EVT-003811,APP-00558,start_date,2025-02-28,2
EVT-003812,APP-00559,screened,2024-07-07,0
EVT-003813,APP-00559,submitted,2024-07-09,2
EVT-003814,APP-00559,client_interview_1,2024-07-24,15
EVT-003815,APP-00559,offer_extended,2024-08-01,8
EVT-003816,APP-00559,offer_accepted,2024-08-04,3
EVT-003817,APP-00559,background_check,2024-08-10,6
EVT-003818,APP-00559,onboarding_docs_sent,2024-08-20,10
EVT-003819,APP-00559,start_date,2024-08-25,5
EVT-003820,APP-00560,screened,2024-12-26,0
EVT-003821,APP-00560,submitted,2024-12-30,4
EVT-003822,APP-00560,client_interview_1,2025-01-09,10
EVT-003823,APP-00560,offer_extended,2025-01-13,4
EVT-003824,APP-00560,offer_accepted,2025-01-13,0
EVT-003825,APP-00560,background_check,2025-01-15,2
EVT-003826,APP-00560,onboarding_docs_sent,2025-02-06,22
EVT-003827,APP-00561,screened,2025-07-06,0
EVT-003828,APP-00561,submitted,2025-07-10,4
EVT-003829,APP-00561,client_interview_1,2025-07-25,15
EVT-003830,APP-00561,offer_extended,2025-08-12,18
EVT-003831,APP-00562,screened,2024-04-03,0
EVT-003832,APP-00562,submitted,2024-04-04,1
EVT-003833,APP-00562,client_interview_1,2024-04-10,6
EVT-003834,APP-00562,offer_extended,2024-04-28,18
EVT-003835,APP-00562,offer_accepted,2024-05-01,3
EVT-003836,APP-00562,background_check,2024-05-05,4
EVT-003837,APP-00563,screened,2024-07-11,0
EVT-003838,APP-00563,submitted,2024-07-15,4
EVT-003839,APP-00563,client_interview_1,2024-07-30,15
EVT-003840,APP-00563,offer_extended,2024-08-09,10
EVT-003841,APP-00563,offer_accepted,2024-08-11,2
EVT-003842,APP-00563,start_date,2024-09-17,37
EVT-003843,APP-00564,screened,2024-09-04,0
EVT-003844,APP-00564,submitted,2024-09-07,3
EVT-003845,APP-00564,client_interview_1,2024-09-18,11
EVT-003846,APP-00564,offer_extended,2024-09-21,3
EVT-003847,APP-00564,offer_accepted,2024-09-21,0
EVT-003848,APP-00564,background_check,2024-09-23,2
EVT-003849,APP-00565,screened,2025-01-02,0
EVT-003850,APP-00565,submitted,2025-01-05,3
EVT-003851,APP-00565,client_interview_1,2025-01-07,2
EVT-003852,APP-00565,offer_extended,2025-01-15,8
EVT-003853,APP-00565,offer_accepted,2025-01-16,1
EVT-003854,APP-00565,background_check,2025-01-20,4
EVT-003855,APP-00566,screened,2025-04-04,0
EVT-003856,APP-00566,submitted,2025-04-05,1
EVT-003857,APP-00566,client_interview_1,2025-04-20,15
EVT-003858,APP-00566,client_interview_2,2025-04-26,6
EVT-003859,APP-00566,offer_extended,2025-05-06,10
EVT-003860,APP-00566,offer_accepted,2025-05-11,5
EVT-003861,APP-00566,background_check,2025-05-14,3
EVT-003862,APP-00567,screened,2025-05-29,0
EVT-003863,APP-00567,submitted,2025-06-02,4
EVT-003864,APP-00567,client_interview_1,2025-06-02,0
EVT-003865,APP-00567,offer_extended,2025-06-08,6
EVT-003866,APP-00568,screened,2024-02-07,0
EVT-003867,APP-00568,submitted,2024-02-09,2
EVT-003868,APP-00568,client_interview_1,2024-02-17,8
EVT-003869,APP-00568,offer_extended,2024-03-03,15
EVT-003870,APP-00568,offer_accepted,2024-03-09,6
EVT-003871,APP-00568,background_check,2024-03-16,7
EVT-003872,APP-00568,onboarding_docs_sent,2024-03-29,13
EVT-003873,APP-00568,start_date,2024-04-22,24
EVT-003874,APP-00569,screened,2025-01-30,0
EVT-003875,APP-00569,submitted,2025-01-31,1
EVT-003876,APP-00569,client_interview_1,2025-02-03,3
EVT-003877,APP-00569,client_interview_2,2025-02-08,5
EVT-003878,APP-00569,offer_extended,2025-02-19,11
EVT-003879,APP-00569,offer_accepted,2025-02-22,3
EVT-003880,APP-00569,background_check,2025-02-23,1
EVT-003881,APP-00569,start_date,2025-03-15,20
EVT-003882,APP-00570,screened,2025-02-10,0
EVT-003883,APP-00570,submitted,2025-02-11,1
EVT-003884,APP-00570,client_interview_1,2025-02-24,13
EVT-003885,APP-00570,offer_extended,2025-02-27,3
EVT-003886,APP-00570,offer_accepted,2025-03-01,2
EVT-003887,APP-00570,background_check,2025-03-05,4
EVT-003888,APP-00570,onboarding_docs_sent,2025-03-06,1
EVT-003889,APP-00571,screened,2025-03-26,0
EVT-003890,APP-00571,submitted,2025-03-28,2
EVT-003891,APP-00571,client_interview_1,2025-04-05,8
EVT-003892,APP-00571,offer_extended,2025-04-08,3
EVT-003893,APP-00571,offer_accepted,2025-04-11,3
EVT-003894,APP-00571,background_check,2025-04-14,3
EVT-003895,APP-00571,onboarding_docs_sent,2025-04-29,15
EVT-003896,APP-00571,start_date,2025-05-18,19
EVT-003897,APP-00572,screened,2025-06-08,0
EVT-003898,APP-00572,submitted,2025-06-11,3
EVT-003899,APP-00572,client_interview_1,2025-06-26,15
EVT-003900,APP-00572,offer_extended,2025-06-30,4
EVT-003901,APP-00572,offer_accepted,2025-07-02,2
EVT-003902,APP-00572,background_check,2025-07-08,6
EVT-003903,APP-00572,onboarding_docs_sent,2025-07-24,16
EVT-003904,APP-00572,start_date,2025-07-30,6
EVT-003905,APP-00573,screened,2025-02-07,0
EVT-003906,APP-00573,submitted,2025-02-10,3
EVT-003907,APP-00573,client_interview_1,2025-02-22,12
EVT-003908,APP-00573,offer_extended,2025-02-24,2
EVT-003909,APP-00573,offer_accepted,2025-02-25,1
EVT-003910,APP-00573,background_check,2025-03-01,4
EVT-003911,APP-00574,screened,2025-06-28,0
EVT-003912,APP-00574,submitted,2025-07-02,4
EVT-003913,APP-00574,client_interview_1,2025-07-14,12
EVT-003914,APP-00574,client_interview_2,2025-07-19,5
EVT-003915,APP-00574,offer_extended,2025-07-20,1
EVT-003916,APP-00574,offer_accepted,2025-07-22,2
EVT-003917,APP-00574,background_check,2025-07-25,3
EVT-003918,APP-00574,onboarding_docs_sent,2025-08-21,27
EVT-003919,APP-00575,screened,2024-03-07,0
EVT-003920,APP-00575,submitted,2024-03-08,1
EVT-003921,APP-00575,client_interview_1,2024-03-14,6
EVT-003922,APP-00575,client_interview_2,2024-03-16,2
EVT-003923,APP-00575,offer_extended,2024-03-22,6
EVT-003924,APP-00576,screened,2025-02-28,0
EVT-003925,APP-00576,submitted,2025-03-03,3
EVT-003926,APP-00576,client_interview_1,2025-03-13,10
EVT-003927,APP-00576,offer_extended,2025-03-30,17
EVT-003928,APP-00576,offer_accepted,2025-04-01,2
EVT-003929,APP-00576,background_check,2025-04-02,1
EVT-003930,APP-00576,onboarding_docs_sent,2025-04-10,8
EVT-003931,APP-00576,start_date,2025-04-16,6
EVT-003932,APP-00577,screened,2024-11-06,0
EVT-003933,APP-00577,submitted,2024-11-07,1
EVT-003934,APP-00577,client_interview_1,2024-11-25,18
EVT-003935,APP-00577,offer_extended,2024-11-28,3
EVT-003936,APP-00577,offer_accepted,2024-12-04,6
EVT-003937,APP-00578,screened,2025-03-02,0
EVT-003938,APP-00578,submitted,2025-03-05,3
EVT-003939,APP-00578,client_interview_1,2025-03-16,11
EVT-003940,APP-00578,offer_extended,2025-03-19,3
EVT-003941,APP-00578,offer_accepted,2025-03-25,6
EVT-003942,APP-00578,background_check,2025-03-26,1
EVT-003943,APP-00578,onboarding_docs_sent,2025-04-09,14
EVT-003944,APP-00578,start_date,2025-04-15,6
EVT-003945,APP-00579,screened,2025-01-02,0
EVT-003946,APP-00579,submitted,2025-01-05,3
EVT-003947,APP-00579,client_interview_1,2025-01-06,1
EVT-003948,APP-00579,offer_extended,2025-01-22,16
EVT-003949,APP-00579,offer_accepted,2025-01-28,6
EVT-003950,APP-00579,background_check,2025-02-04,7
EVT-003951,APP-00579,start_date,2025-02-21,17
EVT-003952,APP-00580,screened,2025-04-18,0
EVT-003953,APP-00580,submitted,2025-04-19,1
EVT-003954,APP-00580,client_interview_1,2025-05-08,19
EVT-003955,APP-00580,offer_extended,2025-05-11,3
EVT-003956,APP-00580,offer_accepted,2025-05-15,4
EVT-003957,APP-00580,background_check,2025-05-19,4
EVT-003958,APP-00580,start_date,2025-05-24,5
EVT-003959,APP-00581,screened,2024-11-22,0
EVT-003960,APP-00581,submitted,2024-11-25,3
EVT-003961,APP-00581,client_interview_1,2024-12-09,14
EVT-003962,APP-00581,offer_extended,2024-12-14,5
EVT-003963,APP-00581,offer_accepted,2024-12-15,1
EVT-003964,APP-00581,background_check,2024-12-16,1
EVT-003965,APP-00581,onboarding_docs_sent,2025-01-11,26
EVT-003966,APP-00581,start_date,2025-01-13,2
EVT-003967,APP-00582,screened,2024-03-19,0
EVT-003968,APP-00582,client_interview_1,2024-03-19,0
EVT-003969,APP-00582,client_interview_2,2024-03-21,2
EVT-003970,APP-00582,submitted,2024-03-22,1
EVT-003971,APP-00582,offer_extended,2024-03-28,6
EVT-003972,APP-00582,offer_accepted,2024-04-03,6
EVT-003973,APP-00582,background_check,2024-04-05,2
EVT-003974,APP-00582,start_date,2024-05-20,45
EVT-003975,APP-00583,screened,2025-07-07,0
EVT-003976,APP-00583,submitted,2025-07-09,2
EVT-003977,APP-00583,client_interview_1,2025-07-14,5
EVT-003978,APP-00583,offer_extended,2025-07-20,6
EVT-003979,APP-00583,offer_accepted,2025-07-26,6
EVT-003980,APP-00583,background_check,2025-07-28,2
EVT-003981,APP-00583,onboarding_docs_sent,2025-08-22,25
EVT-003982,APP-00583,start_date,2025-08-24,2
EVT-003983,APP-00584,screened,2024-05-17,0
EVT-003984,APP-00584,submitted,2024-05-19,2
EVT-003985,APP-00584,client_interview_1,2024-06-03,15
EVT-003986,APP-00584,offer_extended,2024-06-16,13
EVT-003987,APP-00584,offer_accepted,2024-06-16,0
EVT-003988,APP-00584,onboarding_docs_sent,2024-07-09,23
EVT-003989,APP-00584,start_date,2024-07-10,1
EVT-003990,APP-00585,screened,2024-04-19,0
EVT-003991,APP-00585,submitted,2024-04-21,2
EVT-003992,APP-00585,client_interview_1,2024-04-23,2
EVT-003993,APP-00585,offer_extended,2024-05-07,14
EVT-003994,APP-00586,screened,2024-04-13,0
EVT-003995,APP-00586,submitted,2024-04-16,3
EVT-003996,APP-00586,client_interview_1,2024-04-30,14
EVT-003997,APP-00586,offer_extended,2024-05-11,11
EVT-003998,APP-00587,screened,2024-02-13,0
EVT-003999,APP-00587,submitted,2024-02-17,4
EVT-004000,APP-00587,client_interview_1,2024-02-22,5
EVT-004001,APP-00587,offer_extended,2024-03-11,18
EVT-004002,APP-00587,offer_accepted,2024-03-15,4
EVT-004003,APP-00587,background_check,2024-03-16,1
EVT-004004,APP-00587,onboarding_docs_sent,2024-03-23,7
EVT-004005,APP-00587,start_date,2024-03-25,2
EVT-004006,APP-00588,screened,2024-07-23,0
EVT-004007,APP-00588,submitted,2024-07-26,3
EVT-004008,APP-00588,client_interview_1,2024-08-06,11
EVT-004009,APP-00588,offer_extended,2024-08-14,8
EVT-004010,APP-00589,screened,2024-03-18,0
EVT-004011,APP-00589,submitted,2024-03-19,1
EVT-004012,APP-00589,client_interview_1,2024-03-25,6
EVT-004013,APP-00589,offer_extended,2024-03-29,4
EVT-004014,APP-00589,offer_accepted,2024-04-02,4
EVT-004015,APP-00589,background_check,2024-04-09,7
EVT-004016,APP-00589,onboarding_docs_sent,2024-04-21,12
EVT-004017,APP-00589,start_date,2024-04-25,4
EVT-004018,APP-00590,screened,2024-12-20,0
EVT-004019,APP-00590,submitted,2024-12-24,4
EVT-004020,APP-00590,client_interview_1,2024-12-30,6
EVT-004021,APP-00590,offer_extended,2025-01-14,15
EVT-004022,APP-00590,offer_accepted,2025-01-18,4
EVT-004023,APP-00590,background_check,2025-01-25,7
EVT-004024,APP-00590,onboarding_docs_sent,2025-01-25,0
EVT-004025,APP-00590,start_date,2025-01-26,1
EVT-004026,APP-00591,screened,2025-02-14,0
EVT-004027,APP-00591,submitted,2025-02-16,2
EVT-004028,APP-00591,client_interview_1,2025-02-20,4
EVT-004029,APP-00591,offer_extended,2025-03-08,16
EVT-004030,APP-00591,offer_accepted,2025-03-10,2
EVT-004031,APP-00591,background_check,2025-03-13,3
EVT-004032,APP-00591,onboarding_docs_sent,2025-03-31,18
EVT-004033,APP-00591,start_date,2025-04-04,4
EVT-004034,APP-00592,screened,2024-12-02,0
EVT-004035,APP-00592,submitted,2024-12-06,4
EVT-004036,APP-00592,client_interview_1,2024-12-19,13
EVT-004037,APP-00592,client_interview_2,2024-12-27,8
EVT-004038,APP-00592,offer_extended,2024-12-28,1
EVT-004039,APP-00592,offer_accepted,2024-12-30,2
EVT-004040,APP-00592,background_check,2024-12-31,1
EVT-004041,APP-00593,screened,2024-10-06,0
EVT-004042,APP-00593,submitted,2024-10-10,4
EVT-004043,APP-00593,client_interview_1,2024-10-14,4
EVT-004044,APP-00593,offer_extended,2024-10-27,13
EVT-004045,APP-00594,screened,2024-08-15,0
EVT-004046,APP-00594,submitted,2024-08-19,4
EVT-004047,APP-00594,client_interview_1,2024-08-24,5
EVT-004048,APP-00594,offer_extended,2024-09-09,16
EVT-004049,APP-00595,screened,2025-02-27,0
EVT-004050,APP-00595,submitted,2025-03-02,3
EVT-004051,APP-00595,client_interview_1,2025-03-15,13
EVT-004052,APP-00595,offer_extended,2025-03-31,16
EVT-004053,APP-00595,offer_accepted,2025-04-05,5
EVT-004054,APP-00595,background_check,2025-04-09,4
EVT-004055,APP-00595,start_date,2025-04-25,16
EVT-004056,APP-00596,screened,2024-02-10,0
EVT-004057,APP-00596,submitted,2024-02-11,1
EVT-004058,APP-00596,client_interview_1,2024-02-27,16
EVT-004059,APP-00596,offer_extended,2024-03-16,18
EVT-004060,APP-00596,offer_accepted,2024-03-16,0
EVT-004061,APP-00596,background_check,2024-03-24,8
EVT-004062,APP-00596,onboarding_docs_sent,2024-04-11,18
EVT-004063,APP-00596,start_date,2024-04-17,6
EVT-004064,APP-00597,screened,2024-10-15,0
EVT-004065,APP-00597,submitted,2024-10-17,2
EVT-004066,APP-00597,client_interview_1,2024-10-28,11
EVT-004067,APP-00597,offer_extended,2024-11-02,5
EVT-004068,APP-00598,screened,2024-06-06,0
EVT-004069,APP-00598,submitted,2024-06-07,1
EVT-004070,APP-00598,client_interview_1,2024-06-18,11
EVT-004071,APP-00598,offer_extended,2024-07-05,17
EVT-004072,APP-00598,offer_accepted,2024-07-05,0
EVT-004073,APP-00598,background_check,2024-07-13,8
EVT-004074,APP-00599,screened,2025-04-06,0
EVT-004075,APP-00599,submitted,2025-04-08,2
EVT-004076,APP-00599,client_interview_1,2025-04-21,13
EVT-004077,APP-00599,offer_extended,2025-04-23,2
EVT-004078,APP-00599,offer_accepted,2025-04-23,0
EVT-004079,APP-00599,background_check,2025-04-29,6
EVT-004080,APP-00600,screened,2024-10-20,0
EVT-004081,APP-00600,submitted,2024-10-21,1
EVT-004082,APP-00600,client_interview_1,2024-11-02,12
EVT-004083,APP-00600,offer_extended,2024-11-19,17
EVT-004084,APP-00600,offer_accepted,2024-11-25,6
EVT-004085,APP-00600,background_check,2024-12-02,7
EVT-004086,APP-00601,screened,2024-05-25,0
EVT-004087,APP-00601,submitted,2024-05-27,2
EVT-004088,APP-00601,client_interview_1,2024-06-04,8
EVT-004089,APP-00601,offer_extended,2024-06-08,4
EVT-004090,APP-00601,offer_accepted,2024-06-14,6
EVT-004091,APP-00601,background_check,2024-06-22,8
EVT-004092,APP-00601,onboarding_docs_sent,2024-07-03,11
EVT-004093,APP-00601,start_date,2024-07-08,5
EVT-004094,APP-00602,screened,2025-03-17,0
EVT-004095,APP-00602,submitted,2025-03-20,3
EVT-004096,APP-00602,client_interview_1,2025-03-25,5
EVT-004097,APP-00602,offer_extended,2025-03-29,4
EVT-004098,APP-00602,offer_accepted,2025-04-04,6
EVT-004099,APP-00602,background_check,2025-04-06,2
EVT-004100,APP-00603,screened,2025-06-27,0
EVT-004101,APP-00603,submitted,2025-07-01,4
EVT-004102,APP-00603,client_interview_1,2025-07-17,16
EVT-004103,APP-00603,offer_extended,2025-07-20,3
EVT-004104,APP-00603,offer_accepted,2025-07-24,4
EVT-004105,APP-00603,background_check,2025-07-26,2
EVT-004106,APP-00603,start_date,2025-08-15,20
EVT-004107,APP-00604,screened,2025-03-07,0
EVT-004108,APP-00604,submitted,2025-03-09,2
EVT-004109,APP-00604,client_interview_1,2025-03-14,5
EVT-004110,APP-00604,offer_extended,2025-03-23,9
EVT-004111,APP-00604,offer_accepted,2025-03-29,6
EVT-004112,APP-00604,background_check,2025-04-04,6
EVT-004113,APP-00605,screened,2024-11-30,0
EVT-004114,APP-00605,submitted,2024-12-01,1
EVT-004115,APP-00605,client_interview_1,2024-12-14,13
EVT-004116,APP-00605,offer_extended,2024-12-21,7
EVT-004117,APP-00605,offer_accepted,2024-12-24,3
EVT-004118,APP-00605,onboarding_docs_sent,2024-12-26,2
EVT-004119,APP-00605,background_check,2024-12-30,4
EVT-004120,APP-00605,start_date,2025-01-01,2
EVT-004121,APP-00606,screened,2024-12-04,0
EVT-004122,APP-00606,submitted,2024-12-07,3
EVT-004123,APP-00606,client_interview_1,2024-12-09,2
EVT-004124,APP-00606,offer_extended,2024-12-19,10
EVT-004125,APP-00606,offer_accepted,2024-12-25,6
EVT-004126,APP-00606,onboarding_docs_sent,2024-12-28,3
EVT-004127,APP-00606,background_check,2024-12-29,1
EVT-004128,APP-00606,start_date,2024-12-31,2
EVT-004129,APP-00607,screened,2025-02-01,0
EVT-004130,APP-00607,client_interview_1,2025-02-03,2
EVT-004131,APP-00607,submitted,2025-02-04,1
EVT-004132,APP-00607,offer_extended,2025-02-14,10
EVT-004133,APP-00607,offer_accepted,2025-02-17,3
EVT-004134,APP-00607,background_check,2025-02-20,3
EVT-004135,APP-00607,onboarding_docs_sent,2025-02-21,1
EVT-004136,APP-00607,start_date,2025-02-27,6
EVT-004137,APP-00608,screened,2025-03-25,0
EVT-004138,APP-00608,submitted,2025-03-26,1
EVT-004139,APP-00608,client_interview_1,2025-04-12,17
EVT-004140,APP-00608,client_interview_2,2025-04-17,5
EVT-004141,APP-00608,offer_extended,2025-04-21,4
EVT-004142,APP-00608,offer_accepted,2025-04-24,3
EVT-004143,APP-00608,background_check,2025-05-01,7
EVT-004144,APP-00608,onboarding_docs_sent,2025-05-15,14
EVT-004145,APP-00608,start_date,2025-05-18,3
EVT-004146,APP-00609,screened,2024-02-21,0
EVT-004147,APP-00609,submitted,2024-02-22,1
EVT-004148,APP-00609,client_interview_1,2024-02-22,0
EVT-004149,APP-00609,offer_extended,2024-03-08,15
EVT-004150,APP-00609,offer_accepted,2024-03-13,5
EVT-004151,APP-00609,background_check,2024-03-15,2
EVT-004152,APP-00609,start_date,2024-03-28,13
EVT-004153,APP-00610,screened,2024-10-12,0
EVT-004154,APP-00610,submitted,2024-10-16,4
EVT-004155,APP-00610,client_interview_1,2024-10-25,9
EVT-004156,APP-00610,offer_extended,2024-11-10,16
EVT-004157,APP-00610,offer_accepted,2024-11-10,0
EVT-004158,APP-00610,onboarding_docs_sent,2024-12-06,26
EVT-004159,APP-00610,start_date,2024-12-11,5
EVT-004160,APP-00611,screened,2024-05-24,0
EVT-004161,APP-00611,submitted,2024-05-25,1
EVT-004162,APP-00611,client_interview_1,2024-06-09,15
EVT-004163,APP-00611,offer_extended,2024-06-25,16
EVT-004164,APP-00611,offer_accepted,2024-06-25,0
EVT-004165,APP-00611,background_check,2024-07-03,8
EVT-004166,APP-00612,screened,2024-11-16,0
EVT-004167,APP-00612,submitted,2024-11-18,2
EVT-004168,APP-00612,client_interview_1,2024-12-03,15
EVT-004169,APP-00612,offer_extended,2024-12-13,10
EVT-004170,APP-00613,screened,2025-07-19,0
EVT-004171,APP-00613,submitted,2025-07-20,1
EVT-004172,APP-00613,client_interview_1,2025-08-06,17
EVT-004173,APP-00613,client_interview_2,2025-08-13,7
EVT-004174,APP-00613,offer_extended,2025-08-17,4
EVT-004175,APP-00613,offer_accepted,2025-08-17,0
EVT-004176,APP-00613,background_check,2025-08-24,7
EVT-004177,APP-00613,onboarding_docs_sent,2025-08-27,3
EVT-004178,APP-00613,start_date,2025-09-02,6
EVT-004179,APP-00614,screened,2024-04-16,0
EVT-004180,APP-00614,submitted,2024-04-19,3
EVT-004181,APP-00614,client_interview_1,2024-04-26,7
EVT-004182,APP-00614,client_interview_2,2024-05-03,7
EVT-004183,APP-00614,offer_extended,2024-05-11,8
EVT-004184,APP-00614,offer_accepted,2024-05-12,1
EVT-004185,APP-00614,onboarding_docs_sent,2024-06-07,26
EVT-004186,APP-00614,start_date,2024-06-28,21
EVT-004187,APP-00615,screened,2024-11-02,0
EVT-004188,APP-00615,submitted,2024-11-06,4
EVT-004189,APP-00615,client_interview_1,2024-11-18,12
EVT-004190,APP-00615,offer_extended,2024-11-28,10
EVT-004191,APP-00615,offer_accepted,2024-11-29,1
EVT-004192,APP-00615,onboarding_docs_sent,2024-12-23,24
EVT-004193,APP-00615,start_date,2024-12-29,6
EVT-004194,APP-00616,screened,2025-05-06,0
EVT-004195,APP-00616,submitted,2025-05-08,2
EVT-004196,APP-00616,client_interview_1,2025-05-22,14
EVT-004197,APP-00616,offer_extended,2025-05-24,2
EVT-004198,APP-00616,offer_accepted,2025-05-24,0
EVT-004199,APP-00616,background_check,2025-05-27,3
EVT-004200,APP-00616,start_date,2025-07-02,36
EVT-004201,APP-00617,screened,2025-01-06,0
EVT-004202,APP-00617,submitted,2025-01-09,3
EVT-004203,APP-00617,client_interview_1,2025-01-22,13
EVT-004204,APP-00617,offer_extended,2025-01-27,5
EVT-004205,APP-00617,offer_accepted,2025-01-29,2
EVT-004206,APP-00617,background_check,2025-02-06,8
EVT-004207,APP-00617,onboarding_docs_sent,2025-02-12,6
EVT-004208,APP-00617,start_date,2025-03-12,28
EVT-004209,APP-00618,screened,2024-07-23,0
EVT-004210,APP-00618,submitted,2024-07-26,3
EVT-004211,APP-00618,client_interview_1,2024-08-06,11
EVT-004212,APP-00618,offer_extended,2024-08-08,2
EVT-004213,APP-00618,offer_accepted,2024-08-09,1
EVT-004214,APP-00618,background_check,2024-08-10,1
EVT-004215,APP-00619,screened,2024-12-05,0
EVT-004216,APP-00619,submitted,2024-12-06,1
EVT-004217,APP-00619,client_interview_1,2024-12-15,9
EVT-004218,APP-00619,client_interview_2,2024-12-17,2
EVT-004219,APP-00619,offer_extended,2024-12-24,7
EVT-004220,APP-00619,offer_accepted,2024-12-27,3
EVT-004221,APP-00619,background_check,2024-12-31,4
EVT-004222,APP-00620,screened,2024-03-15,0
EVT-004223,APP-00620,submitted,2024-03-17,2
EVT-004224,APP-00620,client_interview_1,2024-04-03,17
EVT-004225,APP-00620,offer_extended,2024-04-21,18
EVT-004226,APP-00620,offer_accepted,2024-04-24,3
EVT-004227,APP-00620,background_check,2024-04-27,3
EVT-004228,APP-00620,start_date,2024-05-07,10
EVT-004229,APP-00621,screened,2024-02-07,0
EVT-004230,APP-00621,submitted,2024-02-09,2
EVT-004231,APP-00621,client_interview_1,2024-02-15,6
EVT-004232,APP-00621,offer_extended,2024-03-04,18
EVT-004233,APP-00621,offer_accepted,2024-03-09,5
EVT-004234,APP-00621,background_check,2024-03-17,8
EVT-004235,APP-00621,onboarding_docs_sent,2024-04-02,16
EVT-004236,APP-00621,start_date,2024-04-08,6
EVT-004237,APP-00622,screened,2024-12-01,0
EVT-004238,APP-00622,submitted,2024-12-05,4
EVT-004239,APP-00622,client_interview_1,2024-12-17,12
EVT-004240,APP-00622,offer_extended,2024-12-19,2
EVT-004241,APP-00622,offer_accepted,2024-12-22,3
EVT-004242,APP-00622,background_check,2024-12-23,1
EVT-004243,APP-00623,screened,2024-11-19,0
EVT-004244,APP-00623,submitted,2024-11-23,4
EVT-004245,APP-00623,client_interview_1,2024-11-27,4
EVT-004246,APP-00623,offer_extended,2024-12-02,5
EVT-004247,APP-00623,offer_accepted,2024-12-07,5
EVT-004248,APP-00623,onboarding_docs_sent,2024-12-22,15
EVT-004249,APP-00623,start_date,2024-12-28,6
EVT-004250,APP-00624,screened,2025-03-14,0
EVT-004251,APP-00624,submitted,2025-03-16,2
EVT-004252,APP-00624,client_interview_1,2025-03-25,9
EVT-004253,APP-00624,offer_extended,2025-03-27,2
EVT-004254,APP-00624,offer_accepted,2025-03-30,3
EVT-004255,APP-00624,background_check,2025-04-07,8
EVT-004256,APP-00624,start_date,2025-04-12,5
EVT-004257,APP-00625,screened,2025-06-06,0
EVT-004258,APP-00625,submitted,2025-06-08,2
EVT-004259,APP-00625,client_interview_1,2025-06-14,6
EVT-004260,APP-00625,offer_extended,2025-06-22,8
EVT-004261,APP-00625,offer_accepted,2025-06-23,1
EVT-004262,APP-00625,background_check,2025-06-28,5
EVT-004263,APP-00626,screened,2025-03-22,0
EVT-004264,APP-00626,submitted,2025-03-26,4
EVT-004265,APP-00626,client_interview_1,2025-04-02,7
EVT-004266,APP-00626,client_interview_2,2025-04-05,3
EVT-004267,APP-00626,offer_extended,2025-04-12,7
EVT-004268,APP-00626,offer_accepted,2025-04-13,1
EVT-004269,APP-00626,background_check,2025-04-16,3
EVT-004270,APP-00627,screened,2025-04-14,0
EVT-004271,APP-00627,submitted,2025-04-18,4
EVT-004272,APP-00627,client_interview_1,2025-05-01,13
EVT-004273,APP-00627,offer_extended,2025-05-06,5
EVT-004274,APP-00627,offer_accepted,2025-05-11,5
EVT-004275,APP-00627,background_check,2025-05-14,3
EVT-004276,APP-00627,onboarding_docs_sent,2025-05-27,13
EVT-004277,APP-00627,start_date,2025-06-20,24
EVT-004278,APP-00628,screened,2024-12-22,0
EVT-004279,APP-00628,submitted,2024-12-25,3
EVT-004280,APP-00628,client_interview_1,2025-01-08,14
EVT-004281,APP-00628,offer_extended,2025-01-11,3
EVT-004282,APP-00628,offer_accepted,2025-01-13,2
EVT-004283,APP-00628,onboarding_docs_sent,2025-02-06,24
EVT-004284,APP-00629,screened,2024-12-28,0
EVT-004285,APP-00629,submitted,2024-12-31,3
EVT-004286,APP-00629,client_interview_1,2025-01-12,12
EVT-004287,APP-00629,offer_extended,2025-01-17,5
EVT-004288,APP-00629,offer_accepted,2025-01-21,4
EVT-004289,APP-00629,background_check,2025-01-27,6
EVT-004290,APP-00629,onboarding_docs_sent,2025-02-14,18
EVT-004291,APP-00629,start_date,2025-02-20,6
EVT-004292,APP-00630,screened,2024-10-31,0
EVT-004293,APP-00630,submitted,2024-11-02,2
EVT-004294,APP-00630,client_interview_1,2024-11-11,9
EVT-004295,APP-00630,offer_extended,2024-11-13,2
EVT-004296,APP-00630,offer_accepted,2024-11-16,3
EVT-004297,APP-00630,background_check,2024-11-19,3
EVT-004298,APP-00630,onboarding_docs_sent,2024-12-04,15
EVT-004299,APP-00630,start_date,2024-12-09,5
EVT-004300,APP-00631,screened,2025-05-08,0
EVT-004301,APP-00631,submitted,2025-05-09,1
EVT-004302,APP-00631,client_interview_1,2025-05-26,17
EVT-004303,APP-00631,client_interview_2,2025-05-31,5
EVT-004304,APP-00631,offer_extended,2025-06-01,1
EVT-004305,APP-00631,offer_accepted,2025-06-06,5
EVT-004306,APP-00631,background_check,2025-06-12,6
EVT-004307,APP-00631,onboarding_docs_sent,2025-06-25,13
EVT-004308,APP-00632,screened,2024-07-16,0
EVT-004309,APP-00632,submitted,2024-07-17,1
EVT-004310,APP-00632,client_interview_1,2024-07-17,0
EVT-004311,APP-00632,offer_extended,2024-07-20,3
EVT-004312,APP-00632,offer_accepted,2024-07-21,1
EVT-004313,APP-00632,background_check,2024-07-25,4
EVT-004314,APP-00632,start_date,2024-08-29,35
EVT-004315,APP-00633,screened,2024-12-16,0
EVT-004316,APP-00633,submitted,2024-12-20,4
EVT-004317,APP-00633,client_interview_1,2024-12-26,6
EVT-004318,APP-00633,offer_extended,2025-01-07,12
EVT-004319,APP-00633,offer_accepted,2025-01-09,2
EVT-004320,APP-00633,onboarding_docs_sent,2025-01-23,14
EVT-004321,APP-00633,start_date,2025-01-27,4
EVT-004322,APP-00634,screened,2024-08-19,0
EVT-004323,APP-00634,submitted,2024-08-20,1
EVT-004324,APP-00634,client_interview_1,2024-08-26,6
EVT-004325,APP-00634,offer_extended,2024-09-03,8
EVT-004326,APP-00635,screened,2024-08-17,0
EVT-004327,APP-00635,submitted,2024-08-21,4
EVT-004328,APP-00635,client_interview_1,2024-08-28,7
EVT-004329,APP-00635,offer_extended,2024-09-09,12
EVT-004330,APP-00635,offer_accepted,2024-09-13,4
EVT-004331,APP-00635,background_check,2024-09-17,4
EVT-004332,APP-00635,onboarding_docs_sent,2024-09-27,10
EVT-004333,APP-00635,start_date,2024-09-28,1
EVT-004334,APP-00636,screened,2025-03-04,0
EVT-004335,APP-00636,submitted,2025-03-06,2
EVT-004336,APP-00636,client_interview_1,2025-03-14,8
EVT-004337,APP-00636,offer_extended,2025-03-23,9
EVT-004338,APP-00636,offer_accepted,2025-03-26,3
EVT-004339,APP-00636,background_check,2025-03-27,1
EVT-004340,APP-00637,screened,2024-04-17,0
EVT-004341,APP-00637,submitted,2024-04-19,2
EVT-004342,APP-00637,client_interview_1,2024-05-01,12
EVT-004343,APP-00637,offer_extended,2024-05-03,2
EVT-004344,APP-00637,offer_accepted,2024-05-03,0
EVT-004345,APP-00637,background_check,2024-05-10,7
EVT-004346,APP-00638,screened,2025-03-02,0
EVT-004347,APP-00638,submitted,2025-03-06,4
EVT-004348,APP-00638,client_interview_1,2025-03-15,9
EVT-004349,APP-00638,offer_extended,2025-03-18,3
EVT-004350,APP-00638,offer_accepted,2025-03-18,0
EVT-004351,APP-00638,background_check,2025-03-20,2
EVT-004352,APP-00639,screened,2024-04-20,0
EVT-004353,APP-00639,submitted,2024-04-21,1
EVT-004354,APP-00639,client_interview_1,2024-04-28,7
EVT-004355,APP-00639,offer_extended,2024-04-30,2
EVT-004356,APP-00640,screened,2025-05-02,0
EVT-004357,APP-00640,submitted,2025-05-03,1
EVT-004358,APP-00640,client_interview_1,2025-05-13,10
EVT-004359,APP-00640,client_interview_2,2025-05-15,2
EVT-004360,APP-00640,offer_extended,2025-05-21,6
EVT-004361,APP-00640,offer_accepted,2025-05-23,2
EVT-004362,APP-00640,background_check,2025-05-28,5
EVT-004363,APP-00641,screened,2025-05-24,0
EVT-004364,APP-00641,submitted,2025-05-26,2
EVT-004365,APP-00641,client_interview_1,2025-06-09,14
EVT-004366,APP-00641,offer_extended,2025-06-13,4
EVT-004367,APP-00641,offer_accepted,2025-06-13,0
EVT-004368,APP-00641,background_check,2025-06-21,8
EVT-004369,APP-00641,onboarding_docs_sent,2025-06-23,2
EVT-004370,APP-00641,start_date,2025-06-27,4
EVT-004371,APP-00642,screened,2024-03-03,0
EVT-004372,APP-00642,submitted,2024-03-04,1
EVT-004373,APP-00642,client_interview_1,2024-03-11,7
EVT-004374,APP-00642,offer_extended,2024-03-14,3
EVT-004375,APP-00642,offer_accepted,2024-03-20,6
EVT-004376,APP-00642,background_check,2024-03-22,2
EVT-004377,APP-00642,start_date,2024-04-13,22
EVT-004378,APP-00643,screened,2024-08-11,0
EVT-004379,APP-00643,submitted,2024-08-12,1
EVT-004380,APP-00643,client_interview_1,2024-08-18,6
EVT-004381,APP-00643,client_interview_2,2024-08-28,10
EVT-004382,APP-00643,offer_extended,2024-09-05,8
EVT-004383,APP-00643,offer_accepted,2024-09-09,4
EVT-004384,APP-00643,background_check,2024-09-14,5
EVT-004385,APP-00643,onboarding_docs_sent,2024-09-27,13
EVT-004386,APP-00643,start_date,2024-09-30,3
EVT-004387,APP-00644,screened,2024-02-14,0
EVT-004388,APP-00644,submitted,2024-02-18,4
EVT-004389,APP-00644,client_interview_1,2024-03-01,12
EVT-004390,APP-00644,client_interview_2,2024-03-03,2
EVT-004391,APP-00644,offer_extended,2024-03-14,11
EVT-004392,APP-00645,screened,2024-12-13,0
EVT-004393,APP-00645,submitted,2024-12-15,2
EVT-004394,APP-00645,client_interview_1,2024-12-28,13
EVT-004395,APP-00645,offer_extended,2025-01-07,10
EVT-004396,APP-00646,screened,2025-01-05,0
EVT-004397,APP-00646,submitted,2025-01-09,4
EVT-004398,APP-00646,client_interview_1,2025-01-13,4
EVT-004399,APP-00646,offer_extended,2025-01-24,11
EVT-004400,APP-00647,screened,2024-04-17,0
EVT-004401,APP-00647,submitted,2024-04-19,2
EVT-004402,APP-00647,client_interview_1,2024-05-04,15
EVT-004403,APP-00647,client_interview_2,2024-05-11,7
EVT-004404,APP-00647,offer_extended,2024-05-17,6
EVT-004405,APP-00647,offer_accepted,2024-05-18,1
EVT-004406,APP-00647,onboarding_docs_sent,2024-06-09,22
EVT-004407,APP-00648,screened,2025-06-01,0
EVT-004408,APP-00648,submitted,2025-06-02,1
EVT-004409,APP-00648,client_interview_1,2025-06-13,11
EVT-004410,APP-00648,client_interview_2,2025-06-21,8
EVT-004411,APP-00648,offer_extended,2025-06-23,2
EVT-004412,APP-00648,offer_accepted,2025-06-26,3
EVT-004413,APP-00648,onboarding_docs_sent,2025-06-27,1
EVT-004414,APP-00648,background_check,2025-06-28,1
EVT-004415,APP-00648,start_date,2025-07-03,5
EVT-004416,APP-00649,screened,2025-05-11,0
EVT-004417,APP-00649,submitted,2025-05-13,2
EVT-004418,APP-00649,client_interview_1,2025-05-29,16
EVT-004419,APP-00649,offer_extended,2025-06-02,4
EVT-004420,APP-00649,offer_accepted,2025-06-08,6
EVT-004421,APP-00649,background_check,2025-06-11,3
EVT-004422,APP-00650,screened,2024-10-16,0
EVT-004423,APP-00650,submitted,2024-10-19,3
EVT-004424,APP-00650,client_interview_1,2024-10-26,7
EVT-004425,APP-00650,client_interview_2,2024-10-30,4
EVT-004426,APP-00650,offer_extended,2024-11-06,7
EVT-004427,APP-00650,offer_accepted,2024-11-11,5
EVT-004428,APP-00650,background_check,2024-11-12,1
EVT-004429,APP-00651,screened,2024-11-12,0
EVT-004430,APP-00651,submitted,2024-11-13,1
EVT-004431,APP-00651,client_interview_1,2024-11-29,16
EVT-004432,APP-00651,client_interview_2,2024-12-02,3
EVT-004433,APP-00651,offer_extended,2024-12-09,7
EVT-004434,APP-00651,offer_accepted,2024-12-09,0
EVT-004435,APP-00651,background_check,2024-12-13,4
EVT-004436,APP-00651,onboarding_docs_sent,2025-01-08,26
EVT-004437,APP-00651,start_date,2025-01-12,4
EVT-004438,APP-00652,screened,2025-05-30,0
EVT-004439,APP-00652,submitted,2025-06-02,3
EVT-004440,APP-00652,client_interview_1,2025-06-16,14
EVT-004441,APP-00652,client_interview_2,2025-06-21,5
EVT-004442,APP-00652,offer_extended,2025-06-22,1
EVT-004443,APP-00652,offer_accepted,2025-06-28,6
EVT-004444,APP-00652,background_check,2025-06-30,2
EVT-004445,APP-00652,start_date,2025-07-14,14
EVT-004446,APP-00653,screened,2024-05-06,0
EVT-004447,APP-00653,submitted,2024-05-10,4
EVT-004448,APP-00653,client_interview_1,2024-05-21,11
EVT-004449,APP-00653,offer_extended,2024-06-02,12
EVT-004450,APP-00653,offer_accepted,2024-06-08,6
EVT-004451,APP-00653,onboarding_docs_sent,2024-06-12,4
EVT-004452,APP-00653,background_check,2024-06-13,1
EVT-004453,APP-00653,start_date,2024-06-14,1
EVT-004454,APP-00654,screened,2024-08-11,0
EVT-004455,APP-00654,submitted,2024-08-14,3
EVT-004456,APP-00654,client_interview_1,2024-08-29,15
EVT-004457,APP-00654,offer_extended,2024-08-31,2
EVT-004458,APP-00655,screened,2025-04-22,0
EVT-004459,APP-00655,submitted,2025-04-23,1
EVT-004460,APP-00655,client_interview_1,2025-05-05,12
EVT-004461,APP-00655,client_interview_2,2025-05-10,5
EVT-004462,APP-00655,offer_extended,2025-05-17,7
EVT-004463,APP-00656,screened,2025-01-26,0
EVT-004464,APP-00656,client_interview_1,2025-01-27,1
EVT-004465,APP-00656,submitted,2025-01-29,2
EVT-004466,APP-00656,offer_extended,2025-02-02,4
EVT-004467,APP-00656,offer_accepted,2025-02-03,1
EVT-004468,APP-00656,background_check,2025-02-09,6
EVT-004469,APP-00656,start_date,2025-02-23,14
EVT-004470,APP-00657,screened,2025-06-18,0
EVT-004471,APP-00657,submitted,2025-06-22,4
EVT-004472,APP-00657,client_interview_1,2025-07-03,11
EVT-004473,APP-00657,offer_extended,2025-07-08,5
EVT-004474,APP-00657,offer_accepted,2025-07-10,2
EVT-004475,APP-00657,background_check,2025-07-12,2
EVT-004476,APP-00657,onboarding_docs_sent,2025-07-31,19
EVT-004477,APP-00657,start_date,2025-08-05,5
EVT-004478,APP-00658,screened,2025-04-01,0
EVT-004479,APP-00658,submitted,2025-04-04,3
EVT-004480,APP-00658,client_interview_1,2025-04-19,15
EVT-004481,APP-00658,offer_extended,2025-04-21,2
EVT-004482,APP-00659,screened,2025-01-11,0
EVT-004483,APP-00659,submitted,2025-01-13,2
EVT-004484,APP-00659,client_interview_1,2025-01-14,1
EVT-004485,APP-00659,client_interview_2,2025-01-17,3
EVT-004486,APP-00659,offer_extended,2025-01-27,10
EVT-004487,APP-00659,offer_accepted,2025-01-31,4
EVT-004488,APP-00659,background_check,2025-02-01,1
EVT-004489,APP-00659,start_date,2025-02-06,5
EVT-004490,APP-00660,screened,2024-07-09,0
EVT-004491,APP-00660,submitted,2024-07-13,4
EVT-004492,APP-00660,client_interview_1,2024-07-14,1
EVT-004493,APP-00660,offer_extended,2024-07-28,14
EVT-004494,APP-00660,offer_accepted,2024-08-03,6
EVT-004495,APP-00660,background_check,2024-08-04,1
EVT-004496,APP-00660,onboarding_docs_sent,2024-08-08,4
EVT-004497,APP-00661,screened,2025-06-01,0
EVT-004498,APP-00661,submitted,2025-06-03,2
EVT-004499,APP-00661,client_interview_1,2025-06-19,16
EVT-004500,APP-00661,client_interview_2,2025-06-24,5
EVT-004501,APP-00661,offer_extended,2025-06-30,6
EVT-004502,APP-00661,offer_accepted,2025-07-04,4
EVT-004503,APP-00661,onboarding_docs_sent,2025-07-13,9
EVT-004504,APP-00661,start_date,2025-07-17,4
EVT-004505,APP-00662,screened,2025-06-29,0
EVT-004506,APP-00662,submitted,2025-07-03,4
EVT-004507,APP-00662,client_interview_1,2025-07-08,5
EVT-004508,APP-00662,offer_extended,2025-07-26,18
EVT-004509,APP-00662,offer_accepted,2025-07-28,2
EVT-004510,APP-00662,background_check,2025-08-03,6
EVT-004511,APP-00662,onboarding_docs_sent,2025-08-17,14
EVT-004512,APP-00662,start_date,2025-08-23,6
EVT-004513,APP-00663,screened,2025-04-02,0
EVT-004514,APP-00663,submitted,2025-04-04,2
EVT-004515,APP-00663,client_interview_1,2025-04-13,9
EVT-004516,APP-00663,offer_extended,2025-04-27,14
EVT-004517,APP-00663,offer_accepted,2025-05-01,4
EVT-004518,APP-00663,background_check,2025-05-04,3
EVT-004519,APP-00663,onboarding_docs_sent,2025-05-27,23
EVT-004520,APP-00663,start_date,2025-06-01,5
EVT-004521,APP-00664,screened,2024-12-08,0
EVT-004522,APP-00664,submitted,2024-12-12,4
EVT-004523,APP-00664,client_interview_1,2024-12-28,16
EVT-004524,APP-00664,offer_extended,2025-01-02,5
EVT-004525,APP-00664,offer_accepted,2025-01-05,3
EVT-004526,APP-00664,background_check,2025-01-13,8
EVT-004527,APP-00665,screened,2024-12-01,0
EVT-004528,APP-00665,submitted,2024-12-02,1
EVT-004529,APP-00665,client_interview_1,2024-12-09,7
EVT-004530,APP-00665,client_interview_2,2024-12-14,5
EVT-004531,APP-00665,offer_extended,2024-12-26,12
EVT-004532,APP-00665,offer_accepted,2024-12-29,3
EVT-004533,APP-00665,background_check,2025-01-02,4
EVT-004534,APP-00665,onboarding_docs_sent,2025-01-26,24
EVT-004535,APP-00665,start_date,2025-01-30,4
EVT-004536,APP-00666,screened,2024-04-11,0
EVT-004537,APP-00666,submitted,2024-04-15,4
EVT-004538,APP-00666,client_interview_1,2024-04-25,10
EVT-004539,APP-00666,offer_extended,2024-05-02,7
EVT-004540,APP-00666,offer_accepted,2024-05-04,2
EVT-004541,APP-00666,onboarding_docs_sent,2024-05-15,11
EVT-004542,APP-00667,screened,2025-03-18,0
EVT-004543,APP-00667,submitted,2025-03-21,3
EVT-004544,APP-00667,client_interview_1,2025-03-31,10
EVT-004545,APP-00667,offer_extended,2025-04-14,14
EVT-004546,APP-00667,offer_accepted,2025-04-20,6
EVT-004547,APP-00667,background_check,2025-04-23,3
EVT-004548,APP-00668,screened,2025-05-15,0
EVT-004549,APP-00668,submitted,2025-05-19,4
EVT-004550,APP-00668,client_interview_1,2025-05-30,11
EVT-004551,APP-00668,client_interview_2,2025-06-02,3
EVT-004552,APP-00668,offer_extended,2025-06-15,13
EVT-004553,APP-00668,offer_accepted,2025-06-15,0
EVT-004554,APP-00668,background_check,2025-06-22,7
EVT-004555,APP-00668,start_date,2025-07-17,25
EVT-004556,APP-00669,screened,2024-10-07,0
EVT-004557,APP-00669,client_interview_1,2024-10-09,2
EVT-004558,APP-00669,submitted,2024-10-11,2
EVT-004559,APP-00669,offer_extended,2024-10-14,3
EVT-004560,APP-00669,offer_accepted,2024-10-15,1
EVT-004561,APP-00669,background_check,2024-10-23,8
EVT-004562,APP-00669,start_date,2024-11-08,16
EVT-004563,APP-00670,screened,2024-04-07,0
EVT-004564,APP-00670,submitted,2024-04-09,2
EVT-004565,APP-00670,client_interview_1,2024-04-21,12
EVT-004566,APP-00670,offer_extended,2024-04-28,7
EVT-004567,APP-00670,offer_accepted,2024-04-29,1
EVT-004568,APP-00670,background_check,2024-05-04,5
EVT-004569,APP-00670,onboarding_docs_sent,2024-05-28,24
EVT-004570,APP-00670,start_date,2024-05-29,1
EVT-004571,APP-00671,screened,2025-02-11,0
EVT-004572,APP-00671,submitted,2025-02-14,3
EVT-004573,APP-00671,client_interview_1,2025-03-01,15
EVT-004574,APP-00671,offer_extended,2025-03-06,5
EVT-004575,APP-00671,offer_accepted,2025-03-09,3
EVT-004576,APP-00671,background_check,2025-03-13,4
EVT-004577,APP-00671,onboarding_docs_sent,2025-04-04,22
EVT-004578,APP-00671,start_date,2025-04-19,15
EVT-004579,APP-00672,screened,2025-02-10,0
EVT-004580,APP-00672,submitted,2025-02-14,4
EVT-004581,APP-00672,client_interview_1,2025-02-20,6
EVT-004582,APP-00672,offer_extended,2025-02-28,8
EVT-004583,APP-00672,offer_accepted,2025-02-28,0
EVT-004584,APP-00672,background_check,2025-03-03,3
EVT-004585,APP-00672,onboarding_docs_sent,2025-03-06,3
EVT-004586,APP-00672,start_date,2025-03-10,4
EVT-004587,APP-00673,screened,2025-02-01,0
EVT-004588,APP-00673,submitted,2025-02-03,2
EVT-004589,APP-00673,client_interview_1,2025-02-07,4
EVT-004590,APP-00673,client_interview_2,2025-02-11,4
EVT-004591,APP-00673,offer_extended,2025-02-14,3
EVT-004592,APP-00673,offer_accepted,2025-02-19,5
EVT-004593,APP-00673,background_check,2025-02-20,1
EVT-004594,APP-00673,start_date,2025-02-28,8
EVT-004595,APP-00674,screened,2025-02-17,0
EVT-004596,APP-00674,submitted,2025-02-18,1
EVT-004597,APP-00674,client_interview_1,2025-03-08,18
EVT-004598,APP-00674,client_interview_2,2025-03-12,4
EVT-004599,APP-00674,offer_extended,2025-03-22,10
EVT-004600,APP-00675,screened,2025-05-23,0
EVT-004601,APP-00675,submitted,2025-05-24,1
EVT-004602,APP-00675,client_interview_1,2025-06-04,11
EVT-004603,APP-00675,offer_extended,2025-06-12,8
EVT-004604,APP-00675,offer_accepted,2025-06-15,3
EVT-004605,APP-00675,background_check,2025-06-20,5
EVT-004606,APP-00675,start_date,2025-07-04,14
EVT-004607,APP-00676,screened,2024-09-01,0
EVT-004608,APP-00676,submitted,2024-09-05,4
EVT-004609,APP-00676,client_interview_1,2024-09-12,7
EVT-004610,APP-00676,offer_extended,2024-09-29,17
EVT-004611,APP-00676,offer_accepted,2024-09-29,0
EVT-004612,APP-00676,background_check,2024-10-07,8
EVT-004613,APP-00677,screened,2024-10-08,0
EVT-004614,APP-00677,submitted,2024-10-10,2
EVT-004615,APP-00677,client_interview_1,2024-10-14,4
EVT-004616,APP-00677,offer_extended,2024-10-26,12
EVT-004617,APP-00677,offer_accepted,2024-10-27,1
EVT-004618,APP-00677,background_check,2024-10-30,3
EVT-004619,APP-00677,onboarding_docs_sent,2024-11-20,21
EVT-004620,APP-00677,start_date,2024-11-25,5
EVT-004621,APP-00678,screened,2024-07-09,0
EVT-004622,APP-00678,submitted,2024-07-11,2
EVT-004623,APP-00678,client_interview_1,2024-07-28,17
EVT-004624,APP-00678,offer_extended,2024-08-13,16
EVT-004625,APP-00678,offer_accepted,2024-08-16,3
EVT-004626,APP-00678,background_check,2024-08-24,8
EVT-004627,APP-00678,onboarding_docs_sent,2024-09-07,14
EVT-004628,APP-00678,start_date,2024-09-08,1
EVT-004629,APP-00679,screened,2024-12-26,0
EVT-004630,APP-00679,submitted,2024-12-30,4
EVT-004631,APP-00679,client_interview_1,2025-01-04,5
EVT-004632,APP-00679,client_interview_2,2025-01-07,3
EVT-004633,APP-00679,offer_extended,2025-01-08,1
EVT-004634,APP-00680,screened,2025-05-17,0
EVT-004635,APP-00680,submitted,2025-05-19,2
EVT-004636,APP-00680,client_interview_1,2025-06-03,15
EVT-004637,APP-00680,offer_extended,2025-06-15,12
EVT-004638,APP-00681,screened,2024-04-15,0
EVT-004639,APP-00681,client_interview_1,2024-04-15,0
EVT-004640,APP-00681,submitted,2024-04-17,2
EVT-004641,APP-00681,offer_extended,2024-04-24,7
EVT-004642,APP-00681,offer_accepted,2024-04-30,6
EVT-004643,APP-00681,background_check,2024-05-01,1
EVT-004644,APP-00682,screened,2024-06-28,0
EVT-004645,APP-00682,submitted,2024-06-29,1
EVT-004646,APP-00682,client_interview_1,2024-07-08,9
EVT-004647,APP-00682,offer_extended,2024-07-22,14
EVT-004648,APP-00682,offer_accepted,2024-07-26,4
EVT-004649,APP-00682,background_check,2024-07-27,1
EVT-004650,APP-00683,screened,2025-02-27,0
EVT-004651,APP-00683,submitted,2025-03-03,4
EVT-004652,APP-00683,client_interview_1,2025-03-03,0
EVT-004653,APP-00683,client_interview_2,2025-03-05,2
EVT-004654,APP-00683,offer_extended,2025-03-11,6
EVT-004655,APP-00683,offer_accepted,2025-03-12,1
EVT-004656,APP-00683,background_check,2025-03-19,7
EVT-004657,APP-00683,onboarding_docs_sent,2025-03-19,0
EVT-004658,APP-00683,start_date,2025-03-23,4
EVT-004659,APP-00684,screened,2025-03-04,0
EVT-004660,APP-00684,submitted,2025-03-07,3
EVT-004661,APP-00684,client_interview_1,2025-03-10,3
EVT-004662,APP-00684,offer_extended,2025-03-19,9
EVT-004663,APP-00684,offer_accepted,2025-03-22,3
EVT-004664,APP-00684,background_check,2025-03-24,2
EVT-004665,APP-00684,onboarding_docs_sent,2025-03-31,7
EVT-004666,APP-00685,screened,2024-06-24,0
EVT-004667,APP-00685,submitted,2024-06-26,2
EVT-004668,APP-00685,client_interview_1,2024-07-09,13
EVT-004669,APP-00685,offer_extended,2024-07-13,4
EVT-004670,APP-00685,offer_accepted,2024-07-15,2
EVT-004671,APP-00685,background_check,2024-07-22,7
EVT-004672,APP-00685,onboarding_docs_sent,2024-08-03,12
EVT-004673,APP-00686,screened,2025-05-14,0
EVT-004674,APP-00686,submitted,2025-05-15,1
EVT-004675,APP-00686,client_interview_1,2025-06-01,17
EVT-004676,APP-00686,offer_extended,2025-06-03,2
EVT-004677,APP-00686,offer_accepted,2025-06-09,6
EVT-004678,APP-00686,background_check,2025-06-13,4
EVT-004679,APP-00686,onboarding_docs_sent,2025-06-22,9
EVT-004680,APP-00686,start_date,2025-06-25,3
EVT-004681,APP-00687,screened,2024-11-19,0
EVT-004682,APP-00687,submitted,2024-11-22,3
EVT-004683,APP-00687,client_interview_1,2024-11-24,2
EVT-004684,APP-00687,client_interview_2,2024-12-02,8
EVT-004685,APP-00687,offer_extended,2024-12-04,2
EVT-004686,APP-00687,offer_accepted,2024-12-07,3
EVT-004687,APP-00687,background_check,2024-12-12,5
EVT-004688,APP-00687,onboarding_docs_sent,2024-12-23,11
EVT-004689,APP-00687,start_date,2025-01-09,17
EVT-004690,APP-00688,screened,2024-12-29,0
EVT-004691,APP-00688,submitted,2025-01-01,3
EVT-004692,APP-00688,client_interview_1,2025-01-04,3
EVT-004693,APP-00688,offer_extended,2025-01-10,6
EVT-004694,APP-00688,offer_accepted,2025-01-11,1
EVT-004695,APP-00688,onboarding_docs_sent,2025-01-18,7
EVT-004696,APP-00688,start_date,2025-01-19,1
EVT-004697,APP-00689,screened,2024-10-29,0
EVT-004698,APP-00689,submitted,2024-11-02,4
EVT-004699,APP-00689,client_interview_1,2024-11-10,8
EVT-004700,APP-00689,client_interview_2,2024-11-20,10
EVT-004701,APP-00689,offer_extended,2024-11-23,3
EVT-004702,APP-00689,offer_accepted,2024-11-26,3
EVT-004703,APP-00689,background_check,2024-12-01,5
EVT-004704,APP-00689,start_date,2024-12-18,17
EVT-004705,APP-00690,screened,2024-04-26,0
EVT-004706,APP-00690,submitted,2024-04-30,4
EVT-004707,APP-00690,client_interview_1,2024-05-03,3
EVT-004708,APP-00690,offer_extended,2024-05-18,15
EVT-004709,APP-00690,offer_accepted,2024-05-20,2
EVT-004710,APP-00690,onboarding_docs_sent,2024-06-15,26
EVT-004711,APP-00690,start_date,2024-06-21,6
EVT-004712,APP-00691,screened,2024-07-28,0
EVT-004713,APP-00691,submitted,2024-08-01,4
EVT-004714,APP-00691,client_interview_1,2024-08-12,11
EVT-004715,APP-00691,offer_extended,2024-08-21,9
EVT-004716,APP-00691,offer_accepted,2024-08-22,1
EVT-004717,APP-00692,screened,2024-10-17,0
EVT-004718,APP-00692,submitted,2024-10-19,2
EVT-004719,APP-00692,client_interview_1,2024-10-24,5
EVT-004720,APP-00692,offer_extended,2024-11-03,10
EVT-004721,APP-00692,offer_accepted,2024-11-07,4
EVT-004722,APP-00692,background_check,2024-11-08,1
EVT-004723,APP-00692,onboarding_docs_sent,2024-11-21,13
EVT-004724,APP-00692,start_date,2024-11-27,6
EVT-004725,APP-00693,screened,2024-06-17,0
EVT-004726,APP-00693,submitted,2024-06-18,1
EVT-004727,APP-00693,client_interview_1,2024-07-02,14
EVT-004728,APP-00693,offer_extended,2024-07-06,4
EVT-004729,APP-00694,screened,2024-08-01,0
EVT-004730,APP-00694,submitted,2024-08-05,4
EVT-004731,APP-00694,client_interview_1,2024-08-18,13
EVT-004732,APP-00694,client_interview_2,2024-08-24,6
EVT-004733,APP-00694,offer_extended,2024-09-01,8
EVT-004734,APP-00694,offer_accepted,2024-09-05,4
EVT-004735,APP-00694,background_check,2024-09-07,2
EVT-004736,APP-00694,onboarding_docs_sent,2024-09-14,7
EVT-004737,APP-00694,start_date,2024-09-20,6
EVT-004738,APP-00695,screened,2024-10-19,0
EVT-004739,APP-00695,submitted,2024-10-23,4
EVT-004740,APP-00695,client_interview_1,2024-10-25,2
EVT-004741,APP-00695,offer_extended,2024-11-08,14
EVT-004742,APP-00695,offer_accepted,2024-11-13,5
EVT-004743,APP-00695,background_check,2024-11-14,1
EVT-004744,APP-00695,start_date,2024-11-26,12
EVT-004745,APP-00696,screened,2024-10-03,0
EVT-004746,APP-00696,submitted,2024-10-07,4
EVT-004747,APP-00696,client_interview_1,2024-10-18,11
EVT-004748,APP-00696,offer_extended,2024-11-05,18
EVT-004749,APP-00697,screened,2024-10-27,0
EVT-004750,APP-00697,submitted,2024-10-30,3
EVT-004751,APP-00697,client_interview_1,2024-11-03,4
EVT-004752,APP-00697,client_interview_2,2024-11-13,10
EVT-004753,APP-00697,offer_extended,2024-11-21,8
EVT-004754,APP-00698,screened,2025-04-26,0
EVT-004755,APP-00698,submitted,2025-04-28,2
EVT-004756,APP-00698,client_interview_1,2025-05-11,13
EVT-004757,APP-00698,offer_extended,2025-05-27,16
EVT-004758,APP-00698,offer_accepted,2025-06-01,5
EVT-004759,APP-00698,background_check,2025-06-02,1
EVT-004760,APP-00698,start_date,2025-07-01,29
EVT-004761,APP-00699,screened,2024-10-20,0
EVT-004762,APP-00699,submitted,2024-10-23,3
EVT-004763,APP-00699,client_interview_1,2024-10-25,2
EVT-004764,APP-00699,offer_extended,2024-11-06,12
EVT-004765,APP-00699,offer_accepted,2024-11-06,0
EVT-004766,APP-00699,background_check,2024-11-13,7
EVT-004767,APP-00699,onboarding_docs_sent,2024-12-02,19
EVT-004768,APP-00699,start_date,2024-12-14,12
EVT-004769,APP-00700,screened,2024-05-25,0
EVT-004770,APP-00700,submitted,2024-05-26,1
EVT-004771,APP-00700,client_interview_1,2024-05-29,3
EVT-004772,APP-00700,offer_extended,2024-06-03,5
EVT-004773,APP-00700,offer_accepted,2024-06-04,1
EVT-004774,APP-00700,background_check,2024-06-10,6
EVT-004775,APP-00700,onboarding_docs_sent,2024-06-26,16
EVT-004776,APP-00700,start_date,2024-06-28,2
EVT-004777,APP-00701,screened,2025-01-11,0
EVT-004778,APP-00701,submitted,2025-01-13,2
EVT-004779,APP-00701,client_interview_1,2025-01-23,10
EVT-004780,APP-00701,offer_extended,2025-02-04,12
EVT-004781,APP-00701,offer_accepted,2025-02-10,6
EVT-004782,APP-00701,background_check,2025-02-11,1
EVT-004783,APP-00701,onboarding_docs_sent,2025-02-17,6
EVT-004784,APP-00701,start_date,2025-02-21,4
EVT-004785,APP-00702,screened,2024-11-18,0
EVT-004786,APP-00702,submitted,2024-11-19,1
EVT-004787,APP-00702,client_interview_1,2024-11-21,2
EVT-004788,APP-00702,offer_extended,2024-12-07,16
EVT-004789,APP-00702,offer_accepted,2024-12-13,6
EVT-004790,APP-00702,background_check,2024-12-15,2
EVT-004791,APP-00702,start_date,2025-01-23,39
EVT-004792,APP-00703,screened,2024-10-07,0
EVT-004793,APP-00703,submitted,2024-10-10,3
EVT-004794,APP-00703,client_interview_1,2024-10-15,5
EVT-004795,APP-00703,offer_extended,2024-10-28,13
EVT-004796,APP-00703,offer_accepted,2024-10-31,3
EVT-004797,APP-00703,onboarding_docs_sent,2024-11-24,24
EVT-004798,APP-00703,start_date,2024-12-20,26
EVT-004799,APP-00704,screened,2024-02-23,0
EVT-004800,APP-00704,submitted,2024-02-27,4
EVT-004801,APP-00704,client_interview_1,2024-03-05,7
EVT-004802,APP-00704,offer_extended,2024-03-07,2
EVT-004803,APP-00704,offer_accepted,2024-03-12,5
EVT-004804,APP-00705,screened,2025-03-31,0
EVT-004805,APP-00705,submitted,2025-04-01,1
EVT-004806,APP-00705,client_interview_1,2025-04-15,14
EVT-004807,APP-00705,client_interview_2,2025-04-23,8
EVT-004808,APP-00705,offer_extended,2025-04-29,6
EVT-004809,APP-00705,offer_accepted,2025-05-04,5
EVT-004810,APP-00705,background_check,2025-05-08,4
EVT-004811,APP-00705,onboarding_docs_sent,2025-05-26,18
EVT-004812,APP-00705,start_date,2025-05-27,1
EVT-004813,APP-00706,screened,2024-08-02,0
EVT-004814,APP-00706,submitted,2024-08-06,4
EVT-004815,APP-00706,client_interview_1,2024-08-09,3
EVT-004816,APP-00706,offer_extended,2024-08-15,6
EVT-004817,APP-00706,offer_accepted,2024-08-21,6
EVT-004818,APP-00706,background_check,2024-08-22,1
EVT-004819,APP-00706,onboarding_docs_sent,2024-09-07,16
EVT-004820,APP-00706,start_date,2024-09-11,4
EVT-004821,APP-00707,screened,2024-12-24,0
EVT-004822,APP-00707,submitted,2024-12-27,3
EVT-004823,APP-00707,client_interview_1,2025-01-12,16
EVT-004824,APP-00707,client_interview_2,2025-01-19,7
EVT-004825,APP-00707,offer_extended,2025-01-28,9
EVT-004826,APP-00707,offer_accepted,2025-01-29,1
EVT-004827,APP-00707,background_check,2025-02-01,3
EVT-004828,APP-00707,onboarding_docs_sent,2025-02-18,17
EVT-004829,APP-00707,start_date,2025-02-20,2
EVT-004830,APP-00708,screened,2024-08-15,0
EVT-004831,APP-00708,client_interview_1,2024-08-17,2
EVT-004832,APP-00708,submitted,2024-08-18,1
EVT-004833,APP-00708,client_interview_2,2024-08-22,4
EVT-004834,APP-00708,offer_extended,2024-08-24,2
EVT-004835,APP-00708,offer_accepted,2024-08-26,2
EVT-004836,APP-00708,background_check,2024-08-30,4
EVT-004837,APP-00708,onboarding_docs_sent,2024-09-13,14
EVT-004838,APP-00708,start_date,2024-09-15,2
EVT-004839,APP-00709,screened,2025-04-27,0
EVT-004840,APP-00709,submitted,2025-04-29,2
EVT-004841,APP-00709,client_interview_1,2025-05-15,16
EVT-004842,APP-00709,client_interview_2,2025-05-20,5
EVT-004843,APP-00709,offer_extended,2025-06-01,12
EVT-004844,APP-00709,offer_accepted,2025-06-01,0
EVT-004845,APP-00709,background_check,2025-06-07,6
EVT-004846,APP-00710,screened,2024-10-11,0
EVT-004847,APP-00710,submitted,2024-10-12,1
EVT-004848,APP-00710,client_interview_1,2024-10-25,13
EVT-004849,APP-00710,client_interview_2,2024-10-28,3
EVT-004850,APP-00710,offer_extended,2024-11-09,12
EVT-004851,APP-00710,offer_accepted,2024-11-15,6
EVT-004852,APP-00710,onboarding_docs_sent,2024-11-21,6
EVT-004853,APP-00710,background_check,2024-11-23,2
EVT-004854,APP-00710,start_date,2024-11-26,3
EVT-004855,APP-00711,screened,2024-12-14,0
EVT-004856,APP-00711,submitted,2024-12-18,4
EVT-004857,APP-00711,client_interview_1,2024-12-20,2
EVT-004858,APP-00711,client_interview_2,2024-12-27,7
EVT-004859,APP-00711,offer_extended,2025-01-02,6
EVT-004860,APP-00711,offer_accepted,2025-01-03,1
EVT-004861,APP-00711,background_check,2025-01-08,5
EVT-004862,APP-00712,screened,2024-04-17,0
EVT-004863,APP-00712,submitted,2024-04-19,2
EVT-004864,APP-00712,client_interview_1,2024-04-30,11
EVT-004865,APP-00712,offer_extended,2024-05-12,12
EVT-004866,APP-00712,offer_accepted,2024-05-18,6
EVT-004867,APP-00713,screened,2024-06-22,0
EVT-004868,APP-00713,submitted,2024-06-26,4
EVT-004869,APP-00713,client_interview_1,2024-07-10,14
EVT-004870,APP-00713,client_interview_2,2024-07-14,4
EVT-004871,APP-00713,offer_extended,2024-07-26,12
EVT-004872,APP-00713,offer_accepted,2024-07-28,2
EVT-004873,APP-00713,background_check,2024-08-04,7
EVT-004874,APP-00713,onboarding_docs_sent,2024-08-04,0
EVT-004875,APP-00713,start_date,2024-08-21,17
EVT-004876,APP-00714,screened,2025-05-21,0
EVT-004877,APP-00714,submitted,2025-05-24,3
EVT-004878,APP-00714,client_interview_1,2025-05-25,1
EVT-004879,APP-00714,client_interview_2,2025-05-29,4
EVT-004880,APP-00714,offer_extended,2025-06-06,8
EVT-004881,APP-00714,offer_accepted,2025-06-08,2
EVT-004882,APP-00714,background_check,2025-06-10,2
EVT-004883,APP-00715,screened,2024-12-14,0
EVT-004884,APP-00715,client_interview_1,2024-12-15,1
EVT-004885,APP-00715,submitted,2024-12-17,2
EVT-004886,APP-00715,offer_extended,2024-12-27,10
EVT-004887,APP-00715,offer_accepted,2024-12-28,1
EVT-004888,APP-00715,background_check,2025-01-01,4
EVT-004889,APP-00715,onboarding_docs_sent,2025-01-27,26
EVT-004890,APP-00715,start_date,2025-01-28,1
EVT-004891,APP-00716,screened,2025-02-18,0
EVT-004892,APP-00716,submitted,2025-02-21,3
EVT-004893,APP-00716,client_interview_1,2025-02-24,3
EVT-004894,APP-00716,offer_extended,2025-03-13,17
EVT-004895,APP-00716,offer_accepted,2025-03-18,5
EVT-004896,APP-00716,background_check,2025-03-23,5
EVT-004897,APP-00716,onboarding_docs_sent,2025-03-31,8
EVT-004898,APP-00717,screened,2024-05-10,0
EVT-004899,APP-00717,submitted,2024-05-13,3
EVT-004900,APP-00717,client_interview_1,2024-05-22,9
EVT-004901,APP-00717,client_interview_2,2024-05-30,8
EVT-004902,APP-00717,offer_extended,2024-06-05,6
EVT-004903,APP-00717,offer_accepted,2024-06-08,3
EVT-004904,APP-00717,onboarding_docs_sent,2024-06-13,5
EVT-004905,APP-00717,background_check,2024-06-14,1
EVT-004906,APP-00718,screened,2025-04-02,0
EVT-004907,APP-00718,submitted,2025-04-06,4
EVT-004908,APP-00718,client_interview_1,2025-04-06,0
EVT-004909,APP-00718,client_interview_2,2025-04-10,4
EVT-004910,APP-00718,offer_extended,2025-04-12,2
EVT-004911,APP-00718,offer_accepted,2025-04-14,2
EVT-004912,APP-00718,onboarding_docs_sent,2025-05-15,31
EVT-004913,APP-00718,start_date,2025-05-17,2
EVT-004914,APP-00719,screened,2024-10-19,0
EVT-004915,APP-00719,submitted,2024-10-21,2
EVT-004916,APP-00719,client_interview_1,2024-11-07,17
EVT-004917,APP-00719,offer_extended,2024-11-13,6
EVT-004918,APP-00719,offer_accepted,2024-11-16,3
EVT-004919,APP-00719,onboarding_docs_sent,2024-12-09,23
EVT-004920,APP-00719,start_date,2024-12-15,6
EVT-004921,APP-00720,screened,2024-09-26,0
EVT-004922,APP-00720,submitted,2024-09-30,4
EVT-004923,APP-00720,client_interview_1,2024-10-16,16
EVT-004924,APP-00720,offer_extended,2024-10-21,5
EVT-004925,APP-00721,screened,2025-01-20,0
EVT-004926,APP-00721,client_interview_1,2025-01-23,3
EVT-004927,APP-00721,submitted,2025-01-24,1
EVT-004928,APP-00721,offer_extended,2025-01-28,4
EVT-004929,APP-00721,offer_accepted,2025-01-30,2
EVT-004930,APP-00721,start_date,2025-03-02,31
EVT-004931,APP-00722,screened,2025-03-29,0
EVT-004932,APP-00722,submitted,2025-04-02,4
EVT-004933,APP-00722,client_interview_1,2025-04-03,1
EVT-004934,APP-00722,client_interview_2,2025-04-13,10
EVT-004935,APP-00722,offer_extended,2025-04-17,4
EVT-004936,APP-00722,offer_accepted,2025-04-18,1
EVT-004937,APP-00722,onboarding_docs_sent,2025-04-27,9
EVT-004938,APP-00722,start_date,2025-05-04,7
EVT-004939,APP-00723,screened,2024-03-23,0
EVT-004940,APP-00723,submitted,2024-03-24,1
EVT-004941,APP-00723,client_interview_1,2024-03-27,3
EVT-004942,APP-00723,client_interview_2,2024-04-02,6
EVT-004943,APP-00723,offer_extended,2024-04-12,10
EVT-004944,APP-00723,offer_accepted,2024-04-18,6
EVT-004945,APP-00723,background_check,2024-04-20,2
EVT-004946,APP-00723,onboarding_docs_sent,2024-05-09,19
EVT-004947,APP-00723,start_date,2024-05-12,3
EVT-004948,APP-00724,screened,2024-11-24,0
EVT-004949,APP-00724,submitted,2024-11-27,3
EVT-004950,APP-00724,client_interview_1,2024-12-11,14
EVT-004951,APP-00724,offer_extended,2024-12-20,9
EVT-004952,APP-00724,offer_accepted,2024-12-20,0
EVT-004953,APP-00724,onboarding_docs_sent,2025-01-16,27
EVT-004954,APP-00724,start_date,2025-01-18,2
EVT-004955,APP-00725,screened,2025-06-08,0
EVT-004956,APP-00725,submitted,2025-06-09,1
EVT-004957,APP-00725,client_interview_1,2025-06-13,4
EVT-004958,APP-00725,client_interview_2,2025-06-18,5
EVT-004959,APP-00725,offer_extended,2025-06-27,9
EVT-004960,APP-00725,offer_accepted,2025-06-30,3
EVT-004961,APP-00725,background_check,2025-07-03,3
EVT-004962,APP-00726,screened,2025-05-26,0
EVT-004963,APP-00726,submitted,2025-05-29,3
EVT-004964,APP-00726,client_interview_1,2025-06-13,15
EVT-004965,APP-00726,offer_extended,2025-06-20,7
EVT-004966,APP-00726,offer_accepted,2025-06-23,3
EVT-004967,APP-00726,background_check,2025-07-01,8
EVT-004968,APP-00727,screened,2024-11-08,0
EVT-004969,APP-00727,submitted,2024-11-12,4
EVT-004970,APP-00727,client_interview_1,2024-11-14,2
EVT-004971,APP-00727,offer_extended,2024-11-22,8
EVT-004972,APP-00727,offer_accepted,2024-11-27,5
EVT-004973,APP-00727,background_check,2024-11-30,3
EVT-004974,APP-00727,start_date,2024-12-05,5
EVT-004975,APP-00728,screened,2024-06-14,0
EVT-004976,APP-00728,submitted,2024-06-18,4
EVT-004977,APP-00728,client_interview_1,2024-06-18,0
EVT-004978,APP-00728,offer_extended,2024-06-21,3
EVT-004979,APP-00729,screened,2024-11-28,0
EVT-004980,APP-00729,submitted,2024-11-29,1
EVT-004981,APP-00729,client_interview_1,2024-12-07,8
EVT-004982,APP-00729,client_interview_2,2024-12-14,7
EVT-004983,APP-00729,offer_extended,2024-12-20,6
EVT-004984,APP-00729,offer_accepted,2024-12-24,4
EVT-004985,APP-00729,onboarding_docs_sent,2024-12-29,5
EVT-004986,APP-00729,background_check,2024-12-30,1
EVT-004987,APP-00729,start_date,2025-01-04,5
EVT-004988,APP-00730,screened,2024-10-20,0
EVT-004989,APP-00730,submitted,2024-10-24,4
EVT-004990,APP-00730,client_interview_1,2024-11-06,13
EVT-004991,APP-00730,client_interview_2,2024-11-15,9
EVT-004992,APP-00730,offer_extended,2024-11-17,2
EVT-004993,APP-00730,offer_accepted,2024-11-22,5
EVT-004994,APP-00730,background_check,2024-11-28,6
EVT-004995,APP-00730,onboarding_docs_sent,2024-12-09,11
EVT-004996,APP-00730,start_date,2024-12-14,5
EVT-004997,APP-00731,screened,2024-08-29,0
EVT-004998,APP-00731,client_interview_1,2024-09-01,3
EVT-004999,APP-00731,submitted,2024-09-02,1
EVT-005000,APP-00731,client_interview_2,2024-09-03,1
EVT-005001,APP-00731,offer_extended,2024-09-04,1
EVT-005002,APP-00731,offer_accepted,2024-09-05,1
EVT-005003,APP-00731,background_check,2024-09-09,4
EVT-005004,APP-00731,onboarding_docs_sent,2024-09-09,0
EVT-005005,APP-00731,start_date,2024-09-15,6
EVT-005006,APP-00732,screened,2024-04-11,0
EVT-005007,APP-00732,submitted,2024-04-13,2
EVT-005008,APP-00732,client_interview_1,2024-04-27,14
EVT-005009,APP-00732,client_interview_2,2024-04-30,3
EVT-005010,APP-00732,offer_extended,2024-05-01,1
EVT-005011,APP-00732,offer_accepted,2024-05-05,4
EVT-005012,APP-00732,background_check,2024-05-13,8
EVT-005013,APP-00733,screened,2025-02-18,0
EVT-005014,APP-00733,submitted,2025-02-19,1
EVT-005015,APP-00733,client_interview_1,2025-02-25,6
EVT-005016,APP-00733,offer_extended,2025-03-05,8
EVT-005017,APP-00733,offer_accepted,2025-03-05,0
EVT-005018,APP-00733,background_check,2025-03-07,2
EVT-005019,APP-00733,onboarding_docs_sent,2025-03-30,23
EVT-005020,APP-00733,start_date,2025-04-04,5
EVT-005021,APP-00734,screened,2025-05-17,0
EVT-005022,APP-00734,submitted,2025-05-18,1
EVT-005023,APP-00734,client_interview_1,2025-06-04,17
EVT-005024,APP-00734,offer_extended,2025-06-11,7
EVT-005025,APP-00734,offer_accepted,2025-06-14,3
EVT-005026,APP-00734,background_check,2025-06-19,5
EVT-005027,APP-00735,screened,2025-04-09,0
EVT-005028,APP-00735,submitted,2025-04-11,2
EVT-005029,APP-00735,client_interview_1,2025-04-18,7
EVT-005030,APP-00735,offer_extended,2025-04-23,5
EVT-005031,APP-00735,offer_accepted,2025-04-27,4
EVT-005032,APP-00735,background_check,2025-04-30,3
EVT-005033,APP-00735,onboarding_docs_sent,2025-05-04,4
EVT-005034,APP-00735,start_date,2025-05-07,3
EVT-005035,APP-00736,screened,2024-04-07,0
EVT-005036,APP-00736,submitted,2024-04-08,1
EVT-005037,APP-00736,client_interview_1,2024-04-17,9
EVT-005038,APP-00736,offer_extended,2024-04-27,10
EVT-005039,APP-00736,offer_accepted,2024-04-27,0
EVT-005040,APP-00736,onboarding_docs_sent,2024-05-06,9
EVT-005041,APP-00736,start_date,2024-05-10,4
EVT-005042,APP-00737,screened,2025-06-27,0
EVT-005043,APP-00737,submitted,2025-06-30,3
EVT-005044,APP-00737,client_interview_1,2025-07-13,13
EVT-005045,APP-00737,offer_extended,2025-07-24,11
EVT-005046,APP-00737,offer_accepted,2025-07-28,4
EVT-005047,APP-00737,background_check,2025-07-31,3
EVT-005048,APP-00738,screened,2025-03-10,0
EVT-005049,APP-00738,client_interview_1,2025-03-11,1
EVT-005050,APP-00738,submitted,2025-03-14,3
EVT-005051,APP-00738,offer_extended,2025-03-18,4
EVT-005052,APP-00739,screened,2024-09-03,0
EVT-005053,APP-00739,submitted,2024-09-06,3
EVT-005054,APP-00739,client_interview_1,2024-09-16,10
EVT-005055,APP-00739,offer_extended,2024-10-03,17
EVT-005056,APP-00739,offer_accepted,2024-10-07,4
EVT-005057,APP-00739,background_check,2024-10-09,2
EVT-005058,APP-00739,onboarding_docs_sent,2024-10-14,5
EVT-005059,APP-00739,start_date,2024-10-17,3
EVT-005060,APP-00740,screened,2024-11-23,0
EVT-005061,APP-00740,submitted,2024-11-26,3
EVT-005062,APP-00740,client_interview_1,2024-12-04,8
EVT-005063,APP-00740,client_interview_2,2024-12-06,2
EVT-005064,APP-00740,offer_extended,2024-12-13,7
EVT-005065,APP-00740,offer_accepted,2024-12-18,5
EVT-005066,APP-00740,background_check,2024-12-21,3
EVT-005067,APP-00740,onboarding_docs_sent,2025-01-07,17
EVT-005068,APP-00740,start_date,2025-01-11,4
EVT-005069,APP-00741,screened,2024-11-02,0
EVT-005070,APP-00741,submitted,2024-11-06,4
EVT-005071,APP-00741,client_interview_1,2024-11-18,12
EVT-005072,APP-00741,offer_extended,2024-12-06,18
EVT-005073,APP-00741,offer_accepted,2024-12-11,5
EVT-005074,APP-00741,background_check,2024-12-12,1
EVT-005075,APP-00742,screened,2025-05-08,0
EVT-005076,APP-00742,client_interview_1,2025-05-10,2
EVT-005077,APP-00742,submitted,2025-05-11,1
EVT-005078,APP-00742,offer_extended,2025-05-19,8
EVT-005079,APP-00742,offer_accepted,2025-05-19,0
EVT-005080,APP-00742,background_check,2025-05-25,6
EVT-005081,APP-00743,screened,2024-07-14,0
EVT-005082,APP-00743,submitted,2024-07-18,4
EVT-005083,APP-00743,client_interview_1,2024-08-01,14
EVT-005084,APP-00743,offer_extended,2024-08-07,6
EVT-005085,APP-00743,offer_accepted,2024-08-10,3
EVT-005086,APP-00743,background_check,2024-08-14,4
EVT-005087,APP-00743,onboarding_docs_sent,2024-08-26,12
EVT-005088,APP-00743,start_date,2024-09-02,7
EVT-005089,APP-00744,screened,2025-09-05,0
EVT-005090,APP-00744,submitted,2025-09-09,4
EVT-005091,APP-00744,client_interview_1,2025-09-12,3
EVT-005092,APP-00744,client_interview_2,2025-09-15,3
EVT-005093,APP-00744,offer_extended,2025-09-30,15
EVT-005094,APP-00744,offer_accepted,2025-10-05,5
EVT-005095,APP-00744,background_check,2025-10-09,4
EVT-005096,APP-00744,onboarding_docs_sent,2025-10-24,15
EVT-005097,APP-00745,screened,2024-06-30,0
EVT-005098,APP-00745,submitted,2024-07-03,3
EVT-005099,APP-00745,client_interview_1,2024-07-12,9
EVT-005100,APP-00745,offer_extended,2024-07-18,6
EVT-005101,APP-00746,screened,2024-05-15,0
EVT-005102,APP-00746,submitted,2024-05-19,4
EVT-005103,APP-00746,client_interview_1,2024-05-26,7
EVT-005104,APP-00746,client_interview_2,2024-05-29,3
EVT-005105,APP-00746,offer_extended,2024-06-04,6
EVT-005106,APP-00746,offer_accepted,2024-06-10,6
EVT-005107,APP-00746,background_check,2024-06-15,5
EVT-005108,APP-00746,onboarding_docs_sent,2024-06-27,12
EVT-005109,APP-00746,start_date,2024-06-30,3
EVT-005110,APP-00747,screened,2024-03-22,0
EVT-005111,APP-00747,submitted,2024-03-25,3
EVT-005112,APP-00747,client_interview_1,2024-03-28,3
EVT-005113,APP-00747,offer_extended,2024-04-08,11
EVT-005114,APP-00747,offer_accepted,2024-04-13,5
EVT-005115,APP-00747,background_check,2024-04-19,6
EVT-005116,APP-00747,onboarding_docs_sent,2024-05-03,14
EVT-005117,APP-00747,start_date,2024-05-03,0
EVT-005118,APP-00748,screened,2024-11-03,0
EVT-005119,APP-00748,submitted,2024-11-05,2
EVT-005120,APP-00748,client_interview_1,2024-11-20,15
EVT-005121,APP-00748,offer_extended,2024-12-02,12
EVT-005122,APP-00748,offer_accepted,2024-12-04,2
EVT-005123,APP-00748,background_check,2024-12-07,3
EVT-005124,APP-00748,onboarding_docs_sent,2024-12-17,10
EVT-005125,APP-00748,start_date,2024-12-22,5
EVT-005126,APP-00749,screened,2024-11-16,0
EVT-005127,APP-00749,submitted,2024-11-18,2
EVT-005128,APP-00749,client_interview_1,2024-12-05,17
EVT-005129,APP-00749,client_interview_2,2024-12-07,2
EVT-005130,APP-00749,offer_extended,2024-12-23,16
EVT-005131,APP-00749,offer_accepted,2024-12-24,1
EVT-005132,APP-00749,background_check,2024-12-30,6
EVT-005133,APP-00749,onboarding_docs_sent,2025-01-11,12
EVT-005134,APP-00749,start_date,2025-01-21,10
EVT-005135,APP-00750,screened,2025-03-12,0
EVT-005136,APP-00750,submitted,2025-03-16,4
EVT-005137,APP-00750,client_interview_1,2025-03-24,8
EVT-005138,APP-00750,offer_extended,2025-04-08,15
EVT-005139,APP-00750,offer_accepted,2025-04-09,1
EVT-005140,APP-00750,background_check,2025-04-12,3
EVT-005141,APP-00751,screened,2024-02-07,0
EVT-005142,APP-00751,submitted,2024-02-08,1
EVT-005143,APP-00751,client_interview_1,2024-02-19,11
EVT-005144,APP-00751,offer_extended,2024-02-27,8
EVT-005145,APP-00752,screened,2025-07-06,0
EVT-005146,APP-00752,submitted,2025-07-07,1
EVT-005147,APP-00752,client_interview_1,2025-07-14,7
EVT-005148,APP-00752,client_interview_2,2025-07-22,8
EVT-005149,APP-00752,offer_extended,2025-07-31,9
EVT-005150,APP-00752,offer_accepted,2025-08-05,5
EVT-005151,APP-00752,background_check,2025-08-13,8
EVT-005152,APP-00753,screened,2025-01-28,0
EVT-005153,APP-00753,submitted,2025-01-30,2
EVT-005154,APP-00753,client_interview_1,2025-02-11,12
EVT-005155,APP-00753,offer_extended,2025-03-01,18
EVT-005156,APP-00753,offer_accepted,2025-03-06,5
EVT-005157,APP-00753,background_check,2025-03-13,7
EVT-005158,APP-00754,screened,2024-03-25,0
EVT-005159,APP-00754,submitted,2024-03-26,1
EVT-005160,APP-00754,client_interview_1,2024-04-08,13
EVT-005161,APP-00754,offer_extended,2024-04-26,18
EVT-005162,APP-00754,offer_accepted,2024-04-26,0
EVT-005163,APP-00754,background_check,2024-05-03,7
EVT-005164,APP-00754,start_date,2024-06-23,51
EVT-005165,APP-00755,screened,2024-12-06,0
EVT-005166,APP-00755,submitted,2024-12-08,2
EVT-005167,APP-00755,client_interview_1,2024-12-21,13
EVT-005168,APP-00755,offer_extended,2024-12-25,4
EVT-005169,APP-00755,offer_accepted,2024-12-31,6
EVT-005170,APP-00755,background_check,2025-01-08,8
EVT-005171,APP-00756,screened,2024-05-21,0
EVT-005172,APP-00756,submitted,2024-05-23,2
EVT-005173,APP-00756,client_interview_1,2024-06-01,9
EVT-005174,APP-00756,offer_extended,2024-06-10,9
EVT-005175,APP-00756,offer_accepted,2024-06-15,5
EVT-005176,APP-00756,background_check,2024-06-20,5
EVT-005177,APP-00756,start_date,2024-07-03,13
EVT-005178,APP-00757,screened,2024-07-12,0
EVT-005179,APP-00757,submitted,2024-07-13,1
EVT-005180,APP-00757,client_interview_1,2024-08-01,19
EVT-005181,APP-00757,offer_extended,2024-08-07,6
EVT-005182,APP-00757,offer_accepted,2024-08-08,1
EVT-005183,APP-00757,background_check,2024-08-10,2
EVT-005184,APP-00757,onboarding_docs_sent,2024-08-14,4
EVT-005185,APP-00757,start_date,2024-08-20,6
EVT-005186,APP-00758,screened,2024-11-03,0
EVT-005187,APP-00758,submitted,2024-11-05,2
EVT-005188,APP-00758,client_interview_1,2024-11-05,0
EVT-005189,APP-00758,client_interview_2,2024-11-07,2
EVT-005190,APP-00758,offer_extended,2024-11-19,12
EVT-005191,APP-00758,offer_accepted,2024-11-22,3
EVT-005192,APP-00758,onboarding_docs_sent,2024-12-14,22
EVT-005193,APP-00758,start_date,2024-12-27,13
EVT-005194,APP-00759,screened,2025-06-07,0
EVT-005195,APP-00759,client_interview_1,2025-06-10,3
EVT-005196,APP-00759,submitted,2025-06-11,1
EVT-005197,APP-00759,client_interview_2,2025-06-14,3
EVT-005198,APP-00759,offer_extended,2025-06-21,7
EVT-005199,APP-00759,offer_accepted,2025-06-21,0
EVT-005200,APP-00759,background_check,2025-06-23,2
EVT-005201,APP-00760,screened,2024-07-05,0
EVT-005202,APP-00760,client_interview_1,2024-07-05,0
EVT-005203,APP-00760,submitted,2024-07-07,2
EVT-005204,APP-00760,client_interview_2,2024-07-07,0
EVT-005205,APP-00760,offer_extended,2024-07-08,1
EVT-005206,APP-00760,offer_accepted,2024-07-13,5
EVT-005207,APP-00760,background_check,2024-07-21,8
EVT-005208,APP-00761,screened,2025-01-05,0
EVT-005209,APP-00761,submitted,2025-01-08,3
EVT-005210,APP-00761,client_interview_1,2025-01-22,14
EVT-005211,APP-00761,offer_extended,2025-02-04,13
EVT-005212,APP-00762,screened,2024-10-20,0
EVT-005213,APP-00762,submitted,2024-10-22,2
EVT-005214,APP-00762,client_interview_1,2024-11-02,11
EVT-005215,APP-00762,offer_extended,2024-11-20,18
EVT-005216,APP-00763,screened,2025-02-24,0
EVT-005217,APP-00763,submitted,2025-02-25,1
EVT-005218,APP-00763,client_interview_1,2025-02-28,3
EVT-005219,APP-00763,offer_extended,2025-03-03,3
EVT-005220,APP-00763,offer_accepted,2025-03-07,4
EVT-005221,APP-00763,background_check,2025-03-09,2
EVT-005222,APP-00763,onboarding_docs_sent,2025-03-31,22
EVT-005223,APP-00763,start_date,2025-04-02,2
EVT-005224,APP-00764,screened,2024-03-16,0
EVT-005225,APP-00764,submitted,2024-03-19,3
EVT-005226,APP-00764,client_interview_1,2024-04-01,13
EVT-005227,APP-00764,offer_extended,2024-04-09,8
EVT-005228,APP-00764,offer_accepted,2024-04-13,4
EVT-005229,APP-00764,background_check,2024-04-17,4
EVT-005230,APP-00764,onboarding_docs_sent,2024-05-08,21
EVT-005231,APP-00765,screened,2024-10-15,0
EVT-005232,APP-00765,submitted,2024-10-17,2
EVT-005233,APP-00765,client_interview_1,2024-11-02,16
EVT-005234,APP-00765,client_interview_2,2024-11-04,2
EVT-005235,APP-00765,offer_extended,2024-11-15,11
EVT-005236,APP-00766,screened,2024-09-10,0
EVT-005237,APP-00766,client_interview_1,2024-09-10,0
EVT-005238,APP-00766,submitted,2024-09-14,4
EVT-005239,APP-00766,offer_extended,2024-09-17,3
EVT-005240,APP-00766,offer_accepted,2024-09-21,4
EVT-005241,APP-00766,background_check,2024-09-29,8
EVT-005242,APP-00767,screened,2025-07-15,0
EVT-005243,APP-00767,submitted,2025-07-17,2
EVT-005244,APP-00767,client_interview_1,2025-07-23,6
EVT-005245,APP-00767,offer_extended,2025-08-06,14
EVT-005246,APP-00767,offer_accepted,2025-08-09,3
EVT-005247,APP-00767,background_check,2025-08-17,8
EVT-005248,APP-00768,screened,2025-04-14,0
EVT-005249,APP-00768,submitted,2025-04-16,2
EVT-005250,APP-00768,client_interview_1,2025-05-02,16
EVT-005251,APP-00768,client_interview_2,2025-05-06,4
EVT-005252,APP-00768,offer_extended,2025-05-16,10
EVT-005253,APP-00768,offer_accepted,2025-05-19,3
EVT-005254,APP-00768,background_check,2025-05-24,5
EVT-005255,APP-00769,screened,2025-03-08,0
EVT-005256,APP-00769,submitted,2025-03-12,4
EVT-005257,APP-00769,client_interview_1,2025-03-25,13
EVT-005258,APP-00769,client_interview_2,2025-04-04,10
EVT-005259,APP-00769,offer_extended,2025-04-10,6
EVT-005260,APP-00770,screened,2024-12-24,0
EVT-005261,APP-00770,submitted,2024-12-26,2
EVT-005262,APP-00770,client_interview_1,2024-12-29,3
EVT-005263,APP-00770,offer_extended,2025-01-07,9
EVT-005264,APP-00771,screened,2024-12-20,0
EVT-005265,APP-00771,submitted,2024-12-22,2
EVT-005266,APP-00771,client_interview_1,2024-12-22,0
EVT-005267,APP-00771,client_interview_2,2024-12-25,3
EVT-005268,APP-00771,offer_extended,2024-12-31,6
EVT-005269,APP-00772,screened,2024-04-27,0
EVT-005270,APP-00772,submitted,2024-04-29,2
EVT-005271,APP-00772,client_interview_1,2024-05-14,15
EVT-005272,APP-00772,offer_extended,2024-05-24,10
EVT-005273,APP-00772,offer_accepted,2024-05-29,5
EVT-005274,APP-00772,background_check,2024-06-01,3
EVT-005275,APP-00772,onboarding_docs_sent,2024-06-04,3
EVT-005276,APP-00772,start_date,2024-06-07,3
EVT-005277,APP-00773,screened,2024-08-11,0
EVT-005278,APP-00773,submitted,2024-08-14,3
EVT-005279,APP-00773,client_interview_1,2024-08-22,8
EVT-005280,APP-00773,offer_extended,2024-08-31,9
EVT-005281,APP-00773,offer_accepted,2024-09-05,5
EVT-005282,APP-00773,background_check,2024-09-06,1
EVT-005283,APP-00773,start_date,2024-09-18,12
EVT-005284,APP-00774,screened,2024-07-02,0
EVT-005285,APP-00774,submitted,2024-07-04,2
EVT-005286,APP-00774,client_interview_1,2024-07-16,12
EVT-005287,APP-00774,offer_extended,2024-07-26,10
EVT-005288,APP-00774,offer_accepted,2024-08-01,6
EVT-005289,APP-00774,background_check,2024-08-09,8
EVT-005290,APP-00775,screened,2025-06-28,0
EVT-005291,APP-00775,submitted,2025-06-29,1
EVT-005292,APP-00775,client_interview_1,2025-07-12,13
EVT-005293,APP-00775,offer_extended,2025-07-18,6
EVT-005294,APP-00775,offer_accepted,2025-07-21,3
EVT-005295,APP-00775,background_check,2025-07-26,5
EVT-005296,APP-00775,onboarding_docs_sent,2025-08-02,7
EVT-005297,APP-00775,start_date,2025-08-04,2
EVT-005298,APP-00776,screened,2024-06-04,0
EVT-005299,APP-00776,submitted,2024-06-05,1
EVT-005300,APP-00776,client_interview_1,2024-06-13,8
EVT-005301,APP-00776,offer_extended,2024-06-30,17
EVT-005302,APP-00776,offer_accepted,2024-07-05,5
EVT-005303,APP-00776,background_check,2024-07-13,8
EVT-005304,APP-00777,screened,2024-12-21,0
EVT-005305,APP-00777,submitted,2024-12-25,4
EVT-005306,APP-00777,client_interview_1,2024-12-26,1
EVT-005307,APP-00777,offer_extended,2025-01-10,15
EVT-005308,APP-00777,offer_accepted,2025-01-11,1
EVT-005309,APP-00777,background_check,2025-01-18,7
EVT-005310,APP-00778,screened,2024-04-04,0
EVT-005311,APP-00778,submitted,2024-04-07,3
EVT-005312,APP-00778,client_interview_1,2024-04-07,0
EVT-005313,APP-00778,offer_extended,2024-04-12,5
EVT-005314,APP-00778,offer_accepted,2024-04-15,3
EVT-005315,APP-00778,background_check,2024-04-20,5
EVT-005316,APP-00779,screened,2025-02-06,0
EVT-005317,APP-00779,submitted,2025-02-08,2
EVT-005318,APP-00779,client_interview_1,2025-02-13,5
EVT-005319,APP-00779,offer_extended,2025-02-15,2
EVT-005320,APP-00779,offer_accepted,2025-02-21,6
EVT-005321,APP-00780,screened,2025-05-02,0
EVT-005322,APP-00780,submitted,2025-05-04,2
EVT-005323,APP-00780,client_interview_1,2025-05-16,12
EVT-005324,APP-00780,client_interview_2,2025-05-21,5
EVT-005325,APP-00780,offer_extended,2025-05-23,2
EVT-005326,APP-00780,offer_accepted,2025-05-25,2
EVT-005327,APP-00780,background_check,2025-06-05,11
EVT-005328,APP-00781,screened,2025-08-06,0
EVT-005329,APP-00781,client_interview_1,2025-08-09,3
EVT-005330,APP-00781,submitted,2025-08-10,1
EVT-005331,APP-00781,offer_extended,2025-08-14,4
EVT-005332,APP-00782,screened,2024-10-07,0
EVT-005333,APP-00782,submitted,2024-10-11,4
EVT-005334,APP-00782,client_interview_1,2024-10-19,8
EVT-005335,APP-00782,offer_extended,2024-10-30,11
EVT-005336,APP-00782,offer_accepted,2024-10-31,1
EVT-005337,APP-00782,background_check,2024-11-02,2
EVT-005338,APP-00782,onboarding_docs_sent,2024-11-28,26
EVT-005339,APP-00782,start_date,2024-11-30,2
EVT-005340,APP-00783,screened,2025-03-18,0
EVT-005341,APP-00783,submitted,2025-03-21,3
EVT-005342,APP-00783,client_interview_1,2025-03-27,6
EVT-005343,APP-00783,offer_extended,2025-04-09,13
EVT-005344,APP-00783,offer_accepted,2025-04-09,0
EVT-005345,APP-00783,background_check,2025-04-17,8
EVT-005346,APP-00783,start_date,2025-05-08,21
EVT-005347,APP-00784,screened,2024-02-03,0
EVT-005348,APP-00784,submitted,2024-02-06,3
EVT-005349,APP-00784,client_interview_1,2024-02-09,3
EVT-005350,APP-00784,offer_extended,2024-02-24,15
EVT-005351,APP-00785,screened,2025-07-16,0
EVT-005352,APP-00785,submitted,2025-07-20,4
EVT-005353,APP-00785,client_interview_1,2025-07-24,4
EVT-005354,APP-00785,offer_extended,2025-07-28,4
EVT-005355,APP-00785,offer_accepted,2025-08-03,6
EVT-005356,APP-00785,onboarding_docs_sent,2025-08-05,2
EVT-005357,APP-00785,start_date,2025-08-07,2
EVT-005358,APP-00786,screened,2024-07-07,0
EVT-005359,APP-00786,submitted,2024-07-10,3
EVT-005360,APP-00786,client_interview_1,2024-07-22,12
EVT-005361,APP-00786,offer_extended,2024-07-26,4
EVT-005362,APP-00786,offer_accepted,2024-07-26,0
EVT-005363,APP-00786,background_check,2024-08-02,7
EVT-005364,APP-00786,onboarding_docs_sent,2024-08-22,20
EVT-005365,APP-00786,start_date,2024-08-23,1
EVT-005366,APP-00787,screened,2024-11-30,0
EVT-005367,APP-00787,submitted,2024-12-01,1
EVT-005368,APP-00787,client_interview_1,2024-12-13,12
EVT-005369,APP-00787,offer_extended,2024-12-26,13
EVT-005370,APP-00787,offer_accepted,2024-12-28,2
EVT-005371,APP-00787,onboarding_docs_sent,2025-01-17,20
EVT-005372,APP-00787,start_date,2025-01-20,3
EVT-005373,APP-00788,screened,2024-05-11,0
EVT-005374,APP-00788,submitted,2024-05-13,2
EVT-005375,APP-00788,client_interview_1,2024-05-20,7
EVT-005376,APP-00788,offer_extended,2024-06-03,14
EVT-005377,APP-00788,offer_accepted,2024-06-06,3
EVT-005378,APP-00788,background_check,2024-06-11,5
EVT-005379,APP-00788,start_date,2024-06-30,19
EVT-005380,APP-00789,screened,2025-03-09,0
EVT-005381,APP-00789,submitted,2025-03-10,1
EVT-005382,APP-00789,client_interview_1,2025-03-24,14
EVT-005383,APP-00789,client_interview_2,2025-03-31,7
EVT-005384,APP-00789,offer_extended,2025-04-11,11
EVT-005385,APP-00789,offer_accepted,2025-04-15,4
EVT-005386,APP-00789,background_check,2025-04-20,5
EVT-005387,APP-00789,onboarding_docs_sent,2025-05-10,20
EVT-005388,APP-00789,start_date,2025-05-15,5
EVT-005389,APP-00790,screened,2024-09-05,0
EVT-005390,APP-00790,submitted,2024-09-07,2
EVT-005391,APP-00790,client_interview_1,2024-09-10,3
EVT-005392,APP-00790,offer_extended,2024-09-13,3
EVT-005393,APP-00790,offer_accepted,2024-09-15,2
EVT-005394,APP-00790,background_check,2024-09-22,7
EVT-005395,APP-00791,screened,2025-04-17,0
EVT-005396,APP-00791,submitted,2025-04-18,1
EVT-005397,APP-00791,client_interview_1,2025-04-20,2
EVT-005398,APP-00791,offer_extended,2025-04-26,6
EVT-005399,APP-00791,offer_accepted,2025-04-26,0
EVT-005400,APP-00791,background_check,2025-04-29,3
EVT-005401,APP-00792,screened,2024-04-18,0
EVT-005402,APP-00792,submitted,2024-04-19,1
EVT-005403,APP-00792,client_interview_1,2024-05-06,17
EVT-005404,APP-00792,offer_extended,2024-05-10,4
EVT-005405,APP-00792,offer_accepted,2024-05-13,3
EVT-005406,APP-00792,background_check,2024-05-20,7
EVT-005407,APP-00793,screened,2024-04-19,0
EVT-005408,APP-00793,submitted,2024-04-20,1
EVT-005409,APP-00793,client_interview_1,2024-05-05,15
EVT-005410,APP-00793,offer_extended,2024-05-11,6
EVT-005411,APP-00793,offer_accepted,2024-05-17,6
EVT-005412,APP-00793,background_check,2024-05-24,7
EVT-005413,APP-00793,onboarding_docs_sent,2024-05-25,1
EVT-005414,APP-00793,start_date,2024-05-26,1
EVT-005415,APP-00794,screened,2024-11-01,0
EVT-005416,APP-00794,submitted,2024-11-02,1
EVT-005417,APP-00794,client_interview_1,2024-11-03,1
EVT-005418,APP-00794,offer_extended,2024-11-14,11
EVT-005419,APP-00794,offer_accepted,2024-11-14,0
EVT-005420,APP-00794,background_check,2024-11-15,1
EVT-005421,APP-00795,screened,2024-06-19,0
EVT-005422,APP-00795,submitted,2024-06-20,1
EVT-005423,APP-00795,client_interview_1,2024-07-03,13
EVT-005424,APP-00795,client_interview_2,2024-07-07,4
EVT-005425,APP-00795,offer_extended,2024-07-19,12
EVT-005426,APP-00795,offer_accepted,2024-07-23,4
EVT-005427,APP-00795,background_check,2024-08-04,12
EVT-005428,APP-00796,screened,2024-02-10,0
EVT-005429,APP-00796,submitted,2024-02-12,2
EVT-005430,APP-00796,client_interview_1,2024-02-16,4
EVT-005431,APP-00796,offer_extended,2024-02-24,8
EVT-005432,APP-00796,offer_accepted,2024-02-27,3
EVT-005433,APP-00796,start_date,2024-03-23,25
EVT-005434,APP-00797,screened,2024-07-26,0
EVT-005435,APP-00797,submitted,2024-07-28,2
EVT-005436,APP-00797,client_interview_1,2024-08-12,15
EVT-005437,APP-00797,offer_extended,2024-08-29,17
EVT-005438,APP-00797,offer_accepted,2024-08-31,2
EVT-005439,APP-00797,background_check,2024-09-03,3
EVT-005440,APP-00797,onboarding_docs_sent,2024-09-27,24
EVT-005441,APP-00797,start_date,2024-09-28,1
EVT-005442,APP-00798,screened,2024-09-07,0
EVT-005443,APP-00798,submitted,2024-09-08,1
EVT-005444,APP-00798,client_interview_1,2024-09-10,2
EVT-005445,APP-00798,offer_extended,2024-09-15,5
EVT-005446,APP-00798,offer_accepted,2024-09-15,0
EVT-005447,APP-00798,background_check,2024-09-25,10
EVT-005448,APP-00799,screened,2025-05-24,0
EVT-005449,APP-00799,client_interview_1,2025-05-27,3
EVT-005450,APP-00799,submitted,2025-05-28,1
EVT-005451,APP-00799,offer_extended,2025-06-07,10
EVT-005452,APP-00799,offer_accepted,2025-06-08,1
EVT-005453,APP-00799,background_check,2025-06-11,3
EVT-005454,APP-00799,start_date,2025-07-04,23
EVT-005455,APP-00800,screened,2024-05-11,0
EVT-005456,APP-00800,submitted,2024-05-13,2
EVT-005457,APP-00800,client_interview_1,2024-05-26,13
EVT-005458,APP-00800,offer_extended,2024-05-29,3
EVT-005459,APP-00801,screened,2024-10-30,0
EVT-005460,APP-00801,submitted,2024-11-01,2
EVT-005461,APP-00801,client_interview_1,2024-11-11,10
EVT-005462,APP-00801,client_interview_2,2024-11-17,6
EVT-005463,APP-00801,offer_extended,2024-11-25,8
EVT-005464,APP-00801,offer_accepted,2024-11-30,5
EVT-005465,APP-00801,background_check,2024-12-06,6
EVT-005466,APP-00802,screened,2024-09-07,0
EVT-005467,APP-00802,submitted,2024-09-08,1
EVT-005468,APP-00802,client_interview_1,2024-09-26,18
EVT-005469,APP-00802,offer_extended,2024-10-01,5
EVT-005470,APP-00802,offer_accepted,2024-10-05,4
EVT-005471,APP-00802,background_check,2024-10-11,6
EVT-005472,APP-00802,onboarding_docs_sent,2024-11-02,22
EVT-005473,APP-00802,start_date,2024-11-05,3
EVT-005474,APP-00803,screened,2024-05-04,0
EVT-005475,APP-00803,submitted,2024-05-07,3
EVT-005476,APP-00803,client_interview_1,2024-05-21,14
EVT-005477,APP-00803,offer_extended,2024-05-25,4
EVT-005478,APP-00803,offer_accepted,2024-05-30,5
EVT-005479,APP-00803,onboarding_docs_sent,2024-06-02,3
EVT-005480,APP-00803,start_date,2024-06-06,4
EVT-005481,APP-00804,screened,2025-03-10,0
EVT-005482,APP-00804,submitted,2025-03-12,2
EVT-005483,APP-00804,client_interview_1,2025-03-29,17
EVT-005484,APP-00804,client_interview_2,2025-04-05,7
EVT-005485,APP-00804,offer_extended,2025-04-16,11
EVT-005486,APP-00804,offer_accepted,2025-04-21,5
EVT-005487,APP-00804,background_check,2025-04-23,2
EVT-005488,APP-00804,onboarding_docs_sent,2025-05-14,21
EVT-005489,APP-00804,start_date,2025-05-16,2
EVT-005490,APP-00805,screened,2024-12-15,0
EVT-005491,APP-00805,submitted,2024-12-17,2
EVT-005492,APP-00805,client_interview_1,2024-12-30,13
EVT-005493,APP-00805,offer_extended,2025-01-02,3
EVT-005494,APP-00805,offer_accepted,2025-01-07,5
EVT-005495,APP-00805,background_check,2025-01-08,1
EVT-005496,APP-00805,onboarding_docs_sent,2025-02-04,27
EVT-005497,APP-00805,start_date,2025-03-01,25
EVT-005498,APP-00806,screened,2024-07-17,0
EVT-005499,APP-00806,submitted,2024-07-21,4
EVT-005500,APP-00806,client_interview_1,2024-07-21,0
EVT-005501,APP-00806,offer_extended,2024-07-23,2
EVT-005502,APP-00806,offer_accepted,2024-07-24,1
EVT-005503,APP-00806,background_check,2024-07-28,4
EVT-005504,APP-00807,screened,2025-02-28,0
EVT-005505,APP-00807,submitted,2025-03-03,3
EVT-005506,APP-00807,client_interview_1,2025-03-04,1
EVT-005507,APP-00807,offer_extended,2025-03-14,10
EVT-005508,APP-00807,offer_accepted,2025-03-18,4
EVT-005509,APP-00807,background_check,2025-03-21,3
EVT-005510,APP-00807,onboarding_docs_sent,2025-03-29,8
EVT-005511,APP-00807,start_date,2025-04-04,6
EVT-005512,APP-00808,screened,2024-03-27,0
EVT-005513,APP-00808,submitted,2024-03-31,4
EVT-005514,APP-00808,client_interview_1,2024-04-13,13
EVT-005515,APP-00808,offer_extended,2024-04-19,6
EVT-005516,APP-00808,offer_accepted,2024-04-19,0
EVT-005517,APP-00808,background_check,2024-04-20,1
EVT-005518,APP-00808,onboarding_docs_sent,2024-05-16,26
EVT-005519,APP-00809,screened,2025-07-01,0
EVT-005520,APP-00809,submitted,2025-07-03,2
EVT-005521,APP-00809,client_interview_1,2025-07-13,10
EVT-005522,APP-00809,offer_extended,2025-07-31,18
EVT-005523,APP-00809,offer_accepted,2025-08-06,6
EVT-005524,APP-00809,background_check,2025-08-07,1
EVT-005525,APP-00809,onboarding_docs_sent,2025-08-28,21
EVT-005526,APP-00809,start_date,2025-08-29,1
EVT-005527,APP-00810,screened,2025-02-12,0
EVT-005528,APP-00810,submitted,2025-02-16,4
EVT-005529,APP-00810,client_interview_1,2025-02-16,0
EVT-005530,APP-00810,offer_extended,2025-02-25,9
EVT-005531,APP-00810,offer_accepted,2025-03-02,5
EVT-005532,APP-00810,background_check,2025-03-08,6
EVT-005533,APP-00810,start_date,2025-03-23,15
EVT-005534,APP-00811,screened,2024-11-20,0
EVT-005535,APP-00811,submitted,2024-11-23,3
EVT-005536,APP-00811,client_interview_1,2024-12-05,12
EVT-005537,APP-00811,offer_extended,2024-12-21,16
EVT-005538,APP-00811,offer_accepted,2024-12-26,5
EVT-005539,APP-00811,background_check,2024-12-30,4
EVT-005540,APP-00811,start_date,2025-01-02,3
EVT-005541,APP-00812,screened,2024-10-22,0
EVT-005542,APP-00812,submitted,2024-10-25,3
EVT-005543,APP-00812,client_interview_1,2024-11-07,13
EVT-005544,APP-00812,offer_extended,2024-11-15,8
EVT-005545,APP-00812,offer_accepted,2024-11-18,3
EVT-005546,APP-00812,background_check,2024-11-20,2
EVT-005547,APP-00812,onboarding_docs_sent,2024-11-30,10
EVT-005548,APP-00812,start_date,2024-12-10,10
EVT-005549,APP-00813,screened,2024-10-26,0
EVT-005550,APP-00813,submitted,2024-10-27,1
EVT-005551,APP-00813,client_interview_1,2024-11-12,16
EVT-005552,APP-00813,offer_extended,2024-11-18,6
EVT-005553,APP-00813,offer_accepted,2024-11-21,3
EVT-005554,APP-00813,background_check,2024-11-29,8
EVT-005555,APP-00814,screened,2025-05-27,0
EVT-005556,APP-00814,submitted,2025-05-29,2
EVT-005557,APP-00814,client_interview_1,2025-06-09,11
EVT-005558,APP-00814,client_interview_2,2025-06-16,7
EVT-005559,APP-00814,offer_extended,2025-06-26,10
EVT-005560,APP-00814,offer_accepted,2025-06-27,1
EVT-005561,APP-00814,background_check,2025-07-02,5
EVT-005562,APP-00814,onboarding_docs_sent,2025-07-02,0
EVT-005563,APP-00814,start_date,2025-07-07,5
EVT-005564,APP-00815,screened,2025-06-18,0
EVT-005565,APP-00815,submitted,2025-06-19,1
EVT-005566,APP-00815,client_interview_1,2025-06-24,5
EVT-005567,APP-00815,offer_extended,2025-06-28,4
EVT-005568,APP-00815,offer_accepted,2025-06-29,1
EVT-005569,APP-00815,start_date,2025-07-10,11
EVT-005570,APP-00816,screened,2025-04-03,0
EVT-005571,APP-00816,submitted,2025-04-06,3
EVT-005572,APP-00816,client_interview_1,2025-04-14,8
EVT-005573,APP-00816,offer_extended,2025-04-21,7
EVT-005574,APP-00816,offer_accepted,2025-04-27,6
EVT-005575,APP-00816,onboarding_docs_sent,2025-05-01,4
EVT-005576,APP-00816,start_date,2025-05-07,6
EVT-005577,APP-00817,screened,2025-06-30,0
EVT-005578,APP-00817,submitted,2025-07-02,2
EVT-005579,APP-00817,client_interview_1,2025-07-13,11
EVT-005580,APP-00817,client_interview_2,2025-07-17,4
EVT-005581,APP-00817,offer_extended,2025-07-30,13
EVT-005582,APP-00817,offer_accepted,2025-08-02,3
EVT-005583,APP-00817,background_check,2025-08-07,5
EVT-005584,APP-00818,screened,2025-01-30,0
EVT-005585,APP-00818,submitted,2025-02-03,4
EVT-005586,APP-00818,client_interview_1,2025-02-06,3
EVT-005587,APP-00818,offer_extended,2025-02-10,4
EVT-005588,APP-00819,screened,2025-01-21,0
EVT-005589,APP-00819,submitted,2025-01-23,2
EVT-005590,APP-00819,client_interview_1,2025-01-27,4
EVT-005591,APP-00819,offer_extended,2025-02-13,17
EVT-005592,APP-00819,offer_accepted,2025-02-19,6
EVT-005593,APP-00819,background_check,2025-02-23,4
EVT-005594,APP-00820,screened,2024-09-24,0
EVT-005595,APP-00820,submitted,2024-09-27,3
EVT-005596,APP-00820,client_interview_1,2024-09-30,3
EVT-005597,APP-00820,offer_extended,2024-10-16,16
EVT-005598,APP-00820,offer_accepted,2024-10-21,5
EVT-005599,APP-00820,start_date,2024-11-12,22
EVT-005600,APP-00821,screened,2024-10-16,0
EVT-005601,APP-00821,submitted,2024-10-18,2
EVT-005602,APP-00821,client_interview_1,2024-10-22,4
EVT-005603,APP-00821,offer_extended,2024-10-30,8
EVT-005604,APP-00821,offer_accepted,2024-11-04,5
EVT-005605,APP-00821,background_check,2024-11-07,3
EVT-005606,APP-00821,onboarding_docs_sent,2024-11-22,15
EVT-005607,APP-00821,start_date,2024-11-26,4
EVT-005608,APP-00822,screened,2025-05-09,0
EVT-005609,APP-00822,submitted,2025-05-11,2
EVT-005610,APP-00822,client_interview_1,2025-05-27,16
EVT-005611,APP-00822,client_interview_2,2025-05-31,4
EVT-005612,APP-00822,offer_extended,2025-06-12,12
EVT-005613,APP-00823,screened,2025-02-03,0
EVT-005614,APP-00823,submitted,2025-02-06,3
EVT-005615,APP-00823,client_interview_1,2025-02-19,13
EVT-005616,APP-00823,offer_extended,2025-03-04,13
EVT-005617,APP-00823,offer_accepted,2025-03-05,1
EVT-005618,APP-00823,background_check,2025-03-12,7
EVT-005619,APP-00823,onboarding_docs_sent,2025-03-25,13
EVT-005620,APP-00823,start_date,2025-04-01,7
EVT-005621,APP-00824,screened,2025-03-23,0
EVT-005622,APP-00824,submitted,2025-03-25,2
EVT-005623,APP-00824,client_interview_1,2025-04-02,8
EVT-005624,APP-00824,offer_extended,2025-04-07,5
EVT-005625,APP-00824,offer_accepted,2025-04-07,0
EVT-005626,APP-00824,background_check,2025-04-10,3
EVT-005627,APP-00824,onboarding_docs_sent,2025-05-07,27
EVT-005628,APP-00824,start_date,2025-05-11,4
EVT-005629,APP-00825,screened,2024-11-11,0
EVT-005630,APP-00825,submitted,2024-11-13,2
EVT-005631,APP-00825,client_interview_1,2024-11-29,16
EVT-005632,APP-00825,offer_extended,2024-12-04,5
EVT-005633,APP-00825,offer_accepted,2024-12-09,5
EVT-005634,APP-00825,background_check,2024-12-10,1
EVT-005635,APP-00825,onboarding_docs_sent,2024-12-22,12
EVT-005636,APP-00825,start_date,2024-12-29,7
EVT-005637,APP-00826,screened,2024-05-07,0
EVT-005638,APP-00826,submitted,2024-05-09,2
EVT-005639,APP-00826,client_interview_1,2024-05-24,15
EVT-005640,APP-00826,offer_extended,2024-06-07,14
EVT-005641,APP-00826,offer_accepted,2024-06-07,0
EVT-005642,APP-00826,background_check,2024-06-13,6
EVT-005643,APP-00826,onboarding_docs_sent,2024-06-19,6
EVT-005644,APP-00826,start_date,2024-06-23,4
EVT-005645,APP-00827,screened,2025-01-24,0
EVT-005646,APP-00827,submitted,2025-01-28,4
EVT-005647,APP-00827,client_interview_1,2025-02-05,8
EVT-005648,APP-00827,offer_extended,2025-02-07,2
EVT-005649,APP-00827,offer_accepted,2025-02-09,2
EVT-005650,APP-00827,background_check,2025-02-16,7
EVT-005651,APP-00827,start_date,2025-03-14,26
EVT-005652,APP-00828,screened,2025-03-28,0
EVT-005653,APP-00828,submitted,2025-03-31,3
EVT-005654,APP-00828,client_interview_1,2025-04-13,13
EVT-005655,APP-00828,offer_extended,2025-04-16,3
EVT-005656,APP-00828,offer_accepted,2025-04-16,0
EVT-005657,APP-00828,background_check,2025-04-20,4
EVT-005658,APP-00828,start_date,2025-05-03,13
EVT-005659,APP-00829,screened,2024-03-07,0
EVT-005660,APP-00829,submitted,2024-03-09,2
EVT-005661,APP-00829,client_interview_1,2024-03-22,13
EVT-005662,APP-00829,offer_extended,2024-03-30,8
EVT-005663,APP-00829,offer_accepted,2024-04-03,4
EVT-005664,APP-00829,start_date,2024-05-14,41
EVT-005665,APP-00830,screened,2024-10-11,0
EVT-005666,APP-00830,submitted,2024-10-14,3
EVT-005667,APP-00830,client_interview_1,2024-10-23,9
EVT-005668,APP-00830,offer_extended,2024-10-30,7
EVT-005669,APP-00831,screened,2024-02-26,0
EVT-005670,APP-00831,submitted,2024-03-01,4
EVT-005671,APP-00831,client_interview_1,2024-03-11,10
EVT-005672,APP-00831,client_interview_2,2024-03-13,2
EVT-005673,APP-00831,offer_extended,2024-03-21,8
EVT-005674,APP-00831,offer_accepted,2024-03-27,6
EVT-005675,APP-00831,background_check,2024-04-03,7
EVT-005676,APP-00831,onboarding_docs_sent,2024-04-13,10
EVT-005677,APP-00831,start_date,2024-04-25,12
EVT-005678,APP-00832,screened,2024-07-18,0
EVT-005679,APP-00832,submitted,2024-07-19,1
EVT-005680,APP-00832,client_interview_1,2024-08-08,20
EVT-005681,APP-00832,offer_extended,2024-08-14,6
EVT-005682,APP-00832,offer_accepted,2024-08-14,0
EVT-005683,APP-00832,background_check,2024-08-15,1
EVT-005684,APP-00832,start_date,2024-09-13,29
EVT-005685,APP-00833,screened,2024-12-05,0
EVT-005686,APP-00833,submitted,2024-12-09,4
EVT-005687,APP-00833,client_interview_1,2024-12-21,12
EVT-005688,APP-00833,offer_extended,2025-01-03,13
EVT-005689,APP-00833,offer_accepted,2025-01-04,1
EVT-005690,APP-00833,background_check,2025-01-11,7
EVT-005691,APP-00833,onboarding_docs_sent,2025-01-14,3
EVT-005692,APP-00833,start_date,2025-01-20,6
EVT-005693,APP-00834,screened,2024-03-12,0
EVT-005694,APP-00834,submitted,2024-03-14,2
EVT-005695,APP-00834,client_interview_1,2024-03-23,9
EVT-005696,APP-00834,offer_extended,2024-03-27,4
EVT-005697,APP-00834,offer_accepted,2024-03-28,1
EVT-005698,APP-00835,screened,2025-01-14,0
EVT-005699,APP-00835,submitted,2025-01-18,4
EVT-005700,APP-00835,client_interview_1,2025-01-23,5
EVT-005701,APP-00835,client_interview_2,2025-01-29,6
EVT-005702,APP-00835,offer_extended,2025-01-30,1
EVT-005703,APP-00835,offer_accepted,2025-01-30,0
EVT-005704,APP-00835,background_check,2025-01-31,1
EVT-005705,APP-00835,onboarding_docs_sent,2025-02-09,9
EVT-005706,APP-00835,start_date,2025-02-11,2
EVT-005707,APP-00836,screened,2024-11-15,0
EVT-005708,APP-00836,client_interview_1,2024-11-15,0
EVT-005709,APP-00836,submitted,2024-11-19,4
EVT-005710,APP-00836,client_interview_2,2024-11-25,6
EVT-005711,APP-00836,offer_extended,2024-11-30,5
EVT-005712,APP-00836,offer_accepted,2024-11-30,0
EVT-005713,APP-00836,background_check,2024-12-03,3
EVT-005714,APP-00836,onboarding_docs_sent,2024-12-22,19
EVT-005715,APP-00837,screened,2024-11-18,0
EVT-005716,APP-00837,submitted,2024-11-19,1
EVT-005717,APP-00837,client_interview_1,2024-12-02,13
EVT-005718,APP-00837,client_interview_2,2024-12-07,5
EVT-005719,APP-00837,offer_extended,2024-12-09,2
EVT-005720,APP-00837,offer_accepted,2024-12-10,1
EVT-005721,APP-00837,onboarding_docs_sent,2024-12-25,15
EVT-005722,APP-00838,screened,2024-07-11,0
EVT-005723,APP-00838,submitted,2024-07-12,1
EVT-005724,APP-00838,client_interview_1,2024-07-23,11
EVT-005725,APP-00838,client_interview_2,2024-08-01,9
EVT-005726,APP-00838,offer_extended,2024-08-05,4
EVT-005727,APP-00838,offer_accepted,2024-08-08,3
EVT-005728,APP-00838,background_check,2024-08-10,2
EVT-005729,APP-00838,onboarding_docs_sent,2024-08-30,20
EVT-005730,APP-00839,screened,2024-03-13,0
EVT-005731,APP-00839,client_interview_1,2024-03-15,2
EVT-005732,APP-00839,submitted,2024-03-17,2
EVT-005733,APP-00839,offer_extended,2024-03-17,0
EVT-005734,APP-00839,offer_accepted,2024-03-21,4
EVT-005735,APP-00839,background_check,2024-03-24,3
EVT-005736,APP-00839,start_date,2024-04-19,26
EVT-005737,APP-00840,screened,2024-02-27,0
EVT-005738,APP-00840,submitted,2024-02-29,2
EVT-005739,APP-00840,client_interview_1,2024-03-04,4
EVT-005740,APP-00840,offer_extended,2024-03-14,10
EVT-005741,APP-00840,offer_accepted,2024-03-16,2
EVT-005742,APP-00840,background_check,2024-03-17,1
EVT-005743,APP-00840,onboarding_docs_sent,2024-04-05,19
EVT-005744,APP-00840,start_date,2024-04-08,3
EVT-005745,APP-00841,screened,2025-02-04,0
EVT-005746,APP-00841,submitted,2025-02-07,3
EVT-005747,APP-00841,client_interview_1,2025-02-19,12
EVT-005748,APP-00841,offer_extended,2025-03-06,15
EVT-005749,APP-00841,offer_accepted,2025-03-10,4
EVT-005750,APP-00841,background_check,2025-03-13,3
EVT-005751,APP-00841,start_date,2025-03-28,15
EVT-005752,APP-00842,screened,2024-04-02,0
EVT-005753,APP-00842,submitted,2024-04-05,3
EVT-005754,APP-00842,client_interview_1,2024-04-23,18
EVT-005755,APP-00842,client_interview_2,2024-05-02,9
EVT-005756,APP-00842,offer_extended,2024-05-04,2
EVT-005757,APP-00842,offer_accepted,2024-05-05,1
EVT-005758,APP-00842,onboarding_docs_sent,2024-06-07,33
EVT-005759,APP-00842,start_date,2024-06-08,1
EVT-005760,APP-00843,screened,2025-04-19,0
EVT-005761,APP-00843,submitted,2025-04-21,2
EVT-005762,APP-00843,client_interview_1,2025-04-29,8
EVT-005763,APP-00843,offer_extended,2025-05-04,5
EVT-005764,APP-00843,offer_accepted,2025-05-08,4
EVT-005765,APP-00843,background_check,2025-05-16,8
EVT-005766,APP-00843,onboarding_docs_sent,2025-05-21,5
EVT-005767,APP-00843,start_date,2025-05-26,5
EVT-005768,APP-00844,screened,2024-02-21,0
EVT-005769,APP-00844,submitted,2024-02-23,2
EVT-005770,APP-00844,client_interview_1,2024-03-11,17
EVT-005771,APP-00844,offer_extended,2024-03-21,10
EVT-005772,APP-00844,offer_accepted,2024-03-25,4
EVT-005773,APP-00844,background_check,2024-03-29,4
EVT-005774,APP-00845,screened,2025-02-08,0
EVT-005775,APP-00845,submitted,2025-02-10,2
EVT-005776,APP-00845,client_interview_1,2025-02-13,3
EVT-005777,APP-00845,client_interview_2,2025-02-20,7
EVT-005778,APP-00845,offer_extended,2025-02-21,1
EVT-005779,APP-00845,offer_accepted,2025-02-26,5
EVT-005780,APP-00845,background_check,2025-02-27,1
EVT-005781,APP-00846,screened,2025-05-09,0
EVT-005782,APP-00846,submitted,2025-05-12,3
EVT-005783,APP-00846,client_interview_1,2025-05-20,8
EVT-005784,APP-00846,offer_extended,2025-05-29,9
EVT-005785,APP-00846,offer_accepted,2025-06-02,4
EVT-005786,APP-00846,background_check,2025-06-09,7
EVT-005787,APP-00846,start_date,2025-06-10,1
EVT-005788,APP-00847,screened,2025-02-07,0
EVT-005789,APP-00847,submitted,2025-02-10,3
EVT-005790,APP-00847,client_interview_1,2025-02-11,1
EVT-005791,APP-00847,offer_extended,2025-02-26,15
EVT-005792,APP-00847,offer_accepted,2025-03-03,5
EVT-005793,APP-00847,background_check,2025-03-06,3
EVT-005794,APP-00847,start_date,2025-04-17,42
EVT-005795,APP-00848,screened,2025-04-12,0
EVT-005796,APP-00848,submitted,2025-04-13,1
EVT-005797,APP-00848,client_interview_1,2025-04-26,13
EVT-005798,APP-00848,offer_extended,2025-05-01,5
EVT-005799,APP-00848,offer_accepted,2025-05-01,0
EVT-005800,APP-00848,background_check,2025-05-05,4
EVT-005801,APP-00849,screened,2024-09-22,0
EVT-005802,APP-00849,submitted,2024-09-26,4
EVT-005803,APP-00849,client_interview_1,2024-10-11,15
EVT-005804,APP-00849,offer_extended,2024-10-13,2
EVT-005805,APP-00849,offer_accepted,2024-10-16,3
EVT-005806,APP-00849,background_check,2024-10-18,2
EVT-005807,APP-00849,onboarding_docs_sent,2024-10-30,12
EVT-005808,APP-00850,screened,2024-03-13,0
EVT-005809,APP-00850,submitted,2024-03-16,3
EVT-005810,APP-00850,client_interview_1,2024-03-18,2
EVT-005811,APP-00850,client_interview_2,2024-03-26,8
EVT-005812,APP-00850,offer_extended,2024-04-04,9
EVT-005813,APP-00850,offer_accepted,2024-04-04,0
EVT-005814,APP-00850,background_check,2024-04-08,4
EVT-005815,APP-00851,screened,2025-06-15,0
EVT-005816,APP-00851,submitted,2025-06-16,1
EVT-005817,APP-00851,client_interview_1,2025-07-03,17
EVT-005818,APP-00851,offer_extended,2025-07-06,3
EVT-005819,APP-00851,offer_accepted,2025-07-09,3
EVT-005820,APP-00851,onboarding_docs_sent,2025-07-24,15
EVT-005821,APP-00851,start_date,2025-07-25,1
EVT-005822,APP-00852,screened,2024-06-22,0
EVT-005823,APP-00852,client_interview_1,2024-06-22,0
EVT-005824,APP-00852,submitted,2024-06-25,3
EVT-005825,APP-00852,offer_extended,2024-06-28,3
EVT-005826,APP-00852,offer_accepted,2024-06-28,0
EVT-005827,APP-00852,background_check,2024-07-03,5
EVT-005828,APP-00852,onboarding_docs_sent,2024-07-13,10
EVT-005829,APP-00852,start_date,2024-08-12,30
EVT-005830,APP-00853,screened,2025-06-18,0
EVT-005831,APP-00853,client_interview_1,2025-06-19,1
EVT-005832,APP-00853,submitted,2025-06-20,1
EVT-005833,APP-00853,offer_extended,2025-06-22,2
EVT-005834,APP-00853,offer_accepted,2025-06-24,2
EVT-005835,APP-00853,background_check,2025-07-02,8
EVT-005836,APP-00853,onboarding_docs_sent,2025-07-25,23
EVT-005837,APP-00853,start_date,2025-07-26,1
EVT-005838,APP-00854,screened,2025-04-29,0
EVT-005839,APP-00854,submitted,2025-05-02,3
EVT-005840,APP-00854,client_interview_1,2025-05-09,7
EVT-005841,APP-00854,offer_extended,2025-05-16,7
EVT-005842,APP-00855,screened,2025-06-20,0
EVT-005843,APP-00855,submitted,2025-06-21,1
EVT-005844,APP-00855,client_interview_1,2025-07-06,15
EVT-005845,APP-00855,client_interview_2,2025-07-09,3
EVT-005846,APP-00855,offer_extended,2025-07-22,13
EVT-005847,APP-00855,offer_accepted,2025-07-27,5
EVT-005848,APP-00855,background_check,2025-07-31,4
EVT-005849,APP-00855,start_date,2025-08-05,5
EVT-005850,APP-00856,screened,2024-04-06,0
EVT-005851,APP-00856,submitted,2024-04-10,4
EVT-005852,APP-00856,client_interview_1,2024-04-13,3
EVT-005853,APP-00856,offer_extended,2024-04-17,4
EVT-005854,APP-00856,offer_accepted,2024-04-19,2
EVT-005855,APP-00856,background_check,2024-04-23,4
EVT-005856,APP-00856,onboarding_docs_sent,2024-05-19,26
EVT-005857,APP-00856,start_date,2024-06-02,14
EVT-005858,APP-00857,screened,2024-06-23,0
EVT-005859,APP-00857,submitted,2024-06-26,3
EVT-005860,APP-00857,client_interview_1,2024-06-30,4
EVT-005861,APP-00857,offer_extended,2024-07-04,4
EVT-005862,APP-00857,offer_accepted,2024-07-04,0
EVT-005863,APP-00857,background_check,2024-07-07,3
EVT-005864,APP-00858,screened,2024-04-22,0
EVT-005865,APP-00858,submitted,2024-04-25,3
EVT-005866,APP-00858,client_interview_1,2024-05-11,16
EVT-005867,APP-00858,offer_extended,2024-05-29,18
EVT-005868,APP-00858,offer_accepted,2024-06-02,4
EVT-005869,APP-00858,background_check,2024-06-08,6
EVT-005870,APP-00859,screened,2024-06-16,0
EVT-005871,APP-00859,submitted,2024-06-20,4
EVT-005872,APP-00859,client_interview_1,2024-07-01,11
EVT-005873,APP-00859,offer_extended,2024-07-19,18
EVT-005874,APP-00859,offer_accepted,2024-07-20,1
EVT-005875,APP-00859,background_check,2024-07-21,1
EVT-005876,APP-00859,start_date,2024-08-22,32
EVT-005877,APP-00860,screened,2025-02-17,0
EVT-005878,APP-00860,submitted,2025-02-20,3
EVT-005879,APP-00860,client_interview_1,2025-02-22,2
EVT-005880,APP-00860,offer_extended,2025-02-28,6
EVT-005881,APP-00860,offer_accepted,2025-03-03,3
EVT-005882,APP-00860,onboarding_docs_sent,2025-03-09,6
EVT-005883,APP-00860,start_date,2025-03-12,3
EVT-005884,APP-00861,screened,2025-07-08,0
EVT-005885,APP-00861,submitted,2025-07-10,2
EVT-005886,APP-00861,client_interview_1,2025-07-19,9
EVT-005887,APP-00861,offer_extended,2025-07-24,5
EVT-005888,APP-00862,screened,2024-06-01,0
EVT-005889,APP-00862,submitted,2024-06-04,3
EVT-005890,APP-00862,client_interview_1,2024-06-09,5
EVT-005891,APP-00862,offer_extended,2024-06-22,13
EVT-005892,APP-00862,offer_accepted,2024-06-22,0
EVT-005893,APP-00862,background_check,2024-06-23,1
EVT-005894,APP-00863,screened,2024-07-29,0
EVT-005895,APP-00863,submitted,2024-08-01,3
EVT-005896,APP-00863,client_interview_1,2024-08-14,13
EVT-005897,APP-00863,offer_extended,2024-09-01,18
EVT-005898,APP-00863,offer_accepted,2024-09-04,3
EVT-005899,APP-00863,background_check,2024-09-10,6
EVT-005900,APP-00863,start_date,2024-10-08,28
EVT-005901,APP-00864,screened,2025-05-09,0
EVT-005902,APP-00864,submitted,2025-05-10,1
EVT-005903,APP-00864,client_interview_1,2025-05-17,7
EVT-005904,APP-00864,offer_extended,2025-05-21,4
EVT-005905,APP-00864,offer_accepted,2025-05-25,4
EVT-005906,APP-00864,background_check,2025-05-26,1
EVT-005907,APP-00865,screened,2024-06-02,0
EVT-005908,APP-00865,submitted,2024-06-06,4
EVT-005909,APP-00865,client_interview_1,2024-06-11,5
EVT-005910,APP-00865,offer_extended,2024-06-28,17
EVT-005911,APP-00865,offer_accepted,2024-06-29,1
EVT-005912,APP-00865,background_check,2024-07-06,7
EVT-005913,APP-00865,onboarding_docs_sent,2024-07-12,6
EVT-005914,APP-00865,start_date,2024-07-22,10
EVT-005915,APP-00866,screened,2025-04-16,0
EVT-005916,APP-00866,submitted,2025-04-19,3
EVT-005917,APP-00866,client_interview_1,2025-05-02,13
EVT-005918,APP-00866,offer_extended,2025-05-13,11
EVT-005919,APP-00866,offer_accepted,2025-05-19,6
EVT-005920,APP-00866,background_check,2025-05-21,2
EVT-005921,APP-00866,onboarding_docs_sent,2025-06-12,22
EVT-005922,APP-00866,start_date,2025-06-24,12
EVT-005923,APP-00867,screened,2024-11-16,0
EVT-005924,APP-00867,submitted,2024-11-20,4
EVT-005925,APP-00867,client_interview_1,2024-12-02,12
EVT-005926,APP-00867,offer_extended,2024-12-17,15
EVT-005927,APP-00867,offer_accepted,2024-12-19,2
EVT-005928,APP-00867,background_check,2024-12-24,5
EVT-005929,APP-00867,onboarding_docs_sent,2024-12-24,0
EVT-005930,APP-00867,start_date,2024-12-27,3
EVT-005931,APP-00868,screened,2024-12-16,0
EVT-005932,APP-00868,submitted,2024-12-18,2
EVT-005933,APP-00868,client_interview_1,2024-12-30,12
EVT-005934,APP-00868,offer_extended,2025-01-16,17
EVT-005935,APP-00868,offer_accepted,2025-01-20,4
EVT-005936,APP-00868,background_check,2025-01-21,1
EVT-005937,APP-00869,screened,2024-02-04,0
EVT-005938,APP-00869,submitted,2024-02-06,2
EVT-005939,APP-00869,client_interview_1,2024-02-11,5
EVT-005940,APP-00869,client_interview_2,2024-02-20,9
EVT-005941,APP-00869,offer_extended,2024-02-29,9
EVT-005942,APP-00869,offer_accepted,2024-03-04,4
EVT-005943,APP-00869,background_check,2024-03-09,5
EVT-005944,APP-00870,screened,2024-12-24,0
EVT-005945,APP-00870,submitted,2024-12-26,2
EVT-005946,APP-00870,client_interview_1,2025-01-11,16
EVT-005947,APP-00870,offer_extended,2025-01-21,10
EVT-005948,APP-00870,offer_accepted,2025-01-26,5
EVT-005949,APP-00870,background_check,2025-01-29,3
EVT-005950,APP-00871,screened,2025-07-02,0
EVT-005951,APP-00871,submitted,2025-07-03,1
EVT-005952,APP-00871,client_interview_1,2025-07-19,16
EVT-005953,APP-00871,offer_extended,2025-07-24,5
EVT-005954,APP-00871,offer_accepted,2025-07-26,2
EVT-005955,APP-00871,background_check,2025-07-28,2
EVT-005956,APP-00871,onboarding_docs_sent,2025-08-23,26
EVT-005957,APP-00871,start_date,2025-08-25,2
EVT-005958,APP-00872,screened,2025-05-23,0
EVT-005959,APP-00872,submitted,2025-05-26,3
EVT-005960,APP-00872,client_interview_1,2025-06-10,15
EVT-005961,APP-00872,offer_extended,2025-06-12,2
EVT-005962,APP-00872,offer_accepted,2025-06-13,1
EVT-005963,APP-00872,background_check,2025-06-18,5
EVT-005964,APP-00872,onboarding_docs_sent,2025-07-07,19
EVT-005965,APP-00872,start_date,2025-07-10,3
EVT-005966,APP-00873,screened,2025-01-11,0
EVT-005967,APP-00873,submitted,2025-01-14,3
EVT-005968,APP-00873,client_interview_1,2025-01-30,16
EVT-005969,APP-00873,client_interview_2,2025-02-05,6
EVT-005970,APP-00873,offer_extended,2025-02-15,10
EVT-005971,APP-00873,offer_accepted,2025-02-19,4
EVT-005972,APP-00873,background_check,2025-02-25,6
EVT-005973,APP-00873,start_date,2025-03-02,5
EVT-005974,APP-00874,screened,2024-11-24,0
EVT-005975,APP-00874,submitted,2024-11-27,3
EVT-005976,APP-00874,client_interview_1,2024-12-05,8
EVT-005977,APP-00874,client_interview_2,2024-12-11,6
EVT-005978,APP-00874,offer_extended,2024-12-16,5
EVT-005979,APP-00874,offer_accepted,2024-12-17,1
EVT-005980,APP-00874,background_check,2024-12-19,2
EVT-005981,APP-00874,onboarding_docs_sent,2024-12-24,5
EVT-005982,APP-00874,start_date,2024-12-28,4
EVT-005983,APP-00875,screened,2024-11-01,0
EVT-005984,APP-00875,submitted,2024-11-04,3
EVT-005985,APP-00875,client_interview_1,2024-11-13,9
EVT-005986,APP-00875,client_interview_2,2024-11-19,6
EVT-005987,APP-00875,offer_extended,2024-11-24,5
EVT-005988,APP-00876,screened,2025-07-12,0
EVT-005989,APP-00876,submitted,2025-07-14,2
EVT-005990,APP-00876,client_interview_1,2025-07-19,5
EVT-005991,APP-00876,client_interview_2,2025-07-26,7
EVT-005992,APP-00876,offer_extended,2025-07-30,4
EVT-005993,APP-00876,offer_accepted,2025-08-02,3
EVT-005994,APP-00876,background_check,2025-08-03,1
EVT-005995,APP-00877,screened,2025-01-11,0
EVT-005996,APP-00877,submitted,2025-01-12,1
EVT-005997,APP-00877,client_interview_1,2025-01-28,16
EVT-005998,APP-00877,offer_extended,2025-02-08,11
EVT-005999,APP-00877,offer_accepted,2025-02-08,0
EVT-006000,APP-00877,background_check,2025-02-10,2
EVT-006001,APP-00877,onboarding_docs_sent,2025-03-02,20
EVT-006002,APP-00877,start_date,2025-03-03,1
EVT-006003,APP-00878,screened,2025-02-23,0
EVT-006004,APP-00878,submitted,2025-02-27,4
EVT-006005,APP-00878,client_interview_1,2025-03-11,12
EVT-006006,APP-00878,offer_extended,2025-03-17,6
EVT-006007,APP-00878,offer_accepted,2025-03-17,0
EVT-006008,APP-00878,background_check,2025-03-22,5
EVT-006009,APP-00879,screened,2025-03-28,0
EVT-006010,APP-00879,submitted,2025-03-30,2
EVT-006011,APP-00879,client_interview_1,2025-04-09,10
EVT-006012,APP-00879,offer_extended,2025-04-18,9
EVT-006013,APP-00879,offer_accepted,2025-04-24,6
EVT-006014,APP-00879,background_check,2025-04-26,2
EVT-006015,APP-00880,screened,2024-08-14,0
EVT-006016,APP-00880,submitted,2024-08-16,2
EVT-006017,APP-00880,client_interview_1,2024-08-23,7
EVT-006018,APP-00880,offer_extended,2024-08-30,7
EVT-006019,APP-00880,offer_accepted,2024-09-03,4
EVT-006020,APP-00880,background_check,2024-09-08,5
EVT-006021,APP-00881,screened,2024-09-20,0
EVT-006022,APP-00881,submitted,2024-09-24,4
EVT-006023,APP-00881,client_interview_1,2024-09-26,2
EVT-006024,APP-00881,client_interview_2,2024-10-01,5
EVT-006025,APP-00881,offer_extended,2024-10-07,6
EVT-006026,APP-00881,offer_accepted,2024-10-09,2
EVT-006027,APP-00881,background_check,2024-10-14,5
EVT-006028,APP-00882,screened,2024-10-06,0
EVT-006029,APP-00882,submitted,2024-10-10,4
EVT-006030,APP-00882,client_interview_1,2024-10-17,7
EVT-006031,APP-00882,client_interview_2,2024-10-24,7
EVT-006032,APP-00882,offer_extended,2024-11-04,11
EVT-006033,APP-00882,offer_accepted,2024-11-09,5
EVT-006034,APP-00882,background_check,2024-11-15,6
EVT-006035,APP-00882,onboarding_docs_sent,2024-12-05,20
EVT-006036,APP-00882,start_date,2024-12-06,1
EVT-006037,APP-00883,screened,2024-11-19,0
EVT-006038,APP-00883,client_interview_1,2024-11-22,3
EVT-006039,APP-00883,submitted,2024-11-23,1
EVT-006040,APP-00883,client_interview_2,2024-12-01,8
EVT-006041,APP-00883,offer_extended,2024-12-07,6
EVT-006042,APP-00883,offer_accepted,2024-12-07,0
EVT-006043,APP-00883,background_check,2024-12-10,3
EVT-006044,APP-00883,onboarding_docs_sent,2025-01-07,28
EVT-006045,APP-00883,start_date,2025-01-10,3
EVT-006046,APP-00884,screened,2025-05-16,0
EVT-006047,APP-00884,submitted,2025-05-17,1
EVT-006048,APP-00884,client_interview_1,2025-06-05,19
EVT-006049,APP-00884,client_interview_2,2025-06-08,3
EVT-006050,APP-00884,offer_extended,2025-06-16,8
EVT-006051,APP-00884,offer_accepted,2025-06-16,0
EVT-006052,APP-00884,background_check,2025-06-18,2
EVT-006053,APP-00884,start_date,2025-07-20,32
EVT-006054,APP-00885,screened,2025-03-03,0
EVT-006055,APP-00885,client_interview_1,2025-03-04,1
EVT-006056,APP-00885,submitted,2025-03-07,3
EVT-006057,APP-00885,offer_extended,2025-03-14,7
EVT-006058,APP-00885,offer_accepted,2025-03-20,6
EVT-006059,APP-00885,background_check,2025-03-24,4
EVT-006060,APP-00885,onboarding_docs_sent,2025-04-09,16
EVT-006061,APP-00886,screened,2024-02-24,0
EVT-006062,APP-00886,submitted,2024-02-25,1
EVT-006063,APP-00886,client_interview_1,2024-03-13,17
EVT-006064,APP-00886,client_interview_2,2024-03-21,8
EVT-006065,APP-00886,offer_extended,2024-03-31,10
EVT-006066,APP-00886,offer_accepted,2024-04-05,5
EVT-006067,APP-00886,background_check,2024-04-12,7
EVT-006068,APP-00886,onboarding_docs_sent,2024-04-29,17
EVT-006069,APP-00886,start_date,2024-05-01,2
EVT-006070,APP-00887,screened,2025-06-25,0
EVT-006071,APP-00887,submitted,2025-06-27,2
EVT-006072,APP-00887,client_interview_1,2025-07-01,4
EVT-006073,APP-00887,offer_extended,2025-07-12,11
EVT-006074,APP-00887,offer_accepted,2025-07-17,5
EVT-006075,APP-00887,background_check,2025-07-25,8
EVT-006076,APP-00887,onboarding_docs_sent,2025-07-26,1
EVT-006077,APP-00888,screened,2024-08-28,0
EVT-006078,APP-00888,submitted,2024-08-31,3
EVT-006079,APP-00888,client_interview_1,2024-08-31,0
EVT-006080,APP-00888,offer_extended,2024-09-18,18
EVT-006081,APP-00888,offer_accepted,2024-09-18,0
EVT-006082,APP-00888,background_check,2024-09-21,3
EVT-006083,APP-00888,onboarding_docs_sent,2024-10-01,10
EVT-006084,APP-00888,start_date,2024-10-05,4
EVT-006085,APP-00889,screened,2025-03-13,0
EVT-006086,APP-00889,submitted,2025-03-14,1
EVT-006087,APP-00889,client_interview_1,2025-03-31,17
EVT-006088,APP-00889,offer_extended,2025-04-07,7
EVT-006089,APP-00890,screened,2025-05-27,0
EVT-006090,APP-00890,submitted,2025-05-30,3
EVT-006091,APP-00890,client_interview_1,2025-05-30,0
EVT-006092,APP-00890,offer_extended,2025-06-14,15
EVT-006093,APP-00891,screened,2025-02-07,0
EVT-006094,APP-00891,submitted,2025-02-08,1
EVT-006095,APP-00891,client_interview_1,2025-02-16,8
EVT-006096,APP-00891,client_interview_2,2025-02-20,4
EVT-006097,APP-00891,offer_extended,2025-03-05,13
EVT-006098,APP-00891,offer_accepted,2025-03-08,3
EVT-006099,APP-00891,start_date,2025-03-24,16
EVT-006100,APP-00892,screened,2025-05-16,0
EVT-006101,APP-00892,submitted,2025-05-18,2
EVT-006102,APP-00892,client_interview_1,2025-06-02,15
EVT-006103,APP-00892,offer_extended,2025-06-17,15
EVT-006104,APP-00892,offer_accepted,2025-06-23,6
EVT-006105,APP-00892,background_check,2025-06-28,5
EVT-006106,APP-00893,screened,2024-06-21,0
EVT-006107,APP-00893,submitted,2024-06-25,4
EVT-006108,APP-00893,client_interview_1,2024-07-05,10
EVT-006109,APP-00893,offer_extended,2024-07-08,3
EVT-006110,APP-00893,offer_accepted,2024-07-10,2
EVT-006111,APP-00893,background_check,2024-07-15,5
EVT-006112,APP-00893,start_date,2024-08-08,24
EVT-006113,APP-00894,screened,2024-12-04,0
EVT-006114,APP-00894,submitted,2024-12-07,3
EVT-006115,APP-00894,client_interview_1,2024-12-20,13
EVT-006116,APP-00894,offer_extended,2024-12-28,8
EVT-006117,APP-00895,screened,2025-02-20,0
EVT-006118,APP-00895,submitted,2025-02-24,4
EVT-006119,APP-00895,client_interview_1,2025-03-09,13
EVT-006120,APP-00895,offer_extended,2025-03-15,6
EVT-006121,APP-00895,offer_accepted,2025-03-17,2
EVT-006122,APP-00895,onboarding_docs_sent,2025-04-14,28
EVT-006123,APP-00895,start_date,2025-04-19,5
EVT-006124,APP-00896,screened,2024-07-15,0
EVT-006125,APP-00896,submitted,2024-07-16,1
EVT-006126,APP-00896,client_interview_1,2024-07-23,7
EVT-006127,APP-00896,offer_extended,2024-08-10,18
EVT-006128,APP-00896,offer_accepted,2024-08-16,6
EVT-006129,APP-00896,background_check,2024-08-22,6
EVT-006130,APP-00897,screened,2024-09-24,0
EVT-006131,APP-00897,submitted,2024-09-27,3
EVT-006132,APP-00897,client_interview_1,2024-09-29,2
EVT-006133,APP-00897,offer_extended,2024-10-02,3
EVT-006134,APP-00897,offer_accepted,2024-10-02,0
EVT-006135,APP-00897,background_check,2024-10-09,7
EVT-006136,APP-00898,screened,2024-11-11,0
EVT-006137,APP-00898,submitted,2024-11-15,4
EVT-006138,APP-00898,client_interview_1,2024-11-19,4
EVT-006139,APP-00898,offer_extended,2024-11-24,5
EVT-006140,APP-00898,offer_accepted,2024-11-25,1
EVT-006141,APP-00898,background_check,2024-11-28,3
EVT-006142,APP-00898,onboarding_docs_sent,2024-12-25,27
EVT-006143,APP-00898,start_date,2024-12-27,2
EVT-006144,APP-00899,screened,2024-10-22,0
EVT-006145,APP-00899,client_interview_1,2024-10-24,2
EVT-006146,APP-00899,submitted,2024-10-25,1
EVT-006147,APP-00899,offer_extended,2024-11-09,15
EVT-006148,APP-00899,offer_accepted,2024-11-15,6
EVT-006149,APP-00899,background_check,2024-11-18,3
EVT-006150,APP-00899,onboarding_docs_sent,2024-11-29,11
EVT-006151,APP-00899,start_date,2024-12-01,2
EVT-006152,APP-00900,screened,2024-04-20,0
EVT-006153,APP-00900,submitted,2024-04-22,2
EVT-006154,APP-00900,client_interview_1,2024-05-11,19
EVT-006155,APP-00900,offer_extended,2024-05-19,8
EVT-006156,APP-00900,offer_accepted,2024-05-20,1
EVT-006157,APP-00900,background_check,2024-05-27,7
EVT-006158,APP-00900,start_date,2024-06-06,10
EVT-006159,APP-00901,screened,2024-03-30,0
EVT-006160,APP-00901,submitted,2024-03-31,1
EVT-006161,APP-00901,client_interview_1,2024-04-07,7
EVT-006162,APP-00901,offer_extended,2024-04-11,4
EVT-006163,APP-00901,offer_accepted,2024-04-15,4
EVT-006164,APP-00901,start_date,2024-04-20,5
EVT-006165,APP-00902,screened,2024-06-12,0
EVT-006166,APP-00902,submitted,2024-06-14,2
EVT-006167,APP-00902,client_interview_1,2024-06-22,8
EVT-006168,APP-00902,offer_extended,2024-06-29,7
EVT-006169,APP-00902,offer_accepted,2024-07-04,5
EVT-006170,APP-00902,background_check,2024-07-12,8
EVT-006171,APP-00902,onboarding_docs_sent,2024-07-30,18
EVT-006172,APP-00902,start_date,2024-08-02,3
EVT-006173,APP-00903,screened,2024-11-17,0
EVT-006174,APP-00903,submitted,2024-11-21,4
EVT-006175,APP-00903,client_interview_1,2024-12-06,15
EVT-006176,APP-00903,offer_extended,2024-12-12,6
EVT-006177,APP-00903,offer_accepted,2024-12-18,6
EVT-006178,APP-00903,background_check,2024-12-22,4
EVT-006179,APP-00904,screened,2024-09-18,0
EVT-006180,APP-00904,submitted,2024-09-22,4
EVT-006181,APP-00904,client_interview_1,2024-09-22,0
EVT-006182,APP-00904,offer_extended,2024-10-09,17
EVT-006183,APP-00905,screened,2024-10-23,0
EVT-006184,APP-00905,submitted,2024-10-24,1
EVT-006185,APP-00905,client_interview_1,2024-11-04,11
EVT-006186,APP-00905,offer_extended,2024-11-08,4
EVT-006187,APP-00905,offer_accepted,2024-11-14,6
EVT-006188,APP-00905,onboarding_docs_sent,2024-11-19,5
EVT-006189,APP-00905,background_check,2024-11-20,1
EVT-006190,APP-00905,start_date,2024-11-23,3
EVT-006191,APP-00906,screened,2025-03-21,0
EVT-006192,APP-00906,submitted,2025-03-23,2
EVT-006193,APP-00906,client_interview_1,2025-04-10,18
EVT-006194,APP-00906,offer_extended,2025-04-15,5
EVT-006195,APP-00907,screened,2024-11-15,0
EVT-006196,APP-00907,submitted,2024-11-19,4
EVT-006197,APP-00907,client_interview_1,2024-11-24,5
EVT-006198,APP-00907,offer_extended,2024-12-02,8
EVT-006199,APP-00907,offer_accepted,2024-12-04,2
EVT-006200,APP-00907,background_check,2024-12-06,2
EVT-006201,APP-00907,onboarding_docs_sent,2025-01-04,29
EVT-006202,APP-00908,screened,2024-12-26,0
EVT-006203,APP-00908,submitted,2024-12-27,1
EVT-006204,APP-00908,client_interview_1,2024-12-28,1
EVT-006205,APP-00908,offer_extended,2025-01-06,9
EVT-006206,APP-00908,offer_accepted,2025-01-09,3
EVT-006207,APP-00908,background_check,2025-01-10,1
EVT-006208,APP-00908,onboarding_docs_sent,2025-01-13,3
EVT-006209,APP-00908,start_date,2025-02-08,26
EVT-006210,APP-00909,screened,2025-06-15,0
EVT-006211,APP-00909,submitted,2025-06-18,3
EVT-006212,APP-00909,client_interview_1,2025-06-28,10
EVT-006213,APP-00909,offer_extended,2025-07-02,4
EVT-006214,APP-00909,offer_accepted,2025-07-06,4
EVT-006215,APP-00909,start_date,2025-07-27,21
EVT-006216,APP-00910,screened,2025-03-04,0
EVT-006217,APP-00910,submitted,2025-03-06,2
EVT-006218,APP-00910,client_interview_1,2025-03-20,14
EVT-006219,APP-00910,client_interview_2,2025-03-26,6
EVT-006220,APP-00910,offer_extended,2025-03-31,5
EVT-006221,APP-00910,offer_accepted,2025-04-06,6
EVT-006222,APP-00910,background_check,2025-04-11,5
EVT-006223,APP-00911,screened,2024-12-15,0
EVT-006224,APP-00911,client_interview_1,2024-12-18,3
EVT-006225,APP-00911,submitted,2024-12-19,1
EVT-006226,APP-00911,offer_extended,2025-01-04,16
EVT-006227,APP-00912,screened,2024-03-02,0
EVT-006228,APP-00912,submitted,2024-03-05,3
EVT-006229,APP-00912,client_interview_1,2024-03-16,11
EVT-006230,APP-00912,offer_extended,2024-03-29,13
EVT-006231,APP-00912,offer_accepted,2024-03-30,1
EVT-006232,APP-00912,background_check,2024-04-04,5
EVT-006233,APP-00912,onboarding_docs_sent,2024-04-16,12
EVT-006234,APP-00912,start_date,2024-05-04,18
EVT-006235,APP-00913,screened,2024-09-07,0
EVT-006236,APP-00913,submitted,2024-09-10,3
EVT-006237,APP-00913,client_interview_1,2024-09-27,17
EVT-006238,APP-00913,offer_extended,2024-09-30,3
EVT-006239,APP-00913,offer_accepted,2024-10-06,6
EVT-006240,APP-00913,onboarding_docs_sent,2024-10-09,3
EVT-006241,APP-00913,start_date,2024-10-10,1
EVT-006242,APP-00914,screened,2024-06-24,0
EVT-006243,APP-00914,submitted,2024-06-26,2
EVT-006244,APP-00914,client_interview_1,2024-07-06,10
EVT-006245,APP-00914,offer_extended,2024-07-19,13
EVT-006246,APP-00914,offer_accepted,2024-07-23,4
EVT-006247,APP-00914,background_check,2024-07-26,3
EVT-006248,APP-00915,screened,2024-11-24,0
EVT-006249,APP-00915,submitted,2024-11-26,2
EVT-006250,APP-00915,client_interview_1,2024-11-27,1
EVT-006251,APP-00915,offer_extended,2024-12-01,4
EVT-006252,APP-00915,offer_accepted,2024-12-03,2
EVT-006253,APP-00915,background_check,2024-12-04,1
EVT-006254,APP-00916,screened,2025-01-08,0
EVT-006255,APP-00916,submitted,2025-01-09,1
EVT-006256,APP-00916,client_interview_1,2025-01-18,9
EVT-006257,APP-00916,offer_extended,2025-01-27,9
EVT-006258,APP-00916,offer_accepted,2025-01-31,4
EVT-006259,APP-00916,background_check,2025-02-03,3
EVT-006260,APP-00916,start_date,2025-02-27,24
EVT-006261,APP-00917,screened,2025-01-31,0
EVT-006262,APP-00917,submitted,2025-02-04,4
EVT-006263,APP-00917,client_interview_1,2025-02-08,4
EVT-006264,APP-00917,offer_extended,2025-02-12,4
EVT-006265,APP-00917,offer_accepted,2025-02-13,1
EVT-006266,APP-00917,background_check,2025-02-16,3
EVT-006267,APP-00917,onboarding_docs_sent,2025-02-20,4
EVT-006268,APP-00917,start_date,2025-02-27,7
EVT-006269,APP-00918,screened,2024-11-21,0
EVT-006270,APP-00918,submitted,2024-11-22,1
EVT-006271,APP-00918,client_interview_1,2024-12-06,14
EVT-006272,APP-00918,offer_extended,2024-12-22,16
EVT-006273,APP-00919,screened,2025-03-16,0
EVT-006274,APP-00919,submitted,2025-03-17,1
EVT-006275,APP-00919,client_interview_1,2025-03-20,3
EVT-006276,APP-00919,client_interview_2,2025-03-28,8
EVT-006277,APP-00919,offer_extended,2025-03-30,2
EVT-006278,APP-00919,offer_accepted,2025-04-05,6
EVT-006279,APP-00919,background_check,2025-04-13,8
EVT-006280,APP-00919,onboarding_docs_sent,2025-04-23,10
EVT-006281,APP-00919,start_date,2025-04-28,5
EVT-006282,APP-00920,screened,2024-12-20,0
EVT-006283,APP-00920,submitted,2024-12-24,4
EVT-006284,APP-00920,client_interview_1,2025-01-04,11
EVT-006285,APP-00920,offer_extended,2025-01-07,3
EVT-006286,APP-00920,offer_accepted,2025-01-12,5
EVT-006287,APP-00920,background_check,2025-01-17,5
EVT-006288,APP-00920,onboarding_docs_sent,2025-01-22,5
EVT-006289,APP-00920,start_date,2025-01-25,3
EVT-006290,APP-00921,screened,2024-10-25,0
EVT-006291,APP-00921,submitted,2024-10-28,3
EVT-006292,APP-00921,client_interview_1,2024-11-15,18
EVT-006293,APP-00921,offer_extended,2024-11-23,8
EVT-006294,APP-00921,offer_accepted,2024-11-29,6
EVT-006295,APP-00921,start_date,2024-12-03,4
EVT-006296,APP-00922,screened,2025-05-07,0
EVT-006297,APP-00922,submitted,2025-05-08,1
EVT-006298,APP-00922,client_interview_1,2025-05-19,11
EVT-006299,APP-00922,offer_extended,2025-06-04,16
EVT-006300,APP-00922,offer_accepted,2025-06-07,3
EVT-006301,APP-00922,background_check,2025-06-14,7
EVT-006302,APP-00923,screened,2024-12-16,0
EVT-006303,APP-00923,submitted,2024-12-19,3
EVT-006304,APP-00923,client_interview_1,2024-12-21,2
EVT-006305,APP-00923,offer_extended,2024-12-23,2
EVT-006306,APP-00924,screened,2024-12-16,0
EVT-006307,APP-00924,client_interview_1,2024-12-18,2
EVT-006308,APP-00924,submitted,2024-12-20,2
EVT-006309,APP-00924,offer_extended,2024-12-28,8
EVT-006310,APP-00924,offer_accepted,2024-12-30,2
EVT-006311,APP-00924,background_check,2025-01-03,4
EVT-006312,APP-00924,onboarding_docs_sent,2025-01-10,7
EVT-006313,APP-00924,start_date,2025-02-08,29
EVT-006314,APP-00925,screened,2024-11-17,0
EVT-006315,APP-00925,submitted,2024-11-20,3
EVT-006316,APP-00925,client_interview_1,2024-11-24,4
EVT-006317,APP-00925,offer_extended,2024-12-10,16
EVT-006318,APP-00925,offer_accepted,2024-12-13,3
EVT-006319,APP-00925,onboarding_docs_sent,2024-12-19,6
EVT-006320,APP-00925,start_date,2024-12-20,1
EVT-006321,APP-00926,screened,2025-02-14,0
EVT-006322,APP-00926,submitted,2025-02-15,1
EVT-006323,APP-00926,client_interview_1,2025-02-19,4
EVT-006324,APP-00926,client_interview_2,2025-02-22,3
EVT-006325,APP-00926,offer_extended,2025-03-01,7
EVT-006326,APP-00926,offer_accepted,2025-03-05,4
EVT-006327,APP-00926,background_check,2025-03-13,8
EVT-006328,APP-00926,onboarding_docs_sent,2025-03-22,9
EVT-006329,APP-00926,start_date,2025-03-28,6
EVT-006330,APP-00927,screened,2024-04-07,0
EVT-006331,APP-00927,submitted,2024-04-10,3
EVT-006332,APP-00927,client_interview_1,2024-04-23,13
EVT-006333,APP-00927,client_interview_2,2024-04-25,2
EVT-006334,APP-00927,offer_extended,2024-04-29,4
EVT-006335,APP-00927,offer_accepted,2024-04-30,1
EVT-006336,APP-00927,background_check,2024-05-01,1
EVT-006337,APP-00927,start_date,2024-06-06,36
EVT-006338,APP-00928,screened,2025-01-13,0
EVT-006339,APP-00928,submitted,2025-01-14,1
EVT-006340,APP-00928,client_interview_1,2025-01-29,15
EVT-006341,APP-00928,offer_extended,2025-02-10,12
EVT-006342,APP-00929,screened,2024-12-17,0
EVT-006343,APP-00929,submitted,2024-12-18,1
EVT-006344,APP-00929,client_interview_1,2024-12-31,13
EVT-006345,APP-00929,offer_extended,2025-01-03,3
EVT-006346,APP-00929,offer_accepted,2025-01-07,4
EVT-006347,APP-00929,background_check,2025-01-10,3
EVT-006348,APP-00929,start_date,2025-02-03,24
EVT-006349,APP-00930,screened,2024-07-05,0
EVT-006350,APP-00930,submitted,2024-07-08,3
EVT-006351,APP-00930,client_interview_1,2024-07-20,12
EVT-006352,APP-00930,client_interview_2,2024-07-23,3
EVT-006353,APP-00930,offer_extended,2024-07-24,1
EVT-006354,APP-00930,offer_accepted,2024-07-29,5
EVT-006355,APP-00930,background_check,2024-08-07,9
EVT-006356,APP-00931,screened,2025-03-15,0
EVT-006357,APP-00931,submitted,2025-03-19,4
EVT-006358,APP-00931,client_interview_1,2025-03-27,8
EVT-006359,APP-00931,offer_extended,2025-04-13,17
EVT-006360,APP-00931,offer_accepted,2025-04-15,2
EVT-006361,APP-00931,background_check,2025-04-21,6
EVT-006362,APP-00931,onboarding_docs_sent,2025-05-11,20
EVT-006363,APP-00931,start_date,2025-05-11,0
EVT-006364,APP-00932,screened,2025-07-28,0
EVT-006365,APP-00932,submitted,2025-07-29,1
EVT-006366,APP-00932,client_interview_1,2025-08-08,10
EVT-006367,APP-00932,client_interview_2,2025-08-15,7
EVT-006368,APP-00932,offer_extended,2025-08-26,11
EVT-006369,APP-00932,offer_accepted,2025-08-31,5
EVT-006370,APP-00932,onboarding_docs_sent,2025-09-26,26
EVT-006371,APP-00932,start_date,2025-10-18,22
EVT-006372,APP-00933,screened,2024-10-13,0
EVT-006373,APP-00933,submitted,2024-10-17,4
EVT-006374,APP-00933,client_interview_1,2024-10-27,10
EVT-006375,APP-00933,offer_extended,2024-10-31,4
EVT-006376,APP-00933,offer_accepted,2024-10-31,0
EVT-006377,APP-00933,background_check,2024-11-03,3
EVT-006378,APP-00933,onboarding_docs_sent,2024-11-16,13
EVT-006379,APP-00933,start_date,2024-11-18,2
EVT-006380,APP-00934,screened,2024-11-08,0
EVT-006381,APP-00934,submitted,2024-11-12,4
EVT-006382,APP-00934,client_interview_1,2024-11-26,14
EVT-006383,APP-00934,client_interview_2,2024-11-29,3
EVT-006384,APP-00934,offer_extended,2024-12-14,15
EVT-006385,APP-00934,offer_accepted,2024-12-17,3
EVT-006386,APP-00934,onboarding_docs_sent,2025-01-02,16
EVT-006387,APP-00934,start_date,2025-01-14,12
EVT-006388,APP-00935,screened,2025-01-20,0
EVT-006389,APP-00935,submitted,2025-01-21,1
EVT-006390,APP-00935,client_interview_1,2025-01-26,5
EVT-006391,APP-00935,client_interview_2,2025-02-01,6
EVT-006392,APP-00935,offer_extended,2025-02-04,3
EVT-006393,APP-00935,offer_accepted,2025-02-07,3
EVT-006394,APP-00935,background_check,2025-02-08,1
EVT-006395,APP-00935,start_date,2025-03-09,29
EVT-006396,APP-00936,screened,2025-04-22,0
EVT-006397,APP-00936,submitted,2025-04-23,1
EVT-006398,APP-00936,client_interview_1,2025-05-08,15
EVT-006399,APP-00936,offer_extended,2025-05-23,15
EVT-006400,APP-00936,offer_accepted,2025-05-24,1
EVT-006401,APP-00936,background_check,2025-06-16,23
EVT-006402,APP-00937,screened,2024-03-10,0
EVT-006403,APP-00937,submitted,2024-03-13,3
EVT-006404,APP-00937,client_interview_1,2024-03-28,15
EVT-006405,APP-00937,offer_extended,2024-04-03,6
EVT-006406,APP-00937,offer_accepted,2024-04-07,4
EVT-006407,APP-00937,onboarding_docs_sent,2024-04-16,9
EVT-006408,APP-00937,start_date,2024-04-21,5
EVT-006409,APP-00938,screened,2024-05-20,0
EVT-006410,APP-00938,submitted,2024-05-24,4
EVT-006411,APP-00938,client_interview_1,2024-05-26,2
EVT-006412,APP-00938,offer_extended,2024-06-02,7
EVT-006413,APP-00938,offer_accepted,2024-06-05,3
EVT-006414,APP-00938,background_check,2024-06-07,2
EVT-006415,APP-00938,onboarding_docs_sent,2024-06-11,4
EVT-006416,APP-00938,start_date,2024-06-12,1
EVT-006417,APP-00939,screened,2024-11-26,0
EVT-006418,APP-00939,client_interview_1,2024-11-27,1
EVT-006419,APP-00939,submitted,2024-11-30,3
EVT-006420,APP-00939,client_interview_2,2024-12-07,7
EVT-006421,APP-00939,offer_extended,2024-12-12,5
EVT-006422,APP-00939,offer_accepted,2024-12-12,0
EVT-006423,APP-00939,onboarding_docs_sent,2025-01-07,26
EVT-006424,APP-00939,start_date,2025-01-13,6
EVT-006425,APP-00940,screened,2024-04-15,0
EVT-006426,APP-00940,submitted,2024-04-19,4
EVT-006427,APP-00940,client_interview_1,2024-04-27,8
EVT-006428,APP-00940,client_interview_2,2024-04-30,3
EVT-006429,APP-00940,offer_extended,2024-05-03,3
EVT-006430,APP-00940,offer_accepted,2024-05-06,3
EVT-006431,APP-00940,background_check,2024-05-12,6
EVT-006432,APP-00940,onboarding_docs_sent,2024-05-31,19
EVT-006433,APP-00940,start_date,2024-06-24,24
EVT-006434,APP-00941,screened,2024-12-28,0
EVT-006435,APP-00941,submitted,2024-12-30,2
EVT-006436,APP-00941,client_interview_1,2024-12-30,0
EVT-006437,APP-00941,client_interview_2,2025-01-01,2
EVT-006438,APP-00941,offer_extended,2025-01-03,2
EVT-006439,APP-00942,screened,2024-04-20,0
EVT-006440,APP-00942,submitted,2024-04-22,2
EVT-006441,APP-00942,client_interview_1,2024-04-29,7
EVT-006442,APP-00942,client_interview_2,2024-05-07,8
EVT-006443,APP-00942,offer_extended,2024-05-16,9
EVT-006444,APP-00942,offer_accepted,2024-05-21,5
EVT-006445,APP-00942,onboarding_docs_sent,2024-05-27,6
EVT-006446,APP-00942,start_date,2024-05-30,3
EVT-006447,APP-00943,screened,2024-09-26,0
EVT-006448,APP-00943,submitted,2024-09-27,1
EVT-006449,APP-00943,client_interview_1,2024-10-10,13
EVT-006450,APP-00943,offer_extended,2024-10-24,14
EVT-006451,APP-00943,offer_accepted,2024-10-26,2
EVT-006452,APP-00943,background_check,2024-10-30,4
EVT-006453,APP-00943,onboarding_docs_sent,2024-11-15,16
EVT-006454,APP-00943,start_date,2024-11-25,10
EVT-006455,APP-00944,screened,2025-05-22,0
EVT-006456,APP-00944,submitted,2025-05-24,2
EVT-006457,APP-00944,client_interview_1,2025-06-10,17
EVT-006458,APP-00944,offer_extended,2025-06-28,18
EVT-006459,APP-00944,offer_accepted,2025-07-04,6
EVT-006460,APP-00944,background_check,2025-07-09,5
EVT-006461,APP-00944,onboarding_docs_sent,2025-07-17,8
EVT-006462,APP-00944,start_date,2025-07-21,4
EVT-006463,APP-00945,screened,2024-07-05,0
EVT-006464,APP-00945,submitted,2024-07-06,1
EVT-006465,APP-00945,client_interview_1,2024-07-14,8
EVT-006466,APP-00945,client_interview_2,2024-07-21,7
EVT-006467,APP-00945,offer_extended,2024-07-29,8
EVT-006468,APP-00945,offer_accepted,2024-08-02,4
EVT-006469,APP-00945,background_check,2024-08-04,2
EVT-006470,APP-00946,screened,2024-07-18,0
EVT-006471,APP-00946,submitted,2024-07-19,1
EVT-006472,APP-00946,client_interview_1,2024-07-26,7
EVT-006473,APP-00946,client_interview_2,2024-08-05,10
EVT-006474,APP-00946,offer_extended,2024-08-12,7
EVT-006475,APP-00946,offer_accepted,2024-08-15,3
EVT-006476,APP-00946,background_check,2024-08-18,3
EVT-006477,APP-00946,onboarding_docs_sent,2024-08-27,9
EVT-006478,APP-00946,start_date,2024-08-29,2
EVT-006479,APP-00947,screened,2025-07-03,0
EVT-006480,APP-00947,submitted,2025-07-04,1
EVT-006481,APP-00947,client_interview_1,2025-07-12,8
EVT-006482,APP-00947,offer_extended,2025-07-30,18
EVT-006483,APP-00947,offer_accepted,2025-08-05,6
EVT-006484,APP-00947,background_check,2025-08-06,1
EVT-006485,APP-00947,onboarding_docs_sent,2025-08-09,3
EVT-006486,APP-00947,start_date,2025-08-13,4
EVT-006487,APP-00948,screened,2024-06-06,0
EVT-006488,APP-00948,submitted,2024-06-08,2
EVT-006489,APP-00948,client_interview_1,2024-06-09,1
EVT-006490,APP-00948,offer_extended,2024-06-22,13
EVT-006491,APP-00948,offer_accepted,2024-06-23,1
EVT-006492,APP-00948,background_check,2024-06-27,4
EVT-006493,APP-00949,screened,2024-09-15,0
EVT-006494,APP-00949,submitted,2024-09-17,2
EVT-006495,APP-00949,client_interview_1,2024-09-21,4
EVT-006496,APP-00949,offer_extended,2024-10-07,16
EVT-006497,APP-00950,screened,2025-04-11,0
EVT-006498,APP-00950,submitted,2025-04-12,1
EVT-006499,APP-00950,client_interview_1,2025-04-19,7
EVT-006500,APP-00950,offer_extended,2025-04-23,4
EVT-006501,APP-00950,offer_accepted,2025-04-25,2
EVT-006502,APP-00950,background_check,2025-04-27,2
EVT-006503,APP-00950,start_date,2025-05-09,12
EVT-006504,APP-00951,screened,2025-05-28,0
EVT-006505,APP-00951,submitted,2025-05-29,1
EVT-006506,APP-00951,client_interview_1,2025-06-10,12
EVT-006507,APP-00951,offer_extended,2025-06-13,3
EVT-006508,APP-00952,screened,2024-04-19,0
EVT-006509,APP-00952,submitted,2024-04-20,1
EVT-006510,APP-00952,client_interview_1,2024-04-22,2
EVT-006511,APP-00952,offer_extended,2024-04-24,2
EVT-006512,APP-00952,offer_accepted,2024-04-25,1
EVT-006513,APP-00952,background_check,2024-05-02,7
EVT-006514,APP-00952,onboarding_docs_sent,2024-05-03,1
EVT-006515,APP-00953,screened,2024-06-14,0
EVT-006516,APP-00953,submitted,2024-06-17,3
EVT-006517,APP-00953,client_interview_1,2024-07-01,14
EVT-006518,APP-00953,offer_extended,2024-07-12,11
EVT-006519,APP-00954,screened,2025-05-18,0
EVT-006520,APP-00954,submitted,2025-05-19,1
EVT-006521,APP-00954,client_interview_1,2025-06-06,18
EVT-006522,APP-00954,offer_extended,2025-06-14,8
EVT-006523,APP-00954,offer_accepted,2025-06-19,5
EVT-006524,APP-00954,background_check,2025-06-21,2
EVT-006525,APP-00954,onboarding_docs_sent,2025-06-25,4
EVT-006526,APP-00954,start_date,2025-06-28,3
EVT-006527,APP-00955,screened,2024-07-20,0
EVT-006528,APP-00955,submitted,2024-07-23,3
EVT-006529,APP-00955,client_interview_1,2024-08-07,15
EVT-006530,APP-00955,offer_extended,2024-08-14,7
EVT-006531,APP-00956,screened,2025-04-17,0
EVT-006532,APP-00956,submitted,2025-04-19,2
EVT-006533,APP-00956,client_interview_1,2025-04-28,9
EVT-006534,APP-00956,offer_extended,2025-05-15,17
EVT-006535,APP-00957,screened,2024-03-28,0
EVT-006536,APP-00957,submitted,2024-03-30,2
EVT-006537,APP-00957,client_interview_1,2024-04-05,6
EVT-006538,APP-00957,client_interview_2,2024-04-13,8
EVT-006539,APP-00957,offer_extended,2024-04-21,8
EVT-006540,APP-00957,offer_accepted,2024-04-23,2
EVT-006541,APP-00957,background_check,2024-04-24,1
EVT-006542,APP-00957,start_date,2024-05-21,27
EVT-006543,APP-00958,screened,2024-10-02,0
EVT-006544,APP-00958,submitted,2024-10-03,1
EVT-006545,APP-00958,client_interview_1,2024-10-18,15
EVT-006546,APP-00958,client_interview_2,2024-10-21,3
EVT-006547,APP-00958,offer_extended,2024-10-27,6
EVT-006548,APP-00958,offer_accepted,2024-10-27,0
EVT-006549,APP-00958,background_check,2024-11-01,5
EVT-006550,APP-00958,onboarding_docs_sent,2024-11-11,10
EVT-006551,APP-00958,start_date,2024-11-15,4
EVT-006552,APP-00959,screened,2025-06-29,0
EVT-006553,APP-00959,submitted,2025-07-01,2
EVT-006554,APP-00959,client_interview_1,2025-07-13,12
EVT-006555,APP-00959,client_interview_2,2025-07-19,6
EVT-006556,APP-00959,offer_extended,2025-07-29,10
EVT-006557,APP-00959,offer_accepted,2025-08-01,3
EVT-006558,APP-00959,background_check,2025-08-08,7
EVT-006559,APP-00959,onboarding_docs_sent,2025-08-18,10
EVT-006560,APP-00959,start_date,2025-08-20,2
EVT-006561,APP-00960,screened,2024-10-24,0
EVT-006562,APP-00960,submitted,2024-10-26,2
EVT-006563,APP-00960,client_interview_1,2024-11-05,10
EVT-006564,APP-00960,offer_extended,2024-11-21,16
EVT-006565,APP-00960,offer_accepted,2024-11-24,3
EVT-006566,APP-00960,background_check,2024-11-26,2
EVT-006567,APP-00960,onboarding_docs_sent,2024-12-05,9
EVT-006568,APP-00960,start_date,2024-12-09,4
EVT-006569,APP-00961,screened,2025-02-14,0
EVT-006570,APP-00961,submitted,2025-02-18,4
EVT-006571,APP-00961,client_interview_1,2025-02-25,7
EVT-006572,APP-00961,client_interview_2,2025-03-02,5
EVT-006573,APP-00961,offer_extended,2025-03-03,1
EVT-006574,APP-00961,offer_accepted,2025-03-07,4
EVT-006575,APP-00961,background_check,2025-03-09,2
EVT-006576,APP-00962,screened,2025-03-01,0
EVT-006577,APP-00962,submitted,2025-03-03,2
EVT-006578,APP-00962,client_interview_1,2025-03-19,16
EVT-006579,APP-00962,offer_extended,2025-03-23,4
EVT-006580,APP-00962,offer_accepted,2025-03-28,5
EVT-006581,APP-00962,background_check,2025-04-01,4
EVT-006582,APP-00962,onboarding_docs_sent,2025-04-01,0
EVT-006583,APP-00962,start_date,2025-04-04,3
EVT-006584,APP-00963,screened,2024-03-13,0
EVT-006585,APP-00963,submitted,2024-03-15,2
EVT-006586,APP-00963,client_interview_1,2024-03-21,6
EVT-006587,APP-00963,offer_extended,2024-04-03,13
EVT-006588,APP-00964,screened,2024-11-03,0
EVT-006589,APP-00964,submitted,2024-11-07,4
EVT-006590,APP-00964,client_interview_1,2024-11-19,12
EVT-006591,APP-00964,client_interview_2,2024-11-21,2
EVT-006592,APP-00964,offer_extended,2024-12-03,12
EVT-006593,APP-00964,offer_accepted,2024-12-09,6
EVT-006594,APP-00964,background_check,2024-12-15,6
EVT-006595,APP-00964,onboarding_docs_sent,2024-12-24,9
EVT-006596,APP-00964,start_date,2024-12-27,3
EVT-006597,APP-00965,screened,2025-04-23,0
EVT-006598,APP-00965,submitted,2025-04-26,3
EVT-006599,APP-00965,client_interview_1,2025-04-27,1
EVT-006600,APP-00965,offer_extended,2025-05-11,14
EVT-006601,APP-00965,offer_accepted,2025-05-16,5
EVT-006602,APP-00965,onboarding_docs_sent,2025-06-01,16
EVT-006603,APP-00965,start_date,2025-06-02,1
EVT-006604,APP-00966,screened,2024-02-05,0
EVT-006605,APP-00966,submitted,2024-02-07,2
EVT-006606,APP-00966,client_interview_1,2024-02-21,14
EVT-006607,APP-00966,offer_extended,2024-02-23,2
EVT-006608,APP-00966,offer_accepted,2024-02-23,0
EVT-006609,APP-00966,background_check,2024-02-25,2
EVT-006610,APP-00967,screened,2025-04-21,0
EVT-006611,APP-00967,submitted,2025-04-23,2
EVT-006612,APP-00967,client_interview_1,2025-04-24,1
EVT-006613,APP-00967,offer_extended,2025-05-05,11
EVT-006614,APP-00967,offer_accepted,2025-05-07,2
EVT-006615,APP-00967,background_check,2025-05-13,6
EVT-006616,APP-00967,onboarding_docs_sent,2025-05-23,10
EVT-006617,APP-00967,start_date,2025-05-29,6
EVT-006618,APP-00968,screened,2024-05-01,0
EVT-006619,APP-00968,submitted,2024-05-03,2
EVT-006620,APP-00968,client_interview_1,2024-05-10,7
EVT-006621,APP-00968,offer_extended,2024-05-27,17
EVT-006622,APP-00968,offer_accepted,2024-05-29,2
EVT-006623,APP-00968,background_check,2024-05-31,2
EVT-006624,APP-00968,onboarding_docs_sent,2024-06-24,24
EVT-006625,APP-00968,start_date,2024-06-29,5
EVT-006626,APP-00969,screened,2025-06-05,0
EVT-006627,APP-00969,submitted,2025-06-09,4
EVT-006628,APP-00969,client_interview_1,2025-06-10,1
EVT-006629,APP-00969,offer_extended,2025-06-26,16
EVT-006630,APP-00970,screened,2025-05-18,0
EVT-006631,APP-00970,submitted,2025-05-22,4
EVT-006632,APP-00970,client_interview_1,2025-05-24,2
EVT-006633,APP-00970,offer_extended,2025-06-04,11
EVT-006634,APP-00970,offer_accepted,2025-06-06,2
EVT-006635,APP-00970,background_check,2025-06-13,7
EVT-006636,APP-00970,onboarding_docs_sent,2025-06-13,0
EVT-006637,APP-00970,start_date,2025-06-17,4
EVT-006638,APP-00971,screened,2024-09-20,0
EVT-006639,APP-00971,submitted,2024-09-22,2
EVT-006640,APP-00971,client_interview_1,2024-10-02,10
EVT-006641,APP-00971,client_interview_2,2024-10-06,4
EVT-006642,APP-00971,offer_extended,2024-10-19,13
EVT-006643,APP-00971,offer_accepted,2024-10-23,4
EVT-006644,APP-00971,background_check,2024-10-27,4
EVT-006645,APP-00972,screened,2024-08-17,0
EVT-006646,APP-00972,submitted,2024-08-19,2
EVT-006647,APP-00972,client_interview_1,2024-08-27,8
EVT-006648,APP-00972,client_interview_2,2024-08-29,2
EVT-006649,APP-00972,offer_extended,2024-09-08,10
EVT-006650,APP-00973,screened,2024-09-10,0
EVT-006651,APP-00973,submitted,2024-09-13,3
EVT-006652,APP-00973,client_interview_1,2024-09-30,17
EVT-006653,APP-00973,client_interview_2,2024-10-09,9
EVT-006654,APP-00973,offer_extended,2024-10-17,8
EVT-006655,APP-00974,screened,2024-05-16,0
EVT-006656,APP-00974,client_interview_1,2024-05-18,2
EVT-006657,APP-00974,submitted,2024-05-20,2
EVT-006658,APP-00974,offer_extended,2024-05-23,3
EVT-006659,APP-00974,offer_accepted,2024-05-26,3
EVT-006660,APP-00974,background_check,2024-05-31,5
EVT-006661,APP-00974,onboarding_docs_sent,2024-06-18,18
EVT-006662,APP-00974,start_date,2024-06-23,5
EVT-006663,APP-00975,screened,2024-11-05,0
EVT-006664,APP-00975,submitted,2024-11-07,2
EVT-006665,APP-00975,client_interview_1,2024-11-10,3
EVT-006666,APP-00975,offer_extended,2024-11-13,3
EVT-006667,APP-00975,offer_accepted,2024-11-16,3
EVT-006668,APP-00975,background_check,2024-11-20,4
EVT-006669,APP-00975,onboarding_docs_sent,2024-12-04,14
EVT-006670,APP-00975,start_date,2024-12-16,12
EVT-006671,APP-00976,screened,2024-09-14,0
EVT-006672,APP-00976,submitted,2024-09-15,1
EVT-006673,APP-00976,client_interview_1,2024-09-18,3
EVT-006674,APP-00976,offer_extended,2024-10-03,15
EVT-006675,APP-00976,offer_accepted,2024-10-05,2
EVT-006676,APP-00976,background_check,2024-10-09,4
EVT-006677,APP-00977,screened,2025-01-19,0
EVT-006678,APP-00977,submitted,2025-01-22,3
EVT-006679,APP-00977,client_interview_1,2025-01-26,4
EVT-006680,APP-00977,offer_extended,2025-02-01,6
EVT-006681,APP-00977,offer_accepted,2025-02-03,2
EVT-006682,APP-00977,background_check,2025-02-06,3
EVT-006683,APP-00978,screened,2025-02-26,0
EVT-006684,APP-00978,submitted,2025-03-02,4
EVT-006685,APP-00978,client_interview_1,2025-03-05,3
EVT-006686,APP-00978,offer_extended,2025-03-12,7
EVT-006687,APP-00979,screened,2025-01-23,0
EVT-006688,APP-00979,client_interview_1,2025-01-26,3
EVT-006689,APP-00979,submitted,2025-01-27,1
EVT-006690,APP-00979,offer_extended,2025-02-06,10
EVT-006691,APP-00979,offer_accepted,2025-02-11,5
EVT-006692,APP-00979,background_check,2025-02-18,7
EVT-006693,APP-00980,screened,2024-11-05,0
EVT-006694,APP-00980,submitted,2024-11-09,4
EVT-006695,APP-00980,client_interview_1,2024-11-16,7
EVT-006696,APP-00980,offer_extended,2024-11-25,9
EVT-006697,APP-00980,offer_accepted,2024-11-27,2
EVT-006698,APP-00980,background_check,2024-11-29,2
EVT-006699,APP-00980,onboarding_docs_sent,2024-12-23,24
EVT-006700,APP-00981,screened,2024-05-17,0
EVT-006701,APP-00981,submitted,2024-05-18,1
EVT-006702,APP-00981,client_interview_1,2024-06-01,14
EVT-006703,APP-00981,offer_extended,2024-06-11,10
EVT-006704,APP-00982,screened,2024-12-22,0
EVT-006705,APP-00982,submitted,2024-12-24,2
EVT-006706,APP-00982,client_interview_1,2024-12-30,6
EVT-006707,APP-00982,offer_extended,2025-01-04,5
EVT-006708,APP-00982,offer_accepted,2025-01-05,1
EVT-006709,APP-00982,background_check,2025-01-07,2
EVT-006710,APP-00983,screened,2024-12-10,0
EVT-006711,APP-00983,submitted,2024-12-14,4
EVT-006712,APP-00983,client_interview_1,2024-12-28,14
EVT-006713,APP-00983,offer_extended,2025-01-05,8
EVT-006714,APP-00983,offer_accepted,2025-01-06,1
EVT-006715,APP-00983,background_check,2025-01-14,8
EVT-006716,APP-00983,start_date,2025-01-15,1
EVT-006717,APP-00984,screened,2025-04-07,0
EVT-006718,APP-00984,client_interview_1,2025-04-10,3
EVT-006719,APP-00984,submitted,2025-04-11,1
EVT-006720,APP-00984,offer_extended,2025-04-22,11
EVT-006721,APP-00984,offer_accepted,2025-04-22,0
EVT-006722,APP-00984,background_check,2025-04-29,7
EVT-006723,APP-00984,onboarding_docs_sent,2025-04-30,1
EVT-006724,APP-00984,start_date,2025-05-10,10
EVT-006725,APP-00985,screened,2025-06-02,0
EVT-006726,APP-00985,submitted,2025-06-03,1
EVT-006727,APP-00985,client_interview_1,2025-06-09,6
EVT-006728,APP-00985,offer_extended,2025-06-23,14
EVT-006729,APP-00986,screened,2025-06-26,0
EVT-006730,APP-00986,submitted,2025-06-30,4
EVT-006731,APP-00986,client_interview_1,2025-07-05,5
EVT-006732,APP-00986,offer_extended,2025-07-12,7
EVT-006733,APP-00986,offer_accepted,2025-07-17,5
EVT-006734,APP-00986,background_check,2025-07-18,1
EVT-006735,APP-00986,onboarding_docs_sent,2025-07-27,9
EVT-006736,APP-00986,start_date,2025-07-30,3
EVT-006737,APP-00987,screened,2024-12-01,0
EVT-006738,APP-00987,submitted,2024-12-02,1
EVT-006739,APP-00987,client_interview_1,2024-12-06,4
EVT-006740,APP-00987,offer_extended,2024-12-21,15
EVT-006741,APP-00988,screened,2024-09-04,0
EVT-006742,APP-00988,submitted,2024-09-05,1
EVT-006743,APP-00988,client_interview_1,2024-09-22,17
EVT-006744,APP-00988,offer_extended,2024-09-30,8
EVT-006745,APP-00988,offer_accepted,2024-10-03,3
EVT-006746,APP-00989,screened,2024-05-01,0
EVT-006747,APP-00989,submitted,2024-05-02,1
EVT-006748,APP-00989,client_interview_1,2024-05-02,0
EVT-006749,APP-00989,client_interview_2,2024-05-09,7
EVT-006750,APP-00989,offer_extended,2024-05-13,4
EVT-006751,APP-00989,offer_accepted,2024-05-15,2
EVT-006752,APP-00989,background_check,2024-05-16,1
EVT-006753,APP-00989,onboarding_docs_sent,2024-05-24,8
EVT-006754,APP-00989,start_date,2024-05-26,2
EVT-006755,APP-00990,screened,2025-04-21,0
EVT-006756,APP-00990,submitted,2025-04-23,2
EVT-006757,APP-00990,client_interview_1,2025-05-02,9
EVT-006758,APP-00990,client_interview_2,2025-05-09,7
EVT-006759,APP-00990,offer_extended,2025-05-19,10
EVT-006760,APP-00991,screened,2024-12-31,0
EVT-006761,APP-00991,submitted,2025-01-01,1
EVT-006762,APP-00991,client_interview_1,2025-01-02,1
EVT-006763,APP-00991,offer_extended,2025-01-19,17
EVT-006764,APP-00991,offer_accepted,2025-01-23,4
EVT-006765,APP-00991,background_check,2025-01-27,4
EVT-006766,APP-00991,start_date,2025-02-18,22
EVT-006767,APP-00992,screened,2025-01-10,0
EVT-006768,APP-00992,client_interview_1,2025-01-12,2
EVT-006769,APP-00992,submitted,2025-01-13,1
EVT-006770,APP-00992,offer_extended,2025-01-18,5
EVT-006771,APP-00993,screened,2024-04-12,0
EVT-006772,APP-00993,client_interview_1,2024-04-13,1
EVT-006773,APP-00993,submitted,2024-04-15,2
EVT-006774,APP-00993,client_interview_2,2024-04-20,5
EVT-006775,APP-00993,offer_extended,2024-04-25,5
EVT-006776,APP-00993,offer_accepted,2024-04-25,0
EVT-006777,APP-00993,background_check,2024-05-03,8
EVT-006778,APP-00993,onboarding_docs_sent,2024-05-21,18
EVT-006779,APP-00993,start_date,2024-05-22,1
EVT-006780,APP-00994,screened,2025-06-15,0
EVT-006781,APP-00994,submitted,2025-06-18,3
EVT-006782,APP-00994,client_interview_1,2025-06-25,7
EVT-006783,APP-00994,offer_extended,2025-07-02,7
EVT-006784,APP-00994,offer_accepted,2025-07-06,4
EVT-006785,APP-00994,background_check,2025-07-08,2
EVT-006786,APP-00994,onboarding_docs_sent,2025-07-31,23
EVT-006787,APP-00994,start_date,2025-08-04,4
EVT-006788,APP-00995,screened,2024-09-23,0
EVT-006789,APP-00995,submitted,2024-09-24,1
EVT-006790,APP-00995,client_interview_1,2024-10-12,18
EVT-006791,APP-00995,client_interview_2,2024-10-16,4
EVT-006792,APP-00995,offer_extended,2024-10-18,2
EVT-006793,APP-00995,offer_accepted,2024-10-23,5
EVT-006794,APP-00995,background_check,2024-10-25,2
EVT-006795,APP-00995,onboarding_docs_sent,2024-11-02,8
EVT-006796,APP-00995,start_date,2024-11-04,2
EVT-006797,APP-00996,screened,2024-12-10,0
EVT-006798,APP-00996,submitted,2024-12-12,2
EVT-006799,APP-00996,client_interview_1,2024-12-13,1
EVT-006800,APP-00996,offer_extended,2024-12-24,11
EVT-006801,APP-00996,offer_accepted,2024-12-26,2
EVT-006802,APP-00997,screened,2025-04-26,0
EVT-006803,APP-00997,submitted,2025-04-29,3
EVT-006804,APP-00997,client_interview_1,2025-05-02,3
EVT-006805,APP-00997,offer_extended,2025-05-06,4
EVT-006806,APP-00997,offer_accepted,2025-05-07,1
EVT-006807,APP-00998,screened,2024-03-12,0
EVT-006808,APP-00998,submitted,2024-03-15,3
EVT-006809,APP-00998,client_interview_1,2024-03-19,4
EVT-006810,APP-00998,offer_extended,2024-03-30,11
EVT-006811,APP-00998,offer_accepted,2024-04-05,6
EVT-006812,APP-00998,background_check,2024-04-06,1
EVT-006813,APP-00998,onboarding_docs_sent,2024-04-29,23
EVT-006814,APP-00998,start_date,2024-04-30,1
EVT-006815,APP-00999,screened,2025-07-29,0
EVT-006816,APP-00999,submitted,2025-07-31,2
EVT-006817,APP-00999,client_interview_1,2025-08-19,19
EVT-006818,APP-00999,offer_extended,2025-08-31,12
EVT-006819,APP-00999,offer_accepted,2025-09-03,3
EVT-006820,APP-00999,background_check,2025-09-09,6
EVT-006821,APP-00999,onboarding_docs_sent,2025-09-14,5
EVT-006822,APP-00999,start_date,2025-09-17,3
EVT-006823,APP-01000,screened,2025-03-30,0
EVT-006824,APP-01000,submitted,2025-04-03,4
EVT-006825,APP-01000,client_interview_1,2025-04-15,12
EVT-006826,APP-01000,offer_extended,2025-04-28,13
EVT-006827,APP-01001,screened,2025-02-11,0
EVT-006828,APP-01001,submitted,2025-02-15,4
EVT-006829,APP-01001,client_interview_1,2025-02-23,8
EVT-006830,APP-01001,client_interview_2,2025-02-27,4
EVT-006831,APP-01001,offer_extended,2025-03-01,2
EVT-006832,APP-01001,offer_accepted,2025-03-05,4
EVT-006833,APP-01001,background_check,2025-03-09,4
EVT-006834,APP-01002,screened,2024-02-27,0
EVT-006835,APP-01002,submitted,2024-03-01,3
EVT-006836,APP-01002,client_interview_1,2024-03-06,5
EVT-006837,APP-01002,client_interview_2,2024-03-13,7
EVT-006838,APP-01002,offer_extended,2024-03-18,5
EVT-006839,APP-01002,offer_accepted,2024-03-23,5
EVT-006840,APP-01002,start_date,2024-04-14,22
EVT-006841,APP-01003,screened,2025-01-07,0
EVT-006842,APP-01003,submitted,2025-01-09,2
EVT-006843,APP-01003,client_interview_1,2025-01-16,7
EVT-006844,APP-01003,client_interview_2,2025-01-25,9
EVT-006845,APP-01003,offer_extended,2025-02-01,7
EVT-006846,APP-01003,offer_accepted,2025-02-03,2
EVT-006847,APP-01003,onboarding_docs_sent,2025-02-10,7
EVT-006848,APP-01003,start_date,2025-02-18,8
EVT-006849,APP-01004,screened,2025-02-11,0
EVT-006850,APP-01004,submitted,2025-02-13,2
EVT-006851,APP-01004,client_interview_1,2025-03-02,17
EVT-006852,APP-01004,offer_extended,2025-03-05,3
EVT-006853,APP-01004,offer_accepted,2025-03-07,2
EVT-006854,APP-01004,background_check,2025-03-10,3
EVT-006855,APP-01004,onboarding_docs_sent,2025-04-05,26
EVT-006856,APP-01004,start_date,2025-04-12,7
EVT-006857,APP-01005,screened,2024-06-15,0
EVT-006858,APP-01005,submitted,2024-06-18,3
EVT-006859,APP-01005,client_interview_1,2024-06-23,5
EVT-006860,APP-01005,offer_extended,2024-07-06,13
EVT-006861,APP-01005,offer_accepted,2024-07-08,2
EVT-006862,APP-01005,background_check,2024-07-13,5
EVT-006863,APP-01006,screened,2025-07-23,0
EVT-006864,APP-01006,submitted,2025-07-26,3
EVT-006865,APP-01006,client_interview_1,2025-08-05,10
EVT-006866,APP-01006,client_interview_2,2025-08-15,10
EVT-006867,APP-01006,offer_extended,2025-08-22,7
EVT-006868,APP-01006,offer_accepted,2025-08-28,6
EVT-006869,APP-01006,background_check,2025-09-03,6
EVT-006870,APP-01006,start_date,2025-09-08,5
EVT-006871,APP-01007,screened,2024-05-05,0
EVT-006872,APP-01007,submitted,2024-05-08,3
EVT-006873,APP-01007,client_interview_1,2024-05-14,6
EVT-006874,APP-01007,offer_extended,2024-06-01,18
EVT-006875,APP-01007,offer_accepted,2024-06-01,0
EVT-006876,APP-01007,onboarding_docs_sent,2024-06-23,22
EVT-006877,APP-01008,screened,2024-07-19,0
EVT-006878,APP-01008,submitted,2024-07-23,4
EVT-006879,APP-01008,client_interview_1,2024-07-31,8
EVT-006880,APP-01008,offer_extended,2024-08-18,18
EVT-006881,APP-01009,screened,2024-06-16,0
EVT-006882,APP-01009,submitted,2024-06-20,4
EVT-006883,APP-01009,client_interview_1,2024-06-22,2
EVT-006884,APP-01009,offer_extended,2024-07-05,13
EVT-006885,APP-01009,offer_accepted,2024-07-08,3
EVT-006886,APP-01009,background_check,2024-07-14,6
EVT-006887,APP-01009,onboarding_docs_sent,2024-07-24,10
EVT-006888,APP-01009,start_date,2024-08-04,11
EVT-006889,APP-01010,screened,2024-04-16,0
EVT-006890,APP-01010,submitted,2024-04-19,3
EVT-006891,APP-01010,client_interview_1,2024-04-22,3
EVT-006892,APP-01010,offer_extended,2024-05-07,15
EVT-006893,APP-01010,offer_accepted,2024-05-07,0
EVT-006894,APP-01010,background_check,2024-05-10,3
EVT-006895,APP-01011,screened,2024-11-21,0
EVT-006896,APP-01011,submitted,2024-11-24,3
EVT-006897,APP-01011,client_interview_1,2024-12-03,9
EVT-006898,APP-01011,offer_extended,2024-12-11,8
EVT-006899,APP-01012,screened,2025-03-30,0
EVT-006900,APP-01012,submitted,2025-03-31,1
EVT-006901,APP-01012,client_interview_1,2025-04-03,3
EVT-006902,APP-01012,client_interview_2,2025-04-13,10
EVT-006903,APP-01012,offer_extended,2025-04-17,4
EVT-006904,APP-01013,screened,2025-04-10,0
EVT-006905,APP-01013,submitted,2025-04-13,3
EVT-006906,APP-01013,client_interview_1,2025-04-24,11
EVT-006907,APP-01013,client_interview_2,2025-04-29,5
EVT-006908,APP-01013,offer_extended,2025-05-11,12
EVT-006909,APP-01013,offer_accepted,2025-05-16,5
EVT-006910,APP-01013,background_check,2025-05-18,2
EVT-006911,APP-01013,onboarding_docs_sent,2025-06-08,21
EVT-006912,APP-01014,screened,2024-12-19,0
EVT-006913,APP-01014,submitted,2024-12-21,2
EVT-006914,APP-01014,client_interview_1,2024-12-31,10
EVT-006915,APP-01014,offer_extended,2025-01-18,18
EVT-006916,APP-01014,offer_accepted,2025-01-24,6
EVT-006917,APP-01014,start_date,2025-01-29,5
EVT-006918,APP-01015,screened,2024-03-31,0
EVT-006919,APP-01015,submitted,2024-04-01,1
EVT-006920,APP-01015,client_interview_1,2024-04-09,8
EVT-006921,APP-01015,offer_extended,2024-04-24,15
EVT-006922,APP-01015,offer_accepted,2024-04-24,0
EVT-006923,APP-01015,background_check,2024-05-02,8
EVT-006924,APP-01015,onboarding_docs_sent,2024-05-09,7
EVT-006925,APP-01015,start_date,2024-05-14,5
EVT-006926,APP-01016,screened,2024-12-27,0
EVT-006927,APP-01016,submitted,2024-12-30,3
EVT-006928,APP-01016,client_interview_1,2025-01-07,8
EVT-006929,APP-01016,client_interview_2,2025-01-15,8
EVT-006930,APP-01016,offer_extended,2025-01-22,7
EVT-006931,APP-01016,offer_accepted,2025-01-23,1
EVT-006932,APP-01016,background_check,2025-01-29,6
EVT-006933,APP-01016,onboarding_docs_sent,2025-02-03,5
EVT-006934,APP-01016,start_date,2025-02-21,18
EVT-006935,APP-01017,screened,2025-04-30,0
EVT-006936,APP-01017,submitted,2025-05-03,3
EVT-006937,APP-01017,client_interview_1,2025-05-13,10
EVT-006938,APP-01017,offer_extended,2025-05-15,2
EVT-006939,APP-01017,offer_accepted,2025-05-16,1
EVT-006940,APP-01017,onboarding_docs_sent,2025-05-29,13
EVT-006941,APP-01017,start_date,2025-06-11,13
EVT-006942,APP-01018,screened,2024-12-15,0
EVT-006943,APP-01018,submitted,2024-12-19,4
EVT-006944,APP-01018,client_interview_1,2024-12-28,9
EVT-006945,APP-01018,offer_extended,2024-12-31,3
EVT-006946,APP-01018,offer_accepted,2025-01-02,2
EVT-006947,APP-01018,background_check,2025-01-09,7
EVT-006948,APP-01019,screened,2025-04-21,0
EVT-006949,APP-01019,submitted,2025-04-23,2
EVT-006950,APP-01019,client_interview_1,2025-05-01,8
EVT-006951,APP-01019,offer_extended,2025-05-14,13
EVT-006952,APP-01019,offer_accepted,2025-05-14,0
EVT-006953,APP-01019,background_check,2025-05-17,3
EVT-006954,APP-01019,onboarding_docs_sent,2025-06-14,28
EVT-006955,APP-01019,start_date,2025-06-18,4
EVT-006956,APP-01020,screened,2024-10-29,0
EVT-006957,APP-01020,submitted,2024-10-30,1
EVT-006958,APP-01020,client_interview_1,2024-10-30,0
EVT-006959,APP-01020,offer_extended,2024-11-11,12
EVT-006960,APP-01020,offer_accepted,2024-11-16,5
EVT-006961,APP-01020,background_check,2024-11-23,7
EVT-006962,APP-01021,screened,2024-05-30,0
EVT-006963,APP-01021,submitted,2024-05-31,1
EVT-006964,APP-01021,client_interview_1,2024-06-16,16
EVT-006965,APP-01021,client_interview_2,2024-06-22,6
EVT-006966,APP-01021,offer_extended,2024-06-29,7
EVT-006967,APP-01021,offer_accepted,2024-06-29,0
EVT-006968,APP-01021,background_check,2024-07-07,8
EVT-006969,APP-01021,onboarding_docs_sent,2024-07-26,19
EVT-006970,APP-01021,start_date,2024-07-28,2
EVT-006971,APP-01022,screened,2025-03-16,0
EVT-006972,APP-01022,submitted,2025-03-18,2
EVT-006973,APP-01022,client_interview_1,2025-03-29,11
EVT-006974,APP-01022,offer_extended,2025-04-13,15
EVT-006975,APP-01022,offer_accepted,2025-04-13,0
EVT-006976,APP-01022,background_check,2025-04-21,8
EVT-006977,APP-01023,screened,2024-11-12,0
EVT-006978,APP-01023,submitted,2024-11-15,3
EVT-006979,APP-01023,client_interview_1,2024-11-20,5
EVT-006980,APP-01023,offer_extended,2024-11-24,4
EVT-006981,APP-01023,offer_accepted,2024-11-28,4
EVT-006982,APP-01023,background_check,2024-12-06,8
EVT-006983,APP-01023,onboarding_docs_sent,2024-12-06,0
EVT-006984,APP-01023,start_date,2024-12-14,8
EVT-006985,APP-01024,screened,2025-01-12,0
EVT-006986,APP-01024,submitted,2025-01-15,3
EVT-006987,APP-01024,client_interview_1,2025-01-21,6
EVT-006988,APP-01024,client_interview_2,2025-01-30,9
EVT-006989,APP-01024,offer_extended,2025-02-08,9
EVT-006990,APP-01024,offer_accepted,2025-02-12,4
EVT-006991,APP-01024,background_check,2025-02-17,5
EVT-006992,APP-01024,onboarding_docs_sent,2025-02-28,11
EVT-006993,APP-01024,start_date,2025-03-08,8
EVT-006994,APP-01025,screened,2024-08-28,0
EVT-006995,APP-01025,submitted,2024-08-29,1
EVT-006996,APP-01025,client_interview_1,2024-09-15,17
EVT-006997,APP-01025,offer_extended,2024-09-19,4
EVT-006998,APP-01026,screened,2024-11-28,0
EVT-006999,APP-01026,submitted,2024-11-29,1
EVT-007000,APP-01026,client_interview_1,2024-12-11,12
EVT-007001,APP-01026,offer_extended,2024-12-16,5
EVT-007002,APP-01026,offer_accepted,2024-12-22,6
EVT-007003,APP-01026,onboarding_docs_sent,2024-12-29,7
EVT-007004,APP-01026,background_check,2024-12-30,1
EVT-007005,APP-01026,start_date,2025-01-22,23
EVT-007006,APP-01027,screened,2024-02-25,0
EVT-007007,APP-01027,submitted,2024-02-26,1
EVT-007008,APP-01027,client_interview_1,2024-03-14,17
EVT-007009,APP-01027,client_interview_2,2024-03-16,2
EVT-007010,APP-01027,offer_extended,2024-03-31,15
EVT-007011,APP-01027,offer_accepted,2024-04-01,1
EVT-007012,APP-01027,background_check,2024-04-04,3
EVT-007013,APP-01027,onboarding_docs_sent,2024-05-02,28
EVT-007014,APP-01027,start_date,2024-05-04,2
EVT-007015,APP-01028,screened,2024-04-06,0
EVT-007016,APP-01028,submitted,2024-04-10,4
EVT-007017,APP-01028,client_interview_1,2024-04-16,6
EVT-007018,APP-01028,offer_extended,2024-04-26,10
EVT-007019,APP-01028,offer_accepted,2024-04-26,0
EVT-007020,APP-01028,background_check,2024-04-29,3
EVT-007021,APP-01028,onboarding_docs_sent,2024-05-16,17
EVT-007022,APP-01029,screened,2025-06-13,0
EVT-007023,APP-01029,submitted,2025-06-16,3
EVT-007024,APP-01029,client_interview_1,2025-06-23,7
EVT-007025,APP-01029,offer_extended,2025-06-28,5
EVT-007026,APP-01029,offer_accepted,2025-06-29,1
EVT-007027,APP-01029,background_check,2025-07-01,2
EVT-007028,APP-01030,screened,2025-07-06,0
EVT-007029,APP-01030,submitted,2025-07-08,2
EVT-007030,APP-01030,client_interview_1,2025-07-21,13
EVT-007031,APP-01030,offer_extended,2025-08-02,12
EVT-007032,APP-01031,screened,2024-08-28,0
EVT-007033,APP-01031,submitted,2024-08-31,3
EVT-007034,APP-01031,client_interview_1,2024-09-14,14
EVT-007035,APP-01031,offer_extended,2024-09-22,8
EVT-007036,APP-01031,offer_accepted,2024-09-26,4
EVT-007037,APP-01031,background_check,2024-10-01,5
EVT-007038,APP-01031,onboarding_docs_sent,2024-10-18,17
EVT-007039,APP-01031,start_date,2024-10-24,6
EVT-007040,APP-01032,screened,2024-11-06,0
EVT-007041,APP-01032,submitted,2024-11-07,1
EVT-007042,APP-01032,client_interview_1,2024-11-24,17
EVT-007043,APP-01032,offer_extended,2024-12-07,13
EVT-007044,APP-01032,offer_accepted,2024-12-07,0
EVT-007045,APP-01032,background_check,2024-12-10,3
EVT-007046,APP-01033,screened,2024-02-18,0
EVT-007047,APP-01033,submitted,2024-02-20,2
EVT-007048,APP-01033,client_interview_1,2024-03-03,12
EVT-007049,APP-01033,offer_extended,2024-03-18,15
EVT-007050,APP-01033,offer_accepted,2024-03-21,3
EVT-007051,APP-01033,background_check,2024-03-29,8
EVT-007052,APP-01033,onboarding_docs_sent,2024-04-19,21
EVT-007053,APP-01034,screened,2024-10-17,0
EVT-007054,APP-01034,submitted,2024-10-19,2
EVT-007055,APP-01034,client_interview_1,2024-11-01,13
EVT-007056,APP-01034,offer_extended,2024-11-06,5
EVT-007057,APP-01034,offer_accepted,2024-11-06,0
EVT-007058,APP-01034,background_check,2024-11-08,2
EVT-007059,APP-01034,onboarding_docs_sent,2024-11-27,19
EVT-007060,APP-01034,start_date,2024-11-28,1
EVT-007061,APP-01035,screened,2025-03-04,0
EVT-007062,APP-01035,submitted,2025-03-06,2
EVT-007063,APP-01035,client_interview_1,2025-03-19,13
EVT-007064,APP-01035,offer_extended,2025-04-03,15
EVT-007065,APP-01035,offer_accepted,2025-04-05,2
EVT-007066,APP-01035,background_check,2025-04-10,5
EVT-007067,APP-01035,onboarding_docs_sent,2025-05-05,25
EVT-007068,APP-01035,start_date,2025-05-07,2
EVT-007069,APP-01036,screened,2024-06-02,0
EVT-007070,APP-01036,submitted,2024-06-05,3
EVT-007071,APP-01036,client_interview_1,2024-06-12,7
EVT-007072,APP-01036,client_interview_2,2024-06-18,6
EVT-007073,APP-01036,offer_extended,2024-06-30,12
EVT-007074,APP-01037,screened,2024-03-06,0
EVT-007075,APP-01037,submitted,2024-03-07,1
EVT-007076,APP-01037,client_interview_1,2024-03-14,7
EVT-007077,APP-01037,client_interview_2,2024-03-18,4
EVT-007078,APP-01037,offer_extended,2024-03-28,10
EVT-007079,APP-01037,offer_accepted,2024-03-30,2
EVT-007080,APP-01037,background_check,2024-04-04,5
EVT-007081,APP-01037,onboarding_docs_sent,2024-04-05,1
EVT-007082,APP-01037,start_date,2024-04-08,3
EVT-007083,APP-01038,screened,2025-06-20,0
EVT-007084,APP-01038,submitted,2025-06-24,4
EVT-007085,APP-01038,client_interview_1,2025-07-05,11
EVT-007086,APP-01038,offer_extended,2025-07-20,15
EVT-007087,APP-01038,offer_accepted,2025-07-23,3
EVT-007088,APP-01038,background_check,2025-07-25,2
EVT-007089,APP-01038,onboarding_docs_sent,2025-08-08,14
EVT-007090,APP-01038,start_date,2025-08-12,4
EVT-007091,APP-01039,screened,2024-03-23,0
EVT-007092,APP-01039,submitted,2024-03-24,1
EVT-007093,APP-01039,client_interview_1,2024-04-05,12
EVT-007094,APP-01039,offer_extended,2024-04-07,2
EVT-007095,APP-01040,screened,2024-11-20,0
EVT-007096,APP-01040,submitted,2024-11-24,4
EVT-007097,APP-01040,client_interview_1,2024-12-05,11
EVT-007098,APP-01040,client_interview_2,2024-12-11,6
EVT-007099,APP-01040,offer_extended,2024-12-23,12
EVT-007100,APP-01040,offer_accepted,2024-12-29,6
EVT-007101,APP-01040,background_check,2025-01-03,5
EVT-007102,APP-01040,onboarding_docs_sent,2025-01-07,4
EVT-007103,APP-01040,start_date,2025-01-16,9
EVT-007104,APP-01041,screened,2024-08-03,0
EVT-007105,APP-01041,submitted,2024-08-05,2
EVT-007106,APP-01041,client_interview_1,2024-08-15,10
EVT-007107,APP-01041,offer_extended,2024-08-19,4
EVT-007108,APP-01041,offer_accepted,2024-08-19,0
EVT-007109,APP-01041,background_check,2024-08-25,6
EVT-007110,APP-01041,onboarding_docs_sent,2024-09-02,8
EVT-007111,APP-01041,start_date,2024-09-05,3
EVT-007112,APP-01042,screened,2024-09-25,0
EVT-007113,APP-01042,submitted,2024-09-28,3
EVT-007114,APP-01042,client_interview_1,2024-10-12,14
EVT-007115,APP-01042,offer_extended,2024-10-17,5
EVT-007116,APP-01042,offer_accepted,2024-10-23,6
EVT-007117,APP-01042,background_check,2024-10-27,4
EVT-007118,APP-01042,onboarding_docs_sent,2024-11-14,18
EVT-007119,APP-01042,start_date,2024-11-15,1
EVT-007120,APP-01043,screened,2025-01-07,0
EVT-007121,APP-01043,submitted,2025-01-08,1
EVT-007122,APP-01043,client_interview_1,2025-01-10,2
EVT-007123,APP-01043,offer_extended,2025-01-13,3
EVT-007124,APP-01043,offer_accepted,2025-01-18,5
EVT-007125,APP-01043,background_check,2025-01-23,5
EVT-007126,APP-01043,onboarding_docs_sent,2025-02-08,16
EVT-007127,APP-01043,start_date,2025-02-13,5
EVT-007128,APP-01044,screened,2024-03-31,0
EVT-007129,APP-01044,submitted,2024-04-01,1
EVT-007130,APP-01044,client_interview_1,2024-04-11,10
EVT-007131,APP-01044,offer_extended,2024-04-16,5
EVT-007132,APP-01044,offer_accepted,2024-04-21,5
EVT-007133,APP-01044,start_date,2024-06-11,51
EVT-007134,APP-01045,screened,2024-03-31,0
EVT-007135,APP-01045,client_interview_1,2024-04-01,1
EVT-007136,APP-01045,submitted,2024-04-03,2
EVT-007137,APP-01045,offer_extended,2024-04-14,11
EVT-007138,APP-01045,offer_accepted,2024-04-17,3
EVT-007139,APP-01045,background_check,2024-04-19,2
EVT-007140,APP-01045,onboarding_docs_sent,2024-05-13,24
EVT-007141,APP-01045,start_date,2024-05-17,4
EVT-007142,APP-01046,screened,2025-04-24,0
EVT-007143,APP-01046,submitted,2025-04-28,4
EVT-007144,APP-01046,client_interview_1,2025-05-12,14
EVT-007145,APP-01046,offer_extended,2025-05-17,5
EVT-007146,APP-01046,offer_accepted,2025-05-22,5
EVT-007147,APP-01046,background_check,2025-05-28,6
EVT-007148,APP-01046,onboarding_docs_sent,2025-05-31,3
EVT-007149,APP-01046,start_date,2025-06-01,1
EVT-007150,APP-01047,screened,2025-06-14,0
EVT-007151,APP-01047,submitted,2025-06-18,4
EVT-007152,APP-01047,client_interview_1,2025-06-18,0
EVT-007153,APP-01047,offer_extended,2025-07-04,16
EVT-007154,APP-01047,offer_accepted,2025-07-09,5
EVT-007155,APP-01047,background_check,2025-07-10,1
EVT-007156,APP-01047,onboarding_docs_sent,2025-07-25,15
EVT-007157,APP-01047,start_date,2025-07-29,4
EVT-007158,APP-01048,screened,2025-05-12,0
EVT-007159,APP-01048,submitted,2025-05-16,4
EVT-007160,APP-01048,client_interview_1,2025-06-02,17
EVT-007161,APP-01048,client_interview_2,2025-06-08,6
EVT-007162,APP-01048,offer_extended,2025-06-12,4
EVT-007163,APP-01048,offer_accepted,2025-06-16,4
EVT-007164,APP-01049,screened,2024-10-27,0
EVT-007165,APP-01049,submitted,2024-10-31,4
EVT-007166,APP-01049,client_interview_1,2024-11-07,7
EVT-007167,APP-01049,offer_extended,2024-11-14,7
EVT-007168,APP-01049,offer_accepted,2024-11-18,4
EVT-007169,APP-01049,background_check,2024-11-20,2
EVT-007170,APP-01049,start_date,2024-12-14,24
EVT-007171,APP-01050,screened,2025-07-04,0
EVT-007172,APP-01050,submitted,2025-07-07,3
EVT-007173,APP-01050,client_interview_1,2025-07-16,9
EVT-007174,APP-01050,client_interview_2,2025-07-25,9
EVT-007175,APP-01050,offer_extended,2025-07-26,1
EVT-007176,APP-01050,offer_accepted,2025-07-31,5
EVT-007177,APP-01050,onboarding_docs_sent,2025-08-06,6
EVT-007178,APP-01050,background_check,2025-08-07,1
EVT-007179,APP-01050,start_date,2025-08-15,8
EVT-007180,APP-01051,screened,2024-02-05,0
EVT-007181,APP-01051,submitted,2024-02-06,1
EVT-007182,APP-01051,client_interview_1,2024-02-24,18
EVT-007183,APP-01051,client_interview_2,2024-03-03,8
EVT-007184,APP-01051,offer_extended,2024-03-13,10
EVT-007185,APP-01051,offer_accepted,2024-03-16,3
EVT-007186,APP-01051,background_check,2024-03-18,2
EVT-007187,APP-01051,onboarding_docs_sent,2024-04-05,18
EVT-007188,APP-01051,start_date,2024-04-08,3
EVT-007189,APP-01052,screened,2025-02-20,0
EVT-007190,APP-01052,submitted,2025-02-23,3
EVT-007191,APP-01052,client_interview_1,2025-03-05,10
EVT-007192,APP-01052,offer_extended,2025-03-23,18
EVT-007193,APP-01052,offer_accepted,2025-03-25,2
EVT-007194,APP-01052,background_check,2025-04-01,7
EVT-007195,APP-01052,onboarding_docs_sent,2025-04-10,9
EVT-007196,APP-01052,start_date,2025-04-14,4
EVT-007197,APP-01053,screened,2025-03-21,0
EVT-007198,APP-01053,submitted,2025-03-24,3
EVT-007199,APP-01053,client_interview_1,2025-03-31,7
EVT-007200,APP-01053,offer_extended,2025-04-09,9
EVT-007201,APP-01053,offer_accepted,2025-04-11,2
EVT-007202,APP-01053,background_check,2025-04-16,5
EVT-007203,APP-01053,start_date,2025-04-25,9
EVT-007204,APP-01054,screened,2025-05-24,0
EVT-007205,APP-01054,client_interview_1,2025-05-24,0
EVT-007206,APP-01054,submitted,2025-05-27,3
EVT-007207,APP-01054,offer_extended,2025-06-11,15
EVT-007208,APP-01054,offer_accepted,2025-06-12,1
EVT-007209,APP-01054,background_check,2025-06-19,7
EVT-007210,APP-01054,start_date,2025-07-23,34
EVT-007211,APP-01055,screened,2024-12-26,0
EVT-007212,APP-01055,submitted,2024-12-28,2
EVT-007213,APP-01055,client_interview_1,2025-01-13,16
EVT-007214,APP-01055,offer_extended,2025-01-17,4
EVT-007215,APP-01055,offer_accepted,2025-01-23,6
EVT-007216,APP-01055,onboarding_docs_sent,2025-01-26,3
EVT-007217,APP-01055,start_date,2025-02-14,19
EVT-007218,APP-01056,screened,2024-10-17,0
EVT-007219,APP-01056,submitted,2024-10-18,1
EVT-007220,APP-01056,client_interview_1,2024-10-26,8
EVT-007221,APP-01056,client_interview_2,2024-10-28,2
EVT-007222,APP-01056,offer_extended,2024-11-04,7
EVT-007223,APP-01056,offer_accepted,2024-11-09,5
EVT-007224,APP-01056,background_check,2024-11-17,8
EVT-007225,APP-01057,screened,2024-04-25,0
EVT-007226,APP-01057,submitted,2024-04-29,4
EVT-007227,APP-01057,client_interview_1,2024-04-29,0
EVT-007228,APP-01057,offer_extended,2024-05-05,6
EVT-007229,APP-01057,offer_accepted,2024-05-09,4
EVT-007230,APP-01057,background_check,2024-05-12,3
EVT-007231,APP-01058,screened,2025-05-23,0
EVT-007232,APP-01058,submitted,2025-05-26,3
EVT-007233,APP-01058,client_interview_1,2025-05-26,0
EVT-007234,APP-01058,offer_extended,2025-06-07,12
EVT-007235,APP-01058,offer_accepted,2025-06-13,6
EVT-007236,APP-01058,background_check,2025-06-15,2
EVT-007237,APP-01059,screened,2025-03-14,0
EVT-007238,APP-01059,submitted,2025-03-18,4
EVT-007239,APP-01059,client_interview_1,2025-03-29,11
EVT-007240,APP-01059,client_interview_2,2025-04-07,9
EVT-007241,APP-01059,offer_extended,2025-04-09,2
EVT-007242,APP-01059,offer_accepted,2025-04-13,4
EVT-007243,APP-01059,background_check,2025-04-18,5
EVT-007244,APP-01060,screened,2024-03-21,0
EVT-007245,APP-01060,submitted,2024-03-22,1
EVT-007246,APP-01060,client_interview_1,2024-04-05,14
EVT-007247,APP-01060,offer_extended,2024-04-07,2
EVT-007248,APP-01060,offer_accepted,2024-04-09,2
EVT-007249,APP-01060,background_check,2024-04-16,7
EVT-007250,APP-01060,start_date,2024-05-11,25
EVT-007251,APP-01061,screened,2024-04-20,0
EVT-007252,APP-01061,submitted,2024-04-24,4
EVT-007253,APP-01061,client_interview_1,2024-05-02,8
EVT-007254,APP-01061,offer_extended,2024-05-12,10
EVT-007255,APP-01061,offer_accepted,2024-05-18,6
EVT-007256,APP-01061,background_check,2024-05-26,8
EVT-007257,APP-01062,screened,2024-08-27,0
EVT-007258,APP-01062,submitted,2024-08-31,4
EVT-007259,APP-01062,client_interview_1,2024-09-12,12
EVT-007260,APP-01062,offer_extended,2024-09-29,17
EVT-007261,APP-01062,offer_accepted,2024-10-02,3
EVT-007262,APP-01062,background_check,2024-10-04,2
EVT-007263,APP-01063,screened,2024-02-04,0
EVT-007264,APP-01063,submitted,2024-02-07,3
EVT-007265,APP-01063,client_interview_1,2024-02-11,4
EVT-007266,APP-01063,offer_extended,2024-02-19,8
EVT-007267,APP-01063,offer_accepted,2024-02-25,6
EVT-007268,APP-01063,onboarding_docs_sent,2024-02-28,3
EVT-007269,APP-01064,screened,2024-09-28,0
EVT-007270,APP-01064,submitted,2024-09-29,1
EVT-007271,APP-01064,client_interview_1,2024-10-07,8
EVT-007272,APP-01064,offer_extended,2024-10-15,8
EVT-007273,APP-01064,offer_accepted,2024-10-19,4
EVT-007274,APP-01064,background_check,2024-10-27,8
EVT-007275,APP-01064,onboarding_docs_sent,2024-11-13,17
EVT-007276,APP-01064,start_date,2024-11-15,2
EVT-007277,APP-01065,screened,2024-04-12,0
EVT-007278,APP-01065,submitted,2024-04-16,4
EVT-007279,APP-01065,client_interview_1,2024-05-01,15
EVT-007280,APP-01065,client_interview_2,2024-05-09,8
EVT-007281,APP-01065,offer_extended,2024-05-18,9
EVT-007282,APP-01065,offer_accepted,2024-05-23,5
EVT-007283,APP-01065,background_check,2024-05-29,6
EVT-007284,APP-01065,start_date,2024-07-02,34
EVT-007285,APP-01066,screened,2024-03-20,0
EVT-007286,APP-01066,submitted,2024-03-23,3
EVT-007287,APP-01066,client_interview_1,2024-04-01,9
EVT-007288,APP-01066,client_interview_2,2024-04-03,2
EVT-007289,APP-01066,offer_extended,2024-04-07,4
EVT-007290,APP-01066,offer_accepted,2024-04-09,2
EVT-007291,APP-01066,background_check,2024-04-15,6
EVT-007292,APP-01066,onboarding_docs_sent,2024-04-21,6
EVT-007293,APP-01066,start_date,2024-04-27,6
EVT-007294,APP-01067,screened,2024-10-02,0
EVT-007295,APP-01067,submitted,2024-10-05,3
EVT-007296,APP-01067,client_interview_1,2024-10-18,13
EVT-007297,APP-01067,offer_extended,2024-10-20,2
EVT-007298,APP-01067,offer_accepted,2024-10-26,6
EVT-007299,APP-01067,background_check,2024-11-01,6
EVT-007300,APP-01068,screened,2024-02-27,0
EVT-007301,APP-01068,client_interview_1,2024-02-27,0
EVT-007302,APP-01068,submitted,2024-03-01,3
EVT-007303,APP-01068,client_interview_2,2024-03-03,2
EVT-007304,APP-01068,offer_extended,2024-03-06,3
EVT-007305,APP-01068,offer_accepted,2024-03-07,1
EVT-007306,APP-01068,background_check,2024-03-12,5
EVT-007307,APP-01068,onboarding_docs_sent,2024-03-31,19
EVT-007308,APP-01068,start_date,2024-04-06,6
EVT-007309,APP-01069,screened,2024-04-16,0
EVT-007310,APP-01069,submitted,2024-04-19,3
EVT-007311,APP-01069,client_interview_1,2024-04-25,6
EVT-007312,APP-01069,client_interview_2,2024-04-29,4
EVT-007313,APP-01069,offer_extended,2024-05-03,4
EVT-007314,APP-01069,offer_accepted,2024-05-07,4
EVT-007315,APP-01069,background_check,2024-05-13,6
EVT-007316,APP-01069,onboarding_docs_sent,2024-05-23,10
EVT-007317,APP-01069,start_date,2024-05-29,6
EVT-007318,APP-01070,screened,2024-08-12,0
EVT-007319,APP-01070,submitted,2024-08-16,4
EVT-007320,APP-01070,client_interview_1,2024-08-30,14
EVT-007321,APP-01070,client_interview_2,2024-09-08,9
EVT-007322,APP-01070,offer_extended,2024-09-16,8
EVT-007323,APP-01070,offer_accepted,2024-09-16,0
EVT-007324,APP-01070,background_check,2024-09-22,6
EVT-007325,APP-01071,screened,2024-11-09,0
EVT-007326,APP-01071,client_interview_1,2024-11-10,1
EVT-007327,APP-01071,submitted,2024-11-13,3
EVT-007328,APP-01071,client_interview_2,2024-11-13,0
EVT-007329,APP-01071,offer_extended,2024-11-22,9
EVT-007330,APP-01071,offer_accepted,2024-11-24,2
EVT-007331,APP-01071,background_check,2024-11-26,2
EVT-007332,APP-01071,onboarding_docs_sent,2024-12-17,21
EVT-007333,APP-01071,start_date,2024-12-19,2
EVT-007334,APP-01072,screened,2024-04-26,0
EVT-007335,APP-01072,submitted,2024-04-30,4
EVT-007336,APP-01072,client_interview_1,2024-05-10,10
EVT-007337,APP-01072,offer_extended,2024-05-16,6
EVT-007338,APP-01072,offer_accepted,2024-05-22,6
EVT-007339,APP-01072,onboarding_docs_sent,2024-05-27,5
EVT-007340,APP-01072,background_check,2024-05-28,1
EVT-007341,APP-01072,start_date,2024-05-31,3
EVT-007342,APP-01073,screened,2024-03-25,0
EVT-007343,APP-01073,submitted,2024-03-29,4
EVT-007344,APP-01073,client_interview_1,2024-04-03,5
EVT-007345,APP-01073,client_interview_2,2024-04-06,3
EVT-007346,APP-01073,offer_extended,2024-04-21,15
EVT-007347,APP-01073,offer_accepted,2024-04-27,6
EVT-007348,APP-01073,background_check,2024-05-01,4
EVT-007349,APP-01073,onboarding_docs_sent,2024-05-09,8
EVT-007350,APP-01073,start_date,2024-05-09,0
EVT-007351,APP-01074,screened,2024-02-29,0
EVT-007352,APP-01074,submitted,2024-03-04,4
EVT-007353,APP-01074,client_interview_1,2024-03-15,11
EVT-007354,APP-01074,offer_extended,2024-03-23,8
EVT-007355,APP-01074,offer_accepted,2024-03-24,1
EVT-007356,APP-01074,background_check,2024-03-26,2
EVT-007357,APP-01074,onboarding_docs_sent,2024-04-07,12
EVT-007358,APP-01074,start_date,2024-04-12,5
EVT-007359,APP-01075,screened,2024-05-07,0
EVT-007360,APP-01075,submitted,2024-05-10,3
EVT-007361,APP-01075,client_interview_1,2024-05-10,0
EVT-007362,APP-01075,offer_extended,2024-05-16,6
EVT-007363,APP-01075,offer_accepted,2024-05-16,0
EVT-007364,APP-01075,background_check,2024-05-20,4
EVT-007365,APP-01075,onboarding_docs_sent,2024-06-14,25
EVT-007366,APP-01075,start_date,2024-06-15,1
EVT-007367,APP-01076,screened,2025-05-23,0
EVT-007368,APP-01076,client_interview_1,2025-05-24,1
EVT-007369,APP-01076,submitted,2025-05-26,2
EVT-007370,APP-01076,offer_extended,2025-06-08,13
EVT-007371,APP-01076,offer_accepted,2025-06-08,0
EVT-007372,APP-01076,background_check,2025-06-12,4
EVT-007373,APP-01076,onboarding_docs_sent,2025-07-01,19
EVT-007374,APP-01076,start_date,2025-07-04,3
EVT-007375,APP-01077,screened,2024-07-08,0
EVT-007376,APP-01077,submitted,2024-07-10,2
EVT-007377,APP-01077,client_interview_1,2024-07-10,0
EVT-007378,APP-01077,offer_extended,2024-07-15,5
EVT-007379,APP-01077,offer_accepted,2024-07-19,4
EVT-007380,APP-01077,background_check,2024-07-22,3
EVT-007381,APP-01077,onboarding_docs_sent,2024-07-28,6
EVT-007382,APP-01077,start_date,2024-07-31,3
EVT-007383,APP-01078,screened,2025-02-25,0
EVT-007384,APP-01078,client_interview_1,2025-02-27,2
EVT-007385,APP-01078,submitted,2025-02-28,1
EVT-007386,APP-01078,offer_extended,2025-03-14,14
EVT-007387,APP-01078,offer_accepted,2025-03-20,6
EVT-007388,APP-01078,background_check,2025-03-27,7
EVT-007389,APP-01078,start_date,2025-04-01,5
EVT-007390,APP-01079,screened,2024-08-23,0
EVT-007391,APP-01079,submitted,2024-08-25,2
EVT-007392,APP-01079,client_interview_1,2024-09-11,17
EVT-007393,APP-01079,client_interview_2,2024-09-15,4
EVT-007394,APP-01079,offer_extended,2024-09-26,11
EVT-007395,APP-01079,offer_accepted,2024-09-26,0
EVT-007396,APP-01079,background_check,2024-10-01,5
EVT-007397,APP-01080,screened,2025-07-05,0
EVT-007398,APP-01080,submitted,2025-07-09,4
EVT-007399,APP-01080,client_interview_1,2025-07-15,6
EVT-007400,APP-01080,client_interview_2,2025-07-18,3
EVT-007401,APP-01080,offer_extended,2025-07-31,13
EVT-007402,APP-01080,offer_accepted,2025-08-05,5
EVT-007403,APP-01080,background_check,2025-08-12,7
EVT-007404,APP-01080,onboarding_docs_sent,2025-08-28,16
EVT-007405,APP-01080,start_date,2025-08-31,3
EVT-007406,APP-01081,screened,2024-03-21,0
EVT-007407,APP-01081,submitted,2024-03-24,3
EVT-007408,APP-01081,client_interview_1,2024-04-01,8
EVT-007409,APP-01081,offer_extended,2024-04-08,7
EVT-007410,APP-01081,offer_accepted,2024-04-08,0
EVT-007411,APP-01081,background_check,2024-04-13,5
EVT-007412,APP-01082,screened,2024-08-01,0
EVT-007413,APP-01082,submitted,2024-08-03,2
EVT-007414,APP-01082,client_interview_1,2024-08-08,5
EVT-007415,APP-01082,client_interview_2,2024-08-13,5
EVT-007416,APP-01082,offer_extended,2024-08-16,3
EVT-007417,APP-01083,screened,2024-10-16,0
EVT-007418,APP-01083,submitted,2024-10-18,2
EVT-007419,APP-01083,client_interview_1,2024-11-02,15
EVT-007420,APP-01083,offer_extended,2024-11-07,5
EVT-007421,APP-01084,screened,2024-11-04,0
EVT-007422,APP-01084,submitted,2024-11-08,4
EVT-007423,APP-01084,client_interview_1,2024-11-17,9
EVT-007424,APP-01084,offer_extended,2024-11-22,5
EVT-007425,APP-01084,offer_accepted,2024-11-22,0
EVT-007426,APP-01084,onboarding_docs_sent,2024-12-06,14
EVT-007427,APP-01084,start_date,2024-12-08,2
EVT-007428,APP-01085,screened,2024-11-23,0
EVT-007429,APP-01085,submitted,2024-11-25,2
EVT-007430,APP-01085,client_interview_1,2024-12-10,15
EVT-007431,APP-01085,client_interview_2,2024-12-12,2
EVT-007432,APP-01085,offer_extended,2024-12-23,11
EVT-007433,APP-01085,offer_accepted,2024-12-28,5
EVT-007434,APP-01085,background_check,2025-01-02,5
EVT-007435,APP-01085,onboarding_docs_sent,2025-01-10,8
EVT-007436,APP-01085,start_date,2025-01-12,2
EVT-007437,APP-01086,screened,2024-12-19,0
EVT-007438,APP-01086,client_interview_1,2024-12-22,3
EVT-007439,APP-01086,submitted,2024-12-23,1
EVT-007440,APP-01086,offer_extended,2024-12-24,1
EVT-007441,APP-01087,screened,2025-04-09,0
EVT-007442,APP-01087,submitted,2025-04-10,1
EVT-007443,APP-01087,client_interview_1,2025-04-21,11
EVT-007444,APP-01087,client_interview_2,2025-04-27,6
EVT-007445,APP-01087,offer_extended,2025-04-30,3
EVT-007446,APP-01087,offer_accepted,2025-05-05,5
EVT-007447,APP-01087,start_date,2025-05-12,7
EVT-007448,APP-01088,screened,2025-06-17,0
EVT-007449,APP-01088,submitted,2025-06-20,3
EVT-007450,APP-01088,client_interview_1,2025-06-24,4
EVT-007451,APP-01088,offer_extended,2025-07-01,7
EVT-007452,APP-01088,offer_accepted,2025-07-05,4
EVT-007453,APP-01088,background_check,2025-07-07,2
EVT-007454,APP-01089,screened,2024-05-17,0
EVT-007455,APP-01089,submitted,2024-05-19,2
EVT-007456,APP-01089,client_interview_1,2024-05-26,7
EVT-007457,APP-01089,client_interview_2,2024-06-05,10
EVT-007458,APP-01089,offer_extended,2024-06-08,3
EVT-007459,APP-01089,offer_accepted,2024-06-12,4
EVT-007460,APP-01089,onboarding_docs_sent,2024-06-26,14
EVT-007461,APP-01089,start_date,2024-07-01,5
EVT-007462,APP-01090,screened,2024-06-03,0
EVT-007463,APP-01090,submitted,2024-06-07,4
EVT-007464,APP-01090,client_interview_1,2024-06-07,0
EVT-007465,APP-01090,offer_extended,2024-06-14,7
EVT-007466,APP-01090,offer_accepted,2024-06-14,0
EVT-007467,APP-01090,background_check,2024-06-16,2
EVT-007468,APP-01090,start_date,2024-07-09,23
EVT-007469,APP-01091,screened,2024-10-30,0
EVT-007470,APP-01091,submitted,2024-11-02,3
EVT-007471,APP-01091,client_interview_1,2024-11-15,13
EVT-007472,APP-01091,offer_extended,2024-11-18,3
EVT-007473,APP-01091,offer_accepted,2024-11-23,5
EVT-007474,APP-01091,background_check,2024-11-27,4
EVT-007475,APP-01091,start_date,2024-12-18,21
EVT-007476,APP-01092,screened,2024-03-28,0
EVT-007477,APP-01092,submitted,2024-03-30,2
EVT-007478,APP-01092,client_interview_1,2024-04-06,7
EVT-007479,APP-01092,offer_extended,2024-04-10,4
EVT-007480,APP-01092,offer_accepted,2024-04-13,3
EVT-007481,APP-01092,onboarding_docs_sent,2024-04-19,6
EVT-007482,APP-01092,start_date,2024-04-28,9
EVT-007483,APP-01093,screened,2024-11-11,0
EVT-007484,APP-01093,submitted,2024-11-15,4
EVT-007485,APP-01093,client_interview_1,2024-11-18,3
EVT-007486,APP-01093,offer_extended,2024-11-20,2
EVT-007487,APP-01093,offer_accepted,2024-11-22,2
EVT-007488,APP-01093,background_check,2024-11-24,2
EVT-007489,APP-01094,screened,2024-12-25,0
EVT-007490,APP-01094,submitted,2024-12-29,4
EVT-007491,APP-01094,client_interview_1,2024-12-29,0
EVT-007492,APP-01094,offer_extended,2025-01-15,17
EVT-007493,APP-01094,offer_accepted,2025-01-18,3
EVT-007494,APP-01094,background_check,2025-01-23,5
EVT-007495,APP-01095,screened,2025-03-29,0
EVT-007496,APP-01095,submitted,2025-04-01,3
EVT-007497,APP-01095,client_interview_1,2025-04-04,3
EVT-007498,APP-01095,offer_extended,2025-04-13,9
EVT-007499,APP-01096,screened,2025-04-22,0
EVT-007500,APP-01096,submitted,2025-04-25,3
EVT-007501,APP-01096,client_interview_1,2025-05-02,7
EVT-007502,APP-01096,client_interview_2,2025-05-04,2
EVT-007503,APP-01096,offer_extended,2025-05-14,10
EVT-007504,APP-01097,screened,2025-01-06,0
EVT-007505,APP-01097,submitted,2025-01-08,2
EVT-007506,APP-01097,client_interview_1,2025-01-10,2
EVT-007507,APP-01097,client_interview_2,2025-01-18,8
EVT-007508,APP-01097,offer_extended,2025-01-24,6
EVT-007509,APP-01097,offer_accepted,2025-01-29,5
EVT-007510,APP-01098,screened,2024-06-10,0
EVT-007511,APP-01098,submitted,2024-06-12,2
EVT-007512,APP-01098,client_interview_1,2024-07-01,19
EVT-007513,APP-01098,offer_extended,2024-07-18,17
EVT-007514,APP-01099,screened,2024-09-18,0
EVT-007515,APP-01099,submitted,2024-09-19,1
EVT-007516,APP-01099,client_interview_1,2024-09-21,2
EVT-007517,APP-01099,offer_extended,2024-10-01,10
EVT-007518,APP-01099,offer_accepted,2024-10-06,5
EVT-007519,APP-01099,background_check,2024-10-11,5
EVT-007520,APP-01099,onboarding_docs_sent,2024-11-02,22
EVT-007521,APP-01099,start_date,2024-11-05,3
EVT-007522,APP-01100,screened,2025-01-02,0
EVT-007523,APP-01100,submitted,2025-01-04,2
EVT-007524,APP-01100,client_interview_1,2025-01-18,14
EVT-007525,APP-01100,offer_extended,2025-02-03,16
EVT-007526,APP-01101,screened,2025-03-13,0
EVT-007527,APP-01101,submitted,2025-03-17,4
EVT-007528,APP-01101,client_interview_1,2025-04-01,15
EVT-007529,APP-01101,offer_extended,2025-04-07,6
EVT-007530,APP-01101,offer_accepted,2025-04-07,0
EVT-007531,APP-01102,screened,2024-12-15,0
EVT-007532,APP-01102,submitted,2024-12-16,1
EVT-007533,APP-01102,client_interview_1,2024-12-24,8
EVT-007534,APP-01102,client_interview_2,2024-12-27,3
EVT-007535,APP-01102,offer_extended,2025-01-09,13
EVT-007536,APP-01103,screened,2024-03-23,0
EVT-007537,APP-01103,submitted,2024-03-27,4
EVT-007538,APP-01103,client_interview_1,2024-04-08,12
EVT-007539,APP-01103,offer_extended,2024-04-16,8
EVT-007540,APP-01103,offer_accepted,2024-04-17,1
EVT-007541,APP-01103,onboarding_docs_sent,2024-05-13,26
EVT-007542,APP-01103,start_date,2024-05-17,4
EVT-007543,APP-01104,screened,2024-09-14,0
EVT-007544,APP-01104,submitted,2024-09-16,2
EVT-007545,APP-01104,client_interview_1,2024-10-03,17
EVT-007546,APP-01104,offer_extended,2024-10-21,18
EVT-007547,APP-01104,offer_accepted,2024-10-21,0
EVT-007548,APP-01104,background_check,2024-10-27,6
EVT-007549,APP-01104,onboarding_docs_sent,2024-11-20,24
EVT-007550,APP-01105,screened,2024-10-07,0
EVT-007551,APP-01105,submitted,2024-10-11,4
EVT-007552,APP-01105,client_interview_1,2024-10-13,2
EVT-007553,APP-01105,offer_extended,2024-10-22,9
EVT-007554,APP-01105,offer_accepted,2024-10-28,6
EVT-007555,APP-01105,background_check,2024-10-31,3
EVT-007556,APP-01105,onboarding_docs_sent,2024-11-19,19
EVT-007557,APP-01105,start_date,2024-11-25,6
EVT-007558,APP-01106,screened,2025-06-15,0
EVT-007559,APP-01106,submitted,2025-06-16,1
EVT-007560,APP-01106,client_interview_1,2025-06-30,14
EVT-007561,APP-01106,client_interview_2,2025-07-06,6
EVT-007562,APP-01106,offer_extended,2025-07-17,11
EVT-007563,APP-01106,offer_accepted,2025-07-20,3
EVT-007564,APP-01106,background_check,2025-07-22,2
EVT-007565,APP-01106,onboarding_docs_sent,2025-08-04,13
EVT-007566,APP-01106,start_date,2025-08-06,2
EVT-007567,APP-01107,screened,2024-11-20,0
EVT-007568,APP-01107,submitted,2024-11-24,4
EVT-007569,APP-01107,client_interview_1,2024-11-24,0
EVT-007570,APP-01107,offer_extended,2024-11-27,3
EVT-007571,APP-01107,offer_accepted,2024-12-03,6
EVT-007572,APP-01107,background_check,2024-12-11,8
EVT-007573,APP-01107,start_date,2024-12-20,9
EVT-007574,APP-01108,screened,2024-05-23,0
EVT-007575,APP-01108,submitted,2024-05-26,3
EVT-007576,APP-01108,client_interview_1,2024-05-31,5
EVT-007577,APP-01108,client_interview_2,2024-06-07,7
EVT-007578,APP-01108,offer_extended,2024-06-09,2
EVT-007579,APP-01108,offer_accepted,2024-06-15,6
EVT-007580,APP-01108,background_check,2024-06-19,4
EVT-007581,APP-01108,onboarding_docs_sent,2024-06-27,8
EVT-007582,APP-01108,start_date,2024-06-29,2
EVT-007583,APP-01109,screened,2024-10-13,0
EVT-007584,APP-01109,submitted,2024-10-17,4
EVT-007585,APP-01109,client_interview_1,2024-10-19,2
EVT-007586,APP-01109,offer_extended,2024-10-27,8
EVT-007587,APP-01109,offer_accepted,2024-10-30,3
EVT-007588,APP-01109,start_date,2024-11-10,11
EVT-007589,APP-01110,screened,2024-08-07,0
EVT-007590,APP-01110,submitted,2024-08-08,1
EVT-007591,APP-01110,client_interview_1,2024-08-24,16
EVT-007592,APP-01110,offer_extended,2024-09-02,9
EVT-007593,APP-01111,screened,2024-09-04,0
EVT-007594,APP-01111,submitted,2024-09-05,1
EVT-007595,APP-01111,client_interview_1,2024-09-16,11
EVT-007596,APP-01111,offer_extended,2024-09-26,10
EVT-007597,APP-01111,offer_accepted,2024-09-26,0
EVT-007598,APP-01111,background_check,2024-09-29,3
EVT-007599,APP-01111,onboarding_docs_sent,2024-10-13,14
EVT-007600,APP-01111,start_date,2024-10-18,5
EVT-007601,APP-01112,screened,2024-10-26,0
EVT-007602,APP-01112,submitted,2024-10-29,3
EVT-007603,APP-01112,client_interview_1,2024-11-04,6
EVT-007604,APP-01112,client_interview_2,2024-11-11,7
EVT-007605,APP-01112,offer_extended,2024-11-13,2
EVT-007606,APP-01112,offer_accepted,2024-11-17,4
EVT-007607,APP-01112,background_check,2024-11-19,2
EVT-007608,APP-01112,onboarding_docs_sent,2024-11-21,2
EVT-007609,APP-01112,start_date,2024-12-01,10
EVT-007610,APP-01113,screened,2025-06-01,0
EVT-007611,APP-01113,submitted,2025-06-05,4
EVT-007612,APP-01113,client_interview_1,2025-06-16,11
EVT-007613,APP-01113,offer_extended,2025-07-01,15
EVT-007614,APP-01113,offer_accepted,2025-07-04,3
EVT-007615,APP-01113,background_check,2025-07-08,4
EVT-007616,APP-01113,onboarding_docs_sent,2025-07-10,2
EVT-007617,APP-01113,start_date,2025-08-04,25
EVT-007618,APP-01114,screened,2025-04-08,0
EVT-007619,APP-01114,submitted,2025-04-11,3
EVT-007620,APP-01114,client_interview_1,2025-04-17,6
EVT-007621,APP-01114,offer_extended,2025-04-30,13
EVT-007622,APP-01114,offer_accepted,2025-04-30,0
EVT-007623,APP-01114,background_check,2025-05-07,7
EVT-007624,APP-01115,screened,2025-03-28,0
EVT-007625,APP-01115,submitted,2025-03-30,2
EVT-007626,APP-01115,client_interview_1,2025-04-02,3
EVT-007627,APP-01115,offer_extended,2025-04-19,17
EVT-007628,APP-01115,offer_accepted,2025-04-23,4
EVT-007629,APP-01115,background_check,2025-04-27,4
EVT-007630,APP-01115,onboarding_docs_sent,2025-05-14,17
EVT-007631,APP-01116,screened,2025-01-20,0
EVT-007632,APP-01116,submitted,2025-01-21,1
EVT-007633,APP-01116,client_interview_1,2025-01-23,2
EVT-007634,APP-01116,offer_extended,2025-01-28,5
EVT-007635,APP-01116,offer_accepted,2025-02-01,4
EVT-007636,APP-01116,background_check,2025-02-09,8
EVT-007637,APP-01117,screened,2024-11-18,0
EVT-007638,APP-01117,submitted,2024-11-21,3
EVT-007639,APP-01117,client_interview_1,2024-12-08,17
EVT-007640,APP-01117,offer_extended,2024-12-23,15
EVT-007641,APP-01117,offer_accepted,2024-12-29,6
EVT-007642,APP-01117,background_check,2024-12-31,2
EVT-007643,APP-01118,screened,2024-12-06,0
EVT-007644,APP-01118,submitted,2024-12-10,4
EVT-007645,APP-01118,client_interview_1,2024-12-22,12
EVT-007646,APP-01118,offer_extended,2024-12-24,2
EVT-007647,APP-01118,offer_accepted,2024-12-25,1
EVT-007648,APP-01118,onboarding_docs_sent,2025-01-19,25
EVT-007649,APP-01119,screened,2025-02-01,0
EVT-007650,APP-01119,submitted,2025-02-05,4
EVT-007651,APP-01119,client_interview_1,2025-02-09,4
EVT-007652,APP-01119,offer_extended,2025-02-22,13
EVT-007653,APP-01119,offer_accepted,2025-02-28,6
EVT-007654,APP-01119,background_check,2025-03-02,2
EVT-007655,APP-01119,onboarding_docs_sent,2025-03-24,22
EVT-007656,APP-01119,start_date,2025-03-25,1
EVT-007657,APP-01120,screened,2024-03-01,0
EVT-007658,APP-01120,submitted,2024-03-03,2
EVT-007659,APP-01120,client_interview_1,2024-03-10,7
EVT-007660,APP-01120,offer_extended,2024-03-17,7
EVT-007661,APP-01120,offer_accepted,2024-03-18,1
EVT-007662,APP-01120,background_check,2024-03-19,1
EVT-007663,APP-01121,screened,2024-12-05,0
EVT-007664,APP-01121,submitted,2024-12-08,3
EVT-007665,APP-01121,client_interview_1,2024-12-13,5
EVT-007666,APP-01121,offer_extended,2024-12-30,17
EVT-007667,APP-01122,screened,2024-10-24,0
EVT-007668,APP-01122,submitted,2024-10-27,3
EVT-007669,APP-01122,client_interview_1,2024-11-05,9
EVT-007670,APP-01122,offer_extended,2024-11-17,12
EVT-007671,APP-01122,offer_accepted,2024-11-21,4
EVT-007672,APP-01122,background_check,2024-11-24,3
EVT-007673,APP-01123,screened,2024-05-30,0
EVT-007674,APP-01123,submitted,2024-06-01,2
EVT-007675,APP-01123,client_interview_1,2024-06-16,15
EVT-007676,APP-01123,client_interview_2,2024-06-26,10
EVT-007677,APP-01123,offer_extended,2024-06-29,3
EVT-007678,APP-01123,offer_accepted,2024-07-05,6
EVT-007679,APP-01123,background_check,2024-07-11,6
EVT-007680,APP-01124,screened,2024-12-03,0
EVT-007681,APP-01124,submitted,2024-12-04,1
EVT-007682,APP-01124,client_interview_1,2024-12-21,17
EVT-007683,APP-01124,client_interview_2,2024-12-31,10
EVT-007684,APP-01124,offer_extended,2025-01-01,1
EVT-007685,APP-01124,offer_accepted,2025-01-07,6
EVT-007686,APP-01124,background_check,2025-01-12,5
EVT-007687,APP-01125,screened,2025-06-23,0
EVT-007688,APP-01125,submitted,2025-06-26,3
EVT-007689,APP-01125,client_interview_1,2025-07-08,12
EVT-007690,APP-01125,client_interview_2,2025-07-12,4
EVT-007691,APP-01125,offer_extended,2025-07-18,6
EVT-007692,APP-01125,offer_accepted,2025-07-19,1
EVT-007693,APP-01125,background_check,2025-07-28,9
EVT-007694,APP-01126,screened,2024-10-11,0
EVT-007695,APP-01126,submitted,2024-10-14,3
EVT-007696,APP-01126,client_interview_1,2024-10-21,7
EVT-007697,APP-01126,offer_extended,2024-10-25,4
EVT-007698,APP-01127,screened,2024-12-17,0
EVT-007699,APP-01127,submitted,2024-12-20,3
EVT-007700,APP-01127,client_interview_1,2024-12-25,5
EVT-007701,APP-01127,offer_extended,2025-01-03,9
EVT-007702,APP-01127,offer_accepted,2025-01-04,1
EVT-007703,APP-01127,background_check,2025-01-09,5
EVT-007704,APP-01127,onboarding_docs_sent,2025-01-16,7
EVT-007705,APP-01127,start_date,2025-01-20,4
EVT-007706,APP-01128,screened,2025-04-16,0
EVT-007707,APP-01128,submitted,2025-04-19,3
EVT-007708,APP-01128,client_interview_1,2025-05-02,13
EVT-007709,APP-01128,offer_extended,2025-05-17,15
EVT-007710,APP-01128,offer_accepted,2025-05-21,4
EVT-007711,APP-01128,background_check,2025-05-24,3
EVT-007712,APP-01128,onboarding_docs_sent,2025-06-07,14
EVT-007713,APP-01128,start_date,2025-06-14,7
EVT-007714,APP-01129,screened,2024-05-05,0
EVT-007715,APP-01129,submitted,2024-05-06,1
EVT-007716,APP-01129,client_interview_1,2024-05-17,11
EVT-007717,APP-01129,client_interview_2,2024-05-19,2
EVT-007718,APP-01129,offer_extended,2024-05-27,8
EVT-007719,APP-01129,offer_accepted,2024-06-01,5
EVT-007720,APP-01129,background_check,2024-06-02,1
EVT-007721,APP-01129,onboarding_docs_sent,2024-06-29,27
EVT-007722,APP-01129,start_date,2024-07-01,2
EVT-007723,APP-01130,screened,2024-03-23,0
EVT-007724,APP-01130,submitted,2024-03-27,4
EVT-007725,APP-01130,client_interview_1,2024-03-30,3
EVT-007726,APP-01130,client_interview_2,2024-04-08,9
EVT-007727,APP-01130,offer_extended,2024-04-11,3
EVT-007728,APP-01130,offer_accepted,2024-04-15,4
EVT-007729,APP-01130,background_check,2024-04-21,6
EVT-007730,APP-01130,start_date,2024-05-01,10
EVT-007731,APP-01131,screened,2025-03-17,0
EVT-007732,APP-01131,submitted,2025-03-21,4
EVT-007733,APP-01131,client_interview_1,2025-03-21,0
EVT-007734,APP-01131,offer_extended,2025-03-26,5
EVT-007735,APP-01131,offer_accepted,2025-04-01,6
EVT-007736,APP-01131,background_check,2025-04-04,3
EVT-007737,APP-01132,screened,2025-06-09,0
EVT-007738,APP-01132,submitted,2025-06-12,3
EVT-007739,APP-01132,client_interview_1,2025-06-29,17
EVT-007740,APP-01132,client_interview_2,2025-07-05,6
EVT-007741,APP-01132,offer_extended,2025-07-08,3
EVT-007742,APP-01132,offer_accepted,2025-07-11,3
EVT-007743,APP-01132,background_check,2025-07-14,3
EVT-007744,APP-01132,onboarding_docs_sent,2025-07-23,9
EVT-007745,APP-01132,start_date,2025-07-27,4
EVT-007746,APP-01133,screened,2024-11-25,0
EVT-007747,APP-01133,submitted,2024-11-26,1
EVT-007748,APP-01133,client_interview_1,2024-12-02,6
EVT-007749,APP-01133,offer_extended,2024-12-04,2
EVT-007750,APP-01133,offer_accepted,2024-12-08,4
EVT-007751,APP-01133,background_check,2024-12-15,7
EVT-007752,APP-01133,start_date,2024-12-29,14
EVT-007753,APP-01134,screened,2024-11-06,0
EVT-007754,APP-01134,submitted,2024-11-10,4
EVT-007755,APP-01134,client_interview_1,2024-11-16,6
EVT-007756,APP-01134,offer_extended,2024-11-26,10
EVT-007757,APP-01134,offer_accepted,2024-12-01,5
EVT-007758,APP-01134,start_date,2024-12-07,6
EVT-007759,APP-01135,screened,2024-12-09,0
EVT-007760,APP-01135,submitted,2024-12-13,4
EVT-007761,APP-01135,client_interview_1,2024-12-21,8
EVT-007762,APP-01135,client_interview_2,2024-12-24,3
EVT-007763,APP-01135,offer_extended,2025-01-02,9
EVT-007764,APP-01136,screened,2024-10-22,0
EVT-007765,APP-01136,submitted,2024-10-24,2
EVT-007766,APP-01136,client_interview_1,2024-10-24,0
EVT-007767,APP-01136,client_interview_2,2024-11-02,9
EVT-007768,APP-01136,offer_extended,2024-11-06,4
EVT-007769,APP-01137,screened,2024-07-17,0
EVT-007770,APP-01137,submitted,2024-07-21,4
EVT-007771,APP-01137,client_interview_1,2024-07-24,3
EVT-007772,APP-01137,offer_extended,2024-07-31,7
EVT-007773,APP-01137,offer_accepted,2024-08-06,6
EVT-007774,APP-01137,background_check,2024-08-07,1
EVT-007775,APP-01137,onboarding_docs_sent,2024-08-14,7
EVT-007776,APP-01138,screened,2025-03-10,0
EVT-007777,APP-01138,submitted,2025-03-13,3
EVT-007778,APP-01138,client_interview_1,2025-03-22,9
EVT-007779,APP-01138,offer_extended,2025-04-06,15
EVT-007780,APP-01138,offer_accepted,2025-04-09,3
EVT-007781,APP-01139,screened,2024-02-19,0
EVT-007782,APP-01139,submitted,2024-02-21,2
EVT-007783,APP-01139,client_interview_1,2024-02-29,8
EVT-007784,APP-01139,offer_extended,2024-03-17,17
EVT-007785,APP-01139,offer_accepted,2024-03-17,0
EVT-007786,APP-01139,background_check,2024-03-22,5
EVT-007787,APP-01139,onboarding_docs_sent,2024-03-31,9
EVT-007788,APP-01139,start_date,2024-04-01,1
EVT-007789,APP-01140,screened,2024-11-13,0
EVT-007790,APP-01140,submitted,2024-11-17,4
EVT-007791,APP-01140,client_interview_1,2024-11-19,2
EVT-007792,APP-01140,client_interview_2,2024-11-25,6
EVT-007793,APP-01140,offer_extended,2024-12-07,12
EVT-007794,APP-01140,offer_accepted,2024-12-09,2
EVT-007795,APP-01140,onboarding_docs_sent,2024-12-15,6
EVT-007796,APP-01140,background_check,2024-12-16,1
EVT-007797,APP-01140,start_date,2024-12-18,2
EVT-007798,APP-01141,screened,2024-05-23,0
EVT-007799,APP-01141,client_interview_1,2024-05-25,2
EVT-007800,APP-01141,submitted,2024-05-27,2
EVT-007801,APP-01141,offer_extended,2024-05-27,0
EVT-007802,APP-01142,screened,2024-10-25,0
EVT-007803,APP-01142,submitted,2024-10-27,2
EVT-007804,APP-01142,client_interview_1,2024-11-12,16
EVT-007805,APP-01142,offer_extended,2024-11-20,8
EVT-007806,APP-01143,screened,2024-11-12,0
EVT-007807,APP-01143,submitted,2024-11-15,3
EVT-007808,APP-01143,client_interview_1,2024-11-26,11
EVT-007809,APP-01143,offer_extended,2024-12-03,7
EVT-007810,APP-01143,offer_accepted,2024-12-07,4
EVT-007811,APP-01143,background_check,2024-12-13,6
EVT-007812,APP-01144,screened,2024-03-18,0
EVT-007813,APP-01144,submitted,2024-03-21,3
EVT-007814,APP-01144,client_interview_1,2024-03-30,9
EVT-007815,APP-01144,offer_extended,2024-04-04,5
EVT-007816,APP-01144,offer_accepted,2024-04-06,2
EVT-007817,APP-01144,background_check,2024-04-13,7
EVT-007818,APP-01144,onboarding_docs_sent,2024-04-30,17
EVT-007819,APP-01144,start_date,2024-05-13,13
EVT-007820,APP-01145,screened,2024-08-23,0
EVT-007821,APP-01145,submitted,2024-08-24,1
EVT-007822,APP-01145,client_interview_1,2024-09-02,9
EVT-007823,APP-01145,offer_extended,2024-09-18,16
EVT-007824,APP-01145,offer_accepted,2024-09-23,5
EVT-007825,APP-01145,background_check,2024-09-26,3
EVT-007826,APP-01145,onboarding_docs_sent,2024-10-11,15
EVT-007827,APP-01145,start_date,2024-10-15,4
EVT-007828,APP-01146,screened,2024-03-29,0
EVT-007829,APP-01146,submitted,2024-03-30,1
EVT-007830,APP-01146,client_interview_1,2024-04-16,17
EVT-007831,APP-01146,offer_extended,2024-04-24,8
EVT-007832,APP-01146,offer_accepted,2024-04-30,6
EVT-007833,APP-01147,screened,2025-01-12,0
EVT-007834,APP-01147,submitted,2025-01-14,2
EVT-007835,APP-01147,client_interview_1,2025-01-24,10
EVT-007836,APP-01147,offer_extended,2025-02-11,18
EVT-007837,APP-01147,offer_accepted,2025-02-15,4
EVT-007838,APP-01147,background_check,2025-02-17,2
EVT-007839,APP-01147,onboarding_docs_sent,2025-03-07,18
EVT-007840,APP-01147,start_date,2025-03-12,5
EVT-007841,APP-01148,screened,2024-12-09,0
EVT-007842,APP-01148,submitted,2024-12-13,4
EVT-007843,APP-01148,client_interview_1,2024-12-25,12
EVT-007844,APP-01148,client_interview_2,2024-12-29,4
EVT-007845,APP-01148,offer_extended,2025-01-08,10
EVT-007846,APP-01148,offer_accepted,2025-01-11,3
EVT-007847,APP-01148,background_check,2025-01-16,5
EVT-007848,APP-01149,screened,2024-12-26,0
EVT-007849,APP-01149,submitted,2024-12-30,4
EVT-007850,APP-01149,client_interview_1,2025-01-06,7
EVT-007851,APP-01149,client_interview_2,2025-01-08,2
EVT-007852,APP-01149,offer_extended,2025-01-09,1
EVT-007853,APP-01150,screened,2025-05-20,0
EVT-007854,APP-01150,submitted,2025-05-21,1
EVT-007855,APP-01150,client_interview_1,2025-05-24,3
EVT-007856,APP-01150,offer_extended,2025-05-26,2
EVT-007857,APP-01150,offer_accepted,2025-05-26,0
EVT-007858,APP-01150,background_check,2025-06-02,7
EVT-007859,APP-01150,onboarding_docs_sent,2025-06-08,6
EVT-007860,APP-01150,start_date,2025-06-14,6
EVT-007861,APP-01151,screened,2025-06-23,0
EVT-007862,APP-01151,submitted,2025-06-26,3
EVT-007863,APP-01151,client_interview_1,2025-07-05,9
EVT-007864,APP-01151,offer_extended,2025-07-08,3
EVT-007865,APP-01151,offer_accepted,2025-07-09,1
EVT-007866,APP-01151,background_check,2025-07-10,1
EVT-007867,APP-01151,onboarding_docs_sent,2025-07-15,5
EVT-007868,APP-01151,start_date,2025-07-21,6
EVT-007869,APP-01152,screened,2025-04-04,0
EVT-007870,APP-01152,submitted,2025-04-06,2
EVT-007871,APP-01152,client_interview_1,2025-04-19,13
EVT-007872,APP-01152,offer_extended,2025-04-27,8
EVT-007873,APP-01152,offer_accepted,2025-05-01,4
EVT-007874,APP-01152,background_check,2025-05-02,1
EVT-007875,APP-01152,onboarding_docs_sent,2025-05-21,19
EVT-007876,APP-01152,start_date,2025-06-18,28
EVT-007877,APP-01153,screened,2025-05-19,0
EVT-007878,APP-01153,submitted,2025-05-22,3
EVT-007879,APP-01153,client_interview_1,2025-05-27,5
EVT-007880,APP-01153,offer_extended,2025-06-08,12
EVT-007881,APP-01153,offer_accepted,2025-06-09,1
EVT-007882,APP-01153,background_check,2025-06-14,5
EVT-007883,APP-01154,screened,2025-03-20,0
EVT-007884,APP-01154,submitted,2025-03-23,3
EVT-007885,APP-01154,client_interview_1,2025-04-02,10
EVT-007886,APP-01154,client_interview_2,2025-04-06,4
EVT-007887,APP-01154,offer_extended,2025-04-13,7
EVT-007888,APP-01155,screened,2024-11-17,0
EVT-007889,APP-01155,submitted,2024-11-19,2
EVT-007890,APP-01155,client_interview_1,2024-11-25,6
EVT-007891,APP-01155,client_interview_2,2024-12-01,6
EVT-007892,APP-01155,offer_extended,2024-12-12,11
EVT-007893,APP-01155,offer_accepted,2024-12-14,2
EVT-007894,APP-01156,screened,2025-07-17,0
EVT-007895,APP-01156,submitted,2025-07-21,4
EVT-007896,APP-01156,client_interview_1,2025-07-22,1
EVT-007897,APP-01156,offer_extended,2025-07-27,5
EVT-007898,APP-01156,offer_accepted,2025-07-27,0
EVT-007899,APP-01156,background_check,2025-07-29,2
EVT-007900,APP-01157,screened,2024-11-21,0
EVT-007901,APP-01157,submitted,2024-11-23,2
EVT-007902,APP-01157,client_interview_1,2024-12-06,13
EVT-007903,APP-01157,offer_extended,2024-12-17,11
EVT-007904,APP-01158,screened,2025-02-17,0
EVT-007905,APP-01158,client_interview_1,2025-02-19,2
EVT-007906,APP-01158,submitted,2025-02-21,2
EVT-007907,APP-01158,offer_extended,2025-03-08,15
EVT-007908,APP-01158,offer_accepted,2025-03-09,1
EVT-007909,APP-01158,onboarding_docs_sent,2025-03-18,9
EVT-007910,APP-01158,start_date,2025-03-23,5
EVT-007911,APP-01159,screened,2024-09-09,0
EVT-007912,APP-01159,submitted,2024-09-12,3
EVT-007913,APP-01159,client_interview_1,2024-09-22,10
EVT-007914,APP-01159,offer_extended,2024-09-29,7
EVT-007915,APP-01159,offer_accepted,2024-09-29,0
EVT-007916,APP-01160,screened,2025-03-02,0
EVT-007917,APP-01160,submitted,2025-03-05,3
EVT-007918,APP-01160,client_interview_1,2025-03-18,13
EVT-007919,APP-01160,client_interview_2,2025-03-22,4
EVT-007920,APP-01160,offer_extended,2025-03-26,4
EVT-007921,APP-01161,screened,2025-06-16,0
EVT-007922,APP-01161,submitted,2025-06-18,2
EVT-007923,APP-01161,client_interview_1,2025-06-25,7
EVT-007924,APP-01161,client_interview_2,2025-06-27,2
EVT-007925,APP-01161,offer_extended,2025-06-28,1
EVT-007926,APP-01161,offer_accepted,2025-07-01,3
EVT-007927,APP-01161,background_check,2025-07-05,4
EVT-007928,APP-01161,start_date,2025-07-20,15
EVT-007929,APP-01162,screened,2024-09-07,0
EVT-007930,APP-01162,submitted,2024-09-11,4
EVT-007931,APP-01162,client_interview_1,2024-09-23,12
EVT-007932,APP-01162,offer_extended,2024-09-25,2
EVT-007933,APP-01163,screened,2024-04-22,0
EVT-007934,APP-01163,submitted,2024-04-26,4
EVT-007935,APP-01163,client_interview_1,2024-05-04,8
EVT-007936,APP-01163,offer_extended,2024-05-07,3
EVT-007937,APP-01163,offer_accepted,2024-05-07,0
EVT-007938,APP-01163,onboarding_docs_sent,2024-06-06,30
EVT-007939,APP-01163,start_date,2024-06-06,0
EVT-007940,APP-01164,screened,2025-02-19,0
EVT-007941,APP-01164,submitted,2025-02-23,4
EVT-007942,APP-01164,client_interview_1,2025-02-23,0
EVT-007943,APP-01164,client_interview_2,2025-03-03,8
EVT-007944,APP-01164,offer_extended,2025-03-04,1
EVT-007945,APP-01164,offer_accepted,2025-03-04,0
EVT-007946,APP-01164,background_check,2025-03-07,3
EVT-007947,APP-01165,screened,2024-02-06,0
EVT-007948,APP-01165,client_interview_1,2024-02-07,1
EVT-007949,APP-01165,submitted,2024-02-10,3
EVT-007950,APP-01165,offer_extended,2024-02-11,1
EVT-007951,APP-01165,offer_accepted,2024-02-11,0
EVT-007952,APP-01166,screened,2024-10-13,0
EVT-007953,APP-01166,submitted,2024-10-15,2
EVT-007954,APP-01166,client_interview_1,2024-10-27,12
EVT-007955,APP-01166,client_interview_2,2024-11-04,8
EVT-007956,APP-01166,offer_extended,2024-11-12,8
EVT-007957,APP-01166,offer_accepted,2024-11-17,5
EVT-007958,APP-01166,background_check,2024-11-18,1
EVT-007959,APP-01167,screened,2024-12-03,0
EVT-007960,APP-01167,submitted,2024-12-07,4
EVT-007961,APP-01167,client_interview_1,2024-12-10,3
EVT-007962,APP-01167,offer_extended,2024-12-26,16
EVT-007963,APP-01167,offer_accepted,2024-12-30,4
EVT-007964,APP-01167,background_check,2025-01-04,5
EVT-007965,APP-01167,onboarding_docs_sent,2025-01-12,8
EVT-007966,APP-01167,start_date,2025-01-16,4
EVT-007967,APP-01168,screened,2024-05-03,0
EVT-007968,APP-01168,submitted,2024-05-07,4
EVT-007969,APP-01168,client_interview_1,2024-05-12,5
EVT-007970,APP-01168,client_interview_2,2024-05-14,2
EVT-007971,APP-01168,offer_extended,2024-05-18,4
EVT-007972,APP-01168,offer_accepted,2024-05-18,0
EVT-007973,APP-01168,background_check,2024-05-25,7
EVT-007974,APP-01169,screened,2024-08-07,0
EVT-007975,APP-01169,submitted,2024-08-08,1
EVT-007976,APP-01169,client_interview_1,2024-08-21,13
EVT-007977,APP-01169,client_interview_2,2024-08-29,8
EVT-007978,APP-01169,offer_extended,2024-09-05,7
EVT-007979,APP-01169,offer_accepted,2024-09-08,3
EVT-007980,APP-01169,onboarding_docs_sent,2024-10-03,25
EVT-007981,APP-01170,screened,2024-11-18,0
EVT-007982,APP-01170,submitted,2024-11-22,4
EVT-007983,APP-01170,client_interview_1,2024-12-05,13
EVT-007984,APP-01170,offer_extended,2024-12-13,8
EVT-007985,APP-01171,screened,2024-03-27,0
EVT-007986,APP-01171,submitted,2024-03-29,2
EVT-007987,APP-01171,client_interview_1,2024-04-12,14
EVT-007988,APP-01171,client_interview_2,2024-04-17,5
EVT-007989,APP-01171,offer_extended,2024-04-25,8
EVT-007990,APP-01171,offer_accepted,2024-04-30,5
EVT-007991,APP-01171,background_check,2024-05-03,3
EVT-007992,APP-01172,screened,2024-10-07,0
EVT-007993,APP-01172,submitted,2024-10-11,4
EVT-007994,APP-01172,client_interview_1,2024-10-21,10
EVT-007995,APP-01172,offer_extended,2024-10-24,3
EVT-007996,APP-01172,offer_accepted,2024-10-25,1
EVT-007997,APP-01172,background_check,2024-10-31,6
EVT-007998,APP-01172,start_date,2024-11-09,9
EVT-007999,APP-01173,screened,2024-03-24,0
EVT-008000,APP-01173,client_interview_1,2024-03-24,0
EVT-008001,APP-01173,submitted,2024-03-26,2
EVT-008002,APP-01173,offer_extended,2024-04-01,6
EVT-008003,APP-01173,offer_accepted,2024-04-04,3
EVT-008004,APP-01173,background_check,2024-04-11,7
EVT-008005,APP-01174,screened,2024-03-23,0
EVT-008006,APP-01174,submitted,2024-03-26,3
EVT-008007,APP-01174,client_interview_1,2024-03-30,4
EVT-008008,APP-01174,offer_extended,2024-04-05,6
EVT-008009,APP-01174,offer_accepted,2024-04-11,6
EVT-008010,APP-01174,background_check,2024-04-14,3
EVT-008011,APP-01175,screened,2024-02-04,0
EVT-008012,APP-01175,submitted,2024-02-07,3
EVT-008013,APP-01175,client_interview_1,2024-02-07,0
EVT-008014,APP-01175,offer_extended,2024-02-19,12
EVT-008015,APP-01175,offer_accepted,2024-02-25,6
EVT-008016,APP-01175,onboarding_docs_sent,2024-02-29,4
EVT-008017,APP-01176,screened,2025-06-22,0
EVT-008018,APP-01176,submitted,2025-06-26,4
EVT-008019,APP-01176,client_interview_1,2025-07-04,8
EVT-008020,APP-01176,client_interview_2,2025-07-12,8
EVT-008021,APP-01176,offer_extended,2025-07-20,8
EVT-008022,APP-01176,offer_accepted,2025-07-23,3
EVT-008023,APP-01176,onboarding_docs_sent,2025-08-07,15
EVT-008024,APP-01176,start_date,2025-09-03,27
EVT-008025,APP-01177,screened,2024-05-01,0
EVT-008026,APP-01177,submitted,2024-05-02,1
EVT-008027,APP-01177,client_interview_1,2024-05-16,14
EVT-008028,APP-01177,offer_extended,2024-05-21,5
EVT-008029,APP-01178,screened,2024-11-20,0
EVT-008030,APP-01178,submitted,2024-11-23,3
EVT-008031,APP-01178,client_interview_1,2024-11-24,1
EVT-008032,APP-01178,client_interview_2,2024-11-28,4
EVT-008033,APP-01178,offer_extended,2024-11-30,2
EVT-008034,APP-01178,offer_accepted,2024-12-03,3
EVT-008035,APP-01178,background_check,2024-12-04,1
EVT-008036,APP-01178,start_date,2024-12-12,8
EVT-008037,APP-01179,screened,2024-03-11,0
EVT-008038,APP-01179,submitted,2024-03-15,4
EVT-008039,APP-01179,client_interview_1,2024-03-23,8
EVT-008040,APP-01179,client_interview_2,2024-03-28,5
EVT-008041,APP-01179,offer_extended,2024-04-08,11
EVT-008042,APP-01179,offer_accepted,2024-04-12,4
EVT-008043,APP-01179,background_check,2024-04-16,4
EVT-008044,APP-01179,onboarding_docs_sent,2024-05-03,17
EVT-008045,APP-01179,start_date,2024-05-14,11
EVT-008046,APP-01180,screened,2024-04-09,0
EVT-008047,APP-01180,submitted,2024-04-10,1
EVT-008048,APP-01180,client_interview_1,2024-04-12,2
EVT-008049,APP-01180,offer_extended,2024-04-25,13
EVT-008050,APP-01180,offer_accepted,2024-04-25,0
EVT-008051,APP-01180,background_check,2024-04-28,3
EVT-008052,APP-01180,start_date,2024-05-17,19
EVT-008053,APP-01181,screened,2024-07-27,0
EVT-008054,APP-01181,submitted,2024-07-28,1
EVT-008055,APP-01181,client_interview_1,2024-08-08,11
EVT-008056,APP-01181,offer_extended,2024-08-12,4
EVT-008057,APP-01181,offer_accepted,2024-08-14,2
EVT-008058,APP-01181,background_check,2024-08-22,8
EVT-008059,APP-01181,start_date,2024-09-10,19
EVT-008060,APP-01182,screened,2024-11-26,0
EVT-008061,APP-01182,submitted,2024-11-27,1
EVT-008062,APP-01182,client_interview_1,2024-12-15,18
EVT-008063,APP-01182,offer_extended,2024-12-17,2
EVT-008064,APP-01182,offer_accepted,2024-12-20,3
EVT-008065,APP-01182,background_check,2024-12-22,2
EVT-008066,APP-01182,start_date,2025-01-06,15
EVT-008067,APP-01183,screened,2025-03-23,0
EVT-008068,APP-01183,submitted,2025-03-24,1
EVT-008069,APP-01183,client_interview_1,2025-04-03,10
EVT-008070,APP-01183,client_interview_2,2025-04-06,3
EVT-008071,APP-01183,offer_extended,2025-04-19,13
EVT-008072,APP-01183,offer_accepted,2025-04-24,5
EVT-008073,APP-01183,start_date,2025-05-01,7
EVT-008074,APP-01184,screened,2024-03-14,0
EVT-008075,APP-01184,submitted,2024-03-17,3
EVT-008076,APP-01184,client_interview_1,2024-03-28,11
EVT-008077,APP-01184,offer_extended,2024-04-11,14
EVT-008078,APP-01184,offer_accepted,2024-04-11,0
EVT-008079,APP-01184,background_check,2024-04-19,8
EVT-008080,APP-01184,onboarding_docs_sent,2024-05-12,23
EVT-008081,APP-01184,start_date,2024-06-06,25
EVT-008082,APP-01185,screened,2024-05-10,0
EVT-008083,APP-01185,submitted,2024-05-13,3
EVT-008084,APP-01185,client_interview_1,2024-05-25,12
EVT-008085,APP-01185,client_interview_2,2024-05-29,4
EVT-008086,APP-01185,offer_extended,2024-06-06,8
EVT-008087,APP-01185,offer_accepted,2024-06-07,1
EVT-008088,APP-01185,background_check,2024-06-11,4
EVT-008089,APP-01185,onboarding_docs_sent,2024-06-23,12
EVT-008090,APP-01185,start_date,2024-07-08,15
EVT-008091,APP-01186,screened,2025-02-10,0
EVT-008092,APP-01186,submitted,2025-02-12,2
EVT-008093,APP-01186,client_interview_1,2025-02-23,11
EVT-008094,APP-01186,offer_extended,2025-03-13,18
EVT-008095,APP-01186,offer_accepted,2025-03-13,0
EVT-008096,APP-01186,background_check,2025-03-18,5
EVT-008097,APP-01187,screened,2024-02-21,0
EVT-008098,APP-01187,submitted,2024-02-22,1
EVT-008099,APP-01187,client_interview_1,2024-03-12,19
EVT-008100,APP-01187,client_interview_2,2024-03-20,8
EVT-008101,APP-01187,offer_extended,2024-03-21,1
EVT-008102,APP-01187,offer_accepted,2024-03-27,6
EVT-008103,APP-01187,onboarding_docs_sent,2024-03-28,1
EVT-008104,APP-01187,background_check,2024-03-31,3
EVT-008105,APP-01187,start_date,2024-04-07,7
EVT-008106,APP-01188,screened,2025-04-30,0
EVT-008107,APP-01188,submitted,2025-05-02,2
EVT-008108,APP-01188,client_interview_1,2025-05-14,12
EVT-008109,APP-01188,client_interview_2,2025-05-22,8
EVT-008110,APP-01188,offer_extended,2025-05-26,4
EVT-008111,APP-01188,offer_accepted,2025-06-01,6
EVT-008112,APP-01188,background_check,2025-06-08,7
EVT-008113,APP-01188,start_date,2025-06-25,17
EVT-008114,APP-01189,screened,2024-02-07,0
EVT-008115,APP-01189,submitted,2024-02-08,1
EVT-008116,APP-01189,client_interview_1,2024-02-10,2
EVT-008117,APP-01189,offer_extended,2024-02-12,2
EVT-008118,APP-01189,offer_accepted,2024-02-15,3
EVT-008119,APP-01189,background_check,2024-02-17,2
EVT-008120,APP-01189,onboarding_docs_sent,2024-03-15,27
EVT-008121,APP-01189,start_date,2024-03-18,3
EVT-008122,APP-01190,screened,2024-03-03,0
EVT-008123,APP-01190,submitted,2024-03-05,2
EVT-008124,APP-01190,client_interview_1,2024-03-18,13
EVT-008125,APP-01190,offer_extended,2024-03-25,7
EVT-008126,APP-01190,offer_accepted,2024-03-28,3
EVT-008127,APP-01190,background_check,2024-03-29,1
EVT-008128,APP-01190,onboarding_docs_sent,2024-04-07,9
EVT-008129,APP-01190,start_date,2024-04-14,7
EVT-008130,APP-01191,screened,2024-11-22,0
EVT-008131,APP-01191,submitted,2024-11-23,1
EVT-008132,APP-01191,client_interview_1,2024-11-30,7
EVT-008133,APP-01191,offer_extended,2024-12-10,10
EVT-008134,APP-01191,offer_accepted,2024-12-11,1
EVT-008135,APP-01191,start_date,2025-01-07,27
EVT-008136,APP-01192,screened,2025-04-25,0
EVT-008137,APP-01192,submitted,2025-04-29,4
EVT-008138,APP-01192,client_interview_1,2025-05-06,7
EVT-008139,APP-01192,offer_extended,2025-05-15,9
EVT-008140,APP-01192,offer_accepted,2025-05-16,1
EVT-008141,APP-01192,background_check,2025-05-27,11
EVT-008142,APP-01193,screened,2024-11-05,0
EVT-008143,APP-01193,submitted,2024-11-08,3
EVT-008144,APP-01193,client_interview_1,2024-11-19,11
EVT-008145,APP-01193,client_interview_2,2024-11-25,6
EVT-008146,APP-01193,offer_extended,2024-11-29,4
EVT-008147,APP-01193,offer_accepted,2024-12-05,6
EVT-008148,APP-01193,onboarding_docs_sent,2024-12-18,13
EVT-008149,APP-01193,start_date,2024-12-20,2
EVT-008150,APP-01194,screened,2024-02-05,0
EVT-008151,APP-01194,client_interview_1,2024-02-06,1
EVT-008152,APP-01194,submitted,2024-02-09,3
EVT-008153,APP-01194,offer_extended,2024-02-21,12
EVT-008154,APP-01194,offer_accepted,2024-02-21,0
EVT-008155,APP-01194,onboarding_docs_sent,2024-03-18,26
EVT-008156,APP-01194,start_date,2024-03-23,5
EVT-008157,APP-01195,screened,2024-04-20,0
EVT-008158,APP-01195,client_interview_1,2024-04-22,2
EVT-008159,APP-01195,submitted,2024-04-23,1
EVT-008160,APP-01195,offer_extended,2024-05-02,9
EVT-008161,APP-01195,offer_accepted,2024-05-07,5
EVT-008162,APP-01195,background_check,2024-05-14,7
EVT-008163,APP-01196,screened,2024-07-22,0
EVT-008164,APP-01196,submitted,2024-07-23,1
EVT-008165,APP-01196,client_interview_1,2024-07-29,6
EVT-008166,APP-01196,client_interview_2,2024-08-05,7
EVT-008167,APP-01196,offer_extended,2024-08-07,2
EVT-008168,APP-01197,screened,2025-07-16,0
EVT-008169,APP-01197,submitted,2025-07-18,2
EVT-008170,APP-01197,client_interview_1,2025-07-28,10
EVT-008171,APP-01197,offer_extended,2025-08-13,16
EVT-008172,APP-01198,screened,2025-04-07,0
EVT-008173,APP-01198,submitted,2025-04-09,2
EVT-008174,APP-01198,client_interview_1,2025-04-18,9
EVT-008175,APP-01198,client_interview_2,2025-04-28,10
EVT-008176,APP-01198,offer_extended,2025-05-02,4
EVT-008177,APP-01198,offer_accepted,2025-05-08,6
EVT-008178,APP-01198,background_check,2025-05-14,6
EVT-008179,APP-01198,start_date,2025-06-01,18
EVT-008180,APP-01199,screened,2025-03-12,0
EVT-008181,APP-01199,submitted,2025-03-13,1
EVT-008182,APP-01199,client_interview_1,2025-03-19,6
EVT-008183,APP-01199,offer_extended,2025-03-27,8
EVT-008184,APP-01199,offer_accepted,2025-03-27,0
EVT-008185,APP-01199,background_check,2025-03-31,4
EVT-008186,APP-01200,screened,2025-07-17,0
EVT-008187,APP-01200,submitted,2025-07-21,4
EVT-008188,APP-01200,client_interview_1,2025-08-04,14
EVT-008189,APP-01200,offer_extended,2025-08-14,10
EVT-008190,APP-01200,offer_accepted,2025-08-15,1
EVT-008191,APP-01200,background_check,2025-08-16,1
EVT-008192,APP-01201,screened,2024-04-20,0
EVT-008193,APP-01201,submitted,2024-04-23,3
EVT-008194,APP-01201,client_interview_1,2024-05-02,9
EVT-008195,APP-01201,client_interview_2,2024-05-05,3
EVT-008196,APP-01201,offer_extended,2024-05-07,2
EVT-008197,APP-01201,offer_accepted,2024-05-07,0
EVT-008198,APP-01201,background_check,2024-05-08,1
EVT-008199,APP-01201,onboarding_docs_sent,2024-05-25,17
EVT-008200,APP-01201,start_date,2024-05-27,2
EVT-008201,APP-01202,screened,2025-01-24,0
EVT-008202,APP-01202,client_interview_1,2025-01-26,2
EVT-008203,APP-01202,submitted,2025-01-27,1
EVT-008204,APP-01202,client_interview_2,2025-01-30,3
EVT-008205,APP-01202,offer_extended,2025-02-06,7
EVT-008206,APP-01202,offer_accepted,2025-02-11,5
EVT-008207,APP-01202,background_check,2025-02-15,4
EVT-008208,APP-01202,onboarding_docs_sent,2025-02-16,1
EVT-008209,APP-01202,start_date,2025-02-21,5
EVT-008210,APP-01203,screened,2025-01-22,0
EVT-008211,APP-01203,submitted,2025-01-25,3
EVT-008212,APP-01203,client_interview_1,2025-02-04,10
EVT-008213,APP-01203,offer_extended,2025-02-10,6
EVT-008214,APP-01203,offer_accepted,2025-02-12,2
EVT-008215,APP-01203,background_check,2025-02-19,7
EVT-008216,APP-01203,start_date,2025-03-10,19
EVT-008217,APP-01204,screened,2024-02-13,0
EVT-008218,APP-01204,submitted,2024-02-14,1
EVT-008219,APP-01204,client_interview_1,2024-02-26,12
EVT-008220,APP-01204,client_interview_2,2024-03-01,4
EVT-008221,APP-01204,offer_extended,2024-03-14,13
EVT-008222,APP-01204,offer_accepted,2024-03-20,6
EVT-008223,APP-01204,onboarding_docs_sent,2024-03-26,6
EVT-008224,APP-01204,background_check,2024-03-28,2
EVT-008225,APP-01204,start_date,2024-04-02,5
EVT-008226,APP-01205,screened,2024-12-12,0
EVT-008227,APP-01205,submitted,2024-12-16,4
EVT-008228,APP-01205,client_interview_1,2024-12-30,14
EVT-008229,APP-01205,offer_extended,2025-01-08,9
EVT-008230,APP-01206,screened,2025-06-10,0
EVT-008231,APP-01206,submitted,2025-06-14,4
EVT-008232,APP-01206,client_interview_1,2025-06-22,8
EVT-008233,APP-01206,offer_extended,2025-06-28,6
EVT-008234,APP-01207,screened,2025-01-09,0
EVT-008235,APP-01207,submitted,2025-01-13,4
EVT-008236,APP-01207,client_interview_1,2025-01-15,2
EVT-008237,APP-01207,offer_extended,2025-01-25,10
EVT-008238,APP-01207,offer_accepted,2025-01-30,5
EVT-008239,APP-01207,background_check,2025-02-02,3
EVT-008240,APP-01207,onboarding_docs_sent,2025-02-04,2
EVT-008241,APP-01207,start_date,2025-02-22,18
EVT-008242,APP-01208,screened,2025-03-08,0
EVT-008243,APP-01208,submitted,2025-03-09,1
EVT-008244,APP-01208,client_interview_1,2025-03-21,12
EVT-008245,APP-01208,offer_extended,2025-04-07,17
EVT-008246,APP-01208,offer_accepted,2025-04-11,4
EVT-008247,APP-01208,background_check,2025-04-12,1
EVT-008248,APP-01208,onboarding_docs_sent,2025-04-16,4
EVT-008249,APP-01208,start_date,2025-04-21,5
EVT-008250,APP-01209,screened,2024-06-05,0
EVT-008251,APP-01209,submitted,2024-06-06,1
EVT-008252,APP-01209,client_interview_1,2024-06-12,6
EVT-008253,APP-01209,offer_extended,2024-06-17,5
EVT-008254,APP-01209,offer_accepted,2024-06-19,2
EVT-008255,APP-01209,background_check,2024-06-21,2
EVT-008256,APP-01209,onboarding_docs_sent,2024-07-17,26
EVT-008257,APP-01210,screened,2025-03-07,0
EVT-008258,APP-01210,submitted,2025-03-09,2
EVT-008259,APP-01210,client_interview_1,2025-03-10,1
EVT-008260,APP-01210,client_interview_2,2025-03-16,6
EVT-008261,APP-01210,offer_extended,2025-03-21,5
EVT-008262,APP-01210,offer_accepted,2025-03-23,2
EVT-008263,APP-01211,screened,2024-10-06,0
EVT-008264,APP-01211,submitted,2024-10-09,3
EVT-008265,APP-01211,client_interview_1,2024-10-11,2
EVT-008266,APP-01211,offer_extended,2024-10-27,16
EVT-008267,APP-01212,screened,2024-10-28,0
EVT-008268,APP-01212,submitted,2024-10-30,2
EVT-008269,APP-01212,client_interview_1,2024-11-13,14
EVT-008270,APP-01212,offer_extended,2024-11-24,11
EVT-008271,APP-01212,offer_accepted,2024-11-25,1
EVT-008272,APP-01212,background_check,2024-11-30,5
EVT-008273,APP-01212,start_date,2024-12-22,22
EVT-008274,APP-01213,screened,2024-03-18,0
EVT-008275,APP-01213,submitted,2024-03-20,2
EVT-008276,APP-01213,client_interview_1,2024-03-30,10
EVT-008277,APP-01213,offer_extended,2024-04-13,14
EVT-008278,APP-01213,offer_accepted,2024-04-17,4
EVT-008279,APP-01213,background_check,2024-04-19,2
EVT-008280,APP-01213,onboarding_docs_sent,2024-04-22,3
EVT-008281,APP-01213,start_date,2024-04-23,1
EVT-008282,APP-01214,screened,2024-10-18,0
EVT-008283,APP-01214,submitted,2024-10-22,4
EVT-008284,APP-01214,client_interview_1,2024-11-08,17
EVT-008285,APP-01214,offer_extended,2024-11-11,3
EVT-008286,APP-01215,screened,2024-11-16,0
EVT-008287,APP-01215,submitted,2024-11-20,4
EVT-008288,APP-01215,client_interview_1,2024-11-22,2
EVT-008289,APP-01215,offer_extended,2024-12-01,9
EVT-008290,APP-01215,offer_accepted,2024-12-01,0
EVT-008291,APP-01215,background_check,2024-12-09,8
EVT-008292,APP-01216,screened,2025-04-29,0
EVT-008293,APP-01216,submitted,2025-05-01,2
EVT-008294,APP-01216,client_interview_1,2025-05-13,12
EVT-008295,APP-01216,offer_extended,2025-05-16,3
EVT-008296,APP-01216,offer_accepted,2025-05-20,4
EVT-008297,APP-01216,background_check,2025-05-28,8
EVT-008298,APP-01217,screened,2024-06-05,0
EVT-008299,APP-01217,submitted,2024-06-07,2
EVT-008300,APP-01217,client_interview_1,2024-06-12,5
EVT-008301,APP-01217,offer_extended,2024-06-21,9
EVT-008302,APP-01217,offer_accepted,2024-06-21,0
EVT-008303,APP-01217,background_check,2024-06-28,7
EVT-008304,APP-01218,screened,2025-03-12,0
EVT-008305,APP-01218,submitted,2025-03-14,2
EVT-008306,APP-01218,client_interview_1,2025-03-19,5
EVT-008307,APP-01218,offer_extended,2025-03-25,6
EVT-008308,APP-01219,screened,2024-04-10,0
EVT-008309,APP-01219,submitted,2024-04-11,1
EVT-008310,APP-01219,client_interview_1,2024-04-20,9
EVT-008311,APP-01219,offer_extended,2024-05-07,17
EVT-008312,APP-01219,offer_accepted,2024-05-07,0
EVT-008313,APP-01219,background_check,2024-05-23,16
EVT-008314,APP-01220,screened,2024-07-06,0
EVT-008315,APP-01220,submitted,2024-07-07,1
EVT-008316,APP-01220,client_interview_1,2024-07-07,0
EVT-008317,APP-01220,offer_extended,2024-07-20,13
EVT-008318,APP-01221,screened,2024-08-27,0
EVT-008319,APP-01221,submitted,2024-08-30,3
EVT-008320,APP-01221,client_interview_1,2024-08-30,0
EVT-008321,APP-01221,offer_extended,2024-09-10,11
EVT-008322,APP-01221,offer_accepted,2024-09-12,2
EVT-008323,APP-01221,background_check,2024-09-14,2
EVT-008324,APP-01221,onboarding_docs_sent,2024-10-02,18
EVT-008325,APP-01222,screened,2024-05-23,0
EVT-008326,APP-01222,submitted,2024-05-25,2
EVT-008327,APP-01222,client_interview_1,2024-06-03,9
EVT-008328,APP-01222,offer_extended,2024-06-17,14
EVT-008329,APP-01222,offer_accepted,2024-06-17,0
EVT-008330,APP-01222,background_check,2024-06-18,1
EVT-008331,APP-01222,onboarding_docs_sent,2024-07-12,24
EVT-008332,APP-01222,start_date,2024-07-17,5
EVT-008333,APP-01223,screened,2024-10-14,0
EVT-008334,APP-01223,submitted,2024-10-15,1
EVT-008335,APP-01223,client_interview_1,2024-10-21,6
EVT-008336,APP-01223,offer_extended,2024-10-26,5
EVT-008337,APP-01223,offer_accepted,2024-10-26,0
EVT-008338,APP-01223,background_check,2024-11-03,8
EVT-008339,APP-01223,onboarding_docs_sent,2024-11-12,9
EVT-008340,APP-01223,start_date,2024-11-16,4
EVT-008341,APP-01224,screened,2024-09-22,0
EVT-008342,APP-01224,submitted,2024-09-26,4
EVT-008343,APP-01224,client_interview_1,2024-10-11,15
EVT-008344,APP-01224,offer_extended,2024-10-22,11
EVT-008345,APP-01224,offer_accepted,2024-10-24,2
EVT-008346,APP-01224,background_check,2024-10-25,1
EVT-008347,APP-01225,screened,2024-07-20,0
EVT-008348,APP-01225,client_interview_1,2024-07-21,1
EVT-008349,APP-01225,client_interview_2,2024-07-23,2
EVT-008350,APP-01225,submitted,2024-07-24,1
EVT-008351,APP-01225,offer_extended,2024-07-29,5
EVT-008352,APP-01225,offer_accepted,2024-08-04,6
EVT-008353,APP-01225,onboarding_docs_sent,2024-08-10,6
EVT-008354,APP-01225,start_date,2024-08-13,3
EVT-008355,APP-01226,screened,2024-07-07,0
EVT-008356,APP-01226,submitted,2024-07-08,1
EVT-008357,APP-01226,client_interview_1,2024-07-25,17
EVT-008358,APP-01226,offer_extended,2024-08-11,17
EVT-008359,APP-01227,screened,2024-07-04,0
EVT-008360,APP-01227,client_interview_1,2024-07-06,2
EVT-008361,APP-01227,submitted,2024-07-07,1
EVT-008362,APP-01227,client_interview_2,2024-07-12,5
EVT-008363,APP-01227,offer_extended,2024-07-16,4
EVT-008364,APP-01227,offer_accepted,2024-07-16,0
EVT-008365,APP-01227,background_check,2024-07-19,3
EVT-008366,APP-01227,onboarding_docs_sent,2024-07-31,12
EVT-008367,APP-01227,start_date,2024-08-04,4
EVT-008368,APP-01228,screened,2024-11-17,0
EVT-008369,APP-01228,submitted,2024-11-18,1
EVT-008370,APP-01228,client_interview_1,2024-11-30,12
EVT-008371,APP-01228,offer_extended,2024-12-04,4
EVT-008372,APP-01228,offer_accepted,2024-12-06,2
EVT-008373,APP-01228,background_check,2024-12-07,1
EVT-008374,APP-01228,onboarding_docs_sent,2024-12-24,17
EVT-008375,APP-01228,start_date,2024-12-26,2
EVT-008376,APP-01229,screened,2025-06-27,0
EVT-008377,APP-01229,submitted,2025-06-28,1
EVT-008378,APP-01229,client_interview_1,2025-07-03,5
EVT-008379,APP-01229,offer_extended,2025-07-08,5
EVT-008380,APP-01230,screened,2024-08-03,0
EVT-008381,APP-01230,submitted,2024-08-06,3
EVT-008382,APP-01230,client_interview_1,2024-08-11,5
EVT-008383,APP-01230,client_interview_2,2024-08-14,3
EVT-008384,APP-01230,offer_extended,2024-08-27,13
EVT-008385,APP-01230,offer_accepted,2024-09-02,6
EVT-008386,APP-01230,background_check,2024-09-06,4
EVT-008387,APP-01230,start_date,2024-09-25,19
EVT-008388,APP-01231,screened,2024-04-22,0
EVT-008389,APP-01231,submitted,2024-04-26,4
EVT-008390,APP-01231,client_interview_1,2024-04-26,0
EVT-008391,APP-01231,offer_extended,2024-05-10,14
EVT-008392,APP-01231,offer_accepted,2024-05-15,5
EVT-008393,APP-01231,background_check,2024-05-17,2
EVT-008394,APP-01232,screened,2024-05-04,0
EVT-008395,APP-01232,submitted,2024-05-05,1
EVT-008396,APP-01232,client_interview_1,2024-05-07,2
EVT-008397,APP-01232,offer_extended,2024-05-17,10
EVT-008398,APP-01233,screened,2025-07-21,0
EVT-008399,APP-01233,submitted,2025-07-22,1
EVT-008400,APP-01233,client_interview_1,2025-07-22,0
EVT-008401,APP-01233,offer_extended,2025-08-06,15
EVT-008402,APP-01233,offer_accepted,2025-08-10,4
EVT-008403,APP-01233,background_check,2025-08-14,4
EVT-008404,APP-01234,screened,2025-08-03,0
EVT-008405,APP-01234,submitted,2025-08-06,3
EVT-008406,APP-01234,client_interview_1,2025-08-23,17
EVT-008407,APP-01234,offer_extended,2025-08-30,7
EVT-008408,APP-01234,offer_accepted,2025-09-01,2
EVT-008409,APP-01234,background_check,2025-09-03,2
EVT-008410,APP-01234,onboarding_docs_sent,2025-09-25,22
EVT-008411,APP-01234,start_date,2025-09-30,5
EVT-008412,APP-01235,screened,2024-04-12,0
EVT-008413,APP-01235,submitted,2024-04-15,3
EVT-008414,APP-01235,client_interview_1,2024-04-25,10
EVT-008415,APP-01235,offer_extended,2024-05-11,16
EVT-008416,APP-01235,offer_accepted,2024-05-13,2
EVT-008417,APP-01235,background_check,2024-05-17,4
EVT-008418,APP-01235,start_date,2024-06-14,28
EVT-008419,APP-01236,screened,2025-04-07,0
EVT-008420,APP-01236,submitted,2025-04-10,3
EVT-008421,APP-01236,client_interview_1,2025-04-17,7
EVT-008422,APP-01236,offer_extended,2025-04-23,6
EVT-008423,APP-01236,offer_accepted,2025-04-25,2
EVT-008424,APP-01236,background_check,2025-04-29,4
EVT-008425,APP-01236,onboarding_docs_sent,2025-05-10,11
EVT-008426,APP-01236,start_date,2025-05-14,4
EVT-008427,APP-01237,screened,2024-11-22,0
EVT-008428,APP-01237,submitted,2024-11-23,1
EVT-008429,APP-01237,client_interview_1,2024-11-27,4
EVT-008430,APP-01237,offer_extended,2024-12-03,6
EVT-008431,APP-01237,offer_accepted,2024-12-09,6
EVT-008432,APP-01237,onboarding_docs_sent,2025-01-01,23
EVT-008433,APP-01237,start_date,2025-01-07,6
EVT-008434,APP-01238,screened,2024-04-28,0
EVT-008435,APP-01238,submitted,2024-04-29,1
EVT-008436,APP-01238,client_interview_1,2024-05-17,18
EVT-008437,APP-01238,offer_extended,2024-05-20,3
EVT-008438,APP-01239,screened,2024-10-22,0
EVT-008439,APP-01239,submitted,2024-10-25,3
EVT-008440,APP-01239,client_interview_1,2024-11-02,8
EVT-008441,APP-01239,offer_extended,2024-11-19,17
EVT-008442,APP-01239,offer_accepted,2024-11-19,0
EVT-008443,APP-01239,background_check,2024-11-25,6
EVT-008444,APP-01239,start_date,2024-12-09,14
EVT-008445,APP-01240,screened,2024-02-16,0
EVT-008446,APP-01240,submitted,2024-02-19,3
EVT-008447,APP-01240,client_interview_1,2024-03-02,12
EVT-008448,APP-01240,offer_extended,2024-03-07,5
EVT-008449,APP-01240,offer_accepted,2024-03-08,1
EVT-008450,APP-01240,background_check,2024-03-28,20
EVT-008451,APP-01241,screened,2024-12-01,0
EVT-008452,APP-01241,submitted,2024-12-04,3
EVT-008453,APP-01241,client_interview_1,2024-12-13,9
EVT-008454,APP-01241,client_interview_2,2024-12-16,3
EVT-008455,APP-01241,offer_extended,2024-12-22,6
EVT-008456,APP-01241,offer_accepted,2024-12-28,6
EVT-008457,APP-01241,background_check,2025-01-02,5
EVT-008458,APP-01241,start_date,2025-01-13,11
EVT-008459,APP-01242,screened,2025-04-22,0
EVT-008460,APP-01242,client_interview_1,2025-04-24,2
EVT-008461,APP-01242,submitted,2025-04-25,1
EVT-008462,APP-01242,offer_extended,2025-04-26,1
EVT-008463,APP-01243,screened,2024-09-10,0
EVT-008464,APP-01243,submitted,2024-09-13,3
EVT-008465,APP-01243,client_interview_1,2024-09-23,10
EVT-008466,APP-01243,offer_extended,2024-09-25,2
EVT-008467,APP-01244,screened,2024-09-22,0
EVT-008468,APP-01244,submitted,2024-09-25,3
EVT-008469,APP-01244,client_interview_1,2024-10-10,15
EVT-008470,APP-01244,offer_extended,2024-10-13,3
EVT-008471,APP-01244,offer_accepted,2024-10-18,5
EVT-008472,APP-01244,background_check,2024-10-26,8
EVT-008473,APP-01245,screened,2024-10-25,0
EVT-008474,APP-01245,submitted,2024-10-26,1
EVT-008475,APP-01245,client_interview_1,2024-11-07,12
EVT-008476,APP-01245,offer_extended,2024-11-12,5
EVT-008477,APP-01245,offer_accepted,2024-11-15,3
EVT-008478,APP-01245,background_check,2024-11-16,1
EVT-008479,APP-01245,onboarding_docs_sent,2024-12-13,27
EVT-008480,APP-01245,start_date,2024-12-15,2
EVT-008481,APP-01246,screened,2025-01-29,0
EVT-008482,APP-01246,submitted,2025-01-31,2
EVT-008483,APP-01246,client_interview_1,2025-02-03,3
EVT-008484,APP-01246,client_interview_2,2025-02-12,9
EVT-008485,APP-01246,offer_extended,2025-02-20,8
EVT-008486,APP-01246,offer_accepted,2025-02-22,2
EVT-008487,APP-01246,background_check,2025-02-24,2
EVT-008488,APP-01247,screened,2024-02-06,0
EVT-008489,APP-01247,submitted,2024-02-07,1
EVT-008490,APP-01247,client_interview_1,2024-02-10,3
EVT-008491,APP-01247,offer_extended,2024-02-22,12
EVT-008492,APP-01248,screened,2024-10-19,0
EVT-008493,APP-01248,client_interview_1,2024-10-19,0
EVT-008494,APP-01248,submitted,2024-10-20,1
EVT-008495,APP-01248,client_interview_2,2024-10-27,7
EVT-008496,APP-01248,offer_extended,2024-11-06,10
EVT-008497,APP-01248,offer_accepted,2024-11-09,3
EVT-008498,APP-01248,onboarding_docs_sent,2024-11-12,3
EVT-008499,APP-01248,background_check,2024-11-15,3
EVT-008500,APP-01248,start_date,2024-11-19,4
EVT-008501,APP-01249,screened,2024-05-28,0
EVT-008502,APP-01249,submitted,2024-05-29,1
EVT-008503,APP-01249,client_interview_1,2024-06-18,20
EVT-008504,APP-01249,offer_extended,2024-06-23,5
EVT-008505,APP-01249,offer_accepted,2024-06-28,5
EVT-008506,APP-01249,onboarding_docs_sent,2024-07-17,19
EVT-008507,APP-01249,start_date,2024-07-19,2
EVT-008508,APP-01250,screened,2024-08-10,0
EVT-008509,APP-01250,submitted,2024-08-13,3
EVT-008510,APP-01250,client_interview_1,2024-08-16,3
EVT-008511,APP-01250,offer_extended,2024-08-22,6
EVT-008512,APP-01251,screened,2025-01-14,0
EVT-008513,APP-01251,submitted,2025-01-16,2
EVT-008514,APP-01251,client_interview_1,2025-02-02,17
EVT-008515,APP-01251,client_interview_2,2025-02-08,6
EVT-008516,APP-01251,offer_extended,2025-02-19,11
EVT-008517,APP-01252,screened,2025-06-15,0
EVT-008518,APP-01252,submitted,2025-06-17,2
EVT-008519,APP-01252,client_interview_1,2025-07-05,18
EVT-008520,APP-01252,offer_extended,2025-07-07,2
EVT-008521,APP-01252,offer_accepted,2025-07-10,3
EVT-008522,APP-01252,onboarding_docs_sent,2025-07-28,18
EVT-008523,APP-01252,start_date,2025-08-01,4
EVT-008524,APP-01253,screened,2024-07-21,0
EVT-008525,APP-01253,submitted,2024-07-22,1
EVT-008526,APP-01253,client_interview_1,2024-08-05,14
EVT-008527,APP-01253,client_interview_2,2024-08-13,8
EVT-008528,APP-01253,offer_extended,2024-08-22,9
EVT-008529,APP-01254,screened,2024-09-17,0
EVT-008530,APP-01254,submitted,2024-09-20,3
EVT-008531,APP-01254,client_interview_1,2024-10-05,15
EVT-008532,APP-01254,offer_extended,2024-10-19,14
EVT-008533,APP-01254,offer_accepted,2024-10-23,4
EVT-008534,APP-01254,background_check,2024-10-27,4
EVT-008535,APP-01254,onboarding_docs_sent,2024-10-31,4
EVT-008536,APP-01254,start_date,2024-11-05,5
EVT-008537,APP-01255,screened,2024-04-09,0
EVT-008538,APP-01255,submitted,2024-04-10,1
EVT-008539,APP-01255,client_interview_1,2024-04-28,18
EVT-008540,APP-01255,offer_extended,2024-05-11,13
EVT-008541,APP-01256,screened,2024-12-28,0
EVT-008542,APP-01256,submitted,2024-12-30,2
EVT-008543,APP-01256,client_interview_1,2025-01-09,10
EVT-008544,APP-01256,client_interview_2,2025-01-14,5
EVT-008545,APP-01256,offer_extended,2025-01-15,1
EVT-008546,APP-01256,offer_accepted,2025-01-20,5
EVT-008547,APP-01256,onboarding_docs_sent,2025-02-13,24
EVT-008548,APP-01256,start_date,2025-03-03,18
EVT-008549,APP-01257,screened,2025-06-27,0
EVT-008550,APP-01257,submitted,2025-06-28,1
EVT-008551,APP-01257,client_interview_1,2025-07-15,17
EVT-008552,APP-01257,offer_extended,2025-07-17,2
EVT-008553,APP-01257,offer_accepted,2025-07-19,2
EVT-008554,APP-01257,background_check,2025-07-24,5
EVT-008555,APP-01258,screened,2024-12-16,0
EVT-008556,APP-01258,submitted,2024-12-17,1
EVT-008557,APP-01258,client_interview_1,2024-12-22,5
EVT-008558,APP-01258,offer_extended,2024-12-27,5
EVT-008559,APP-01258,offer_accepted,2024-12-28,1
EVT-008560,APP-01258,background_check,2024-12-29,1
EVT-008561,APP-01258,start_date,2025-01-19,21
EVT-008562,APP-01259,screened,2024-03-07,0
EVT-008563,APP-01259,submitted,2024-03-11,4
EVT-008564,APP-01259,client_interview_1,2024-03-23,12
EVT-008565,APP-01259,offer_extended,2024-04-10,18
EVT-008566,APP-01259,offer_accepted,2024-04-10,0
EVT-008567,APP-01259,background_check,2024-04-12,2
EVT-008568,APP-01259,onboarding_docs_sent,2024-05-04,22
EVT-008569,APP-01259,start_date,2024-05-16,12
EVT-008570,APP-01260,screened,2024-07-23,0
EVT-008571,APP-01260,submitted,2024-07-26,3
EVT-008572,APP-01260,client_interview_1,2024-08-05,10
EVT-008573,APP-01260,offer_extended,2024-08-08,3
EVT-008574,APP-01260,offer_accepted,2024-08-14,6
EVT-008575,APP-01260,background_check,2024-08-18,4
EVT-008576,APP-01260,onboarding_docs_sent,2024-08-24,6
EVT-008577,APP-01260,start_date,2024-08-28,4
EVT-008578,APP-01261,screened,2024-02-29,0
EVT-008579,APP-01261,submitted,2024-03-03,3
EVT-008580,APP-01261,client_interview_1,2024-03-16,13
EVT-008581,APP-01261,client_interview_2,2024-03-21,5
EVT-008582,APP-01261,offer_extended,2024-03-31,10
EVT-008583,APP-01261,offer_accepted,2024-04-05,5
EVT-008584,APP-01261,background_check,2024-04-06,1
EVT-008585,APP-01261,start_date,2024-05-04,28
EVT-008586,APP-01262,screened,2025-01-14,0
EVT-008587,APP-01262,submitted,2025-01-18,4
EVT-008588,APP-01262,client_interview_1,2025-02-02,15
EVT-008589,APP-01262,offer_extended,2025-02-06,4
EVT-008590,APP-01262,offer_accepted,2025-02-11,5
EVT-008591,APP-01262,onboarding_docs_sent,2025-03-09,26
EVT-008592,APP-01262,start_date,2025-03-19,10
EVT-008593,APP-01263,screened,2024-02-15,0
EVT-008594,APP-01263,submitted,2024-02-16,1
EVT-008595,APP-01263,client_interview_1,2024-02-26,10
EVT-008596,APP-01263,offer_extended,2024-03-08,11
EVT-008597,APP-01263,offer_accepted,2024-03-14,6
EVT-008598,APP-01263,background_check,2024-03-22,8
EVT-008599,APP-01263,onboarding_docs_sent,2024-04-03,12
EVT-008600,APP-01264,screened,2024-04-27,0
EVT-008601,APP-01264,submitted,2024-04-30,3
EVT-008602,APP-01264,client_interview_1,2024-05-16,16
EVT-008603,APP-01264,offer_extended,2024-05-22,6
EVT-008604,APP-01264,offer_accepted,2024-05-25,3
EVT-008605,APP-01264,background_check,2024-05-31,6
EVT-008606,APP-01264,start_date,2024-06-10,10
EVT-008607,APP-01265,screened,2024-02-19,0
EVT-008608,APP-01265,submitted,2024-02-21,2
EVT-008609,APP-01265,client_interview_1,2024-02-28,7
EVT-008610,APP-01265,offer_extended,2024-03-10,11
EVT-008611,APP-01265,offer_accepted,2024-03-14,4
EVT-008612,APP-01265,background_check,2024-03-22,8
EVT-008613,APP-01265,start_date,2024-04-05,14
EVT-008614,APP-01266,screened,2024-09-27,0
EVT-008615,APP-01266,submitted,2024-09-28,1
EVT-008616,APP-01266,client_interview_1,2024-10-07,9
EVT-008617,APP-01266,client_interview_2,2024-10-09,2
EVT-008618,APP-01266,offer_extended,2024-10-25,16
EVT-008619,APP-01266,offer_accepted,2024-10-30,5
EVT-008620,APP-01267,screened,2025-01-24,0
EVT-008621,APP-01267,submitted,2025-01-27,3
EVT-008622,APP-01267,client_interview_1,2025-02-02,6
EVT-008623,APP-01267,offer_extended,2025-02-10,8
EVT-008624,APP-01268,screened,2025-05-09,0
EVT-008625,APP-01268,submitted,2025-05-11,2
EVT-008626,APP-01268,client_interview_1,2025-05-21,10
EVT-008627,APP-01268,offer_extended,2025-05-30,9
EVT-008628,APP-01268,offer_accepted,2025-05-31,1
EVT-008629,APP-01268,background_check,2025-06-07,7
EVT-008630,APP-01268,onboarding_docs_sent,2025-06-22,15
EVT-008631,APP-01268,start_date,2025-06-28,6
EVT-008632,APP-01269,screened,2025-04-11,0
EVT-008633,APP-01269,submitted,2025-04-12,1
EVT-008634,APP-01269,client_interview_1,2025-04-28,16
EVT-008635,APP-01269,client_interview_2,2025-05-06,8
EVT-008636,APP-01269,offer_extended,2025-05-10,4
EVT-008637,APP-01270,screened,2024-08-10,0
EVT-008638,APP-01270,submitted,2024-08-11,1
EVT-008639,APP-01270,client_interview_1,2024-08-16,5
EVT-008640,APP-01270,offer_extended,2024-08-26,10
EVT-008641,APP-01270,offer_accepted,2024-08-29,3
EVT-008642,APP-01270,background_check,2024-08-30,1
EVT-008643,APP-01271,screened,2025-02-13,0
EVT-008644,APP-01271,submitted,2025-02-17,4
EVT-008645,APP-01271,client_interview_1,2025-02-28,11
EVT-008646,APP-01271,offer_extended,2025-03-05,5
EVT-008647,APP-01271,offer_accepted,2025-03-08,3
EVT-008648,APP-01271,background_check,2025-03-10,2
EVT-008649,APP-01271,onboarding_docs_sent,2025-03-22,12
EVT-008650,APP-01271,start_date,2025-03-28,6
EVT-008651,APP-01272,screened,2024-12-21,0
EVT-008652,APP-01272,submitted,2024-12-25,4
EVT-008653,APP-01272,client_interview_1,2024-12-27,2
EVT-008654,APP-01272,offer_extended,2025-01-06,10
EVT-008655,APP-01272,offer_accepted,2025-01-07,1
EVT-008656,APP-01272,background_check,2025-01-13,6
EVT-008657,APP-01273,screened,2025-01-06,0
EVT-008658,APP-01273,submitted,2025-01-07,1
EVT-008659,APP-01273,client_interview_1,2025-01-09,2
EVT-008660,APP-01273,offer_extended,2025-01-11,2
EVT-008661,APP-01274,screened,2025-01-01,0
EVT-008662,APP-01274,submitted,2025-01-03,2
EVT-008663,APP-01274,client_interview_1,2025-01-21,18
EVT-008664,APP-01274,offer_extended,2025-01-31,10
EVT-008665,APP-01274,offer_accepted,2025-02-04,4
EVT-008666,APP-01274,background_check,2025-02-11,7
EVT-008667,APP-01274,onboarding_docs_sent,2025-02-16,5
EVT-008668,APP-01274,start_date,2025-02-21,5
EVT-008669,APP-01275,screened,2024-10-07,0
EVT-008670,APP-01275,submitted,2024-10-09,2
EVT-008671,APP-01275,client_interview_1,2024-10-12,3
EVT-008672,APP-01275,client_interview_2,2024-10-14,2
EVT-008673,APP-01275,offer_extended,2024-10-16,2
EVT-008674,APP-01275,offer_accepted,2024-10-20,4
EVT-008675,APP-01275,background_check,2024-10-25,5
EVT-008676,APP-01275,onboarding_docs_sent,2024-11-13,19
EVT-008677,APP-01275,start_date,2024-11-19,6
EVT-008678,APP-01276,screened,2024-11-13,0
EVT-008679,APP-01276,submitted,2024-11-16,3
EVT-008680,APP-01276,client_interview_1,2024-11-27,11
EVT-008681,APP-01276,offer_extended,2024-12-06,9
EVT-008682,APP-01276,offer_accepted,2024-12-07,1
EVT-008683,APP-01276,background_check,2024-12-26,19
EVT-008684,APP-01277,screened,2024-02-18,0
EVT-008685,APP-01277,submitted,2024-02-20,2
EVT-008686,APP-01277,client_interview_1,2024-03-09,18
EVT-008687,APP-01277,offer_extended,2024-03-23,14
EVT-008688,APP-01277,offer_accepted,2024-03-26,3
EVT-008689,APP-01277,background_check,2024-03-31,5
EVT-008690,APP-01277,onboarding_docs_sent,2024-04-07,7
EVT-008691,APP-01277,start_date,2024-04-08,1
EVT-008692,APP-01278,screened,2024-11-02,0
EVT-008693,APP-01278,submitted,2024-11-03,1
EVT-008694,APP-01278,client_interview_1,2024-11-16,13
EVT-008695,APP-01278,offer_extended,2024-11-18,2
EVT-008696,APP-01278,offer_accepted,2024-11-22,4
EVT-008697,APP-01278,onboarding_docs_sent,2024-12-20,28
EVT-008698,APP-01278,start_date,2024-12-22,2
EVT-008699,APP-01279,screened,2024-09-08,0
EVT-008700,APP-01279,submitted,2024-09-10,2
EVT-008701,APP-01279,client_interview_1,2024-09-26,16
EVT-008702,APP-01279,offer_extended,2024-10-10,14
EVT-008703,APP-01279,offer_accepted,2024-10-16,6
EVT-008704,APP-01279,background_check,2024-10-24,8
EVT-008705,APP-01280,screened,2024-12-07,0
EVT-008706,APP-01280,submitted,2024-12-10,3
EVT-008707,APP-01280,client_interview_1,2024-12-13,3
EVT-008708,APP-01280,offer_extended,2024-12-21,8
EVT-008709,APP-01280,offer_accepted,2024-12-23,2
EVT-008710,APP-01280,background_check,2024-12-29,6
EVT-008711,APP-01280,onboarding_docs_sent,2025-01-07,9
EVT-008712,APP-01280,start_date,2025-01-26,19
EVT-008713,APP-01281,screened,2025-02-11,0
EVT-008714,APP-01281,submitted,2025-02-13,2
EVT-008715,APP-01281,client_interview_1,2025-03-02,17
EVT-008716,APP-01281,client_interview_2,2025-03-04,2
EVT-008717,APP-01281,offer_extended,2025-03-11,7
EVT-008718,APP-01281,offer_accepted,2025-03-16,5
EVT-008719,APP-01281,background_check,2025-03-17,1
EVT-008720,APP-01281,onboarding_docs_sent,2025-04-06,20
EVT-008721,APP-01281,start_date,2025-04-11,5
EVT-008722,APP-01282,screened,2024-07-13,0
EVT-008723,APP-01282,submitted,2024-07-17,4
EVT-008724,APP-01282,client_interview_1,2024-07-29,12
EVT-008725,APP-01282,offer_extended,2024-08-13,15
EVT-008726,APP-01282,offer_accepted,2024-08-13,0
EVT-008727,APP-01282,background_check,2024-08-19,6
EVT-008728,APP-01282,start_date,2024-09-05,17
EVT-008729,APP-01283,screened,2024-07-22,0
EVT-008730,APP-01283,submitted,2024-07-24,2
EVT-008731,APP-01283,client_interview_1,2024-08-09,16
EVT-008732,APP-01283,client_interview_2,2024-08-11,2
EVT-008733,APP-01283,offer_extended,2024-08-27,16
EVT-008734,APP-01284,screened,2024-11-06,0
EVT-008735,APP-01284,submitted,2024-11-07,1
EVT-008736,APP-01284,client_interview_1,2024-11-09,2
EVT-008737,APP-01284,client_interview_2,2024-11-11,2
EVT-008738,APP-01284,offer_extended,2024-11-16,5
EVT-008739,APP-01284,offer_accepted,2024-11-16,0
EVT-008740,APP-01284,background_check,2024-11-19,3
EVT-008741,APP-01285,screened,2024-09-26,0
EVT-008742,APP-01285,submitted,2024-09-30,4
EVT-008743,APP-01285,client_interview_1,2024-10-10,10
EVT-008744,APP-01285,client_interview_2,2024-10-17,7
EVT-008745,APP-01285,offer_extended,2024-10-20,3
EVT-008746,APP-01285,offer_accepted,2024-10-26,6
EVT-008747,APP-01285,background_check,2024-10-27,1
EVT-008748,APP-01286,screened,2024-12-20,0
EVT-008749,APP-01286,submitted,2024-12-22,2
EVT-008750,APP-01286,client_interview_1,2024-12-27,5
EVT-008751,APP-01286,client_interview_2,2025-01-01,5
EVT-008752,APP-01286,offer_extended,2025-01-07,6
EVT-008753,APP-01286,offer_accepted,2025-01-11,4
EVT-008754,APP-01286,onboarding_docs_sent,2025-01-29,18
EVT-008755,APP-01286,start_date,2025-02-17,19
EVT-008756,APP-01287,screened,2025-04-28,0
EVT-008757,APP-01287,submitted,2025-04-30,2
EVT-008758,APP-01287,client_interview_1,2025-05-03,3
EVT-008759,APP-01287,client_interview_2,2025-05-07,4
EVT-008760,APP-01287,offer_extended,2025-05-13,6
EVT-008761,APP-01287,offer_accepted,2025-05-19,6
EVT-008762,APP-01287,background_check,2025-05-21,2
EVT-008763,APP-01287,onboarding_docs_sent,2025-06-11,21
EVT-008764,APP-01287,start_date,2025-06-17,6
EVT-008765,APP-01288,screened,2024-02-19,0
EVT-008766,APP-01288,submitted,2024-02-23,4
EVT-008767,APP-01288,client_interview_1,2024-02-28,5
EVT-008768,APP-01288,offer_extended,2024-03-01,2
EVT-008769,APP-01288,offer_accepted,2024-03-03,2
EVT-008770,APP-01289,screened,2025-02-03,0
EVT-008771,APP-01289,submitted,2025-02-05,2
EVT-008772,APP-01289,client_interview_1,2025-02-19,14
EVT-008773,APP-01289,client_interview_2,2025-02-24,5
EVT-008774,APP-01289,offer_extended,2025-02-25,1
EVT-008775,APP-01289,offer_accepted,2025-03-03,6
EVT-008776,APP-01289,background_check,2025-03-09,6
EVT-008777,APP-01290,screened,2025-04-08,0
EVT-008778,APP-01290,submitted,2025-04-12,4
EVT-008779,APP-01290,client_interview_1,2025-04-24,12
EVT-008780,APP-01290,offer_extended,2025-05-01,7
EVT-008781,APP-01290,offer_accepted,2025-05-06,5
EVT-008782,APP-01290,background_check,2025-05-09,3
EVT-008783,APP-01291,screened,2025-04-24,0
EVT-008784,APP-01291,submitted,2025-04-26,2
EVT-008785,APP-01291,client_interview_1,2025-05-11,15
EVT-008786,APP-01291,client_interview_2,2025-05-19,8
EVT-008787,APP-01291,offer_extended,2025-05-25,6
EVT-008788,APP-01292,screened,2025-02-22,0
EVT-008789,APP-01292,submitted,2025-02-25,3
EVT-008790,APP-01292,client_interview_1,2025-03-07,10
EVT-008791,APP-01292,offer_extended,2025-03-17,10
EVT-008792,APP-01292,offer_accepted,2025-03-21,4
EVT-008793,APP-01293,screened,2025-04-28,0
EVT-008794,APP-01293,submitted,2025-04-29,1
EVT-008795,APP-01293,client_interview_1,2025-05-09,10
EVT-008796,APP-01293,offer_extended,2025-05-14,5
EVT-008797,APP-01294,screened,2025-01-16,0
EVT-008798,APP-01294,submitted,2025-01-19,3
EVT-008799,APP-01294,client_interview_1,2025-01-22,3
EVT-008800,APP-01294,offer_extended,2025-02-07,16
EVT-008801,APP-01294,offer_accepted,2025-02-13,6
EVT-008802,APP-01294,background_check,2025-02-14,1
EVT-008803,APP-01294,onboarding_docs_sent,2025-03-04,18
EVT-008804,APP-01294,start_date,2025-03-07,3
EVT-008805,APP-01295,screened,2024-05-08,0
EVT-008806,APP-01295,submitted,2024-05-12,4
EVT-008807,APP-01295,client_interview_1,2024-05-18,6
EVT-008808,APP-01295,client_interview_2,2024-05-21,3
EVT-008809,APP-01295,offer_extended,2024-06-04,14
EVT-008810,APP-01295,offer_accepted,2024-06-07,3
EVT-008811,APP-01295,background_check,2024-06-09,2
EVT-008812,APP-01295,onboarding_docs_sent,2024-06-24,15
EVT-008813,APP-01295,start_date,2024-06-28,4
EVT-008814,APP-01296,screened,2024-09-29,0
EVT-008815,APP-01296,submitted,2024-10-03,4
EVT-008816,APP-01296,client_interview_1,2024-10-03,0
EVT-008817,APP-01296,offer_extended,2024-10-14,11
EVT-008818,APP-01297,screened,2024-09-03,0
EVT-008819,APP-01297,submitted,2024-09-06,3
EVT-008820,APP-01297,client_interview_1,2024-09-21,15
EVT-008821,APP-01297,offer_extended,2024-10-08,17
EVT-008822,APP-01297,offer_accepted,2024-10-08,0
EVT-008823,APP-01297,background_check,2024-10-16,8
EVT-008824,APP-01297,onboarding_docs_sent,2024-10-29,13
EVT-008825,APP-01297,start_date,2024-11-01,3
EVT-008826,APP-01298,screened,2025-06-21,0
EVT-008827,APP-01298,submitted,2025-06-24,3
EVT-008828,APP-01298,client_interview_1,2025-07-08,14
EVT-008829,APP-01298,offer_extended,2025-07-18,10
EVT-008830,APP-01298,offer_accepted,2025-07-18,0
EVT-008831,APP-01298,background_check,2025-07-19,1
EVT-008832,APP-01298,onboarding_docs_sent,2025-07-26,7
EVT-008833,APP-01298,start_date,2025-07-29,3
EVT-008834,APP-01299,screened,2025-02-20,0
EVT-008835,APP-01299,submitted,2025-02-22,2
EVT-008836,APP-01299,client_interview_1,2025-03-02,8
EVT-008837,APP-01299,client_interview_2,2025-03-08,6
EVT-008838,APP-01299,offer_extended,2025-03-13,5
EVT-008839,APP-01299,offer_accepted,2025-03-15,2
EVT-008840,APP-01299,onboarding_docs_sent,2025-03-21,6
EVT-008841,APP-01299,background_check,2025-03-22,1
EVT-008842,APP-01299,start_date,2025-03-25,3
EVT-008843,APP-01300,screened,2024-11-18,0
EVT-008844,APP-01300,submitted,2024-11-19,1
EVT-008845,APP-01300,client_interview_1,2024-12-07,18
EVT-008846,APP-01300,client_interview_2,2024-12-10,3
EVT-008847,APP-01300,offer_extended,2024-12-25,15
EVT-008848,APP-01300,offer_accepted,2024-12-25,0
EVT-008849,APP-01300,background_check,2024-12-31,6
EVT-008850,APP-01300,onboarding_docs_sent,2025-01-07,7
EVT-008851,APP-01300,start_date,2025-01-23,16
EVT-008852,APP-01301,screened,2024-04-08,0
EVT-008853,APP-01301,submitted,2024-04-11,3
EVT-008854,APP-01301,client_interview_1,2024-04-14,3
EVT-008855,APP-01301,offer_extended,2024-04-18,4
EVT-008856,APP-01301,offer_accepted,2024-04-22,4
EVT-008857,APP-01301,background_check,2024-04-29,7
EVT-008858,APP-01302,screened,2025-03-22,0
EVT-008859,APP-01302,submitted,2025-03-26,4
EVT-008860,APP-01302,client_interview_1,2025-04-05,10
EVT-008861,APP-01302,offer_extended,2025-04-11,6
EVT-008862,APP-01302,offer_accepted,2025-04-14,3
EVT-008863,APP-01302,background_check,2025-04-22,8
EVT-008864,APP-01302,onboarding_docs_sent,2025-05-02,10
EVT-008865,APP-01302,start_date,2025-05-09,7
EVT-008866,APP-01303,screened,2025-03-24,0
EVT-008867,APP-01303,submitted,2025-03-27,3
EVT-008868,APP-01303,client_interview_1,2025-04-11,15
EVT-008869,APP-01303,offer_extended,2025-04-15,4
EVT-008870,APP-01303,offer_accepted,2025-04-16,1
EVT-008871,APP-01303,background_check,2025-04-18,2
EVT-008872,APP-01303,start_date,2025-05-09,21
EVT-008873,APP-01304,screened,2025-01-16,0
EVT-008874,APP-01304,submitted,2025-01-17,1
EVT-008875,APP-01304,client_interview_1,2025-01-28,11
EVT-008876,APP-01304,client_interview_2,2025-02-04,7
EVT-008877,APP-01304,offer_extended,2025-02-10,6
EVT-008878,APP-01304,offer_accepted,2025-02-16,6
EVT-008879,APP-01304,background_check,2025-02-20,4
EVT-008880,APP-01304,onboarding_docs_sent,2025-03-01,9
EVT-008881,APP-01304,start_date,2025-03-07,6
EVT-008882,APP-01305,screened,2025-01-24,0
EVT-008883,APP-01305,submitted,2025-01-27,3
EVT-008884,APP-01305,client_interview_1,2025-02-12,16
EVT-008885,APP-01305,client_interview_2,2025-02-18,6
EVT-008886,APP-01305,offer_extended,2025-03-02,12
EVT-008887,APP-01305,offer_accepted,2025-03-07,5
EVT-008888,APP-01305,background_check,2025-03-10,3
EVT-008889,APP-01305,start_date,2025-03-21,11
EVT-008890,APP-01306,screened,2024-05-16,0
EVT-008891,APP-01306,submitted,2024-05-17,1
EVT-008892,APP-01306,client_interview_1,2024-06-02,16
EVT-008893,APP-01306,offer_extended,2024-06-13,11
EVT-008894,APP-01306,offer_accepted,2024-06-16,3
EVT-008895,APP-01306,background_check,2024-06-22,6
EVT-008896,APP-01307,screened,2025-01-22,0
EVT-008897,APP-01307,submitted,2025-01-26,4
EVT-008898,APP-01307,client_interview_1,2025-01-29,3
EVT-008899,APP-01307,offer_extended,2025-02-07,9
EVT-008900,APP-01307,offer_accepted,2025-02-10,3
EVT-008901,APP-01307,background_check,2025-02-11,1
EVT-008902,APP-01307,onboarding_docs_sent,2025-02-16,5
EVT-008903,APP-01307,start_date,2025-02-20,4
EVT-008904,APP-01308,screened,2025-02-06,0
EVT-008905,APP-01308,submitted,2025-02-10,4
EVT-008906,APP-01308,client_interview_1,2025-02-15,5
EVT-008907,APP-01308,client_interview_2,2025-02-20,5
EVT-008908,APP-01308,offer_extended,2025-02-22,2
EVT-008909,APP-01308,offer_accepted,2025-02-26,4
EVT-008910,APP-01308,background_check,2025-03-06,8
EVT-008911,APP-01308,onboarding_docs_sent,2025-03-15,9
EVT-008912,APP-01308,start_date,2025-03-18,3
EVT-008913,APP-01309,screened,2024-11-03,0
EVT-008914,APP-01309,submitted,2024-11-04,1
EVT-008915,APP-01309,client_interview_1,2024-11-04,0
EVT-008916,APP-01309,client_interview_2,2024-11-09,5
EVT-008917,APP-01309,offer_extended,2024-11-16,7
EVT-008918,APP-01310,screened,2025-01-17,0
EVT-008919,APP-01310,submitted,2025-01-21,4
EVT-008920,APP-01310,client_interview_1,2025-01-24,3
EVT-008921,APP-01310,client_interview_2,2025-02-02,9
EVT-008922,APP-01310,offer_extended,2025-02-04,2
EVT-008923,APP-01311,screened,2025-03-27,0
EVT-008924,APP-01311,submitted,2025-03-30,3
EVT-008925,APP-01311,client_interview_1,2025-04-01,2
EVT-008926,APP-01311,client_interview_2,2025-04-05,4
EVT-008927,APP-01311,offer_extended,2025-04-06,1
EVT-008928,APP-01311,offer_accepted,2025-04-06,0
EVT-008929,APP-01311,background_check,2025-04-07,1
EVT-008930,APP-01311,onboarding_docs_sent,2025-04-12,5
EVT-008931,APP-01311,start_date,2025-04-17,5
EVT-008932,APP-01312,screened,2025-04-04,0
EVT-008933,APP-01312,client_interview_1,2025-04-05,1
EVT-008934,APP-01312,submitted,2025-04-07,2
EVT-008935,APP-01312,client_interview_2,2025-04-13,6
EVT-008936,APP-01312,offer_extended,2025-04-22,9
EVT-008937,APP-01313,screened,2024-11-05,0
EVT-008938,APP-01313,client_interview_1,2024-11-06,1
EVT-008939,APP-01313,submitted,2024-11-08,2
EVT-008940,APP-01313,client_interview_2,2024-11-08,0
EVT-008941,APP-01313,offer_extended,2024-11-13,5
EVT-008942,APP-01314,screened,2025-05-16,0
EVT-008943,APP-01314,submitted,2025-05-18,2
EVT-008944,APP-01314,client_interview_1,2025-06-03,16
EVT-008945,APP-01314,offer_extended,2025-06-08,5
EVT-008946,APP-01314,offer_accepted,2025-06-10,2
EVT-008947,APP-01314,background_check,2025-06-17,7
EVT-008948,APP-01314,start_date,2025-07-18,31
EVT-008949,APP-01315,screened,2024-09-10,0
EVT-008950,APP-01315,submitted,2024-09-14,4
EVT-008951,APP-01315,client_interview_1,2024-09-17,3
EVT-008952,APP-01315,client_interview_2,2024-09-25,8
EVT-008953,APP-01315,offer_extended,2024-10-05,10
EVT-008954,APP-01315,offer_accepted,2024-10-05,0
EVT-008955,APP-01315,background_check,2024-10-07,2
EVT-008956,APP-01316,screened,2024-10-25,0
EVT-008957,APP-01316,submitted,2024-10-29,4
EVT-008958,APP-01316,client_interview_1,2024-11-09,11
EVT-008959,APP-01316,offer_extended,2024-11-22,13
EVT-008960,APP-01317,screened,2024-04-19,0
EVT-008961,APP-01317,submitted,2024-04-20,1
EVT-008962,APP-01317,client_interview_1,2024-04-30,10
EVT-008963,APP-01317,offer_extended,2024-05-08,8
EVT-008964,APP-01318,screened,2024-11-06,0
EVT-008965,APP-01318,submitted,2024-11-07,1
EVT-008966,APP-01318,client_interview_1,2024-11-22,15
EVT-008967,APP-01318,offer_extended,2024-11-28,6
EVT-008968,APP-01318,offer_accepted,2024-11-29,1
EVT-008969,APP-01318,background_check,2024-11-30,1
EVT-008970,APP-01319,screened,2024-11-06,0
EVT-008971,APP-01319,submitted,2024-11-08,2
EVT-008972,APP-01319,client_interview_1,2024-11-11,3
EVT-008973,APP-01319,client_interview_2,2024-11-19,8
EVT-008974,APP-01319,offer_extended,2024-11-22,3
EVT-008975,APP-01319,offer_accepted,2024-11-27,5
EVT-008976,APP-01319,background_check,2024-12-01,4
EVT-008977,APP-01319,onboarding_docs_sent,2024-12-03,2
EVT-008978,APP-01319,start_date,2024-12-08,5
EVT-008979,APP-01320,screened,2024-03-19,0
EVT-008980,APP-01320,submitted,2024-03-23,4
EVT-008981,APP-01320,client_interview_1,2024-03-30,7
EVT-008982,APP-01320,client_interview_2,2024-04-09,10
EVT-008983,APP-01320,offer_extended,2024-04-13,4
EVT-008984,APP-01320,offer_accepted,2024-04-14,1
EVT-008985,APP-01320,background_check,2024-04-20,6
EVT-008986,APP-01320,start_date,2024-05-08,18
EVT-008987,APP-01321,screened,2024-12-16,0
EVT-008988,APP-01321,submitted,2024-12-20,4
EVT-008989,APP-01321,client_interview_1,2024-12-29,9
EVT-008990,APP-01321,client_interview_2,2025-01-01,3
EVT-008991,APP-01321,offer_extended,2025-01-10,9
EVT-008992,APP-01321,offer_accepted,2025-01-16,6
EVT-008993,APP-01321,background_check,2025-01-23,7
EVT-008994,APP-01321,onboarding_docs_sent,2025-02-06,14
EVT-008995,APP-01321,start_date,2025-02-07,1
EVT-008996,APP-01322,screened,2024-11-04,0
EVT-008997,APP-01322,client_interview_1,2024-11-05,1
EVT-008998,APP-01322,submitted,2024-11-06,1
EVT-008999,APP-01322,client_interview_2,2024-11-10,4
EVT-009000,APP-01322,offer_extended,2024-11-11,1
EVT-009001,APP-01322,offer_accepted,2024-11-12,1
EVT-009002,APP-01322,background_check,2024-11-20,8
EVT-009003,APP-01322,onboarding_docs_sent,2024-12-02,12
EVT-009004,APP-01322,start_date,2024-12-29,27
EVT-009005,APP-01323,screened,2025-07-16,0
EVT-009006,APP-01323,submitted,2025-07-18,2
EVT-009007,APP-01323,client_interview_1,2025-07-28,10
EVT-009008,APP-01323,offer_extended,2025-08-09,12
EVT-009009,APP-01323,offer_accepted,2025-08-15,6
EVT-009010,APP-01323,background_check,2025-08-20,5
EVT-009011,APP-01323,onboarding_docs_sent,2025-09-05,16
EVT-009012,APP-01323,start_date,2025-09-21,16
EVT-009013,APP-01324,screened,2024-08-22,0
EVT-009014,APP-01324,submitted,2024-08-23,1
EVT-009015,APP-01324,client_interview_1,2024-09-07,15
EVT-009016,APP-01324,offer_extended,2024-09-17,10
EVT-009017,APP-01324,offer_accepted,2024-09-21,4
EVT-009018,APP-01324,background_check,2024-09-25,4
EVT-009019,APP-01325,screened,2024-04-13,0
EVT-009020,APP-01325,client_interview_1,2024-04-15,2
EVT-009021,APP-01325,submitted,2024-04-17,2
EVT-009022,APP-01325,offer_extended,2024-05-01,14
EVT-009023,APP-01325,offer_accepted,2024-05-06,5
EVT-009024,APP-01325,background_check,2024-05-08,2
EVT-009025,APP-01326,screened,2024-09-11,0
EVT-009026,APP-01326,client_interview_1,2024-09-14,3
EVT-009027,APP-01326,submitted,2024-09-15,1
EVT-009028,APP-01326,client_interview_2,2024-09-20,5
EVT-009029,APP-01326,offer_extended,2024-10-01,11
EVT-009030,APP-01326,offer_accepted,2024-10-07,6
EVT-009031,APP-01326,background_check,2024-10-10,3
EVT-009032,APP-01326,onboarding_docs_sent,2024-10-22,12
EVT-009033,APP-01326,start_date,2024-10-24,2
EVT-009034,APP-01327,screened,2024-03-28,0
EVT-009035,APP-01327,submitted,2024-04-01,4
EVT-009036,APP-01327,client_interview_1,2024-04-04,3
EVT-009037,APP-01327,client_interview_2,2024-04-08,4
EVT-009038,APP-01327,offer_extended,2024-04-20,12
EVT-009039,APP-01328,screened,2024-04-22,0
EVT-009040,APP-01328,submitted,2024-04-26,4
EVT-009041,APP-01328,client_interview_1,2024-05-07,11
EVT-009042,APP-01328,offer_extended,2024-05-17,10
EVT-009043,APP-01328,offer_accepted,2024-05-17,0
EVT-009044,APP-01328,background_check,2024-05-20,3
EVT-009045,APP-01328,onboarding_docs_sent,2024-06-06,17
EVT-009046,APP-01328,start_date,2024-06-12,6
EVT-009047,APP-01329,screened,2024-04-26,0
EVT-009048,APP-01329,submitted,2024-04-27,1
EVT-009049,APP-01329,client_interview_1,2024-05-05,8
EVT-009050,APP-01329,offer_extended,2024-05-20,15
EVT-009051,APP-01329,offer_accepted,2024-05-20,0
EVT-009052,APP-01329,background_check,2024-05-24,4
EVT-009053,APP-01330,screened,2025-08-08,0
EVT-009054,APP-01330,submitted,2025-08-09,1
EVT-009055,APP-01330,client_interview_1,2025-08-09,0
EVT-009056,APP-01330,offer_extended,2025-08-26,17
EVT-009057,APP-01330,offer_accepted,2025-08-30,4
EVT-009058,APP-01330,background_check,2025-09-02,3
EVT-009059,APP-01331,screened,2024-04-21,0
EVT-009060,APP-01331,submitted,2024-04-24,3
EVT-009061,APP-01331,client_interview_1,2024-05-11,17
EVT-009062,APP-01331,client_interview_2,2024-05-15,4
EVT-009063,APP-01331,offer_extended,2024-05-19,4
EVT-009064,APP-01332,screened,2024-12-12,0
EVT-009065,APP-01332,submitted,2024-12-14,2
EVT-009066,APP-01332,client_interview_1,2024-12-21,7
EVT-009067,APP-01332,offer_extended,2024-12-28,7
EVT-009068,APP-01333,screened,2025-03-11,0
EVT-009069,APP-01333,submitted,2025-03-12,1
EVT-009070,APP-01333,client_interview_1,2025-03-20,8
EVT-009071,APP-01333,client_interview_2,2025-03-29,9
EVT-009072,APP-01333,offer_extended,2025-03-31,2
EVT-009073,APP-01333,offer_accepted,2025-04-04,4
EVT-009074,APP-01333,background_check,2025-04-11,7
EVT-009075,APP-01333,start_date,2025-05-03,22
EVT-009076,APP-01334,screened,2024-10-05,0
EVT-009077,APP-01334,submitted,2024-10-06,1
EVT-009078,APP-01334,client_interview_1,2024-10-13,7
EVT-009079,APP-01334,client_interview_2,2024-10-16,3
EVT-009080,APP-01334,offer_extended,2024-10-20,4
EVT-009081,APP-01334,offer_accepted,2024-10-20,0
EVT-009082,APP-01334,background_check,2024-10-23,3
EVT-009083,APP-01334,onboarding_docs_sent,2024-11-17,25
EVT-009084,APP-01334,start_date,2024-11-23,6
EVT-009085,APP-01335,screened,2024-12-12,0
EVT-009086,APP-01335,submitted,2024-12-16,4
EVT-009087,APP-01335,client_interview_1,2024-12-23,7
EVT-009088,APP-01335,offer_extended,2024-12-27,4
EVT-009089,APP-01335,offer_accepted,2024-12-29,2
EVT-009090,APP-01335,background_check,2025-01-02,4
EVT-009091,APP-01335,onboarding_docs_sent,2025-01-07,5
EVT-009092,APP-01335,start_date,2025-01-11,4
EVT-009093,APP-01336,screened,2025-01-08,0
EVT-009094,APP-01336,submitted,2025-01-12,4
EVT-009095,APP-01336,client_interview_1,2025-01-12,0
EVT-009096,APP-01336,offer_extended,2025-01-16,4
EVT-009097,APP-01336,offer_accepted,2025-01-17,1
EVT-009098,APP-01336,background_check,2025-01-20,3
EVT-009099,APP-01336,start_date,2025-01-30,10
EVT-009100,APP-01337,screened,2025-04-23,0
EVT-009101,APP-01337,submitted,2025-04-25,2
EVT-009102,APP-01337,client_interview_1,2025-05-08,13
EVT-009103,APP-01337,client_interview_2,2025-05-18,10
EVT-009104,APP-01337,offer_extended,2025-05-23,5
EVT-009105,APP-01337,offer_accepted,2025-05-23,0
EVT-009106,APP-01337,background_check,2025-05-26,3
EVT-009107,APP-01337,onboarding_docs_sent,2025-06-26,31
EVT-009108,APP-01337,start_date,2025-07-16,20
EVT-009109,APP-01338,screened,2024-05-28,0
EVT-009110,APP-01338,submitted,2024-05-30,2
EVT-009111,APP-01338,client_interview_1,2024-05-31,1
EVT-009112,APP-01338,offer_extended,2024-06-09,9
EVT-009113,APP-01338,offer_accepted,2024-06-15,6
EVT-009114,APP-01338,background_check,2024-06-16,1
EVT-009115,APP-01338,start_date,2024-07-10,24
EVT-009116,APP-01339,screened,2025-03-16,0
EVT-009117,APP-01339,submitted,2025-03-20,4
EVT-009118,APP-01339,client_interview_1,2025-04-01,12
EVT-009119,APP-01339,offer_extended,2025-04-09,8
EVT-009120,APP-01340,screened,2025-03-14,0
EVT-009121,APP-01340,submitted,2025-03-18,4
EVT-009122,APP-01340,client_interview_1,2025-03-19,1
EVT-009123,APP-01340,offer_extended,2025-03-25,6
EVT-009124,APP-01340,offer_accepted,2025-03-31,6
EVT-009125,APP-01340,background_check,2025-04-01,1
EVT-009126,APP-01340,onboarding_docs_sent,2025-04-03,2
EVT-009127,APP-01340,start_date,2025-04-08,5
EVT-009128,APP-01341,screened,2024-05-26,0
EVT-009129,APP-01341,submitted,2024-05-28,2
EVT-009130,APP-01341,client_interview_1,2024-06-07,10
EVT-009131,APP-01341,offer_extended,2024-06-12,5
EVT-009132,APP-01341,offer_accepted,2024-06-16,4
EVT-009133,APP-01341,background_check,2024-06-17,1
EVT-009134,APP-01342,screened,2024-07-04,0
EVT-009135,APP-01342,submitted,2024-07-05,1
EVT-009136,APP-01342,client_interview_1,2024-07-05,0
EVT-009137,APP-01342,offer_extended,2024-07-16,11
EVT-009138,APP-01343,screened,2025-02-26,0
EVT-009139,APP-01343,submitted,2025-02-28,2
EVT-009140,APP-01343,client_interview_1,2025-03-10,10
EVT-009141,APP-01343,offer_extended,2025-03-14,4
EVT-009142,APP-01344,screened,2024-06-19,0
EVT-009143,APP-01344,submitted,2024-06-21,2
EVT-009144,APP-01344,client_interview_1,2024-07-08,17
EVT-009145,APP-01344,offer_extended,2024-07-13,5
EVT-009146,APP-01344,offer_accepted,2024-07-15,2
EVT-009147,APP-01344,background_check,2024-07-18,3
EVT-009148,APP-01344,onboarding_docs_sent,2024-07-25,7
EVT-009149,APP-01344,start_date,2024-07-25,0
EVT-009150,APP-01345,screened,2024-04-03,0
EVT-009151,APP-01345,submitted,2024-04-04,1
EVT-009152,APP-01345,client_interview_1,2024-04-09,5
EVT-009153,APP-01345,offer_extended,2024-04-13,4
EVT-009154,APP-01345,offer_accepted,2024-04-14,1
EVT-009155,APP-01345,background_check,2024-04-18,4
EVT-009156,APP-01345,onboarding_docs_sent,2024-04-19,1
EVT-009157,APP-01345,start_date,2024-04-24,5
EVT-009158,APP-01346,screened,2024-12-19,0
EVT-009159,APP-01346,submitted,2024-12-23,4
EVT-009160,APP-01346,client_interview_1,2025-01-05,13
EVT-009161,APP-01346,client_interview_2,2025-01-10,5
EVT-009162,APP-01346,offer_extended,2025-01-16,6
EVT-009163,APP-01346,offer_accepted,2025-01-16,0
EVT-009164,APP-01346,background_check,2025-01-22,6
EVT-009165,APP-01346,onboarding_docs_sent,2025-02-03,12
EVT-009166,APP-01346,start_date,2025-02-06,3
EVT-009167,APP-01347,screened,2024-10-24,0
EVT-009168,APP-01347,submitted,2024-10-25,1
EVT-009169,APP-01347,client_interview_1,2024-10-28,3
EVT-009170,APP-01347,offer_extended,2024-10-30,2
EVT-009171,APP-01347,offer_accepted,2024-10-30,0
EVT-009172,APP-01347,background_check,2024-11-04,5
EVT-009173,APP-01347,onboarding_docs_sent,2024-11-21,17
EVT-009174,APP-01347,start_date,2024-11-23,2
EVT-009175,APP-01348,screened,2024-09-13,0
EVT-009176,APP-01348,submitted,2024-09-14,1
EVT-009177,APP-01348,client_interview_1,2024-09-23,9
EVT-009178,APP-01348,offer_extended,2024-09-27,4
EVT-009179,APP-01348,offer_accepted,2024-09-29,2
EVT-009180,APP-01348,background_check,2024-10-07,8
EVT-009181,APP-01348,start_date,2024-10-20,13
EVT-009182,APP-01349,screened,2024-08-01,0
EVT-009183,APP-01349,submitted,2024-08-03,2
EVT-009184,APP-01349,client_interview_1,2024-08-09,6
EVT-009185,APP-01349,client_interview_2,2024-08-12,3
EVT-009186,APP-01349,offer_extended,2024-08-27,15
EVT-009187,APP-01349,offer_accepted,2024-08-28,1
EVT-009188,APP-01349,background_check,2024-09-04,7
EVT-009189,APP-01349,onboarding_docs_sent,2024-09-13,9
EVT-009190,APP-01349,start_date,2024-09-22,9
EVT-009191,APP-01350,screened,2025-02-11,0
EVT-009192,APP-01350,submitted,2025-02-14,3
EVT-009193,APP-01350,client_interview_1,2025-02-26,12
EVT-009194,APP-01350,client_interview_2,2025-03-05,7
EVT-009195,APP-01350,offer_extended,2025-03-06,1
EVT-009196,APP-01350,offer_accepted,2025-03-10,4
EVT-009197,APP-01350,background_check,2025-03-22,12
EVT-009198,APP-01351,screened,2024-11-20,0
EVT-009199,APP-01351,submitted,2024-11-21,1
EVT-009200,APP-01351,client_interview_1,2024-11-28,7
EVT-009201,APP-01351,offer_extended,2024-12-07,9
EVT-009202,APP-01351,offer_accepted,2024-12-11,4
EVT-009203,APP-01351,background_check,2024-12-15,4
EVT-009204,APP-01352,screened,2025-04-15,0
EVT-009205,APP-01352,submitted,2025-04-17,2
EVT-009206,APP-01352,client_interview_1,2025-04-22,5
EVT-009207,APP-01352,client_interview_2,2025-04-25,3
EVT-009208,APP-01352,offer_extended,2025-04-29,4
EVT-009209,APP-01352,offer_accepted,2025-05-05,6
EVT-009210,APP-01352,background_check,2025-05-12,7
EVT-009211,APP-01353,screened,2025-01-22,0
EVT-009212,APP-01353,submitted,2025-01-23,1
EVT-009213,APP-01353,client_interview_1,2025-01-26,3
EVT-009214,APP-01353,client_interview_2,2025-02-02,7
EVT-009215,APP-01353,offer_extended,2025-02-09,7
EVT-009216,APP-01354,screened,2025-03-02,0
EVT-009217,APP-01354,submitted,2025-03-05,3
EVT-009218,APP-01354,client_interview_1,2025-03-15,10
EVT-009219,APP-01354,offer_extended,2025-03-20,5
EVT-009220,APP-01354,offer_accepted,2025-03-22,2
EVT-009221,APP-01354,background_check,2025-03-23,1
EVT-009222,APP-01355,screened,2024-05-14,0
EVT-009223,APP-01355,submitted,2024-05-18,4
EVT-009224,APP-01355,client_interview_1,2024-05-24,6
EVT-009225,APP-01355,offer_extended,2024-06-09,16
EVT-009226,APP-01355,offer_accepted,2024-06-14,5
EVT-009227,APP-01355,background_check,2024-06-19,5
EVT-009228,APP-01355,onboarding_docs_sent,2024-06-24,5
EVT-009229,APP-01355,start_date,2024-06-25,1
EVT-009230,APP-01356,screened,2024-04-25,0
EVT-009231,APP-01356,submitted,2024-04-28,3
EVT-009232,APP-01356,client_interview_1,2024-05-03,5
EVT-009233,APP-01356,offer_extended,2024-05-18,15
EVT-009234,APP-01356,offer_accepted,2024-05-18,0
EVT-009235,APP-01356,background_check,2024-05-24,6
EVT-009236,APP-01356,onboarding_docs_sent,2024-06-03,10
EVT-009237,APP-01356,start_date,2024-06-04,1
EVT-009238,APP-01357,screened,2024-08-14,0
EVT-009239,APP-01357,submitted,2024-08-16,2
EVT-009240,APP-01357,client_interview_1,2024-08-23,7
EVT-009241,APP-01357,offer_extended,2024-09-07,15
EVT-009242,APP-01357,offer_accepted,2024-09-07,0
EVT-009243,APP-01357,background_check,2024-09-11,4
EVT-009244,APP-01357,onboarding_docs_sent,2024-09-22,11
EVT-009245,APP-01357,start_date,2024-09-26,4
EVT-009246,APP-01358,screened,2025-01-24,0
EVT-009247,APP-01358,submitted,2025-01-26,2
EVT-009248,APP-01358,client_interview_1,2025-02-12,17
EVT-009249,APP-01358,offer_extended,2025-02-28,16
EVT-009250,APP-01358,offer_accepted,2025-03-02,2
EVT-009251,APP-01358,background_check,2025-03-10,8
EVT-009252,APP-01358,onboarding_docs_sent,2025-03-17,7
EVT-009253,APP-01358,start_date,2025-03-19,2
EVT-009254,APP-01359,screened,2024-04-09,0
EVT-009255,APP-01359,submitted,2024-04-11,2
EVT-009256,APP-01359,client_interview_1,2024-04-16,5
EVT-009257,APP-01359,offer_extended,2024-04-18,2
EVT-009258,APP-01360,screened,2025-03-03,0
EVT-009259,APP-01360,submitted,2025-03-04,1
EVT-009260,APP-01360,client_interview_1,2025-03-08,4
EVT-009261,APP-01360,offer_extended,2025-03-18,10
EVT-009262,APP-01360,offer_accepted,2025-03-23,5
EVT-009263,APP-01360,background_check,2025-03-27,4
EVT-009264,APP-01361,screened,2024-08-07,0
EVT-009265,APP-01361,submitted,2024-08-08,1
EVT-009266,APP-01361,client_interview_1,2024-08-27,19
EVT-009267,APP-01361,offer_extended,2024-09-01,5
EVT-009268,APP-01361,offer_accepted,2024-09-02,1
EVT-009269,APP-01361,background_check,2024-09-05,3
EVT-009270,APP-01362,screened,2025-02-15,0
EVT-009271,APP-01362,submitted,2025-02-17,2
EVT-009272,APP-01362,client_interview_1,2025-03-07,18
EVT-009273,APP-01362,offer_extended,2025-03-25,18
EVT-009274,APP-01362,offer_accepted,2025-03-26,1
EVT-009275,APP-01362,background_check,2025-03-31,5
EVT-009276,APP-01362,onboarding_docs_sent,2025-04-20,20
EVT-009277,APP-01362,start_date,2025-04-24,4
EVT-009278,APP-01363,screened,2025-04-07,0
EVT-009279,APP-01363,submitted,2025-04-10,3
EVT-009280,APP-01363,client_interview_1,2025-04-24,14
EVT-009281,APP-01363,offer_extended,2025-05-02,8
EVT-009282,APP-01363,offer_accepted,2025-05-03,1
EVT-009283,APP-01363,background_check,2025-05-09,6
EVT-009284,APP-01363,onboarding_docs_sent,2025-05-13,4
EVT-009285,APP-01363,start_date,2025-05-15,2
EVT-009286,APP-01364,screened,2024-10-25,0
EVT-009287,APP-01364,submitted,2024-10-29,4
EVT-009288,APP-01364,client_interview_1,2024-11-12,14
EVT-009289,APP-01364,offer_extended,2024-11-25,13
EVT-009290,APP-01364,offer_accepted,2024-11-25,0
EVT-009291,APP-01364,background_check,2024-12-06,11
EVT-009292,APP-01365,screened,2025-01-24,0
EVT-009293,APP-01365,submitted,2025-01-26,2
EVT-009294,APP-01365,client_interview_1,2025-02-10,15
EVT-009295,APP-01365,offer_extended,2025-02-22,12
EVT-009296,APP-01365,offer_accepted,2025-02-25,3
EVT-009297,APP-01365,background_check,2025-02-26,1
EVT-009298,APP-01366,screened,2025-01-19,0
EVT-009299,APP-01366,submitted,2025-01-23,4
EVT-009300,APP-01366,client_interview_1,2025-02-01,9
EVT-009301,APP-01366,offer_extended,2025-02-04,3
EVT-009302,APP-01366,offer_accepted,2025-02-05,1
EVT-009303,APP-01366,background_check,2025-02-10,5
EVT-009304,APP-01366,onboarding_docs_sent,2025-02-26,16
EVT-009305,APP-01366,start_date,2025-03-16,18
EVT-009306,APP-01367,screened,2024-05-30,0
EVT-009307,APP-01367,submitted,2024-06-02,3
EVT-009308,APP-01367,client_interview_1,2024-06-07,5
EVT-009309,APP-01367,client_interview_2,2024-06-13,6
EVT-009310,APP-01367,offer_extended,2024-06-15,2
EVT-009311,APP-01368,screened,2025-05-24,0
EVT-009312,APP-01368,submitted,2025-05-27,3
EVT-009313,APP-01368,client_interview_1,2025-05-30,3
EVT-009314,APP-01368,offer_extended,2025-06-03,4
EVT-009315,APP-01368,offer_accepted,2025-06-05,2
EVT-009316,APP-01368,background_check,2025-06-08,3
EVT-009317,APP-01369,screened,2024-05-14,0
EVT-009318,APP-01369,submitted,2024-05-16,2
EVT-009319,APP-01369,client_interview_1,2024-05-29,13
EVT-009320,APP-01369,client_interview_2,2024-06-03,5
EVT-009321,APP-01369,offer_extended,2024-06-08,5
EVT-009322,APP-01370,screened,2025-06-21,0
EVT-009323,APP-01370,submitted,2025-06-22,1
EVT-009324,APP-01370,client_interview_1,2025-06-27,5
EVT-009325,APP-01370,offer_extended,2025-07-01,4
EVT-009326,APP-01371,screened,2025-03-13,0
EVT-009327,APP-01371,submitted,2025-03-17,4
EVT-009328,APP-01371,client_interview_1,2025-03-31,14
EVT-009329,APP-01371,offer_extended,2025-04-07,7
EVT-009330,APP-01371,offer_accepted,2025-04-07,0
EVT-009331,APP-01371,start_date,2025-05-16,39
EVT-009332,APP-01372,screened,2024-05-15,0
EVT-009333,APP-01372,submitted,2024-05-19,4
EVT-009334,APP-01372,client_interview_1,2024-05-21,2
EVT-009335,APP-01372,offer_extended,2024-05-30,9
EVT-009336,APP-01372,offer_accepted,2024-06-04,5
EVT-009337,APP-01372,background_check,2024-06-06,2
EVT-009338,APP-01372,onboarding_docs_sent,2024-06-09,3
EVT-009339,APP-01373,screened,2025-06-28,0
EVT-009340,APP-01373,submitted,2025-07-02,4
EVT-009341,APP-01373,client_interview_1,2025-07-08,6
EVT-009342,APP-01373,offer_extended,2025-07-14,6
EVT-009343,APP-01373,offer_accepted,2025-07-14,0
EVT-009344,APP-01373,background_check,2025-07-21,7
EVT-009345,APP-01373,start_date,2025-08-05,15
EVT-009346,APP-01374,screened,2025-01-07,0
EVT-009347,APP-01374,submitted,2025-01-11,4
EVT-009348,APP-01374,client_interview_1,2025-01-23,12
EVT-009349,APP-01374,offer_extended,2025-02-06,14
EVT-009350,APP-01374,offer_accepted,2025-02-06,0
EVT-009351,APP-01374,background_check,2025-02-07,1
EVT-009352,APP-01374,onboarding_docs_sent,2025-02-17,10
EVT-009353,APP-01374,start_date,2025-02-21,4
EVT-009354,APP-01375,screened,2024-05-21,0
EVT-009355,APP-01375,submitted,2024-05-23,2
EVT-009356,APP-01375,client_interview_1,2024-05-29,6
EVT-009357,APP-01375,offer_extended,2024-06-02,4
EVT-009358,APP-01375,offer_accepted,2024-06-03,1
EVT-009359,APP-01375,onboarding_docs_sent,2024-06-19,16
EVT-009360,APP-01375,start_date,2024-07-01,12
EVT-009361,APP-01376,screened,2024-04-21,0
EVT-009362,APP-01376,submitted,2024-04-23,2
EVT-009363,APP-01376,client_interview_1,2024-05-12,19
EVT-009364,APP-01376,client_interview_2,2024-05-21,9
EVT-009365,APP-01376,offer_extended,2024-05-24,3
EVT-009366,APP-01376,offer_accepted,2024-05-27,3
EVT-009367,APP-01376,onboarding_docs_sent,2024-06-06,10
EVT-009368,APP-01376,start_date,2024-06-09,3
EVT-009369,APP-01377,screened,2024-11-11,0
EVT-009370,APP-01377,submitted,2024-11-12,1
EVT-009371,APP-01377,client_interview_1,2024-11-23,11
EVT-009372,APP-01377,client_interview_2,2024-11-26,3
EVT-009373,APP-01377,offer_extended,2024-12-03,7
EVT-009374,APP-01378,screened,2024-07-06,0
EVT-009375,APP-01378,submitted,2024-07-10,4
EVT-009376,APP-01378,client_interview_1,2024-07-23,13
EVT-009377,APP-01378,offer_extended,2024-08-08,16
EVT-009378,APP-01379,screened,2024-12-24,0
EVT-009379,APP-01379,submitted,2024-12-26,2
EVT-009380,APP-01379,client_interview_1,2025-01-13,18
EVT-009381,APP-01379,offer_extended,2025-01-30,17
EVT-009382,APP-01379,offer_accepted,2025-02-02,3
EVT-009383,APP-01379,background_check,2025-02-09,7
EVT-009384,APP-01379,onboarding_docs_sent,2025-02-26,17
EVT-009385,APP-01379,start_date,2025-03-22,24
EVT-009386,APP-01380,screened,2025-04-18,0
EVT-009387,APP-01380,submitted,2025-04-21,3
EVT-009388,APP-01380,client_interview_1,2025-04-25,4
EVT-009389,APP-01380,offer_extended,2025-04-28,3
EVT-009390,APP-01380,offer_accepted,2025-05-02,4
EVT-009391,APP-01380,background_check,2025-05-04,2
EVT-009392,APP-01380,onboarding_docs_sent,2025-05-22,18
EVT-009393,APP-01380,start_date,2025-05-28,6
EVT-009394,APP-01381,screened,2024-07-22,0
EVT-009395,APP-01381,submitted,2024-07-24,2
EVT-009396,APP-01381,client_interview_1,2024-07-25,1
EVT-009397,APP-01381,client_interview_2,2024-07-30,5
EVT-009398,APP-01381,offer_extended,2024-08-04,5
EVT-009399,APP-01382,screened,2024-11-27,0
EVT-009400,APP-01382,client_interview_1,2024-11-29,2
EVT-009401,APP-01382,submitted,2024-11-30,1
EVT-009402,APP-01382,client_interview_2,2024-12-03,3
EVT-009403,APP-01382,offer_extended,2024-12-17,14
EVT-009404,APP-01382,offer_accepted,2024-12-18,1
EVT-009405,APP-01382,background_check,2024-12-19,1
EVT-009406,APP-01383,screened,2025-07-25,0
EVT-009407,APP-01383,submitted,2025-07-26,1
EVT-009408,APP-01383,client_interview_1,2025-08-07,12
EVT-009409,APP-01383,offer_extended,2025-08-09,2
EVT-009410,APP-01383,offer_accepted,2025-08-09,0
EVT-009411,APP-01383,background_check,2025-08-16,7
EVT-009412,APP-01383,onboarding_docs_sent,2025-09-06,21
EVT-009413,APP-01383,start_date,2025-09-11,5
EVT-009414,APP-01384,screened,2024-09-04,0
EVT-009415,APP-01384,submitted,2024-09-06,2
EVT-009416,APP-01384,client_interview_1,2024-09-22,16
EVT-009417,APP-01384,offer_extended,2024-09-26,4
EVT-009418,APP-01384,offer_accepted,2024-09-26,0
EVT-009419,APP-01384,background_check,2024-09-30,4
EVT-009420,APP-01385,screened,2025-07-15,0
EVT-009421,APP-01385,client_interview_1,2025-07-15,0
EVT-009422,APP-01385,submitted,2025-07-17,2
EVT-009423,APP-01385,offer_extended,2025-07-21,4
EVT-009424,APP-01385,offer_accepted,2025-07-23,2
EVT-009425,APP-01385,background_check,2025-07-27,4
EVT-009426,APP-01386,screened,2024-04-13,0
EVT-009427,APP-01386,submitted,2024-04-15,2
EVT-009428,APP-01386,client_interview_1,2024-05-03,18
EVT-009429,APP-01386,client_interview_2,2024-05-07,4
EVT-009430,APP-01386,offer_extended,2024-05-20,13
EVT-009431,APP-01386,offer_accepted,2024-05-22,2
EVT-009432,APP-01386,background_check,2024-05-26,4
EVT-009433,APP-01386,onboarding_docs_sent,2024-06-10,15
EVT-009434,APP-01386,start_date,2024-06-15,5
EVT-009435,APP-01387,screened,2024-07-16,0
EVT-009436,APP-01387,submitted,2024-07-17,1
EVT-009437,APP-01387,client_interview_1,2024-07-17,0
EVT-009438,APP-01387,offer_extended,2024-07-29,12
EVT-009439,APP-01388,screened,2024-12-17,0
EVT-009440,APP-01388,submitted,2024-12-18,1
EVT-009441,APP-01388,client_interview_1,2024-12-31,13
EVT-009442,APP-01388,client_interview_2,2025-01-08,8
EVT-009443,APP-01388,offer_extended,2025-01-13,5
EVT-009444,APP-01388,offer_accepted,2025-01-18,5
EVT-009445,APP-01388,background_check,2025-01-20,2
EVT-009446,APP-01388,onboarding_docs_sent,2025-01-28,8
EVT-009447,APP-01389,screened,2025-02-23,0
EVT-009448,APP-01389,submitted,2025-02-27,4
EVT-009449,APP-01389,client_interview_1,2025-03-01,2
EVT-009450,APP-01389,offer_extended,2025-03-11,10
EVT-009451,APP-01390,screened,2024-03-20,0
EVT-009452,APP-01390,submitted,2024-03-21,1
EVT-009453,APP-01390,client_interview_1,2024-04-10,20
EVT-009454,APP-01390,client_interview_2,2024-04-12,2
EVT-009455,APP-01390,offer_extended,2024-04-24,12
EVT-009456,APP-01390,offer_accepted,2024-04-29,5
EVT-009457,APP-01390,background_check,2024-04-30,1
EVT-009458,APP-01390,onboarding_docs_sent,2024-04-30,0
EVT-009459,APP-01390,start_date,2024-05-25,25
EVT-009460,APP-01391,screened,2025-03-30,0
EVT-009461,APP-01391,submitted,2025-04-03,4
EVT-009462,APP-01391,client_interview_1,2025-04-19,16
EVT-009463,APP-01391,offer_extended,2025-05-05,16
EVT-009464,APP-01391,offer_accepted,2025-05-09,4
EVT-009465,APP-01391,start_date,2025-05-29,20
EVT-009466,APP-01392,screened,2024-04-28,0
EVT-009467,APP-01392,submitted,2024-05-02,4
EVT-009468,APP-01392,client_interview_1,2024-05-10,8
EVT-009469,APP-01392,offer_extended,2024-05-20,10
EVT-009470,APP-01393,screened,2025-01-16,0
EVT-009471,APP-01393,submitted,2025-01-19,3
EVT-009472,APP-01393,client_interview_1,2025-02-02,14
EVT-009473,APP-01393,client_interview_2,2025-02-09,7
EVT-009474,APP-01393,offer_extended,2025-02-19,10
EVT-009475,APP-01393,offer_accepted,2025-02-22,3
EVT-009476,APP-01394,screened,2024-12-06,0
EVT-009477,APP-01394,submitted,2024-12-09,3
EVT-009478,APP-01394,client_interview_1,2024-12-10,1
EVT-009479,APP-01394,offer_extended,2024-12-16,6
EVT-009480,APP-01394,offer_accepted,2024-12-21,5
EVT-009481,APP-01394,background_check,2024-12-22,1
EVT-009482,APP-01394,start_date,2025-01-08,17
EVT-009483,APP-01395,screened,2024-10-16,0
EVT-009484,APP-01395,submitted,2024-10-17,1
EVT-009485,APP-01395,client_interview_1,2024-10-26,9
EVT-009486,APP-01395,offer_extended,2024-11-02,7
EVT-009487,APP-01395,offer_accepted,2024-11-02,0
EVT-009488,APP-01395,background_check,2024-11-05,3
EVT-009489,APP-01395,onboarding_docs_sent,2024-11-18,13
EVT-009490,APP-01396,screened,2024-09-11,0
EVT-009491,APP-01396,submitted,2024-09-13,2
EVT-009492,APP-01396,client_interview_1,2024-09-28,15
EVT-009493,APP-01396,client_interview_2,2024-10-07,9
EVT-009494,APP-01396,offer_extended,2024-10-13,6
EVT-009495,APP-01397,screened,2025-02-12,0
EVT-009496,APP-01397,submitted,2025-02-14,2
EVT-009497,APP-01397,client_interview_1,2025-02-24,10
EVT-009498,APP-01397,offer_extended,2025-03-03,7
EVT-009499,APP-01397,offer_accepted,2025-03-05,2
EVT-009500,APP-01397,background_check,2025-03-11,6
EVT-009501,APP-01397,start_date,2025-04-06,26
EVT-009502,APP-01398,screened,2024-03-03,0
EVT-009503,APP-01398,submitted,2024-03-07,4
EVT-009504,APP-01398,client_interview_1,2024-03-21,14
EVT-009505,APP-01398,offer_extended,2024-03-28,7
EVT-009506,APP-01398,offer_accepted,2024-03-30,2
EVT-009507,APP-01398,background_check,2024-04-01,2
EVT-009508,APP-01398,onboarding_docs_sent,2024-04-09,8
EVT-009509,APP-01398,start_date,2024-04-12,3
EVT-009510,APP-01399,screened,2024-12-11,0
EVT-009511,APP-01399,submitted,2024-12-15,4
EVT-009512,APP-01399,client_interview_1,2024-12-30,15
EVT-009513,APP-01399,client_interview_2,2025-01-04,5
EVT-009514,APP-01399,offer_extended,2025-01-17,13
EVT-009515,APP-01399,offer_accepted,2025-01-17,0
EVT-009516,APP-01399,background_check,2025-01-18,1
EVT-009517,APP-01399,onboarding_docs_sent,2025-02-19,32
EVT-009518,APP-01399,start_date,2025-02-20,1
EVT-009519,APP-01400,screened,2024-03-06,0
EVT-009520,APP-01400,submitted,2024-03-10,4
EVT-009521,APP-01400,client_interview_1,2024-03-15,5
EVT-009522,APP-01400,client_interview_2,2024-03-24,9
EVT-009523,APP-01400,offer_extended,2024-03-27,3
EVT-009524,APP-01400,offer_accepted,2024-04-01,5
EVT-009525,APP-01401,screened,2024-10-10,0
EVT-009526,APP-01401,submitted,2024-10-12,2
EVT-009527,APP-01401,client_interview_1,2024-10-19,7
EVT-009528,APP-01401,client_interview_2,2024-10-23,4
EVT-009529,APP-01401,offer_extended,2024-10-28,5
EVT-009530,APP-01401,offer_accepted,2024-10-29,1
EVT-009531,APP-01401,background_check,2024-10-31,2
EVT-009532,APP-01401,onboarding_docs_sent,2024-11-12,12
EVT-009533,APP-01402,screened,2024-11-20,0
EVT-009534,APP-01402,submitted,2024-11-23,3
EVT-009535,APP-01402,client_interview_1,2024-11-25,2
EVT-009536,APP-01402,offer_extended,2024-12-09,14
EVT-009537,APP-01402,offer_accepted,2024-12-14,5
EVT-009538,APP-01402,background_check,2024-12-18,4
EVT-009539,APP-01403,screened,2025-02-03,0
EVT-009540,APP-01403,submitted,2025-02-07,4
EVT-009541,APP-01403,client_interview_1,2025-02-07,0
EVT-009542,APP-01403,offer_extended,2025-02-10,3
EVT-009543,APP-01403,offer_accepted,2025-02-14,4
EVT-009544,APP-01403,background_check,2025-02-17,3
EVT-009545,APP-01404,screened,2025-01-15,0
EVT-009546,APP-01404,submitted,2025-01-16,1
EVT-009547,APP-01404,client_interview_1,2025-01-16,0
EVT-009548,APP-01404,offer_extended,2025-01-31,15
EVT-009549,APP-01404,offer_accepted,2025-02-06,6
EVT-009550,APP-01404,background_check,2025-02-10,4
EVT-009551,APP-01405,screened,2025-04-19,0
EVT-009552,APP-01405,submitted,2025-04-22,3
EVT-009553,APP-01405,client_interview_1,2025-05-04,12
EVT-009554,APP-01405,offer_extended,2025-05-09,5
EVT-009555,APP-01405,offer_accepted,2025-05-12,3
EVT-009556,APP-01405,background_check,2025-05-19,7
EVT-009557,APP-01406,screened,2025-01-06,0
EVT-009558,APP-01406,submitted,2025-01-08,2
EVT-009559,APP-01406,client_interview_1,2025-01-08,0
EVT-009560,APP-01406,offer_extended,2025-01-13,5
EVT-009561,APP-01406,offer_accepted,2025-01-15,2
EVT-009562,APP-01406,background_check,2025-01-17,2
EVT-009563,APP-01406,onboarding_docs_sent,2025-02-11,25
EVT-009564,APP-01406,start_date,2025-02-16,5
EVT-009565,APP-01407,screened,2024-12-19,0
EVT-009566,APP-01407,submitted,2024-12-20,1
EVT-009567,APP-01407,client_interview_1,2025-01-05,16
EVT-009568,APP-01407,offer_extended,2025-01-22,17
EVT-009569,APP-01407,offer_accepted,2025-01-24,2
EVT-009570,APP-01407,background_check,2025-01-30,6
EVT-009571,APP-01407,start_date,2025-02-24,25
EVT-009572,APP-01408,screened,2024-06-09,0
EVT-009573,APP-01408,submitted,2024-06-12,3
EVT-009574,APP-01408,client_interview_1,2024-06-18,6
EVT-009575,APP-01408,client_interview_2,2024-06-28,10
EVT-009576,APP-01408,offer_extended,2024-07-02,4
EVT-009577,APP-01408,offer_accepted,2024-07-04,2
EVT-009578,APP-01408,background_check,2024-07-11,7
EVT-009579,APP-01408,start_date,2024-07-31,20
EVT-009580,APP-01409,screened,2024-09-30,0
EVT-009581,APP-01409,submitted,2024-10-03,3
EVT-009582,APP-01409,client_interview_1,2024-10-19,16
EVT-009583,APP-01409,offer_extended,2024-10-30,11
EVT-009584,APP-01410,screened,2024-12-27,0
EVT-009585,APP-01410,submitted,2024-12-29,2
EVT-009586,APP-01410,client_interview_1,2025-01-11,13
EVT-009587,APP-01410,client_interview_2,2025-01-13,2
EVT-009588,APP-01410,offer_extended,2025-01-19,6
EVT-009589,APP-01411,screened,2025-01-22,0
EVT-009590,APP-01411,submitted,2025-01-25,3
EVT-009591,APP-01411,client_interview_1,2025-02-01,7
EVT-009592,APP-01411,client_interview_2,2025-02-07,6
EVT-009593,APP-01411,offer_extended,2025-02-13,6
EVT-009594,APP-01411,offer_accepted,2025-02-16,3
EVT-009595,APP-01411,onboarding_docs_sent,2025-02-23,7
EVT-009596,APP-01411,background_check,2025-02-24,1
EVT-009597,APP-01411,start_date,2025-02-24,0
EVT-009598,APP-01412,screened,2024-07-05,0
EVT-009599,APP-01412,submitted,2024-07-07,2
EVT-009600,APP-01412,client_interview_1,2024-07-07,0
EVT-009601,APP-01412,offer_extended,2024-07-20,13
EVT-009602,APP-01412,offer_accepted,2024-07-25,5
EVT-009603,APP-01412,background_check,2024-07-26,1
EVT-009604,APP-01412,onboarding_docs_sent,2024-07-27,1
EVT-009605,APP-01412,start_date,2024-07-30,3
EVT-009606,APP-01413,screened,2024-03-09,0
EVT-009607,APP-01413,submitted,2024-03-12,3
EVT-009608,APP-01413,client_interview_1,2024-03-16,4
EVT-009609,APP-01413,offer_extended,2024-03-31,15
EVT-009610,APP-01413,offer_accepted,2024-04-06,6
EVT-009611,APP-01413,onboarding_docs_sent,2024-04-08,2
EVT-009612,APP-01413,start_date,2024-04-09,1
EVT-009613,APP-01414,screened,2024-02-20,0
EVT-009614,APP-01414,submitted,2024-02-23,3
EVT-009615,APP-01414,client_interview_1,2024-03-03,9
EVT-009616,APP-01414,offer_extended,2024-03-07,4
EVT-009617,APP-01414,offer_accepted,2024-03-13,6
EVT-009618,APP-01414,background_check,2024-03-19,6
EVT-009619,APP-01415,screened,2025-03-09,0
EVT-009620,APP-01415,submitted,2025-03-11,2
EVT-009621,APP-01415,client_interview_1,2025-03-17,6
EVT-009622,APP-01415,offer_extended,2025-03-27,10
EVT-009623,APP-01415,offer_accepted,2025-03-29,2
EVT-009624,APP-01415,onboarding_docs_sent,2025-04-11,13
EVT-009625,APP-01415,start_date,2025-04-21,10
EVT-009626,APP-01416,screened,2025-02-13,0
EVT-009627,APP-01416,submitted,2025-02-15,2
EVT-009628,APP-01416,client_interview_1,2025-03-03,16
EVT-009629,APP-01416,offer_extended,2025-03-18,15
EVT-009630,APP-01417,screened,2024-03-19,0
EVT-009631,APP-01417,client_interview_1,2024-03-20,1
EVT-009632,APP-01417,submitted,2024-03-22,2
EVT-009633,APP-01417,offer_extended,2024-03-25,3
EVT-009634,APP-01417,offer_accepted,2024-03-26,1
EVT-009635,APP-01417,background_check,2024-03-29,3
EVT-009636,APP-01417,start_date,2024-04-14,16
EVT-009637,APP-01418,screened,2025-02-16,0
EVT-009638,APP-01418,submitted,2025-02-19,3
EVT-009639,APP-01418,client_interview_1,2025-03-05,14
EVT-009640,APP-01418,offer_extended,2025-03-23,18
EVT-009641,APP-01418,offer_accepted,2025-03-24,1
EVT-009642,APP-01418,background_check,2025-03-27,3
EVT-009643,APP-01419,screened,2024-09-29,0
EVT-009644,APP-01419,client_interview_1,2024-09-30,1
EVT-009645,APP-01419,submitted,2024-10-03,3
EVT-009646,APP-01419,offer_extended,2024-10-03,0
EVT-009647,APP-01419,offer_accepted,2024-10-07,4
EVT-009648,APP-01419,background_check,2024-10-12,5
EVT-009649,APP-01420,screened,2024-03-08,0
EVT-009650,APP-01420,submitted,2024-03-12,4
EVT-009651,APP-01420,client_interview_1,2024-03-24,12
EVT-009652,APP-01420,client_interview_2,2024-03-31,7
EVT-009653,APP-01420,offer_extended,2024-04-03,3
EVT-009654,APP-01420,offer_accepted,2024-04-07,4
EVT-009655,APP-01420,background_check,2024-04-08,1
EVT-009656,APP-01420,start_date,2024-05-08,30
EVT-009657,APP-01421,screened,2024-02-28,0
EVT-009658,APP-01421,submitted,2024-03-03,4
EVT-009659,APP-01421,client_interview_1,2024-03-17,14
EVT-009660,APP-01421,offer_extended,2024-04-02,16
EVT-009661,APP-01421,offer_accepted,2024-04-02,0
EVT-009662,APP-01421,background_check,2024-04-10,8
EVT-009663,APP-01421,onboarding_docs_sent,2024-04-25,15
EVT-009664,APP-01421,start_date,2024-04-28,3
EVT-009665,APP-01422,screened,2025-02-03,0
EVT-009666,APP-01422,submitted,2025-02-05,2
EVT-009667,APP-01422,client_interview_1,2025-02-08,3
EVT-009668,APP-01422,client_interview_2,2025-02-13,5
EVT-009669,APP-01422,offer_extended,2025-02-19,6
EVT-009670,APP-01422,offer_accepted,2025-02-19,0
EVT-009671,APP-01422,background_check,2025-02-20,1
EVT-009672,APP-01422,onboarding_docs_sent,2025-03-20,28
EVT-009673,APP-01422,start_date,2025-03-26,6
EVT-009674,APP-01423,screened,2024-10-16,0
EVT-009675,APP-01423,submitted,2024-10-18,2
EVT-009676,APP-01423,client_interview_1,2024-10-22,4
EVT-009677,APP-01423,offer_extended,2024-10-29,7
EVT-009678,APP-01423,offer_accepted,2024-11-04,6
EVT-009679,APP-01423,background_check,2024-11-07,3
EVT-009680,APP-01423,start_date,2024-12-02,25
EVT-009681,APP-01424,screened,2024-03-23,0
EVT-009682,APP-01424,submitted,2024-03-26,3
EVT-009683,APP-01424,client_interview_1,2024-03-26,0
EVT-009684,APP-01424,offer_extended,2024-04-12,17
EVT-009685,APP-01425,screened,2024-11-13,0
EVT-009686,APP-01425,submitted,2024-11-14,1
EVT-009687,APP-01425,client_interview_1,2024-11-21,7
EVT-009688,APP-01425,client_interview_2,2024-12-01,10
EVT-009689,APP-01425,offer_extended,2024-12-02,1
EVT-009690,APP-01425,offer_accepted,2024-12-06,4
EVT-009691,APP-01425,background_check,2024-12-13,7
EVT-009692,APP-01426,screened,2024-07-04,0
EVT-009693,APP-01426,submitted,2024-07-08,4
EVT-009694,APP-01426,client_interview_1,2024-07-22,14
EVT-009695,APP-01426,client_interview_2,2024-07-25,3
EVT-009696,APP-01426,offer_extended,2024-07-28,3
EVT-009697,APP-01426,offer_accepted,2024-08-02,5
EVT-009698,APP-01426,background_check,2024-08-10,8
EVT-009699,APP-01426,onboarding_docs_sent,2024-08-19,9
EVT-009700,APP-01426,start_date,2024-08-23,4
EVT-009701,APP-01427,screened,2025-05-22,0
EVT-009702,APP-01427,submitted,2025-05-26,4
EVT-009703,APP-01427,client_interview_1,2025-05-27,1
EVT-009704,APP-01427,offer_extended,2025-06-02,6
EVT-009705,APP-01427,offer_accepted,2025-06-07,5
EVT-009706,APP-01428,screened,2024-04-06,0
EVT-009707,APP-01428,submitted,2024-04-10,4
EVT-009708,APP-01428,client_interview_1,2024-04-26,16
EVT-009709,APP-01428,offer_extended,2024-05-02,6
EVT-009710,APP-01428,offer_accepted,2024-05-05,3
EVT-009711,APP-01428,background_check,2024-05-10,5
EVT-009712,APP-01428,onboarding_docs_sent,2024-05-29,19
EVT-009713,APP-01428,start_date,2024-06-02,4
EVT-009714,APP-01429,screened,2024-11-08,0
EVT-009715,APP-01429,submitted,2024-11-09,1
EVT-009716,APP-01429,client_interview_1,2024-11-15,6
EVT-009717,APP-01429,offer_extended,2024-11-17,2
EVT-009718,APP-01429,offer_accepted,2024-11-21,4
EVT-009719,APP-01429,background_check,2024-11-25,4
EVT-009720,APP-01429,onboarding_docs_sent,2024-12-07,12
EVT-009721,APP-01430,screened,2024-11-18,0
EVT-009722,APP-01430,submitted,2024-11-21,3
EVT-009723,APP-01430,client_interview_1,2024-12-04,13
EVT-009724,APP-01430,offer_extended,2024-12-16,12
EVT-009725,APP-01430,offer_accepted,2024-12-20,4
EVT-009726,APP-01430,background_check,2024-12-23,3
EVT-009727,APP-01430,onboarding_docs_sent,2024-12-30,7
EVT-009728,APP-01430,start_date,2025-01-04,5
EVT-009729,APP-01431,screened,2025-02-10,0
EVT-009730,APP-01431,submitted,2025-02-13,3
EVT-009731,APP-01431,client_interview_1,2025-02-19,6
EVT-009732,APP-01431,offer_extended,2025-03-09,18
EVT-009733,APP-01431,offer_accepted,2025-03-11,2
EVT-009734,APP-01431,background_check,2025-03-13,2
EVT-009735,APP-01431,onboarding_docs_sent,2025-04-03,21
EVT-009736,APP-01431,start_date,2025-04-12,9
EVT-009737,APP-01432,screened,2024-02-28,0
EVT-009738,APP-01432,client_interview_1,2024-03-01,2
EVT-009739,APP-01432,submitted,2024-03-03,2
EVT-009740,APP-01432,offer_extended,2024-03-19,16
EVT-009741,APP-01432,offer_accepted,2024-03-22,3
EVT-009742,APP-01432,background_check,2024-03-30,8
EVT-009743,APP-01432,onboarding_docs_sent,2024-04-12,13
EVT-009744,APP-01432,start_date,2024-04-17,5
EVT-009745,APP-01433,screened,2025-06-22,0
EVT-009746,APP-01433,submitted,2025-06-24,2
EVT-009747,APP-01433,client_interview_1,2025-07-07,13
EVT-009748,APP-01433,offer_extended,2025-07-25,18
EVT-009749,APP-01433,offer_accepted,2025-07-26,1
EVT-009750,APP-01433,onboarding_docs_sent,2025-08-01,6
EVT-009751,APP-01433,start_date,2025-08-05,4
EVT-009752,APP-01434,screened,2025-03-17,0
EVT-009753,APP-01434,submitted,2025-03-18,1
EVT-009754,APP-01434,client_interview_1,2025-03-27,9
EVT-009755,APP-01434,offer_extended,2025-03-31,4
EVT-009756,APP-01434,offer_accepted,2025-04-02,2
EVT-009757,APP-01434,background_check,2025-04-04,2
EVT-009758,APP-01434,onboarding_docs_sent,2025-04-25,21
EVT-009759,APP-01434,start_date,2025-05-01,6
EVT-009760,APP-01435,screened,2024-07-05,0
EVT-009761,APP-01435,submitted,2024-07-07,2
EVT-009762,APP-01435,client_interview_1,2024-07-25,18
EVT-009763,APP-01435,client_interview_2,2024-07-31,6
EVT-009764,APP-01435,offer_extended,2024-08-10,10
EVT-009765,APP-01435,offer_accepted,2024-08-15,5
EVT-009766,APP-01435,onboarding_docs_sent,2024-09-01,17
EVT-009767,APP-01435,start_date,2024-09-02,1
EVT-009768,APP-01436,screened,2025-03-08,0
EVT-009769,APP-01436,submitted,2025-03-11,3
EVT-009770,APP-01436,client_interview_1,2025-03-23,12
EVT-009771,APP-01436,offer_extended,2025-04-03,11
EVT-009772,APP-01436,offer_accepted,2025-04-06,3
EVT-009773,APP-01436,background_check,2025-04-08,2
EVT-009774,APP-01437,screened,2025-02-27,0
EVT-009775,APP-01437,submitted,2025-02-28,1
EVT-009776,APP-01437,client_interview_1,2025-03-10,10
EVT-009777,APP-01437,offer_extended,2025-03-12,2
EVT-009778,APP-01437,offer_accepted,2025-03-16,4
EVT-009779,APP-01437,onboarding_docs_sent,2025-04-13,28
EVT-009780,APP-01437,start_date,2025-04-21,8
EVT-009781,APP-01438,screened,2025-03-20,0
EVT-009782,APP-01438,submitted,2025-03-22,2
EVT-009783,APP-01438,client_interview_1,2025-03-25,3
EVT-009784,APP-01438,offer_extended,2025-03-29,4
EVT-009785,APP-01438,offer_accepted,2025-04-04,6
EVT-009786,APP-01438,background_check,2025-04-10,6
EVT-009787,APP-01438,onboarding_docs_sent,2025-04-27,17
EVT-009788,APP-01438,start_date,2025-05-13,16
EVT-009789,APP-01439,screened,2025-03-08,0
EVT-009790,APP-01439,submitted,2025-03-09,1
EVT-009791,APP-01439,client_interview_1,2025-03-14,5
EVT-009792,APP-01439,offer_extended,2025-03-26,12
EVT-009793,APP-01439,offer_accepted,2025-03-28,2
EVT-009794,APP-01439,background_check,2025-03-29,1
EVT-009795,APP-01439,onboarding_docs_sent,2025-04-24,26
EVT-009796,APP-01439,start_date,2025-04-27,3
EVT-009797,APP-01440,screened,2024-09-26,0
EVT-009798,APP-01440,submitted,2024-09-28,2
EVT-009799,APP-01440,client_interview_1,2024-10-03,5
EVT-009800,APP-01440,offer_extended,2024-10-08,5
EVT-009801,APP-01440,offer_accepted,2024-10-08,0
EVT-009802,APP-01440,background_check,2024-10-14,6
EVT-009803,APP-01440,onboarding_docs_sent,2024-10-31,17
EVT-009804,APP-01440,start_date,2024-11-14,14
EVT-009805,APP-01441,screened,2025-05-09,0
EVT-009806,APP-01441,submitted,2025-05-10,1
EVT-009807,APP-01441,client_interview_1,2025-05-19,9
EVT-009808,APP-01441,offer_extended,2025-05-25,6
EVT-009809,APP-01441,offer_accepted,2025-05-28,3
EVT-009810,APP-01441,background_check,2025-06-07,10
EVT-009811,APP-01442,screened,2024-06-28,0
EVT-009812,APP-01442,submitted,2024-06-30,2
EVT-009813,APP-01442,client_interview_1,2024-07-15,15
EVT-009814,APP-01442,client_interview_2,2024-07-18,3
EVT-009815,APP-01442,offer_extended,2024-07-26,8
EVT-009816,APP-01442,offer_accepted,2024-07-28,2
EVT-009817,APP-01442,onboarding_docs_sent,2024-08-07,10
EVT-009818,APP-01442,start_date,2024-08-14,7
EVT-009819,APP-01443,screened,2024-04-25,0
EVT-009820,APP-01443,submitted,2024-04-27,2
EVT-009821,APP-01443,client_interview_1,2024-04-28,1
EVT-009822,APP-01443,offer_extended,2024-05-03,5
EVT-009823,APP-01443,offer_accepted,2024-05-06,3
EVT-009824,APP-01444,screened,2025-03-24,0
EVT-009825,APP-01444,submitted,2025-03-27,3
EVT-009826,APP-01444,client_interview_1,2025-04-07,11
EVT-009827,APP-01444,offer_extended,2025-04-24,17
EVT-009828,APP-01444,offer_accepted,2025-04-28,4
EVT-009829,APP-01444,background_check,2025-05-01,3
EVT-009830,APP-01444,onboarding_docs_sent,2025-05-05,4
EVT-009831,APP-01444,start_date,2025-05-07,2
EVT-009832,APP-01445,screened,2024-07-09,0
EVT-009833,APP-01445,submitted,2024-07-13,4
EVT-009834,APP-01445,client_interview_1,2024-07-15,2
EVT-009835,APP-01445,offer_extended,2024-07-19,4
EVT-009836,APP-01445,offer_accepted,2024-07-19,0
EVT-009837,APP-01445,background_check,2024-07-21,2
EVT-009838,APP-01445,onboarding_docs_sent,2024-07-28,7
EVT-009839,APP-01445,start_date,2024-08-02,5
EVT-009840,APP-01446,screened,2025-03-05,0
EVT-009841,APP-01446,submitted,2025-03-06,1
EVT-009842,APP-01446,client_interview_1,2025-03-11,5
EVT-009843,APP-01446,client_interview_2,2025-03-14,3
EVT-009844,APP-01446,offer_extended,2025-03-21,7
EVT-009845,APP-01446,offer_accepted,2025-03-25,4
EVT-009846,APP-01446,background_check,2025-03-31,6
EVT-009847,APP-01446,start_date,2025-04-13,13
EVT-009848,APP-01447,screened,2025-04-07,0
EVT-009849,APP-01447,submitted,2025-04-09,2
EVT-009850,APP-01447,client_interview_1,2025-04-22,13
EVT-009851,APP-01447,client_interview_2,2025-04-25,3
EVT-009852,APP-01447,offer_extended,2025-05-01,6
EVT-009853,APP-01447,offer_accepted,2025-05-07,6
EVT-009854,APP-01447,background_check,2025-05-11,4
EVT-009855,APP-01447,onboarding_docs_sent,2025-05-27,16
EVT-009856,APP-01448,screened,2024-03-26,0
EVT-009857,APP-01448,submitted,2024-03-28,2
EVT-009858,APP-01448,client_interview_1,2024-04-08,11
EVT-009859,APP-01448,offer_extended,2024-04-17,9
EVT-009860,APP-01448,offer_accepted,2024-04-21,4
EVT-009861,APP-01448,onboarding_docs_sent,2024-05-17,26
EVT-009862,APP-01448,start_date,2024-05-21,4
EVT-009863,APP-01449,screened,2024-11-11,0
EVT-009864,APP-01449,submitted,2024-11-14,3
EVT-009865,APP-01449,client_interview_1,2024-11-17,3
EVT-009866,APP-01449,offer_extended,2024-12-03,16
EVT-009867,APP-01450,screened,2025-01-27,0
EVT-009868,APP-01450,client_interview_1,2025-01-28,1
EVT-009869,APP-01450,submitted,2025-01-30,2
EVT-009870,APP-01450,offer_extended,2025-02-10,11
EVT-009871,APP-01450,offer_accepted,2025-02-16,6
EVT-009872,APP-01450,start_date,2025-02-20,4
EVT-009873,APP-01451,screened,2024-07-01,0
EVT-009874,APP-01451,submitted,2024-07-04,3
EVT-009875,APP-01451,client_interview_1,2024-07-08,4
EVT-009876,APP-01451,offer_extended,2024-07-12,4
EVT-009877,APP-01451,offer_accepted,2024-07-15,3
EVT-009878,APP-01451,background_check,2024-07-22,7
EVT-009879,APP-01451,onboarding_docs_sent,2024-08-10,19
EVT-009880,APP-01451,start_date,2024-08-12,2
EVT-009881,APP-01452,screened,2024-09-28,0
EVT-009882,APP-01452,submitted,2024-09-29,1
EVT-009883,APP-01452,client_interview_1,2024-10-03,4
EVT-009884,APP-01452,offer_extended,2024-10-07,4
EVT-009885,APP-01452,offer_accepted,2024-10-11,4
EVT-009886,APP-01452,background_check,2024-10-14,3
EVT-009887,APP-01452,onboarding_docs_sent,2024-11-01,18
EVT-009888,APP-01452,start_date,2024-11-06,5
EVT-009889,APP-01453,screened,2024-04-28,0
EVT-009890,APP-01453,submitted,2024-04-29,1
EVT-009891,APP-01453,client_interview_1,2024-05-16,17
EVT-009892,APP-01453,offer_extended,2024-05-26,10
EVT-009893,APP-01453,offer_accepted,2024-05-27,1
EVT-009894,APP-01453,background_check,2024-06-02,6
EVT-009895,APP-01453,onboarding_docs_sent,2024-06-16,14
EVT-009896,APP-01453,start_date,2024-07-10,24
EVT-009897,APP-01454,screened,2025-01-10,0
EVT-009898,APP-01454,submitted,2025-01-14,4
EVT-009899,APP-01454,client_interview_1,2025-01-20,6
EVT-009900,APP-01454,offer_extended,2025-01-23,3
EVT-009901,APP-01454,offer_accepted,2025-01-27,4
EVT-009902,APP-01454,background_check,2025-02-01,5
EVT-009903,APP-01454,onboarding_docs_sent,2025-02-20,19
EVT-009904,APP-01454,start_date,2025-02-24,4
EVT-009905,APP-01455,screened,2024-11-07,0
EVT-009906,APP-01455,submitted,2024-11-10,3
EVT-009907,APP-01455,client_interview_1,2024-11-13,3
EVT-009908,APP-01455,offer_extended,2024-11-24,11
EVT-009909,APP-01455,offer_accepted,2024-11-28,4
EVT-009910,APP-01455,background_check,2024-12-03,5
EVT-009911,APP-01455,onboarding_docs_sent,2024-12-11,8
EVT-009912,APP-01455,start_date,2024-12-15,4
EVT-009913,APP-01456,screened,2024-11-15,0
EVT-009914,APP-01456,submitted,2024-11-16,1
EVT-009915,APP-01456,client_interview_1,2024-12-02,16
EVT-009916,APP-01456,offer_extended,2024-12-05,3
EVT-009917,APP-01456,offer_accepted,2024-12-10,5
EVT-009918,APP-01456,onboarding_docs_sent,2025-01-03,24
EVT-009919,APP-01456,start_date,2025-01-21,18
EVT-009920,APP-01457,screened,2024-11-02,0
EVT-009921,APP-01457,submitted,2024-11-05,3
EVT-009922,APP-01457,client_interview_1,2024-11-22,17
EVT-009923,APP-01457,offer_extended,2024-11-29,7
EVT-009924,APP-01458,screened,2024-12-20,0
EVT-009925,APP-01458,submitted,2024-12-21,1
EVT-009926,APP-01458,client_interview_1,2025-01-03,13
EVT-009927,APP-01458,offer_extended,2025-01-20,17
EVT-009928,APP-01458,offer_accepted,2025-01-24,4
EVT-009929,APP-01458,background_check,2025-01-27,3
EVT-009930,APP-01458,onboarding_docs_sent,2025-02-11,15
EVT-009931,APP-01458,start_date,2025-03-06,23
EVT-009932,APP-01459,screened,2024-02-02,0
EVT-009933,APP-01459,submitted,2024-02-06,4
EVT-009934,APP-01459,client_interview_1,2024-02-09,3
EVT-009935,APP-01459,client_interview_2,2024-02-14,5
EVT-009936,APP-01459,offer_extended,2024-02-15,1
EVT-009937,APP-01459,offer_accepted,2024-02-17,2
EVT-009938,APP-01459,onboarding_docs_sent,2024-03-06,18
EVT-009939,APP-01459,start_date,2024-03-13,7
EVT-009940,APP-01460,screened,2024-03-13,0
EVT-009941,APP-01460,submitted,2024-03-16,3
EVT-009942,APP-01460,client_interview_1,2024-03-18,2
EVT-009943,APP-01460,offer_extended,2024-03-27,9
EVT-009944,APP-01460,offer_accepted,2024-03-29,2
EVT-009945,APP-01460,background_check,2024-03-30,1
EVT-009946,APP-01460,onboarding_docs_sent,2024-04-05,6
EVT-009947,APP-01460,start_date,2024-04-07,2
EVT-009948,APP-01461,screened,2025-01-06,0
EVT-009949,APP-01461,submitted,2025-01-08,2
EVT-009950,APP-01461,client_interview_1,2025-01-18,10
EVT-009951,APP-01461,client_interview_2,2025-01-22,4
EVT-009952,APP-01461,offer_extended,2025-02-03,12
EVT-009953,APP-01461,offer_accepted,2025-02-07,4
EVT-009954,APP-01461,background_check,2025-02-08,1
EVT-009955,APP-01462,screened,2024-03-02,0
EVT-009956,APP-01462,submitted,2024-03-06,4
EVT-009957,APP-01462,client_interview_1,2024-03-13,7
EVT-009958,APP-01462,client_interview_2,2024-03-20,7
EVT-009959,APP-01462,offer_extended,2024-03-23,3
EVT-009960,APP-01463,screened,2025-01-24,0
EVT-009961,APP-01463,submitted,2025-01-27,3
EVT-009962,APP-01463,client_interview_1,2025-02-05,9
EVT-009963,APP-01463,offer_extended,2025-02-12,7
EVT-009964,APP-01463,offer_accepted,2025-02-17,5
EVT-009965,APP-01463,background_check,2025-02-19,2
EVT-009966,APP-01463,onboarding_docs_sent,2025-02-25,6
EVT-009967,APP-01463,start_date,2025-03-01,4
EVT-009968,APP-01464,screened,2025-03-15,0
EVT-009969,APP-01464,submitted,2025-03-18,3
EVT-009970,APP-01464,client_interview_1,2025-04-03,16
EVT-009971,APP-01464,offer_extended,2025-04-08,5
EVT-009972,APP-01465,screened,2024-02-21,0
EVT-009973,APP-01465,submitted,2024-02-24,3
EVT-009974,APP-01465,client_interview_1,2024-03-09,14
EVT-009975,APP-01465,offer_extended,2024-03-16,7
EVT-009976,APP-01465,offer_accepted,2024-03-18,2
EVT-009977,APP-01465,onboarding_docs_sent,2024-04-06,19
EVT-009978,APP-01465,start_date,2024-04-07,1
EVT-009979,APP-01466,screened,2025-06-19,0
EVT-009980,APP-01466,submitted,2025-06-23,4
EVT-009981,APP-01466,client_interview_1,2025-06-29,6
EVT-009982,APP-01466,client_interview_2,2025-07-01,2
EVT-009983,APP-01466,offer_extended,2025-07-17,16
EVT-009984,APP-01466,offer_accepted,2025-07-21,4
EVT-009985,APP-01466,background_check,2025-07-27,6
EVT-009986,APP-01467,screened,2024-04-04,0
EVT-009987,APP-01467,submitted,2024-04-07,3
EVT-009988,APP-01467,client_interview_1,2024-04-20,13
EVT-009989,APP-01467,client_interview_2,2024-04-27,7
EVT-009990,APP-01467,offer_extended,2024-05-08,11
EVT-009991,APP-01467,offer_accepted,2024-05-10,2
EVT-009992,APP-01467,onboarding_docs_sent,2024-05-27,17
EVT-009993,APP-01467,start_date,2024-05-31,4
EVT-009994,APP-01468,screened,2025-05-10,0
EVT-009995,APP-01468,submitted,2025-05-11,1
EVT-009996,APP-01468,client_interview_1,2025-05-19,8
EVT-009997,APP-01468,offer_extended,2025-05-30,11
EVT-009998,APP-01468,offer_accepted,2025-06-04,5
EVT-009999,APP-01468,background_check,2025-06-07,3
EVT-010000,APP-01469,screened,2025-04-03,0
EVT-010001,APP-01469,submitted,2025-04-04,1
EVT-010002,APP-01469,client_interview_1,2025-04-18,14
EVT-010003,APP-01469,offer_extended,2025-05-05,17
EVT-010004,APP-01469,offer_accepted,2025-05-06,1
EVT-010005,APP-01469,background_check,2025-05-11,5
EVT-010006,APP-01470,screened,2024-03-03,0
EVT-010007,APP-01470,submitted,2024-03-07,4
EVT-010008,APP-01470,client_interview_1,2024-03-17,10
EVT-010009,APP-01470,client_interview_2,2024-03-23,6
EVT-010010,APP-01470,offer_extended,2024-03-28,5
EVT-010011,APP-01470,offer_accepted,2024-03-28,0
EVT-010012,APP-01470,background_check,2024-03-31,3
EVT-010013,APP-01471,screened,2025-06-25,0
EVT-010014,APP-01471,submitted,2025-06-26,1
EVT-010015,APP-01471,client_interview_1,2025-07-02,6
EVT-010016,APP-01471,offer_extended,2025-07-17,15
EVT-010017,APP-01471,offer_accepted,2025-07-20,3
EVT-010018,APP-01471,background_check,2025-07-28,8
EVT-010019,APP-01471,onboarding_docs_sent,2025-08-16,19
EVT-010020,APP-01471,start_date,2025-08-20,4
EVT-010021,APP-01472,screened,2024-04-13,0
EVT-010022,APP-01472,submitted,2024-04-14,1
EVT-010023,APP-01472,client_interview_1,2024-04-17,3
EVT-010024,APP-01472,offer_extended,2024-04-22,5
EVT-010025,APP-01473,screened,2025-07-20,0
EVT-010026,APP-01473,submitted,2025-07-22,2
EVT-010027,APP-01473,client_interview_1,2025-07-26,4
EVT-010028,APP-01473,client_interview_2,2025-07-30,4
EVT-010029,APP-01473,offer_extended,2025-08-13,14
EVT-010030,APP-01473,offer_accepted,2025-08-16,3
EVT-010031,APP-01473,background_check,2025-08-22,6
EVT-010032,APP-01473,start_date,2025-09-08,17
EVT-010033,APP-01474,screened,2024-12-28,0
EVT-010034,APP-01474,submitted,2024-12-30,2
EVT-010035,APP-01474,client_interview_1,2025-01-10,11
EVT-010036,APP-01474,offer_extended,2025-01-24,14
EVT-010037,APP-01474,offer_accepted,2025-01-25,1
EVT-010038,APP-01474,start_date,2025-02-07,13
EVT-010039,APP-01475,screened,2025-01-17,0
EVT-010040,APP-01475,submitted,2025-01-21,4
EVT-010041,APP-01475,client_interview_1,2025-02-02,12
EVT-010042,APP-01475,offer_extended,2025-02-18,16
EVT-010043,APP-01475,offer_accepted,2025-02-22,4
EVT-010044,APP-01475,background_check,2025-02-25,3
EVT-010045,APP-01475,onboarding_docs_sent,2025-03-10,13
EVT-010046,APP-01475,start_date,2025-03-14,4
EVT-010047,APP-01476,screened,2024-07-20,0
EVT-010048,APP-01476,submitted,2024-07-22,2
EVT-010049,APP-01476,client_interview_1,2024-07-28,6
EVT-010050,APP-01476,client_interview_2,2024-07-31,3
EVT-010051,APP-01476,offer_extended,2024-08-09,9
EVT-010052,APP-01476,offer_accepted,2024-08-14,5
EVT-010053,APP-01476,background_check,2024-08-17,3
EVT-010054,APP-01476,onboarding_docs_sent,2024-09-01,15
EVT-010055,APP-01476,start_date,2024-09-06,5
EVT-010056,APP-01477,screened,2024-11-20,0
EVT-010057,APP-01477,submitted,2024-11-22,2
EVT-010058,APP-01477,client_interview_1,2024-12-02,10
EVT-010059,APP-01477,offer_extended,2024-12-09,7
EVT-010060,APP-01477,offer_accepted,2024-12-13,4
EVT-010061,APP-01477,background_check,2024-12-14,1
EVT-010062,APP-01478,screened,2025-05-15,0
EVT-010063,APP-01478,submitted,2025-05-19,4
EVT-010064,APP-01478,client_interview_1,2025-05-25,6
EVT-010065,APP-01478,offer_extended,2025-05-27,2
EVT-010066,APP-01478,offer_accepted,2025-05-28,1
EVT-010067,APP-01478,background_check,2025-06-04,7
EVT-010068,APP-01479,screened,2025-04-15,0
EVT-010069,APP-01479,submitted,2025-04-17,2
EVT-010070,APP-01479,client_interview_1,2025-04-24,7
EVT-010071,APP-01479,offer_extended,2025-04-30,6
EVT-010072,APP-01479,offer_accepted,2025-05-05,5
EVT-010073,APP-01479,background_check,2025-05-10,5
EVT-010074,APP-01479,start_date,2025-05-13,3
EVT-010075,APP-01480,screened,2024-10-30,0
EVT-010076,APP-01480,submitted,2024-11-01,2
EVT-010077,APP-01480,client_interview_1,2024-11-16,15
EVT-010078,APP-01480,offer_extended,2024-11-24,8
EVT-010079,APP-01480,offer_accepted,2024-11-29,5
EVT-010080,APP-01480,background_check,2024-12-07,8
EVT-010081,APP-01480,onboarding_docs_sent,2024-12-23,16
EVT-010082,APP-01480,start_date,2025-01-09,17
EVT-010083,APP-01481,screened,2024-10-14,0
EVT-010084,APP-01481,submitted,2024-10-16,2
EVT-010085,APP-01481,client_interview_1,2024-10-28,12
EVT-010086,APP-01481,offer_extended,2024-11-11,14
EVT-010087,APP-01481,offer_accepted,2024-11-15,4
EVT-010088,APP-01481,background_check,2024-11-18,3
EVT-010089,APP-01482,screened,2025-05-25,0
EVT-010090,APP-01482,submitted,2025-05-26,1
EVT-010091,APP-01482,client_interview_1,2025-06-10,15
EVT-010092,APP-01482,client_interview_2,2025-06-12,2
EVT-010093,APP-01482,offer_extended,2025-06-21,9
EVT-010094,APP-01483,screened,2024-02-09,0
EVT-010095,APP-01483,submitted,2024-02-11,2
EVT-010096,APP-01483,client_interview_1,2024-02-21,10
EVT-010097,APP-01483,offer_extended,2024-03-03,11
EVT-010098,APP-01483,offer_accepted,2024-03-04,1
EVT-010099,APP-01483,background_check,2024-03-08,4
EVT-010100,APP-01483,onboarding_docs_sent,2024-03-14,6
EVT-010101,APP-01483,start_date,2024-03-16,2
EVT-010102,APP-01484,screened,2025-01-29,0
EVT-010103,APP-01484,client_interview_1,2025-01-31,2
EVT-010104,APP-01484,submitted,2025-02-02,2
EVT-010105,APP-01484,offer_extended,2025-02-06,4
EVT-010106,APP-01484,offer_accepted,2025-02-07,1
EVT-010107,APP-01484,background_check,2025-02-11,4
EVT-010108,APP-01485,screened,2024-11-13,0
EVT-010109,APP-01485,submitted,2024-11-16,3
EVT-010110,APP-01485,client_interview_1,2024-11-27,11
EVT-010111,APP-01485,offer_extended,2024-11-29,2
EVT-010112,APP-01485,offer_accepted,2024-11-29,0
EVT-010113,APP-01485,background_check,2024-12-06,7
EVT-010114,APP-01485,onboarding_docs_sent,2024-12-22,16
EVT-010115,APP-01485,start_date,2024-12-25,3
EVT-010116,APP-01486,screened,2024-04-29,0
EVT-010117,APP-01486,submitted,2024-05-02,3
EVT-010118,APP-01486,client_interview_1,2024-05-07,5
EVT-010119,APP-01486,client_interview_2,2024-05-14,7
EVT-010120,APP-01486,offer_extended,2024-05-24,10
EVT-010121,APP-01486,offer_accepted,2024-05-27,3
EVT-010122,APP-01486,background_check,2024-05-31,4
EVT-010123,APP-01486,onboarding_docs_sent,2024-06-18,18
EVT-010124,APP-01486,start_date,2024-06-18,0
EVT-010125,APP-01487,screened,2025-02-10,0
EVT-010126,APP-01487,submitted,2025-02-11,1
EVT-010127,APP-01487,client_interview_1,2025-02-23,12
EVT-010128,APP-01487,client_interview_2,2025-03-02,7
EVT-010129,APP-01487,offer_extended,2025-03-05,3
EVT-010130,APP-01487,offer_accepted,2025-03-08,3
EVT-010131,APP-01487,onboarding_docs_sent,2025-03-14,6
EVT-010132,APP-01487,background_check,2025-03-16,2
EVT-010133,APP-01487,start_date,2025-03-19,3
EVT-010134,APP-01488,screened,2025-04-10,0
EVT-010135,APP-01488,submitted,2025-04-14,4
EVT-010136,APP-01488,client_interview_1,2025-04-27,13
EVT-010137,APP-01488,client_interview_2,2025-05-06,9
EVT-010138,APP-01488,offer_extended,2025-05-11,5
EVT-010139,APP-01488,offer_accepted,2025-05-16,5
EVT-010140,APP-01488,background_check,2025-05-21,5
EVT-010141,APP-01488,onboarding_docs_sent,2025-06-01,11
EVT-010142,APP-01488,start_date,2025-06-07,6
EVT-010143,APP-01489,screened,2024-10-19,0
EVT-010144,APP-01489,submitted,2024-10-21,2
EVT-010145,APP-01489,client_interview_1,2024-11-06,16
EVT-010146,APP-01489,offer_extended,2024-11-13,7
EVT-010147,APP-01490,screened,2024-02-16,0
EVT-010148,APP-01490,submitted,2024-02-18,2
EVT-010149,APP-01490,client_interview_1,2024-02-22,4
EVT-010150,APP-01490,offer_extended,2024-02-24,2
EVT-010151,APP-01490,offer_accepted,2024-02-26,2
EVT-010152,APP-01490,background_check,2024-03-04,7
EVT-010153,APP-01490,onboarding_docs_sent,2024-03-09,5
EVT-010154,APP-01490,start_date,2024-03-18,9
EVT-010155,APP-01491,screened,2024-03-22,0
EVT-010156,APP-01491,submitted,2024-03-23,1
EVT-010157,APP-01491,client_interview_1,2024-04-03,11
EVT-010158,APP-01491,offer_extended,2024-04-07,4
EVT-010159,APP-01491,offer_accepted,2024-04-12,5
EVT-010160,APP-01491,background_check,2024-04-20,8
EVT-010161,APP-01491,start_date,2024-04-26,6
EVT-010162,APP-01492,screened,2025-04-03,0
EVT-010163,APP-01492,submitted,2025-04-06,3
EVT-010164,APP-01492,client_interview_1,2025-04-13,7
EVT-010165,APP-01492,offer_extended,2025-04-21,8
EVT-010166,APP-01492,offer_accepted,2025-04-23,2
EVT-010167,APP-01492,onboarding_docs_sent,2025-05-12,19
EVT-010168,APP-01492,start_date,2025-05-18,6
EVT-010169,APP-01493,screened,2024-03-30,0
EVT-010170,APP-01493,submitted,2024-03-31,1
EVT-010171,APP-01493,client_interview_1,2024-04-08,8
EVT-010172,APP-01493,offer_extended,2024-04-15,7
EVT-010173,APP-01493,offer_accepted,2024-04-21,6
EVT-010174,APP-01493,background_check,2024-04-26,5
EVT-010175,APP-01493,start_date,2024-05-07,11
EVT-010176,APP-01494,screened,2024-09-23,0
EVT-010177,APP-01494,submitted,2024-09-26,3
EVT-010178,APP-01494,client_interview_1,2024-10-09,13
EVT-010179,APP-01494,offer_extended,2024-10-14,5
EVT-010180,APP-01494,offer_accepted,2024-10-15,1
EVT-010181,APP-01494,background_check,2024-10-22,7
EVT-010182,APP-01494,onboarding_docs_sent,2024-11-03,12
EVT-010183,APP-01495,screened,2025-03-25,0
EVT-010184,APP-01495,submitted,2025-03-27,2
EVT-010185,APP-01495,client_interview_1,2025-04-07,11
EVT-010186,APP-01495,offer_extended,2025-04-16,9
EVT-010187,APP-01495,offer_accepted,2025-04-21,5
EVT-010188,APP-01495,background_check,2025-04-24,3
EVT-010189,APP-01495,onboarding_docs_sent,2025-05-10,16
EVT-010190,APP-01495,start_date,2025-05-15,5
EVT-010191,APP-01496,screened,2024-07-16,0
EVT-010192,APP-01496,submitted,2024-07-18,2
EVT-010193,APP-01496,client_interview_1,2024-07-23,5
EVT-010194,APP-01496,offer_extended,2024-08-10,18
EVT-010195,APP-01497,screened,2025-07-04,0
EVT-010196,APP-01497,client_interview_1,2025-07-05,1
EVT-010197,APP-01497,submitted,2025-07-08,3
EVT-010198,APP-01497,offer_extended,2025-07-13,5
EVT-010199,APP-01498,screened,2024-09-21,0
EVT-010200,APP-01498,submitted,2024-09-23,2
EVT-010201,APP-01498,client_interview_1,2024-10-08,15
EVT-010202,APP-01498,offer_extended,2024-10-26,18
EVT-010203,APP-01498,offer_accepted,2024-10-30,4
EVT-010204,APP-01498,background_check,2024-11-06,7
EVT-010205,APP-01498,onboarding_docs_sent,2024-11-18,12
EVT-010206,APP-01499,screened,2024-11-16,0
EVT-010207,APP-01499,submitted,2024-11-18,2
EVT-010208,APP-01499,client_interview_1,2024-11-29,11
EVT-010209,APP-01499,client_interview_2,2024-12-04,5
EVT-010210,APP-01499,offer_extended,2024-12-17,13
EVT-010211,APP-01499,offer_accepted,2024-12-19,2
EVT-010212,APP-01499,background_check,2024-12-20,1
EVT-010213,APP-01499,start_date,2025-01-01,12
EVT-010214,APP-01500,screened,2024-10-10,0
EVT-010215,APP-01500,submitted,2024-10-13,3
EVT-010216,APP-01500,client_interview_1,2024-10-19,6
EVT-010217,APP-01500,client_interview_2,2024-10-24,5
EVT-010218,APP-01500,offer_extended,2024-10-28,4
EVT-010219,APP-01500,offer_accepted,2024-10-31,3
EVT-010220,APP-01500,background_check,2024-11-05,5
EVT-010221,APP-01501,screened,2024-11-08,0
EVT-010222,APP-01501,submitted,2024-11-10,2
EVT-010223,APP-01501,client_interview_1,2024-11-22,12
EVT-010224,APP-01501,offer_extended,2024-11-29,7
EVT-010225,APP-01501,offer_accepted,2024-11-30,1
EVT-010226,APP-01501,background_check,2024-12-01,1
EVT-010227,APP-01501,onboarding_docs_sent,2024-12-29,28
EVT-010228,APP-01501,start_date,2025-01-02,4
EVT-010229,APP-01502,screened,2024-12-25,0
EVT-010230,APP-01502,submitted,2024-12-28,3
EVT-010231,APP-01502,client_interview_1,2025-01-01,4
EVT-010232,APP-01502,offer_extended,2025-01-14,13
EVT-010233,APP-01502,offer_accepted,2025-01-19,5
EVT-010234,APP-01502,background_check,2025-01-23,4
EVT-010235,APP-01502,start_date,2025-01-23,0
EVT-010236,APP-01503,screened,2024-10-05,0
EVT-010237,APP-01503,submitted,2024-10-06,1
EVT-010238,APP-01503,client_interview_1,2024-10-13,7
EVT-010239,APP-01503,offer_extended,2024-10-15,2
EVT-010240,APP-01503,offer_accepted,2024-10-19,4
EVT-010241,APP-01503,background_check,2024-10-25,6
EVT-010242,APP-01503,onboarding_docs_sent,2024-11-01,7
EVT-010243,APP-01503,start_date,2024-11-07,6
EVT-010244,APP-01504,screened,2024-12-31,0
EVT-010245,APP-01504,submitted,2025-01-02,2
EVT-010246,APP-01504,client_interview_1,2025-01-05,3
EVT-010247,APP-01504,offer_extended,2025-01-11,6
EVT-010248,APP-01504,offer_accepted,2025-01-11,0
EVT-010249,APP-01504,background_check,2025-01-12,1
EVT-010250,APP-01504,onboarding_docs_sent,2025-01-26,14
EVT-010251,APP-01504,start_date,2025-01-27,1
EVT-010252,APP-01505,screened,2025-01-05,0
EVT-010253,APP-01505,submitted,2025-01-07,2
EVT-010254,APP-01505,client_interview_1,2025-01-08,1
EVT-010255,APP-01505,offer_extended,2025-01-13,5
EVT-010256,APP-01505,offer_accepted,2025-01-13,0
EVT-010257,APP-01505,background_check,2025-01-18,5
EVT-010258,APP-01505,start_date,2025-02-19,32
EVT-010259,APP-01506,screened,2025-03-14,0
EVT-010260,APP-01506,submitted,2025-03-18,4
EVT-010261,APP-01506,client_interview_1,2025-04-02,15
EVT-010262,APP-01506,offer_extended,2025-04-18,16
EVT-010263,APP-01506,offer_accepted,2025-04-19,1
EVT-010264,APP-01506,background_check,2025-04-23,4
EVT-010265,APP-01506,start_date,2025-05-05,12
EVT-010266,APP-01507,screened,2024-12-06,0
EVT-010267,APP-01507,submitted,2024-12-09,3
EVT-010268,APP-01507,client_interview_1,2024-12-25,16
EVT-010269,APP-01507,offer_extended,2024-12-27,2
EVT-010270,APP-01507,offer_accepted,2025-01-01,5
EVT-010271,APP-01507,background_check,2025-01-05,4
EVT-010272,APP-01507,onboarding_docs_sent,2025-01-07,2
EVT-010273,APP-01507,start_date,2025-01-11,4
EVT-010274,APP-01508,screened,2024-08-07,0
EVT-010275,APP-01508,client_interview_1,2024-08-08,1
EVT-010276,APP-01508,submitted,2024-08-09,1
EVT-010277,APP-01508,offer_extended,2024-08-22,13
EVT-010278,APP-01508,offer_accepted,2024-08-27,5
EVT-010279,APP-01508,background_check,2024-08-30,3
EVT-010280,APP-01509,screened,2024-07-11,0
EVT-010281,APP-01509,submitted,2024-07-13,2
EVT-010282,APP-01509,client_interview_1,2024-07-15,2
EVT-010283,APP-01509,offer_extended,2024-07-26,11
EVT-010284,APP-01509,offer_accepted,2024-07-29,3
EVT-010285,APP-01509,background_check,2024-08-06,8
EVT-010286,APP-01509,start_date,2024-08-08,2
EVT-010287,APP-01510,screened,2025-04-01,0
EVT-010288,APP-01510,submitted,2025-04-04,3
EVT-010289,APP-01510,client_interview_1,2025-04-14,10
EVT-010290,APP-01510,client_interview_2,2025-04-18,4
EVT-010291,APP-01510,offer_extended,2025-04-28,10
EVT-010292,APP-01510,offer_accepted,2025-05-04,6
EVT-010293,APP-01510,start_date,2025-06-01,28
EVT-010294,APP-01511,screened,2024-04-08,0
EVT-010295,APP-01511,submitted,2024-04-09,1
EVT-010296,APP-01511,client_interview_1,2024-04-28,19
EVT-010297,APP-01511,client_interview_2,2024-05-06,8
EVT-010298,APP-01511,offer_extended,2024-05-11,5
EVT-010299,APP-01511,offer_accepted,2024-05-12,1
EVT-010300,APP-01511,background_check,2024-05-19,7
EVT-010301,APP-01511,onboarding_docs_sent,2024-06-09,21
EVT-010302,APP-01511,start_date,2024-07-09,30
EVT-010303,APP-01512,screened,2025-02-01,0
EVT-010304,APP-01512,submitted,2025-02-02,1
EVT-010305,APP-01512,client_interview_1,2025-02-16,14
EVT-010306,APP-01512,offer_extended,2025-03-01,13
EVT-010307,APP-01512,offer_accepted,2025-03-05,4
EVT-010308,APP-01512,background_check,2025-03-06,1
EVT-010309,APP-01512,onboarding_docs_sent,2025-03-20,14
EVT-010310,APP-01512,start_date,2025-03-22,2
EVT-010311,APP-01513,screened,2024-02-26,0
EVT-010312,APP-01513,submitted,2024-02-28,2
EVT-010313,APP-01513,client_interview_1,2024-03-04,5
EVT-010314,APP-01513,offer_extended,2024-03-06,2
EVT-010315,APP-01513,offer_accepted,2024-03-07,1
EVT-010316,APP-01513,background_check,2024-03-08,1
EVT-010317,APP-01513,start_date,2024-03-30,22
EVT-010318,APP-01514,screened,2024-11-17,0
EVT-010319,APP-01514,submitted,2024-11-18,1
EVT-010320,APP-01514,client_interview_1,2024-11-25,7
EVT-010321,APP-01514,offer_extended,2024-11-28,3
EVT-010322,APP-01514,offer_accepted,2024-12-01,3
EVT-010323,APP-01514,background_check,2024-12-03,2
EVT-010324,APP-01514,onboarding_docs_sent,2024-12-27,24
EVT-010325,APP-01514,start_date,2024-12-30,3
EVT-010326,APP-01515,screened,2024-12-25,0
EVT-010327,APP-01515,submitted,2024-12-27,2
EVT-010328,APP-01515,client_interview_1,2024-12-28,1
EVT-010329,APP-01515,client_interview_2,2025-01-06,9
EVT-010330,APP-01515,offer_extended,2025-01-09,3
EVT-010331,APP-01515,offer_accepted,2025-01-11,2
EVT-010332,APP-01515,background_check,2025-01-12,1
EVT-010333,APP-01516,screened,2025-02-25,0
EVT-010334,APP-01516,submitted,2025-02-26,1
EVT-010335,APP-01516,client_interview_1,2025-03-07,9
EVT-010336,APP-01516,client_interview_2,2025-03-09,2
EVT-010337,APP-01516,offer_extended,2025-03-10,1
EVT-010338,APP-01517,screened,2024-09-09,0
EVT-010339,APP-01517,submitted,2024-09-12,3
EVT-010340,APP-01517,client_interview_1,2024-09-23,11
EVT-010341,APP-01517,client_interview_2,2024-10-01,8
EVT-010342,APP-01517,offer_extended,2024-10-08,7
EVT-010343,APP-01517,offer_accepted,2024-10-14,6
EVT-010344,APP-01517,background_check,2024-10-18,4
EVT-010345,APP-01517,onboarding_docs_sent,2024-10-23,5
EVT-010346,APP-01517,start_date,2024-10-28,5
EVT-010347,APP-01518,screened,2025-01-14,0
EVT-010348,APP-01518,submitted,2025-01-16,2
EVT-010349,APP-01518,client_interview_1,2025-01-19,3
EVT-010350,APP-01518,client_interview_2,2025-01-25,6
EVT-010351,APP-01518,offer_extended,2025-01-28,3
EVT-010352,APP-01518,offer_accepted,2025-01-30,2
EVT-010353,APP-01518,background_check,2025-02-06,7
EVT-010354,APP-01519,screened,2024-08-12,0
EVT-010355,APP-01519,submitted,2024-08-16,4
EVT-010356,APP-01519,client_interview_1,2024-08-18,2
EVT-010357,APP-01519,client_interview_2,2024-08-21,3
EVT-010358,APP-01519,offer_extended,2024-09-05,15
EVT-010359,APP-01519,offer_accepted,2024-09-05,0
EVT-010360,APP-01519,background_check,2024-09-10,5
EVT-010361,APP-01519,onboarding_docs_sent,2024-09-11,1
EVT-010362,APP-01520,screened,2024-05-08,0
EVT-010363,APP-01520,submitted,2024-05-09,1
EVT-010364,APP-01520,client_interview_1,2024-05-11,2
EVT-010365,APP-01520,client_interview_2,2024-05-14,3
EVT-010366,APP-01520,offer_extended,2024-05-28,14
EVT-010367,APP-01520,offer_accepted,2024-05-29,1
EVT-010368,APP-01520,onboarding_docs_sent,2024-06-18,20
EVT-010369,APP-01520,start_date,2024-06-21,3
EVT-010370,APP-01521,screened,2025-03-16,0
EVT-010371,APP-01521,submitted,2025-03-19,3
EVT-010372,APP-01521,client_interview_1,2025-04-03,15
EVT-010373,APP-01521,offer_extended,2025-04-05,2
EVT-010374,APP-01521,offer_accepted,2025-04-11,6
EVT-010375,APP-01521,background_check,2025-04-14,3
EVT-010376,APP-01522,screened,2024-03-06,0
EVT-010377,APP-01522,submitted,2024-03-09,3
EVT-010378,APP-01522,client_interview_1,2024-03-21,12
EVT-010379,APP-01522,client_interview_2,2024-03-24,3
EVT-010380,APP-01522,offer_extended,2024-03-26,2
EVT-010381,APP-01522,offer_accepted,2024-03-27,1
EVT-010382,APP-01522,onboarding_docs_sent,2024-04-03,7
EVT-010383,APP-01522,background_check,2024-04-04,1
EVT-010384,APP-01522,start_date,2024-04-06,2
EVT-010385,APP-01523,screened,2024-10-23,0
EVT-010386,APP-01523,submitted,2024-10-24,1
EVT-010387,APP-01523,client_interview_1,2024-11-03,10
EVT-010388,APP-01523,offer_extended,2024-11-20,17
EVT-010389,APP-01524,screened,2024-09-28,0
EVT-010390,APP-01524,submitted,2024-09-30,2
EVT-010391,APP-01524,client_interview_1,2024-10-13,13
EVT-010392,APP-01524,offer_extended,2024-10-20,7
EVT-010393,APP-01524,offer_accepted,2024-10-22,2
EVT-010394,APP-01524,background_check,2024-10-30,8
EVT-010395,APP-01525,screened,2024-04-26,0
EVT-010396,APP-01525,submitted,2024-04-30,4
EVT-010397,APP-01525,client_interview_1,2024-05-07,7
EVT-010398,APP-01525,offer_extended,2024-05-24,17
EVT-010399,APP-01525,offer_accepted,2024-05-24,0
EVT-010400,APP-01525,background_check,2024-05-26,2
EVT-010401,APP-01525,onboarding_docs_sent,2024-06-07,12
EVT-010402,APP-01525,start_date,2024-06-08,1
EVT-010403,APP-01526,screened,2024-09-10,0
EVT-010404,APP-01526,submitted,2024-09-14,4
EVT-010405,APP-01526,client_interview_1,2024-09-26,12
EVT-010406,APP-01526,client_interview_2,2024-10-05,9
EVT-010407,APP-01526,offer_extended,2024-10-06,1
EVT-010408,APP-01526,offer_accepted,2024-10-12,6
EVT-010409,APP-01526,background_check,2024-10-19,7
EVT-010410,APP-01526,onboarding_docs_sent,2024-10-23,4
EVT-010411,APP-01526,start_date,2024-10-29,6
EVT-010412,APP-01527,screened,2025-02-28,0
EVT-010413,APP-01527,submitted,2025-03-02,2
EVT-010414,APP-01527,client_interview_1,2025-03-16,14
EVT-010415,APP-01527,offer_extended,2025-03-18,2
EVT-010416,APP-01528,screened,2025-06-15,0
EVT-010417,APP-01528,submitted,2025-06-19,4
EVT-010418,APP-01528,client_interview_1,2025-07-05,16
EVT-010419,APP-01528,offer_extended,2025-07-07,2
EVT-010420,APP-01528,offer_accepted,2025-07-13,6
EVT-010421,APP-01528,onboarding_docs_sent,2025-07-17,4
EVT-010422,APP-01528,start_date,2025-07-18,1
EVT-010423,APP-01529,screened,2024-08-13,0
EVT-010424,APP-01529,submitted,2024-08-14,1
EVT-010425,APP-01529,client_interview_1,2024-08-21,7
EVT-010426,APP-01529,offer_extended,2024-08-30,9
EVT-010427,APP-01530,screened,2024-12-11,0
EVT-010428,APP-01530,submitted,2024-12-13,2
EVT-010429,APP-01530,client_interview_1,2024-12-19,6
EVT-010430,APP-01530,offer_extended,2024-12-21,2
EVT-010431,APP-01530,offer_accepted,2024-12-23,2
EVT-010432,APP-01530,background_check,2024-12-24,1
EVT-010433,APP-01530,onboarding_docs_sent,2025-01-06,13
EVT-010434,APP-01530,start_date,2025-01-31,25
EVT-010435,APP-01531,screened,2024-03-01,0
EVT-010436,APP-01531,submitted,2024-03-05,4
EVT-010437,APP-01531,client_interview_1,2024-03-18,13
EVT-010438,APP-01531,offer_extended,2024-03-21,3
EVT-010439,APP-01531,offer_accepted,2024-03-27,6
EVT-010440,APP-01531,onboarding_docs_sent,2024-04-15,19
EVT-010441,APP-01531,start_date,2024-04-18,3
EVT-010442,APP-01532,screened,2024-09-02,0
EVT-010443,APP-01532,submitted,2024-09-04,2
EVT-010444,APP-01532,client_interview_1,2024-09-05,1
EVT-010445,APP-01532,client_interview_2,2024-09-09,4
EVT-010446,APP-01532,offer_extended,2024-09-13,4
EVT-010447,APP-01532,offer_accepted,2024-09-16,3
EVT-010448,APP-01532,background_check,2024-09-23,7
EVT-010449,APP-01532,onboarding_docs_sent,2024-10-09,16
EVT-010450,APP-01532,start_date,2024-10-11,2
EVT-010451,APP-01533,screened,2024-07-24,0
EVT-010452,APP-01533,submitted,2024-07-26,2
EVT-010453,APP-01533,client_interview_1,2024-07-30,4
EVT-010454,APP-01533,client_interview_2,2024-08-03,4
EVT-010455,APP-01533,offer_extended,2024-08-05,2
EVT-010456,APP-01534,screened,2025-04-08,0
EVT-010457,APP-01534,submitted,2025-04-09,1
EVT-010458,APP-01534,client_interview_1,2025-04-18,9
EVT-010459,APP-01534,offer_extended,2025-05-03,15
EVT-010460,APP-01534,offer_accepted,2025-05-04,1
EVT-010461,APP-01534,background_check,2025-05-05,1
EVT-010462,APP-01534,onboarding_docs_sent,2025-05-13,8
EVT-010463,APP-01534,start_date,2025-05-20,7
EVT-010464,APP-01535,screened,2024-11-10,0
EVT-010465,APP-01535,client_interview_1,2024-11-13,3
EVT-010466,APP-01535,submitted,2024-11-14,1
EVT-010467,APP-01535,offer_extended,2024-11-17,3
EVT-010468,APP-01536,screened,2025-04-20,0
EVT-010469,APP-01536,submitted,2025-04-21,1
EVT-010470,APP-01536,client_interview_1,2025-05-09,18
EVT-010471,APP-01536,client_interview_2,2025-05-13,4
EVT-010472,APP-01536,offer_extended,2025-05-16,3
EVT-010473,APP-01536,offer_accepted,2025-05-16,0
EVT-010474,APP-01536,background_check,2025-05-18,2
EVT-010475,APP-01536,onboarding_docs_sent,2025-05-24,6
EVT-010476,APP-01537,screened,2024-04-10,0
EVT-010477,APP-01537,submitted,2024-04-12,2
EVT-010478,APP-01537,client_interview_1,2024-04-20,8
EVT-010479,APP-01537,offer_extended,2024-04-25,5
EVT-010480,APP-01538,screened,2025-04-30,0
EVT-010481,APP-01538,submitted,2025-05-03,3
EVT-010482,APP-01538,client_interview_1,2025-05-20,17
EVT-010483,APP-01538,offer_extended,2025-06-07,18
EVT-010484,APP-01538,offer_accepted,2025-06-11,4
EVT-010485,APP-01538,background_check,2025-06-19,8
EVT-010486,APP-01538,start_date,2025-07-04,15
EVT-010487,APP-01539,screened,2024-10-22,0
EVT-010488,APP-01539,submitted,2024-10-25,3
EVT-010489,APP-01539,client_interview_1,2024-11-11,17
EVT-010490,APP-01539,client_interview_2,2024-11-13,2
EVT-010491,APP-01539,offer_extended,2024-11-29,16
EVT-010492,APP-01540,screened,2024-09-14,0
EVT-010493,APP-01540,submitted,2024-09-16,2
EVT-010494,APP-01540,client_interview_1,2024-09-19,3
EVT-010495,APP-01540,offer_extended,2024-10-03,14
EVT-010496,APP-01540,offer_accepted,2024-10-05,2
EVT-010497,APP-01540,background_check,2024-10-12,7
EVT-010498,APP-01540,onboarding_docs_sent,2024-10-18,6
EVT-010499,APP-01540,start_date,2024-10-23,5
EVT-010500,APP-01541,screened,2025-02-17,0
EVT-010501,APP-01541,submitted,2025-02-20,3
EVT-010502,APP-01541,client_interview_1,2025-02-25,5
EVT-010503,APP-01541,offer_extended,2025-03-13,16
EVT-010504,APP-01541,offer_accepted,2025-03-17,4
EVT-010505,APP-01541,background_check,2025-03-20,3
EVT-010506,APP-01541,onboarding_docs_sent,2025-04-02,13
EVT-010507,APP-01541,start_date,2025-04-20,18
EVT-010508,APP-01542,screened,2025-02-23,0
EVT-010509,APP-01542,client_interview_1,2025-02-24,1
EVT-010510,APP-01542,submitted,2025-02-25,1
EVT-010511,APP-01542,offer_extended,2025-03-11,14
EVT-010512,APP-01542,offer_accepted,2025-03-14,3
EVT-010513,APP-01542,background_check,2025-03-15,1
EVT-010514,APP-01542,onboarding_docs_sent,2025-03-29,14
EVT-010515,APP-01542,start_date,2025-03-31,2
EVT-010516,APP-01543,screened,2024-02-01,0
EVT-010517,APP-01543,submitted,2024-02-05,4
EVT-010518,APP-01543,client_interview_1,2024-02-06,1
EVT-010519,APP-01543,offer_extended,2024-02-13,7
EVT-010520,APP-01543,offer_accepted,2024-02-17,4
EVT-010521,APP-01543,background_check,2024-02-24,7
EVT-010522,APP-01543,start_date,2024-03-10,15
EVT-010523,APP-01544,screened,2024-11-06,0
EVT-010524,APP-01544,submitted,2024-11-07,1
EVT-010525,APP-01544,client_interview_1,2024-11-20,13
EVT-010526,APP-01544,offer_extended,2024-12-07,17
EVT-010527,APP-01544,offer_accepted,2024-12-12,5
EVT-010528,APP-01544,background_check,2024-12-16,4
EVT-010529,APP-01545,screened,2025-04-06,0
EVT-010530,APP-01545,submitted,2025-04-07,1
EVT-010531,APP-01545,client_interview_1,2025-04-25,18
EVT-010532,APP-01545,client_interview_2,2025-05-02,7
EVT-010533,APP-01545,offer_extended,2025-05-10,8
EVT-010534,APP-01545,offer_accepted,2025-05-10,0
EVT-010535,APP-01545,background_check,2025-05-16,6
EVT-010536,APP-01545,onboarding_docs_sent,2025-05-28,12
EVT-010537,APP-01545,start_date,2025-05-31,3
EVT-010538,APP-01546,screened,2024-03-05,0
EVT-010539,APP-01546,submitted,2024-03-06,1
EVT-010540,APP-01546,client_interview_1,2024-03-24,18
EVT-010541,APP-01546,client_interview_2,2024-03-26,2
EVT-010542,APP-01546,offer_extended,2024-04-02,7
EVT-010543,APP-01546,offer_accepted,2024-04-04,2
EVT-010544,APP-01546,background_check,2024-04-09,5
EVT-010545,APP-01546,onboarding_docs_sent,2024-05-03,24
EVT-010546,APP-01546,start_date,2024-05-05,2
EVT-010547,APP-01547,screened,2024-12-12,0
EVT-010548,APP-01547,submitted,2024-12-14,2
EVT-010549,APP-01547,client_interview_1,2024-12-24,10
EVT-010550,APP-01547,client_interview_2,2024-12-26,2
EVT-010551,APP-01547,offer_extended,2024-12-27,1
EVT-010552,APP-01547,offer_accepted,2024-12-31,4
EVT-010553,APP-01547,background_check,2025-01-08,8
EVT-010554,APP-01548,screened,2024-07-22,0
EVT-010555,APP-01548,submitted,2024-07-23,1
EVT-010556,APP-01548,client_interview_1,2024-08-07,15
EVT-010557,APP-01548,offer_extended,2024-08-09,2
EVT-010558,APP-01548,offer_accepted,2024-08-11,2
EVT-010559,APP-01548,background_check,2024-08-17,6
EVT-010560,APP-01549,screened,2024-10-27,0
EVT-010561,APP-01549,submitted,2024-10-29,2
EVT-010562,APP-01549,client_interview_1,2024-10-31,2
EVT-010563,APP-01549,offer_extended,2024-11-07,7
EVT-010564,APP-01549,offer_accepted,2024-11-09,2
EVT-010565,APP-01549,background_check,2024-11-12,3
EVT-010566,APP-01550,screened,2025-05-12,0
EVT-010567,APP-01550,submitted,2025-05-15,3
EVT-010568,APP-01550,client_interview_1,2025-05-22,7
EVT-010569,APP-01550,offer_extended,2025-06-01,10
EVT-010570,APP-01550,offer_accepted,2025-06-05,4
EVT-010571,APP-01550,background_check,2025-06-08,3
EVT-010572,APP-01551,screened,2025-04-08,0
EVT-010573,APP-01551,submitted,2025-04-12,4
EVT-010574,APP-01551,client_interview_1,2025-04-26,14
EVT-010575,APP-01551,offer_extended,2025-05-02,6
EVT-010576,APP-01551,offer_accepted,2025-05-08,6
EVT-010577,APP-01552,screened,2025-01-24,0
EVT-010578,APP-01552,submitted,2025-01-27,3
EVT-010579,APP-01552,client_interview_1,2025-01-30,3
EVT-010580,APP-01552,offer_extended,2025-02-08,9
EVT-010581,APP-01552,offer_accepted,2025-02-10,2
EVT-010582,APP-01552,background_check,2025-02-12,2
EVT-010583,APP-01552,start_date,2025-03-12,28
EVT-010584,APP-01553,screened,2025-06-29,0
EVT-010585,APP-01553,submitted,2025-07-01,2
EVT-010586,APP-01553,client_interview_1,2025-07-14,13
EVT-010587,APP-01553,offer_extended,2025-07-16,2
EVT-010588,APP-01553,offer_accepted,2025-07-18,2
EVT-010589,APP-01553,background_check,2025-07-21,3
EVT-010590,APP-01553,start_date,2025-07-31,10
EVT-010591,APP-01554,screened,2024-08-21,0
EVT-010592,APP-01554,client_interview_1,2024-08-22,1
EVT-010593,APP-01554,submitted,2024-08-25,3
EVT-010594,APP-01554,offer_extended,2024-08-29,4
EVT-010595,APP-01554,offer_accepted,2024-08-31,2
EVT-010596,APP-01554,background_check,2024-09-06,6
EVT-010597,APP-01554,onboarding_docs_sent,2024-09-12,6
EVT-010598,APP-01554,start_date,2024-09-16,4
EVT-010599,APP-01555,screened,2024-11-23,0
EVT-010600,APP-01555,submitted,2024-11-27,4
EVT-010601,APP-01555,client_interview_1,2024-12-02,5
EVT-010602,APP-01555,client_interview_2,2024-12-05,3
EVT-010603,APP-01555,offer_extended,2024-12-13,8
EVT-010604,APP-01556,screened,2024-04-20,0
EVT-010605,APP-01556,submitted,2024-04-24,4
EVT-010606,APP-01556,client_interview_1,2024-04-24,0
EVT-010607,APP-01556,client_interview_2,2024-04-26,2
EVT-010608,APP-01556,offer_extended,2024-05-12,16
EVT-010609,APP-01556,offer_accepted,2024-05-13,1
EVT-010610,APP-01556,background_check,2024-05-18,5
EVT-010611,APP-01556,onboarding_docs_sent,2024-06-12,25
EVT-010612,APP-01556,start_date,2024-06-13,1
EVT-010613,APP-01557,screened,2024-06-05,0
EVT-010614,APP-01557,submitted,2024-06-06,1
EVT-010615,APP-01557,client_interview_1,2024-06-22,16
EVT-010616,APP-01557,offer_extended,2024-06-28,6
EVT-010617,APP-01557,offer_accepted,2024-06-28,0
EVT-010618,APP-01557,background_check,2024-07-03,5
EVT-010619,APP-01557,onboarding_docs_sent,2024-07-13,10
EVT-010620,APP-01557,start_date,2024-07-15,2
EVT-010621,APP-01558,screened,2024-07-01,0
EVT-010622,APP-01558,submitted,2024-07-04,3
EVT-010623,APP-01558,client_interview_1,2024-07-07,3
EVT-010624,APP-01558,client_interview_2,2024-07-11,4
EVT-010625,APP-01558,offer_extended,2024-07-21,10
EVT-010626,APP-01558,offer_accepted,2024-07-26,5
EVT-010627,APP-01558,background_check,2024-08-03,8
EVT-010628,APP-01559,screened,2024-10-31,0
EVT-010629,APP-01559,submitted,2024-11-04,4
EVT-010630,APP-01559,client_interview_1,2024-11-10,6
EVT-010631,APP-01559,offer_extended,2024-11-28,18
EVT-010632,APP-01559,offer_accepted,2024-12-01,3
EVT-010633,APP-01559,background_check,2024-12-09,8
EVT-010634,APP-01559,onboarding_docs_sent,2024-12-24,15
EVT-010635,APP-01559,start_date,2024-12-26,2
EVT-010636,APP-01560,screened,2025-02-11,0
EVT-010637,APP-01560,submitted,2025-02-15,4
EVT-010638,APP-01560,client_interview_1,2025-02-15,0
EVT-010639,APP-01560,offer_extended,2025-02-20,5
EVT-010640,APP-01560,offer_accepted,2025-02-20,0
EVT-010641,APP-01560,background_check,2025-02-23,3
EVT-010642,APP-01561,screened,2024-11-12,0
EVT-010643,APP-01561,submitted,2024-11-15,3
EVT-010644,APP-01561,client_interview_1,2024-11-24,9
EVT-010645,APP-01561,offer_extended,2024-11-27,3
EVT-010646,APP-01561,offer_accepted,2024-11-29,2
EVT-010647,APP-01561,onboarding_docs_sent,2024-12-04,5
EVT-010648,APP-01561,background_check,2024-12-05,1
EVT-010649,APP-01561,start_date,2024-12-09,4
EVT-010650,APP-01562,screened,2024-08-04,0
EVT-010651,APP-01562,submitted,2024-08-08,4
EVT-010652,APP-01562,client_interview_1,2024-08-21,13
EVT-010653,APP-01562,client_interview_2,2024-08-23,2
EVT-010654,APP-01562,offer_extended,2024-09-04,12
EVT-010655,APP-01562,offer_accepted,2024-09-05,1
EVT-010656,APP-01562,background_check,2024-09-06,1
EVT-010657,APP-01562,onboarding_docs_sent,2024-09-25,19
EVT-010658,APP-01562,start_date,2024-09-27,2
EVT-010659,APP-01563,screened,2024-10-19,0
EVT-010660,APP-01563,submitted,2024-10-21,2
EVT-010661,APP-01563,client_interview_1,2024-11-03,13
EVT-010662,APP-01563,offer_extended,2024-11-20,17
EVT-010663,APP-01563,offer_accepted,2024-11-20,0
EVT-010664,APP-01563,background_check,2024-11-23,3
EVT-010665,APP-01563,onboarding_docs_sent,2024-11-30,7
EVT-010666,APP-01563,start_date,2024-11-30,0
EVT-010667,APP-01564,screened,2024-12-18,0
EVT-010668,APP-01564,submitted,2024-12-22,4
EVT-010669,APP-01564,client_interview_1,2025-01-01,10
EVT-010670,APP-01564,offer_extended,2025-01-15,14
EVT-010671,APP-01564,offer_accepted,2025-01-20,5
EVT-010672,APP-01564,background_check,2025-01-26,6
EVT-010673,APP-01564,onboarding_docs_sent,2025-01-27,1
EVT-010674,APP-01564,start_date,2025-02-03,7
EVT-010675,APP-01565,screened,2024-11-03,0
EVT-010676,APP-01565,client_interview_1,2024-11-03,0
EVT-010677,APP-01565,submitted,2024-11-04,1
EVT-010678,APP-01565,client_interview_2,2024-11-06,2
EVT-010679,APP-01565,offer_extended,2024-11-14,8
EVT-010680,APP-01565,offer_accepted,2024-11-16,2
EVT-010681,APP-01565,start_date,2024-12-21,35
EVT-010682,APP-01566,screened,2024-10-06,0
EVT-010683,APP-01566,submitted,2024-10-08,2
EVT-010684,APP-01566,client_interview_1,2024-10-15,7
EVT-010685,APP-01566,client_interview_2,2024-10-18,3
EVT-010686,APP-01566,offer_extended,2024-10-27,9
EVT-010687,APP-01566,offer_accepted,2024-10-28,1
EVT-010688,APP-01566,background_check,2024-11-05,8
EVT-010689,APP-01566,onboarding_docs_sent,2024-11-06,1
EVT-010690,APP-01566,start_date,2024-12-01,25
EVT-010691,APP-01567,screened,2025-04-06,0
EVT-010692,APP-01567,submitted,2025-04-07,1
EVT-010693,APP-01567,client_interview_1,2025-04-18,11
EVT-010694,APP-01567,client_interview_2,2025-04-20,2
EVT-010695,APP-01567,offer_extended,2025-05-02,12
EVT-010696,APP-01567,offer_accepted,2025-05-08,6
EVT-010697,APP-01568,screened,2024-12-12,0
EVT-010698,APP-01568,submitted,2024-12-14,2
EVT-010699,APP-01568,client_interview_1,2024-12-25,11
EVT-010700,APP-01568,client_interview_2,2024-12-27,2
EVT-010701,APP-01568,offer_extended,2025-01-03,7
EVT-010702,APP-01568,offer_accepted,2025-01-03,0
EVT-010703,APP-01569,screened,2024-09-09,0
EVT-010704,APP-01569,submitted,2024-09-12,3
EVT-010705,APP-01569,client_interview_1,2024-09-26,14
EVT-010706,APP-01569,offer_extended,2024-10-11,15
EVT-010707,APP-01569,offer_accepted,2024-10-14,3
EVT-010708,APP-01569,onboarding_docs_sent,2024-11-10,27
EVT-010709,APP-01569,start_date,2024-11-12,2
EVT-010710,APP-01570,screened,2024-04-04,0
EVT-010711,APP-01570,submitted,2024-04-08,4
EVT-010712,APP-01570,client_interview_1,2024-04-15,7
EVT-010713,APP-01570,client_interview_2,2024-04-19,4
EVT-010714,APP-01570,offer_extended,2024-04-20,1
EVT-010715,APP-01570,offer_accepted,2024-04-20,0
EVT-010716,APP-01570,background_check,2024-04-22,2
EVT-010717,APP-01570,onboarding_docs_sent,2024-05-10,18
EVT-010718,APP-01570,start_date,2024-05-12,2
EVT-010719,APP-01571,screened,2024-04-06,0
EVT-010720,APP-01571,client_interview_1,2024-04-07,1
EVT-010721,APP-01571,offer_extended,2024-04-09,2
EVT-010722,APP-01571,submitted,2024-04-10,1
EVT-010723,APP-01572,screened,2024-03-19,0
EVT-010724,APP-01572,submitted,2024-03-22,3
EVT-010725,APP-01572,client_interview_1,2024-03-26,4
EVT-010726,APP-01572,client_interview_2,2024-03-28,2
EVT-010727,APP-01572,offer_extended,2024-04-08,11
EVT-010728,APP-01572,offer_accepted,2024-04-11,3
EVT-010729,APP-01572,background_check,2024-04-18,7
EVT-010730,APP-01573,screened,2025-02-17,0
EVT-010731,APP-01573,submitted,2025-02-20,3
EVT-010732,APP-01573,client_interview_1,2025-02-26,6
EVT-010733,APP-01573,offer_extended,2025-03-05,7
EVT-010734,APP-01574,screened,2025-04-03,0
EVT-010735,APP-01574,submitted,2025-04-07,4
EVT-010736,APP-01574,client_interview_1,2025-04-10,3
EVT-010737,APP-01574,offer_extended,2025-04-27,17
EVT-010738,APP-01574,offer_accepted,2025-04-29,2
EVT-010739,APP-01574,background_check,2025-05-02,3
EVT-010740,APP-01575,screened,2024-04-18,0
EVT-010741,APP-01575,submitted,2024-04-21,3
EVT-010742,APP-01575,client_interview_1,2024-04-23,2
EVT-010743,APP-01575,offer_extended,2024-05-06,13
EVT-010744,APP-01575,offer_accepted,2024-05-08,2
EVT-010745,APP-01575,background_check,2024-05-09,1
EVT-010746,APP-01575,onboarding_docs_sent,2024-05-27,18
EVT-010747,APP-01575,start_date,2024-06-01,5
EVT-010748,APP-01576,screened,2024-10-26,0
EVT-010749,APP-01576,submitted,2024-10-27,1
EVT-010750,APP-01576,client_interview_1,2024-11-08,12
EVT-010751,APP-01576,offer_extended,2024-11-18,10
EVT-010752,APP-01576,offer_accepted,2024-11-18,0
EVT-010753,APP-01576,background_check,2024-11-21,3
EVT-010754,APP-01576,onboarding_docs_sent,2024-11-23,2
EVT-010755,APP-01576,start_date,2024-11-29,6
EVT-010756,APP-01577,screened,2025-02-19,0
EVT-010757,APP-01577,submitted,2025-02-20,1
EVT-010758,APP-01577,client_interview_1,2025-02-22,2
EVT-010759,APP-01577,offer_extended,2025-02-27,5
EVT-010760,APP-01577,offer_accepted,2025-02-28,1
EVT-010761,APP-01577,onboarding_docs_sent,2025-03-12,12
EVT-010762,APP-01577,start_date,2025-03-15,3
EVT-010763,APP-01578,screened,2025-06-26,0
EVT-010764,APP-01578,submitted,2025-06-30,4
EVT-010765,APP-01578,client_interview_1,2025-07-14,14
EVT-010766,APP-01578,client_interview_2,2025-07-16,2
EVT-010767,APP-01578,offer_extended,2025-07-18,2
EVT-010768,APP-01578,offer_accepted,2025-07-21,3
EVT-010769,APP-01578,start_date,2025-08-26,36
EVT-010770,APP-01579,screened,2024-07-16,0
EVT-010771,APP-01579,submitted,2024-07-20,4
EVT-010772,APP-01579,client_interview_1,2024-07-23,3
EVT-010773,APP-01579,offer_extended,2024-07-25,2
EVT-010774,APP-01580,screened,2024-05-16,0
EVT-010775,APP-01580,submitted,2024-05-17,1
EVT-010776,APP-01580,client_interview_1,2024-05-20,3
EVT-010777,APP-01580,offer_extended,2024-05-24,4
EVT-010778,APP-01581,screened,2025-06-21,0
EVT-010779,APP-01581,submitted,2025-06-23,2
EVT-010780,APP-01581,client_interview_1,2025-06-28,5
EVT-010781,APP-01581,offer_extended,2025-07-10,12
EVT-010782,APP-01581,offer_accepted,2025-07-15,5
EVT-010783,APP-01581,background_check,2025-07-19,4
EVT-010784,APP-01581,start_date,2025-08-07,19
EVT-010785,APP-01582,screened,2024-03-01,0
EVT-010786,APP-01582,submitted,2024-03-04,3
EVT-010787,APP-01582,client_interview_1,2024-03-13,9
EVT-010788,APP-01582,offer_extended,2024-03-15,2
EVT-010789,APP-01582,offer_accepted,2024-03-15,0
EVT-010790,APP-01582,background_check,2024-03-20,5
EVT-010791,APP-01582,onboarding_docs_sent,2024-04-15,26
EVT-010792,APP-01582,start_date,2024-04-15,0
EVT-010793,APP-01583,screened,2024-12-15,0
EVT-010794,APP-01583,submitted,2024-12-19,4
EVT-010795,APP-01583,client_interview_1,2024-12-28,9
EVT-010796,APP-01583,client_interview_2,2025-01-04,7
EVT-010797,APP-01583,offer_extended,2025-01-10,6
EVT-010798,APP-01583,offer_accepted,2025-01-11,1
EVT-010799,APP-01583,background_check,2025-01-18,7
EVT-010800,APP-01583,onboarding_docs_sent,2025-01-25,7
EVT-010801,APP-01583,start_date,2025-01-28,3
EVT-010802,APP-01584,screened,2024-04-11,0
EVT-010803,APP-01584,submitted,2024-04-13,2
EVT-010804,APP-01584,client_interview_1,2024-05-01,18
EVT-010805,APP-01584,offer_extended,2024-05-14,13
EVT-010806,APP-01584,offer_accepted,2024-05-19,5
EVT-010807,APP-01584,background_check,2024-05-22,3
EVT-010808,APP-01584,onboarding_docs_sent,2024-05-22,0
EVT-010809,APP-01584,start_date,2024-05-26,4
EVT-010810,APP-01585,screened,2025-06-10,0
EVT-010811,APP-01585,submitted,2025-06-14,4
EVT-010812,APP-01585,client_interview_1,2025-06-21,7
EVT-010813,APP-01585,offer_extended,2025-06-30,9
EVT-010814,APP-01585,offer_accepted,2025-07-05,5
EVT-010815,APP-01585,background_check,2025-07-07,2
EVT-010816,APP-01585,start_date,2025-07-28,21
EVT-010817,APP-01586,screened,2024-12-09,0
EVT-010818,APP-01586,submitted,2024-12-10,1
EVT-010819,APP-01586,client_interview_1,2024-12-30,20
EVT-010820,APP-01586,offer_extended,2025-01-14,15
EVT-010821,APP-01586,offer_accepted,2025-01-18,4
EVT-010822,APP-01586,background_check,2025-01-25,7
EVT-010823,APP-01586,onboarding_docs_sent,2025-02-03,9
EVT-010824,APP-01586,start_date,2025-02-28,25
EVT-010825,APP-01587,screened,2024-10-09,0
EVT-010826,APP-01587,submitted,2024-10-13,4
EVT-010827,APP-01587,client_interview_1,2024-10-27,14
EVT-010828,APP-01587,offer_extended,2024-11-01,5
EVT-010829,APP-01587,offer_accepted,2024-11-03,2
EVT-010830,APP-01587,background_check,2024-11-08,5
EVT-010831,APP-01587,start_date,2024-11-25,17
EVT-010832,APP-01588,screened,2024-02-24,0
EVT-010833,APP-01588,submitted,2024-02-26,2
EVT-010834,APP-01588,client_interview_1,2024-03-05,8
EVT-010835,APP-01588,offer_extended,2024-03-12,7
EVT-010836,APP-01588,offer_accepted,2024-03-14,2
EVT-010837,APP-01588,background_check,2024-03-16,2
EVT-010838,APP-01588,onboarding_docs_sent,2024-03-22,6
EVT-010839,APP-01589,screened,2025-07-25,0
EVT-010840,APP-01589,submitted,2025-07-28,3
EVT-010841,APP-01589,client_interview_1,2025-08-13,16
EVT-010842,APP-01589,offer_extended,2025-08-22,9
EVT-010843,APP-01589,offer_accepted,2025-08-23,1
EVT-010844,APP-01589,onboarding_docs_sent,2025-09-13,21
EVT-010845,APP-01589,start_date,2025-09-18,5
EVT-010846,APP-01590,screened,2024-05-21,0
EVT-010847,APP-01590,submitted,2024-05-22,1
EVT-010848,APP-01590,client_interview_1,2024-05-26,4
EVT-010849,APP-01590,offer_extended,2024-06-03,8
EVT-010850,APP-01590,offer_accepted,2024-06-04,1
EVT-010851,APP-01590,background_check,2024-06-09,5
EVT-010852,APP-01590,onboarding_docs_sent,2024-06-23,14
EVT-010853,APP-01590,start_date,2024-06-30,7
EVT-010854,APP-01591,screened,2024-10-15,0
EVT-010855,APP-01591,submitted,2024-10-18,3
EVT-010856,APP-01591,client_interview_1,2024-10-19,1
EVT-010857,APP-01591,offer_extended,2024-10-22,3
EVT-010858,APP-01592,screened,2025-03-03,0
EVT-010859,APP-01592,submitted,2025-03-05,2
EVT-010860,APP-01592,client_interview_1,2025-03-17,12
EVT-010861,APP-01592,client_interview_2,2025-03-25,8
EVT-010862,APP-01592,offer_extended,2025-04-01,7
EVT-010863,APP-01593,screened,2025-04-17,0
EVT-010864,APP-01593,submitted,2025-04-18,1
EVT-010865,APP-01593,client_interview_1,2025-05-05,17
EVT-010866,APP-01593,client_interview_2,2025-05-12,7
EVT-010867,APP-01593,offer_extended,2025-05-19,7
EVT-010868,APP-01593,offer_accepted,2025-05-19,0
EVT-010869,APP-01593,background_check,2025-05-26,7
EVT-010870,APP-01594,screened,2024-09-09,0
EVT-010871,APP-01594,submitted,2024-09-11,2
EVT-010872,APP-01594,client_interview_1,2024-09-17,6
EVT-010873,APP-01594,offer_extended,2024-09-28,11
EVT-010874,APP-01594,offer_accepted,2024-09-30,2
EVT-010875,APP-01594,onboarding_docs_sent,2024-10-24,24
EVT-010876,APP-01594,start_date,2024-10-28,4
EVT-010877,APP-01595,screened,2024-03-21,0
EVT-010878,APP-01595,submitted,2024-03-25,4
EVT-010879,APP-01595,client_interview_1,2024-04-09,15
EVT-010880,APP-01595,offer_extended,2024-04-15,6
EVT-010881,APP-01595,offer_accepted,2024-04-16,1
EVT-010882,APP-01595,background_check,2024-04-23,7
EVT-010883,APP-01595,onboarding_docs_sent,2024-05-01,8
EVT-010884,APP-01596,screened,2024-04-20,0
EVT-010885,APP-01596,client_interview_1,2024-04-22,2
EVT-010886,APP-01596,submitted,2024-04-24,2
EVT-010887,APP-01596,offer_extended,2024-05-08,14
EVT-010888,APP-01596,offer_accepted,2024-05-14,6
EVT-010889,APP-01596,background_check,2024-05-21,7
EVT-010890,APP-01596,onboarding_docs_sent,2024-06-05,15
EVT-010891,APP-01596,start_date,2024-06-11,6
EVT-010892,APP-01597,screened,2025-07-25,0
EVT-010893,APP-01597,submitted,2025-07-26,1
EVT-010894,APP-01597,client_interview_1,2025-08-06,11
EVT-010895,APP-01597,offer_extended,2025-08-08,2
EVT-010896,APP-01598,screened,2025-03-22,0
EVT-010897,APP-01598,submitted,2025-03-25,3
EVT-010898,APP-01598,client_interview_1,2025-04-02,8
EVT-010899,APP-01598,offer_extended,2025-04-13,11
EVT-010900,APP-01598,offer_accepted,2025-04-19,6
EVT-010901,APP-01598,onboarding_docs_sent,2025-04-24,5
EVT-010902,APP-01598,start_date,2025-04-24,0
EVT-010903,APP-01599,screened,2025-02-15,0
EVT-010904,APP-01599,submitted,2025-02-19,4
EVT-010905,APP-01599,client_interview_1,2025-03-08,17
EVT-010906,APP-01599,client_interview_2,2025-03-12,4
EVT-010907,APP-01599,offer_extended,2025-03-18,6
EVT-010908,APP-01599,offer_accepted,2025-03-24,6
EVT-010909,APP-01599,background_check,2025-03-26,2
EVT-010910,APP-01600,screened,2024-12-21,0
EVT-010911,APP-01600,submitted,2024-12-22,1
EVT-010912,APP-01600,client_interview_1,2024-12-30,8
EVT-010913,APP-01600,offer_extended,2025-01-05,6
EVT-010914,APP-01600,offer_accepted,2025-01-08,3
EVT-010915,APP-01600,background_check,2025-01-16,8
EVT-010916,APP-01600,onboarding_docs_sent,2025-01-29,13
EVT-010917,APP-01600,start_date,2025-02-02,4
EVT-010918,APP-01601,screened,2025-01-13,0
EVT-010919,APP-01601,submitted,2025-01-15,2
EVT-010920,APP-01601,client_interview_1,2025-02-01,17
EVT-010921,APP-01601,offer_extended,2025-02-16,15
EVT-010922,APP-01602,screened,2024-06-03,0
EVT-010923,APP-01602,submitted,2024-06-06,3
EVT-010924,APP-01602,client_interview_1,2024-06-07,1
EVT-010925,APP-01602,client_interview_2,2024-06-12,5
EVT-010926,APP-01602,offer_extended,2024-06-20,8
EVT-010927,APP-01602,offer_accepted,2024-06-20,0
EVT-010928,APP-01602,background_check,2024-06-27,7
EVT-010929,APP-01602,start_date,2024-07-12,15
EVT-010930,APP-01603,screened,2025-01-27,0
EVT-010931,APP-01603,submitted,2025-01-30,3
EVT-010932,APP-01603,client_interview_1,2025-02-06,7
EVT-010933,APP-01603,client_interview_2,2025-02-10,4
EVT-010934,APP-01603,offer_extended,2025-02-12,2
EVT-010935,APP-01603,offer_accepted,2025-02-12,0
EVT-010936,APP-01603,background_check,2025-02-14,2
EVT-010937,APP-01603,onboarding_docs_sent,2025-02-19,5
EVT-010938,APP-01603,start_date,2025-02-24,5
EVT-010939,APP-01604,screened,2024-12-07,0
EVT-010940,APP-01604,submitted,2024-12-08,1
EVT-010941,APP-01604,client_interview_1,2024-12-15,7
EVT-010942,APP-01604,client_interview_2,2024-12-21,6
EVT-010943,APP-01604,offer_extended,2024-12-29,8
EVT-010944,APP-01604,offer_accepted,2024-12-29,0
EVT-010945,APP-01604,onboarding_docs_sent,2025-01-13,15
EVT-010946,APP-01604,start_date,2025-01-16,3
EVT-010947,APP-01605,screened,2024-03-17,0
EVT-010948,APP-01605,submitted,2024-03-19,2
EVT-010949,APP-01605,client_interview_1,2024-03-29,10
EVT-010950,APP-01605,client_interview_2,2024-04-07,9
EVT-010951,APP-01605,offer_extended,2024-04-10,3
EVT-010952,APP-01605,offer_accepted,2024-04-14,4
EVT-010953,APP-01605,background_check,2024-04-21,7
EVT-010954,APP-01605,onboarding_docs_sent,2024-04-24,3
EVT-010955,APP-01605,start_date,2024-04-29,5
EVT-010956,APP-01606,screened,2024-10-17,0
EVT-010957,APP-01606,submitted,2024-10-19,2
EVT-010958,APP-01606,client_interview_1,2024-11-01,13
EVT-010959,APP-01606,offer_extended,2024-11-08,7
EVT-010960,APP-01607,screened,2024-11-22,0
EVT-010961,APP-01607,submitted,2024-11-25,3
EVT-010962,APP-01607,client_interview_1,2024-12-05,10
EVT-010963,APP-01607,offer_extended,2024-12-15,10
EVT-010964,APP-01607,offer_accepted,2024-12-16,1
EVT-010965,APP-01607,background_check,2024-12-19,3
EVT-010966,APP-01608,screened,2024-11-15,0
EVT-010967,APP-01608,submitted,2024-11-18,3
EVT-010968,APP-01608,client_interview_1,2024-11-25,7
EVT-010969,APP-01608,client_interview_2,2024-11-29,4
EVT-010970,APP-01608,offer_extended,2024-12-08,9
EVT-010971,APP-01608,offer_accepted,2024-12-10,2
EVT-010972,APP-01608,background_check,2024-12-11,1
EVT-010973,APP-01608,onboarding_docs_sent,2024-12-19,8
EVT-010974,APP-01608,start_date,2024-12-21,2
EVT-010975,APP-01609,screened,2024-11-23,0
EVT-010976,APP-01609,client_interview_1,2024-11-25,2
EVT-010977,APP-01609,submitted,2024-11-27,2
EVT-010978,APP-01609,offer_extended,2024-12-07,10
EVT-010979,APP-01610,screened,2025-04-25,0
EVT-010980,APP-01610,submitted,2025-04-27,2
EVT-010981,APP-01610,client_interview_1,2025-05-16,19
EVT-010982,APP-01610,offer_extended,2025-05-18,2
EVT-010983,APP-01610,offer_accepted,2025-05-23,5
EVT-010984,APP-01610,background_check,2025-05-25,2
EVT-010985,APP-01610,onboarding_docs_sent,2025-05-28,3
EVT-010986,APP-01610,start_date,2025-05-28,0
EVT-010987,APP-01611,screened,2025-01-15,0
EVT-010988,APP-01611,submitted,2025-01-17,2
EVT-010989,APP-01611,client_interview_1,2025-01-23,6
EVT-010990,APP-01611,client_interview_2,2025-01-30,7
EVT-010991,APP-01611,offer_extended,2025-01-31,1
EVT-010992,APP-01611,offer_accepted,2025-02-06,6
EVT-010993,APP-01611,background_check,2025-02-10,4
EVT-010994,APP-01611,onboarding_docs_sent,2025-02-12,2
EVT-010995,APP-01611,start_date,2025-02-25,13
EVT-010996,APP-01612,screened,2024-05-06,0
EVT-010997,APP-01612,submitted,2024-05-07,1
EVT-010998,APP-01612,client_interview_1,2024-05-18,11
EVT-010999,APP-01612,offer_extended,2024-05-28,10
EVT-011000,APP-01612,offer_accepted,2024-05-28,0
EVT-011001,APP-01612,onboarding_docs_sent,2024-06-04,7
EVT-011002,APP-01613,screened,2024-07-29,0
EVT-011003,APP-01613,submitted,2024-07-30,1
EVT-011004,APP-01613,client_interview_1,2024-08-13,14
EVT-011005,APP-01613,offer_extended,2024-08-17,4
EVT-011006,APP-01613,offer_accepted,2024-08-20,3
EVT-011007,APP-01613,background_check,2024-08-28,8
EVT-011008,APP-01613,onboarding_docs_sent,2024-09-09,12
EVT-011009,APP-01613,start_date,2024-09-13,4
EVT-011010,APP-01614,screened,2024-10-05,0
EVT-011011,APP-01614,client_interview_1,2024-10-06,1
EVT-011012,APP-01614,submitted,2024-10-09,3
EVT-011013,APP-01614,offer_extended,2024-10-10,1
EVT-011014,APP-01614,offer_accepted,2024-10-10,0
EVT-011015,APP-01614,background_check,2024-10-16,6
EVT-011016,APP-01615,screened,2025-01-27,0
EVT-011017,APP-01615,submitted,2025-01-29,2
EVT-011018,APP-01615,client_interview_1,2025-01-31,2
EVT-011019,APP-01615,offer_extended,2025-02-12,12
EVT-011020,APP-01615,offer_accepted,2025-02-13,1
EVT-011021,APP-01615,onboarding_docs_sent,2025-03-03,18
EVT-011022,APP-01615,start_date,2025-03-06,3
EVT-011023,APP-01616,screened,2024-05-15,0
EVT-011024,APP-01616,submitted,2024-05-18,3
EVT-011025,APP-01616,client_interview_1,2024-05-24,6
EVT-011026,APP-01616,offer_extended,2024-05-27,3
EVT-011027,APP-01617,screened,2024-11-06,0
EVT-011028,APP-01617,client_interview_1,2024-11-08,2
EVT-011029,APP-01617,submitted,2024-11-10,2
EVT-011030,APP-01617,offer_extended,2024-11-26,16
EVT-011031,APP-01617,offer_accepted,2024-11-30,4
EVT-011032,APP-01617,background_check,2024-12-05,5
EVT-011033,APP-01617,start_date,2024-12-31,26
EVT-011034,APP-01618,screened,2025-03-01,0
EVT-011035,APP-01618,submitted,2025-03-05,4
EVT-011036,APP-01618,client_interview_1,2025-03-18,13
EVT-011037,APP-01618,offer_extended,2025-04-02,15
EVT-011038,APP-01618,offer_accepted,2025-04-06,4
EVT-011039,APP-01618,background_check,2025-04-12,6
EVT-011040,APP-01618,start_date,2025-05-20,38
EVT-011041,APP-01619,screened,2024-07-22,0
EVT-011042,APP-01619,submitted,2024-07-26,4
EVT-011043,APP-01619,client_interview_1,2024-07-28,2
EVT-011044,APP-01619,client_interview_2,2024-07-30,2
EVT-011045,APP-01619,offer_extended,2024-08-12,13
EVT-011046,APP-01619,offer_accepted,2024-08-18,6
EVT-011047,APP-01620,screened,2025-07-12,0
EVT-011048,APP-01620,submitted,2025-07-16,4
EVT-011049,APP-01620,client_interview_1,2025-07-19,3
EVT-011050,APP-01620,client_interview_2,2025-07-29,10
EVT-011051,APP-01620,offer_extended,2025-07-30,1
EVT-011052,APP-01621,screened,2024-02-07,0
EVT-011053,APP-01621,submitted,2024-02-11,4
EVT-011054,APP-01621,client_interview_1,2024-02-20,9
EVT-011055,APP-01621,client_interview_2,2024-02-24,4
EVT-011056,APP-01621,offer_extended,2024-02-29,5
EVT-011057,APP-01621,offer_accepted,2024-03-05,5
EVT-011058,APP-01621,background_check,2024-03-12,7
EVT-011059,APP-01622,screened,2024-06-18,0
EVT-011060,APP-01622,submitted,2024-06-21,3
EVT-011061,APP-01622,client_interview_1,2024-06-27,6
EVT-011062,APP-01622,client_interview_2,2024-07-02,5
EVT-011063,APP-01622,offer_extended,2024-07-09,7
EVT-011064,APP-01622,offer_accepted,2024-07-15,6
EVT-011065,APP-01622,onboarding_docs_sent,2024-07-20,5
EVT-011066,APP-01622,background_check,2024-07-21,1
EVT-011067,APP-01622,start_date,2024-07-23,2
EVT-011068,APP-01623,screened,2024-06-29,0
EVT-011069,APP-01623,submitted,2024-06-30,1
EVT-011070,APP-01623,client_interview_1,2024-07-08,8
EVT-011071,APP-01623,client_interview_2,2024-07-10,2
EVT-011072,APP-01623,offer_extended,2024-07-17,7
EVT-011073,APP-01623,offer_accepted,2024-07-22,5
EVT-011074,APP-01623,background_check,2024-07-26,4
EVT-011075,APP-01623,onboarding_docs_sent,2024-08-01,6
EVT-011076,APP-01623,start_date,2024-08-16,15
EVT-011077,APP-01624,screened,2024-08-07,0
EVT-011078,APP-01624,submitted,2024-08-08,1
EVT-011079,APP-01624,client_interview_1,2024-08-16,8
EVT-011080,APP-01624,client_interview_2,2024-08-21,5
EVT-011081,APP-01624,offer_extended,2024-08-30,9
EVT-011082,APP-01625,screened,2024-02-26,0
EVT-011083,APP-01625,submitted,2024-02-27,1
EVT-011084,APP-01625,client_interview_1,2024-02-29,2
EVT-011085,APP-01625,offer_extended,2024-03-16,16
EVT-011086,APP-01625,offer_accepted,2024-03-22,6
EVT-011087,APP-01625,background_check,2024-03-24,2
EVT-011088,APP-01625,onboarding_docs_sent,2024-04-03,10
EVT-011089,APP-01625,start_date,2024-04-09,6
EVT-011090,APP-01626,screened,2025-04-30,0
EVT-011091,APP-01626,submitted,2025-05-04,4
EVT-011092,APP-01626,client_interview_1,2025-05-12,8
EVT-011093,APP-01626,offer_extended,2025-05-19,7
EVT-011094,APP-01626,offer_accepted,2025-05-20,1
EVT-011095,APP-01626,background_check,2025-05-21,1
EVT-011096,APP-01626,start_date,2025-06-16,26
EVT-011097,APP-01627,screened,2025-06-30,0
EVT-011098,APP-01627,submitted,2025-07-01,1
EVT-011099,APP-01627,client_interview_1,2025-07-01,0
EVT-011100,APP-01627,offer_extended,2025-07-18,17
EVT-011101,APP-01627,offer_accepted,2025-07-23,5
EVT-011102,APP-01627,background_check,2025-07-25,2
EVT-011103,APP-01628,screened,2025-01-08,0
EVT-011104,APP-01628,submitted,2025-01-10,2
EVT-011105,APP-01628,client_interview_1,2025-01-24,14
EVT-011106,APP-01628,offer_extended,2025-02-07,14
EVT-011107,APP-01629,screened,2025-03-20,0
EVT-011108,APP-01629,submitted,2025-03-22,2
EVT-011109,APP-01629,client_interview_1,2025-03-25,3
EVT-011110,APP-01629,offer_extended,2025-04-01,7
EVT-011111,APP-01629,offer_accepted,2025-04-06,5
EVT-011112,APP-01629,background_check,2025-04-07,1
EVT-011113,APP-01629,start_date,2025-04-11,4
EVT-011114,APP-01630,screened,2024-10-20,0
EVT-011115,APP-01630,submitted,2024-10-22,2
EVT-011116,APP-01630,client_interview_1,2024-10-26,4
EVT-011117,APP-01630,offer_extended,2024-10-28,2
EVT-011118,APP-01631,screened,2024-11-10,0
EVT-011119,APP-01631,client_interview_1,2024-11-10,0
EVT-011120,APP-01631,submitted,2024-11-11,1
EVT-011121,APP-01631,offer_extended,2024-11-17,6
EVT-011122,APP-01631,offer_accepted,2024-11-23,6
EVT-011123,APP-01631,background_check,2024-11-25,2
EVT-011124,APP-01632,screened,2024-10-18,0
EVT-011125,APP-01632,submitted,2024-10-19,1
EVT-011126,APP-01632,client_interview_1,2024-11-06,18
EVT-011127,APP-01632,client_interview_2,2024-11-09,3
EVT-011128,APP-01632,offer_extended,2024-11-16,7
EVT-011129,APP-01632,offer_accepted,2024-11-19,3
EVT-011130,APP-01632,background_check,2024-11-26,7
EVT-011131,APP-01632,onboarding_docs_sent,2024-12-13,17
EVT-011132,APP-01632,start_date,2024-12-17,4
EVT-011133,APP-01633,screened,2025-06-19,0
EVT-011134,APP-01633,submitted,2025-06-22,3
EVT-011135,APP-01633,client_interview_1,2025-06-26,4
EVT-011136,APP-01633,offer_extended,2025-07-02,6
EVT-011137,APP-01633,offer_accepted,2025-07-05,3
EVT-011138,APP-01633,background_check,2025-07-13,8
EVT-011139,APP-01634,screened,2025-06-22,0
EVT-011140,APP-01634,submitted,2025-06-26,4
EVT-011141,APP-01634,client_interview_1,2025-07-02,6
EVT-011142,APP-01634,offer_extended,2025-07-06,4
EVT-011143,APP-01634,offer_accepted,2025-07-06,0
EVT-011144,APP-01634,background_check,2025-07-08,2
EVT-011145,APP-01634,start_date,2025-07-16,8
EVT-011146,APP-01635,screened,2025-03-15,0
EVT-011147,APP-01635,submitted,2025-03-16,1
EVT-011148,APP-01635,client_interview_1,2025-03-21,5
EVT-011149,APP-01635,offer_extended,2025-03-23,2
EVT-011150,APP-01635,offer_accepted,2025-03-25,2
EVT-011151,APP-01635,background_check,2025-03-31,6
EVT-011152,APP-01635,start_date,2025-04-13,13
EVT-011153,APP-01636,screened,2024-10-07,0
EVT-011154,APP-01636,submitted,2024-10-09,2
EVT-011155,APP-01636,client_interview_1,2024-10-16,7
EVT-011156,APP-01636,offer_extended,2024-10-20,4
EVT-011157,APP-01636,offer_accepted,2024-10-20,0
EVT-011158,APP-01636,background_check,2024-10-26,6
EVT-011159,APP-01637,screened,2024-06-27,0
EVT-011160,APP-01637,submitted,2024-06-28,1
EVT-011161,APP-01637,client_interview_1,2024-07-05,7
EVT-011162,APP-01637,client_interview_2,2024-07-07,2
EVT-011163,APP-01637,offer_extended,2024-07-18,11
EVT-011164,APP-01637,offer_accepted,2024-07-20,2
EVT-011165,APP-01637,background_check,2024-07-25,5
EVT-011166,APP-01637,onboarding_docs_sent,2024-08-18,24
EVT-011167,APP-01638,screened,2025-03-25,0
EVT-011168,APP-01638,client_interview_1,2025-03-26,1
EVT-011169,APP-01638,submitted,2025-03-28,2
EVT-011170,APP-01638,offer_extended,2025-03-29,1
EVT-011171,APP-01638,offer_accepted,2025-04-01,3
EVT-011172,APP-01639,screened,2025-05-18,0
EVT-011173,APP-01639,submitted,2025-05-19,1
EVT-011174,APP-01639,client_interview_1,2025-06-04,16
EVT-011175,APP-01639,offer_extended,2025-06-07,3
EVT-011176,APP-01639,offer_accepted,2025-06-07,0
EVT-011177,APP-01639,background_check,2025-06-14,7
EVT-011178,APP-01639,onboarding_docs_sent,2025-06-28,14
EVT-011179,APP-01639,start_date,2025-07-04,6
EVT-011180,APP-01640,screened,2024-10-27,0
EVT-011181,APP-01640,submitted,2024-10-29,2
EVT-011182,APP-01640,client_interview_1,2024-11-15,17
EVT-011183,APP-01640,offer_extended,2024-11-25,10
EVT-011184,APP-01640,offer_accepted,2024-11-30,5
EVT-011185,APP-01640,background_check,2024-12-05,5
EVT-011186,APP-01640,onboarding_docs_sent,2024-12-20,15
EVT-011187,APP-01640,start_date,2024-12-26,6
EVT-011188,APP-01641,screened,2024-09-29,0
EVT-011189,APP-01641,submitted,2024-10-01,2
EVT-011190,APP-01641,client_interview_1,2024-10-10,9
EVT-011191,APP-01641,client_interview_2,2024-10-16,6
EVT-011192,APP-01641,offer_extended,2024-10-19,3
EVT-011193,APP-01641,offer_accepted,2024-10-19,0
EVT-011194,APP-01641,background_check,2024-10-25,6
EVT-011195,APP-01642,screened,2024-02-08,0
EVT-011196,APP-01642,submitted,2024-02-10,2
EVT-011197,APP-01642,client_interview_1,2024-02-10,0
EVT-011198,APP-01642,offer_extended,2024-02-14,4
EVT-011199,APP-01642,offer_accepted,2024-02-17,3
EVT-011200,APP-01642,background_check,2024-02-25,8
EVT-011201,APP-01642,onboarding_docs_sent,2024-02-29,4
EVT-011202,APP-01643,screened,2025-01-07,0
EVT-011203,APP-01643,submitted,2025-01-11,4
EVT-011204,APP-01643,client_interview_1,2025-01-12,1
EVT-011205,APP-01643,offer_extended,2025-01-28,16
EVT-011206,APP-01644,screened,2024-07-13,0
EVT-011207,APP-01644,submitted,2024-07-17,4
EVT-011208,APP-01644,client_interview_1,2024-07-22,5
EVT-011209,APP-01644,client_interview_2,2024-07-27,5
EVT-011210,APP-01644,offer_extended,2024-08-02,6
EVT-011211,APP-01645,screened,2024-04-22,0
EVT-011212,APP-01645,submitted,2024-04-25,3
EVT-011213,APP-01645,client_interview_1,2024-04-30,5
EVT-011214,APP-01645,offer_extended,2024-05-02,2
EVT-011215,APP-01645,offer_accepted,2024-05-07,5
EVT-011216,APP-01645,background_check,2024-05-09,2
EVT-011217,APP-01646,screened,2024-09-04,0
EVT-011218,APP-01646,submitted,2024-09-07,3
EVT-011219,APP-01646,client_interview_1,2024-09-10,3
EVT-011220,APP-01646,offer_extended,2024-09-15,5
EVT-011221,APP-01647,screened,2025-04-03,0
EVT-011222,APP-01647,submitted,2025-04-07,4
EVT-011223,APP-01647,client_interview_1,2025-04-19,12
EVT-011224,APP-01647,client_interview_2,2025-04-25,6
EVT-011225,APP-01647,offer_extended,2025-05-01,6
EVT-011226,APP-01648,screened,2025-06-04,0
EVT-011227,APP-01648,submitted,2025-06-06,2
EVT-011228,APP-01648,client_interview_1,2025-06-22,16
EVT-011229,APP-01648,offer_extended,2025-07-07,15
EVT-011230,APP-01648,offer_accepted,2025-07-09,2
EVT-011231,APP-01648,onboarding_docs_sent,2025-07-21,12
EVT-011232,APP-01648,start_date,2025-08-06,16
EVT-011233,APP-01649,screened,2024-04-19,0
EVT-011234,APP-01649,submitted,2024-04-23,4
EVT-011235,APP-01649,client_interview_1,2024-04-25,2
EVT-011236,APP-01649,offer_extended,2024-05-11,16
EVT-011237,APP-01649,offer_accepted,2024-05-13,2
EVT-011238,APP-01649,background_check,2024-05-17,4
EVT-011239,APP-01649,onboarding_docs_sent,2024-05-28,11
EVT-011240,APP-01649,start_date,2024-06-02,5
EVT-011241,APP-01650,screened,2025-02-17,0
EVT-011242,APP-01650,submitted,2025-02-20,3
EVT-011243,APP-01650,client_interview_1,2025-03-05,13
EVT-011244,APP-01650,offer_extended,2025-03-10,5
EVT-011245,APP-01650,offer_accepted,2025-03-10,0
EVT-011246,APP-01650,background_check,2025-03-15,5
EVT-011247,APP-01650,onboarding_docs_sent,2025-04-09,25
EVT-011248,APP-01650,start_date,2025-04-14,5
EVT-011249,APP-01651,screened,2025-05-10,0
EVT-011250,APP-01651,submitted,2025-05-13,3
EVT-011251,APP-01651,client_interview_1,2025-05-18,5
EVT-011252,APP-01651,offer_extended,2025-05-23,5
EVT-011253,APP-01651,offer_accepted,2025-05-28,5
EVT-011254,APP-01651,background_check,2025-06-04,7
EVT-011255,APP-01651,onboarding_docs_sent,2025-06-26,22
EVT-011256,APP-01651,start_date,2025-06-28,2
EVT-011257,APP-01652,screened,2024-05-04,0
EVT-011258,APP-01652,submitted,2024-05-07,3
EVT-011259,APP-01652,client_interview_1,2024-05-19,12
EVT-011260,APP-01652,offer_extended,2024-05-21,2
EVT-011261,APP-01652,offer_accepted,2024-05-26,5
EVT-011262,APP-01652,background_check,2024-06-02,7
EVT-011263,APP-01652,onboarding_docs_sent,2024-06-09,7
EVT-011264,APP-01653,screened,2024-03-13,0
EVT-011265,APP-01653,submitted,2024-03-15,2
EVT-011266,APP-01653,client_interview_1,2024-03-23,8
EVT-011267,APP-01653,offer_extended,2024-03-27,4
EVT-011268,APP-01654,screened,2024-12-05,0
EVT-011269,APP-01654,client_interview_1,2024-12-08,3
EVT-011270,APP-01654,submitted,2024-12-09,1
EVT-011271,APP-01654,client_interview_2,2024-12-10,1
EVT-011272,APP-01654,offer_extended,2024-12-22,12
EVT-011273,APP-01654,offer_accepted,2024-12-26,4
EVT-011274,APP-01654,background_check,2024-12-28,2
EVT-011275,APP-01655,screened,2024-10-12,0
EVT-011276,APP-01655,submitted,2024-10-13,1
EVT-011277,APP-01655,client_interview_1,2024-10-31,18
EVT-011278,APP-01655,client_interview_2,2024-11-02,2
EVT-011279,APP-01655,offer_extended,2024-11-14,12
EVT-011280,APP-01655,offer_accepted,2024-11-18,4
EVT-011281,APP-01655,background_check,2024-11-22,4
EVT-011282,APP-01655,onboarding_docs_sent,2024-11-27,5
EVT-011283,APP-01655,start_date,2024-11-29,2
EVT-011284,APP-01656,screened,2024-09-21,0
EVT-011285,APP-01656,submitted,2024-09-23,2
EVT-011286,APP-01656,client_interview_1,2024-10-01,8
EVT-011287,APP-01656,offer_extended,2024-10-04,3
EVT-011288,APP-01656,offer_accepted,2024-10-09,5
EVT-011289,APP-01656,background_check,2024-10-16,7
EVT-011290,APP-01657,screened,2025-03-02,0
EVT-011291,APP-01657,submitted,2025-03-06,4
EVT-011292,APP-01657,client_interview_1,2025-03-09,3
EVT-011293,APP-01657,offer_extended,2025-03-15,6
EVT-011294,APP-01657,offer_accepted,2025-03-20,5
EVT-011295,APP-01657,background_check,2025-03-23,3
EVT-011296,APP-01658,screened,2024-04-04,0
EVT-011297,APP-01658,submitted,2024-04-07,3
EVT-011298,APP-01658,client_interview_1,2024-04-22,15
EVT-011299,APP-01658,offer_extended,2024-04-27,5
EVT-011300,APP-01658,offer_accepted,2024-04-27,0
EVT-011301,APP-01658,background_check,2024-05-02,5
EVT-011302,APP-01659,screened,2025-06-19,0
EVT-011303,APP-01659,submitted,2025-06-20,1
EVT-011304,APP-01659,client_interview_1,2025-06-28,8
EVT-011305,APP-01659,offer_extended,2025-07-01,3
EVT-011306,APP-01659,offer_accepted,2025-07-03,2
EVT-011307,APP-01659,background_check,2025-07-07,4
EVT-011308,APP-01659,onboarding_docs_sent,2025-07-27,20
EVT-011309,APP-01659,start_date,2025-08-02,6
EVT-011310,APP-01660,screened,2024-11-21,0
EVT-011311,APP-01660,submitted,2024-11-23,2
EVT-011312,APP-01660,client_interview_1,2024-11-27,4
EVT-011313,APP-01660,offer_extended,2024-12-06,9
EVT-011314,APP-01660,offer_accepted,2024-12-08,2
EVT-011315,APP-01660,background_check,2024-12-09,1
EVT-011316,APP-01660,onboarding_docs_sent,2025-01-03,25
EVT-011317,APP-01660,start_date,2025-01-07,4
EVT-011318,APP-01661,screened,2025-03-14,0
EVT-011319,APP-01661,submitted,2025-03-15,1
EVT-011320,APP-01661,client_interview_1,2025-03-27,12
EVT-011321,APP-01661,client_interview_2,2025-04-02,6
EVT-011322,APP-01661,offer_extended,2025-04-04,2
EVT-011323,APP-01661,offer_accepted,2025-04-04,0
EVT-011324,APP-01662,screened,2025-02-16,0
EVT-011325,APP-01662,submitted,2025-02-17,1
EVT-011326,APP-01662,client_interview_1,2025-03-07,18
EVT-011327,APP-01662,offer_extended,2025-03-16,9
EVT-011328,APP-01662,offer_accepted,2025-03-17,1
EVT-011329,APP-01662,onboarding_docs_sent,2025-04-15,29
EVT-011330,APP-01663,screened,2025-04-07,0
EVT-011331,APP-01663,submitted,2025-04-11,4
EVT-011332,APP-01663,client_interview_1,2025-04-11,0
EVT-011333,APP-01663,client_interview_2,2025-04-13,2
EVT-011334,APP-01663,offer_extended,2025-04-28,15
EVT-011335,APP-01663,offer_accepted,2025-04-30,2
EVT-011336,APP-01663,background_check,2025-05-05,5
EVT-011337,APP-01663,start_date,2025-05-21,16
EVT-011338,APP-01664,screened,2025-03-28,0
EVT-011339,APP-01664,submitted,2025-03-30,2
EVT-011340,APP-01664,client_interview_1,2025-03-30,0
EVT-011341,APP-01664,offer_extended,2025-04-09,10
EVT-011342,APP-01665,screened,2025-02-23,0
EVT-011343,APP-01665,submitted,2025-02-26,3
EVT-011344,APP-01665,client_interview_1,2025-03-04,6
EVT-011345,APP-01665,offer_extended,2025-03-09,5
EVT-011346,APP-01665,offer_accepted,2025-03-12,3
EVT-011347,APP-01665,background_check,2025-03-20,8
EVT-011348,APP-01666,screened,2024-04-19,0
EVT-011349,APP-01666,submitted,2024-04-22,3
EVT-011350,APP-01666,client_interview_1,2024-05-02,10
EVT-011351,APP-01666,offer_extended,2024-05-18,16
EVT-011352,APP-01667,screened,2025-02-16,0
EVT-011353,APP-01667,client_interview_1,2025-02-18,2
EVT-011354,APP-01667,submitted,2025-02-19,1
EVT-011355,APP-01667,offer_extended,2025-03-01,10
EVT-011356,APP-01667,offer_accepted,2025-03-05,4
EVT-011357,APP-01667,background_check,2025-03-10,5
EVT-011358,APP-01667,onboarding_docs_sent,2025-03-15,5
EVT-011359,APP-01667,start_date,2025-03-20,5
EVT-011360,APP-01668,screened,2024-07-04,0
EVT-011361,APP-01668,submitted,2024-07-05,1
EVT-011362,APP-01668,client_interview_1,2024-07-10,5
EVT-011363,APP-01668,offer_extended,2024-07-19,9
EVT-011364,APP-01668,offer_accepted,2024-07-23,4
EVT-011365,APP-01668,background_check,2024-07-24,1
EVT-011366,APP-01668,onboarding_docs_sent,2024-08-07,14
EVT-011367,APP-01668,start_date,2024-08-11,4
EVT-011368,APP-01669,screened,2024-10-08,0
EVT-011369,APP-01669,submitted,2024-10-10,2
EVT-011370,APP-01669,client_interview_1,2024-10-23,13
EVT-011371,APP-01669,client_interview_2,2024-10-25,2
EVT-011372,APP-01669,offer_extended,2024-10-28,3
EVT-011373,APP-01669,offer_accepted,2024-10-28,0
EVT-011374,APP-01669,background_check,2024-11-04,7
EVT-011375,APP-01670,screened,2024-03-25,0
EVT-011376,APP-01670,submitted,2024-03-27,2
EVT-011377,APP-01670,client_interview_1,2024-04-05,9
EVT-011378,APP-01670,offer_extended,2024-04-15,10
EVT-011379,APP-01670,offer_accepted,2024-04-20,5
EVT-011380,APP-01670,background_check,2024-04-27,7
EVT-011381,APP-01671,screened,2024-10-21,0
EVT-011382,APP-01671,submitted,2024-10-24,3
EVT-011383,APP-01671,client_interview_1,2024-11-06,13
EVT-011384,APP-01671,offer_extended,2024-11-12,6
EVT-011385,APP-01671,offer_accepted,2024-11-17,5
EVT-011386,APP-01671,background_check,2024-11-25,8
EVT-011387,APP-01671,start_date,2024-11-29,4
EVT-011388,APP-01672,screened,2024-12-23,0
EVT-011389,APP-01672,submitted,2024-12-26,3
EVT-011390,APP-01672,client_interview_1,2025-01-02,7
EVT-011391,APP-01672,offer_extended,2025-01-11,9
EVT-011392,APP-01672,offer_accepted,2025-01-12,1
EVT-011393,APP-01672,background_check,2025-01-18,6
EVT-011394,APP-01672,onboarding_docs_sent,2025-02-03,16
EVT-011395,APP-01672,start_date,2025-02-07,4
EVT-011396,APP-01673,screened,2024-10-19,0
EVT-011397,APP-01673,submitted,2024-10-22,3
EVT-011398,APP-01673,client_interview_1,2024-10-25,3
EVT-011399,APP-01673,client_interview_2,2024-11-04,10
EVT-011400,APP-01673,offer_extended,2024-11-07,3
EVT-011401,APP-01673,offer_accepted,2024-11-12,5
EVT-011402,APP-01673,background_check,2024-11-14,2
EVT-011403,APP-01674,screened,2024-06-30,0
EVT-011404,APP-01674,submitted,2024-07-04,4
EVT-011405,APP-01674,client_interview_1,2024-07-07,3
EVT-011406,APP-01674,offer_extended,2024-07-11,4
EVT-011407,APP-01674,offer_accepted,2024-07-11,0
EVT-011408,APP-01674,background_check,2024-07-17,6
EVT-011409,APP-01675,screened,2025-01-19,0
EVT-011410,APP-01675,submitted,2025-01-20,1
EVT-011411,APP-01675,client_interview_1,2025-01-28,8
EVT-011412,APP-01675,offer_extended,2025-02-10,13
EVT-011413,APP-01676,screened,2025-04-04,0
EVT-011414,APP-01676,submitted,2025-04-06,2
EVT-011415,APP-01676,client_interview_1,2025-04-16,10
EVT-011416,APP-01676,offer_extended,2025-04-26,10
EVT-011417,APP-01676,offer_accepted,2025-05-01,5
EVT-011418,APP-01676,background_check,2025-05-06,5
EVT-011419,APP-01676,onboarding_docs_sent,2025-05-24,18
EVT-011420,APP-01676,start_date,2025-06-22,29
EVT-011421,APP-01677,screened,2024-10-31,0
EVT-011422,APP-01677,submitted,2024-11-03,3
EVT-011423,APP-01677,client_interview_1,2024-11-10,7
EVT-011424,APP-01677,offer_extended,2024-11-24,14
EVT-011425,APP-01677,offer_accepted,2024-11-27,3
EVT-011426,APP-01677,background_check,2024-12-02,5
EVT-011427,APP-01677,onboarding_docs_sent,2024-12-26,24
EVT-011428,APP-01677,start_date,2025-01-18,23
EVT-011429,APP-01678,screened,2024-11-21,0
EVT-011430,APP-01678,submitted,2024-11-24,3
EVT-011431,APP-01678,client_interview_1,2024-12-02,8
EVT-011432,APP-01678,offer_extended,2024-12-15,13
EVT-011433,APP-01678,offer_accepted,2024-12-15,0
EVT-011434,APP-01678,background_check,2024-12-23,8
EVT-011435,APP-01678,onboarding_docs_sent,2025-01-07,15
EVT-011436,APP-01678,start_date,2025-01-10,3
EVT-011437,APP-01679,screened,2024-07-25,0
EVT-011438,APP-01679,submitted,2024-07-26,1
EVT-011439,APP-01679,client_interview_1,2024-07-30,4
EVT-011440,APP-01679,client_interview_2,2024-08-03,4
EVT-011441,APP-01679,offer_extended,2024-08-11,8
EVT-011442,APP-01679,offer_accepted,2024-08-17,6
EVT-011443,APP-01679,background_check,2024-08-22,5
EVT-011444,APP-01680,screened,2025-03-11,0
EVT-011445,APP-01680,submitted,2025-03-12,1
EVT-011446,APP-01680,client_interview_1,2025-03-21,9
EVT-011447,APP-01680,offer_extended,2025-03-27,6
EVT-011448,APP-01680,offer_accepted,2025-03-28,1
EVT-011449,APP-01680,background_check,2025-04-01,4
EVT-011450,APP-01681,screened,2024-10-26,0
EVT-011451,APP-01681,submitted,2024-10-27,1
EVT-011452,APP-01681,client_interview_1,2024-10-27,0
EVT-011453,APP-01681,client_interview_2,2024-10-29,2
EVT-011454,APP-01681,offer_extended,2024-11-06,8
EVT-011455,APP-01681,offer_accepted,2024-11-11,5
EVT-011456,APP-01681,background_check,2024-11-17,6
EVT-011457,APP-01682,screened,2025-01-30,0
EVT-011458,APP-01682,submitted,2025-02-03,4
EVT-011459,APP-01682,client_interview_1,2025-02-07,4
EVT-011460,APP-01682,offer_extended,2025-02-10,3
EVT-011461,APP-01682,offer_accepted,2025-02-13,3
EVT-011462,APP-01682,onboarding_docs_sent,2025-03-07,22
EVT-011463,APP-01682,start_date,2025-03-26,19
EVT-011464,APP-01683,screened,2025-03-19,0
EVT-011465,APP-01683,submitted,2025-03-22,3
EVT-011466,APP-01683,client_interview_1,2025-03-23,1
EVT-011467,APP-01683,client_interview_2,2025-03-31,8
EVT-011468,APP-01683,offer_extended,2025-04-09,9
EVT-011469,APP-01684,screened,2025-02-16,0
EVT-011470,APP-01684,submitted,2025-02-18,2
EVT-011471,APP-01684,client_interview_1,2025-03-03,13
EVT-011472,APP-01684,offer_extended,2025-03-07,4
EVT-011473,APP-01685,screened,2024-03-10,0
EVT-011474,APP-01685,submitted,2024-03-13,3
EVT-011475,APP-01685,client_interview_1,2024-03-25,12
EVT-011476,APP-01685,client_interview_2,2024-04-04,10
EVT-011477,APP-01685,offer_extended,2024-04-12,8
EVT-011478,APP-01686,screened,2024-04-21,0
EVT-011479,APP-01686,client_interview_1,2024-04-23,2
EVT-011480,APP-01686,submitted,2024-04-24,1
EVT-011481,APP-01686,client_interview_2,2024-04-29,5
EVT-011482,APP-01686,offer_extended,2024-05-11,12
EVT-011483,APP-01686,offer_accepted,2024-05-14,3
EVT-011484,APP-01686,background_check,2024-05-22,8
EVT-011485,APP-01686,onboarding_docs_sent,2024-06-11,20
EVT-011486,APP-01686,start_date,2024-06-15,4
EVT-011487,APP-01687,screened,2024-07-13,0
EVT-011488,APP-01687,submitted,2024-07-14,1
EVT-011489,APP-01687,client_interview_1,2024-07-17,3
EVT-011490,APP-01687,client_interview_2,2024-07-26,9
EVT-011491,APP-01687,offer_extended,2024-08-01,6
EVT-011492,APP-01687,offer_accepted,2024-08-04,3
EVT-011493,APP-01687,background_check,2024-08-10,6
EVT-011494,APP-01687,onboarding_docs_sent,2024-08-28,18
EVT-011495,APP-01687,start_date,2024-09-01,4
EVT-011496,APP-01688,screened,2025-05-16,0
EVT-011497,APP-01688,submitted,2025-05-20,4
EVT-011498,APP-01688,client_interview_1,2025-05-27,7
EVT-011499,APP-01688,offer_extended,2025-06-02,6
EVT-011500,APP-01688,offer_accepted,2025-06-08,6
EVT-011501,APP-01688,background_check,2025-06-09,1
EVT-011502,APP-01688,start_date,2025-06-27,18
EVT-011503,APP-01689,screened,2024-12-12,0
EVT-011504,APP-01689,submitted,2024-12-13,1
EVT-011505,APP-01689,client_interview_1,2024-12-16,3
EVT-011506,APP-01689,offer_extended,2025-01-02,17
EVT-011507,APP-01690,screened,2024-06-28,0
EVT-011508,APP-01690,submitted,2024-06-30,2
EVT-011509,APP-01690,client_interview_1,2024-07-05,5
EVT-011510,APP-01690,offer_extended,2024-07-10,5
EVT-011511,APP-01690,offer_accepted,2024-07-13,3
EVT-011512,APP-01690,onboarding_docs_sent,2024-07-16,3
EVT-011513,APP-01690,background_check,2024-07-18,2
EVT-011514,APP-01690,start_date,2024-08-11,24
EVT-011515,APP-01691,screened,2024-04-05,0
EVT-011516,APP-01691,submitted,2024-04-09,4
EVT-011517,APP-01691,client_interview_1,2024-04-22,13
EVT-011518,APP-01691,offer_extended,2024-04-29,7
EVT-011519,APP-01691,offer_accepted,2024-04-29,0
EVT-011520,APP-01691,background_check,2024-05-07,8
EVT-011521,APP-01692,screened,2024-11-19,0
EVT-011522,APP-01692,submitted,2024-11-20,1
EVT-011523,APP-01692,client_interview_1,2024-11-27,7
EVT-011524,APP-01692,offer_extended,2024-11-29,2
EVT-011525,APP-01692,offer_accepted,2024-12-03,4
EVT-011526,APP-01692,background_check,2024-12-05,2
EVT-011527,APP-01692,start_date,2024-12-29,24
EVT-011528,APP-01693,screened,2025-07-22,0
EVT-011529,APP-01693,submitted,2025-07-25,3
EVT-011530,APP-01693,client_interview_1,2025-07-28,3
EVT-011531,APP-01693,offer_extended,2025-08-06,9
EVT-011532,APP-01693,offer_accepted,2025-08-07,1
EVT-011533,APP-01693,background_check,2025-08-08,1
EVT-011534,APP-01693,onboarding_docs_sent,2025-08-16,8
EVT-011535,APP-01693,start_date,2025-08-21,5
EVT-011536,APP-01694,screened,2024-06-15,0
EVT-011537,APP-01694,submitted,2024-06-19,4
EVT-011538,APP-01694,client_interview_1,2024-06-22,3
EVT-011539,APP-01694,offer_extended,2024-06-24,2
EVT-011540,APP-01694,offer_accepted,2024-06-26,2
EVT-011541,APP-01694,background_check,2024-07-01,5
EVT-011542,APP-01694,onboarding_docs_sent,2024-07-14,13
EVT-011543,APP-01694,start_date,2024-07-15,1
EVT-011544,APP-01695,screened,2025-07-13,0
EVT-011545,APP-01695,submitted,2025-07-15,2
EVT-011546,APP-01695,client_interview_1,2025-07-24,9
EVT-011547,APP-01695,client_interview_2,2025-07-26,2
EVT-011548,APP-01695,offer_extended,2025-07-27,1
EVT-011549,APP-01696,screened,2024-04-04,0
EVT-011550,APP-01696,submitted,2024-04-05,1
EVT-011551,APP-01696,client_interview_1,2024-04-21,16
EVT-011552,APP-01696,offer_extended,2024-04-26,5
EVT-011553,APP-01697,screened,2024-03-01,0
EVT-011554,APP-01697,submitted,2024-03-03,2
EVT-011555,APP-01697,client_interview_1,2024-03-18,15
EVT-011556,APP-01697,client_interview_2,2024-03-20,2
EVT-011557,APP-01697,offer_extended,2024-03-23,3
EVT-011558,APP-01697,offer_accepted,2024-03-24,1
EVT-011559,APP-01697,background_check,2024-04-01,8
EVT-011560,APP-01697,onboarding_docs_sent,2024-04-13,12
EVT-011561,APP-01698,screened,2024-05-10,0
EVT-011562,APP-01698,submitted,2024-05-14,4
EVT-011563,APP-01698,client_interview_1,2024-05-26,12
EVT-011564,APP-01698,offer_extended,2024-06-10,15
EVT-011565,APP-01698,offer_accepted,2024-06-15,5
EVT-011566,APP-01698,background_check,2024-06-19,4
EVT-011567,APP-01699,screened,2024-09-08,0
EVT-011568,APP-01699,submitted,2024-09-12,4
EVT-011569,APP-01699,client_interview_1,2024-09-13,1
EVT-011570,APP-01699,offer_extended,2024-09-21,8
EVT-011571,APP-01699,offer_accepted,2024-09-22,1
EVT-011572,APP-01699,background_check,2024-09-29,7
EVT-011573,APP-01699,onboarding_docs_sent,2024-10-22,23
EVT-011574,APP-01699,start_date,2024-10-30,8
EVT-011575,APP-01700,screened,2024-06-04,0
EVT-011576,APP-01700,submitted,2024-06-06,2
EVT-011577,APP-01700,client_interview_1,2024-06-14,8
EVT-011578,APP-01700,offer_extended,2024-06-20,6
EVT-011579,APP-01700,offer_accepted,2024-06-22,2
EVT-011580,APP-01700,background_check,2024-06-25,3
EVT-011581,APP-01700,onboarding_docs_sent,2024-07-12,17
EVT-011582,APP-01701,screened,2024-11-11,0
EVT-011583,APP-01701,submitted,2024-11-15,4
EVT-011584,APP-01701,client_interview_1,2024-11-18,3
EVT-011585,APP-01701,offer_extended,2024-11-25,7
EVT-011586,APP-01702,screened,2025-02-13,0
EVT-011587,APP-01702,submitted,2025-02-14,1
EVT-011588,APP-01702,client_interview_1,2025-02-25,11
EVT-011589,APP-01702,offer_extended,2025-02-28,3
EVT-011590,APP-01703,screened,2024-09-10,0
EVT-011591,APP-01703,submitted,2024-09-13,3
EVT-011592,APP-01703,client_interview_1,2024-09-13,0
EVT-011593,APP-01703,offer_extended,2024-09-16,3
EVT-011594,APP-01703,offer_accepted,2024-09-18,2
EVT-011595,APP-01703,background_check,2024-09-20,2
EVT-011596,APP-01703,onboarding_docs_sent,2024-10-04,14
EVT-011597,APP-01703,start_date,2024-10-08,4
EVT-011598,APP-01704,screened,2024-09-28,0
EVT-011599,APP-01704,submitted,2024-09-29,1
EVT-011600,APP-01704,client_interview_1,2024-10-09,10
EVT-011601,APP-01704,client_interview_2,2024-10-12,3
EVT-011602,APP-01704,offer_extended,2024-10-14,2
EVT-011603,APP-01704,offer_accepted,2024-10-19,5
EVT-011604,APP-01704,background_check,2024-10-20,1
EVT-011605,APP-01704,onboarding_docs_sent,2024-11-09,20
EVT-011606,APP-01704,start_date,2024-11-23,14
EVT-011607,APP-01705,screened,2024-07-16,0
EVT-011608,APP-01705,submitted,2024-07-17,1
EVT-011609,APP-01705,client_interview_1,2024-07-25,8
EVT-011610,APP-01705,offer_extended,2024-08-08,14
EVT-011611,APP-01705,offer_accepted,2024-08-09,1
EVT-011612,APP-01705,background_check,2024-08-12,3
EVT-011613,APP-01705,onboarding_docs_sent,2024-09-01,20
EVT-011614,APP-01706,screened,2024-12-05,0
EVT-011615,APP-01706,submitted,2024-12-06,1
EVT-011616,APP-01706,client_interview_1,2024-12-14,8
EVT-011617,APP-01706,offer_extended,2024-12-31,17
EVT-011618,APP-01706,offer_accepted,2024-12-31,0
EVT-011619,APP-01706,background_check,2025-01-04,4
EVT-011620,APP-01706,onboarding_docs_sent,2025-01-15,11
EVT-011621,APP-01706,start_date,2025-02-03,19
EVT-011622,APP-01707,screened,2025-07-02,0
EVT-011623,APP-01707,submitted,2025-07-03,1
EVT-011624,APP-01707,client_interview_1,2025-07-10,7
EVT-011625,APP-01707,offer_extended,2025-07-14,4
EVT-011626,APP-01707,offer_accepted,2025-07-14,0
EVT-011627,APP-01707,background_check,2025-07-20,6
EVT-011628,APP-01707,onboarding_docs_sent,2025-08-09,20
EVT-011629,APP-01707,start_date,2025-08-11,2
EVT-011630,APP-01708,screened,2025-06-03,0
EVT-011631,APP-01708,submitted,2025-06-06,3
EVT-011632,APP-01708,client_interview_1,2025-06-22,16
EVT-011633,APP-01708,offer_extended,2025-06-30,8
EVT-011634,APP-01708,offer_accepted,2025-07-04,4
EVT-011635,APP-01708,background_check,2025-07-12,8
EVT-011636,APP-01708,onboarding_docs_sent,2025-07-16,4
EVT-011637,APP-01708,start_date,2025-07-20,4
EVT-011638,APP-01709,screened,2025-05-22,0
EVT-011639,APP-01709,submitted,2025-05-25,3
EVT-011640,APP-01709,client_interview_1,2025-05-29,4
EVT-011641,APP-01709,client_interview_2,2025-06-05,7
EVT-011642,APP-01709,offer_extended,2025-06-13,8
EVT-011643,APP-01710,screened,2024-06-19,0
EVT-011644,APP-01710,submitted,2024-06-23,4
EVT-011645,APP-01710,client_interview_1,2024-06-26,3
EVT-011646,APP-01710,client_interview_2,2024-06-28,2
EVT-011647,APP-01710,offer_extended,2024-07-05,7
EVT-011648,APP-01711,screened,2024-07-27,0
EVT-011649,APP-01711,submitted,2024-07-29,2
EVT-011650,APP-01711,client_interview_1,2024-08-14,16
EVT-011651,APP-01711,client_interview_2,2024-08-17,3
EVT-011652,APP-01711,offer_extended,2024-08-31,14
EVT-011653,APP-01711,offer_accepted,2024-09-01,1
EVT-011654,APP-01711,background_check,2024-09-09,8
EVT-011655,APP-01712,screened,2025-03-29,0
EVT-011656,APP-01712,submitted,2025-03-31,2
EVT-011657,APP-01712,client_interview_1,2025-04-13,13
EVT-011658,APP-01712,offer_extended,2025-04-27,14
EVT-011659,APP-01712,offer_accepted,2025-05-02,5
EVT-011660,APP-01712,background_check,2025-05-06,4
EVT-011661,APP-01712,onboarding_docs_sent,2025-05-29,23
EVT-011662,APP-01712,start_date,2025-06-03,5
EVT-011663,APP-01713,screened,2025-06-09,0
EVT-011664,APP-01713,submitted,2025-06-13,4
EVT-011665,APP-01713,client_interview_1,2025-06-26,13
EVT-011666,APP-01713,offer_extended,2025-07-11,15
EVT-011667,APP-01713,offer_accepted,2025-07-13,2
EVT-011668,APP-01713,background_check,2025-07-18,5
EVT-011669,APP-01713,onboarding_docs_sent,2025-07-22,4
EVT-011670,APP-01713,start_date,2025-08-20,29
EVT-011671,APP-01714,screened,2024-12-09,0
EVT-011672,APP-01714,submitted,2024-12-13,4
EVT-011673,APP-01714,client_interview_1,2024-12-21,8
EVT-011674,APP-01714,offer_extended,2024-12-29,8
EVT-011675,APP-01714,offer_accepted,2024-12-29,0
EVT-011676,APP-01714,background_check,2024-12-31,2
EVT-011677,APP-01715,screened,2025-01-21,0
EVT-011678,APP-01715,submitted,2025-01-24,3
EVT-011679,APP-01715,client_interview_1,2025-02-10,17
EVT-011680,APP-01715,client_interview_2,2025-02-19,9
EVT-011681,APP-01715,offer_extended,2025-02-22,3
EVT-011682,APP-01715,offer_accepted,2025-02-23,1
EVT-011683,APP-01715,background_check,2025-02-27,4
EVT-011684,APP-01715,onboarding_docs_sent,2025-03-07,8
EVT-011685,APP-01715,start_date,2025-03-17,10
EVT-011686,APP-01716,screened,2024-02-27,0
EVT-011687,APP-01716,submitted,2024-03-01,3
EVT-011688,APP-01716,client_interview_1,2024-03-13,12
EVT-011689,APP-01716,client_interview_2,2024-03-17,4
EVT-011690,APP-01716,offer_extended,2024-03-27,10
EVT-011691,APP-01716,offer_accepted,2024-03-29,2
EVT-011692,APP-01716,background_check,2024-04-02,4
EVT-011693,APP-01716,onboarding_docs_sent,2024-04-14,12
EVT-011694,APP-01716,start_date,2024-04-16,2
EVT-011695,APP-01717,screened,2024-10-30,0
EVT-011696,APP-01717,submitted,2024-11-01,2
EVT-011697,APP-01717,client_interview_1,2024-11-16,15
EVT-011698,APP-01717,client_interview_2,2024-11-20,4
EVT-011699,APP-01717,offer_extended,2024-11-30,10
EVT-011700,APP-01717,offer_accepted,2024-12-02,2
EVT-011701,APP-01717,onboarding_docs_sent,2024-12-15,13
EVT-011702,APP-01717,start_date,2024-12-20,5
EVT-011703,APP-01718,screened,2025-06-26,0
EVT-011704,APP-01718,submitted,2025-06-29,3
EVT-011705,APP-01718,client_interview_1,2025-07-08,9
EVT-011706,APP-01718,offer_extended,2025-07-12,4
EVT-011707,APP-01718,offer_accepted,2025-07-15,3
EVT-011708,APP-01718,background_check,2025-07-19,4
EVT-011709,APP-01718,onboarding_docs_sent,2025-07-24,5
EVT-011710,APP-01718,start_date,2025-07-28,4
EVT-011711,APP-01719,screened,2024-09-06,0
EVT-011712,APP-01719,client_interview_1,2024-09-07,1
EVT-011713,APP-01719,submitted,2024-09-09,2
EVT-011714,APP-01719,offer_extended,2024-09-22,13
EVT-011715,APP-01719,offer_accepted,2024-09-23,1
EVT-011716,APP-01719,background_check,2024-09-26,3
EVT-011717,APP-01719,start_date,2024-10-26,30
EVT-011718,APP-01720,screened,2024-02-27,0
EVT-011719,APP-01720,submitted,2024-03-02,4
EVT-011720,APP-01720,client_interview_1,2024-03-03,1
EVT-011721,APP-01720,offer_extended,2024-03-19,16
EVT-011722,APP-01720,offer_accepted,2024-03-22,3
EVT-011723,APP-01720,onboarding_docs_sent,2024-03-29,7
EVT-011724,APP-01720,start_date,2024-04-06,8
EVT-011725,APP-01721,screened,2024-06-18,0
EVT-011726,APP-01721,submitted,2024-06-19,1
EVT-011727,APP-01721,client_interview_1,2024-06-26,7
EVT-011728,APP-01721,client_interview_2,2024-07-01,5
EVT-011729,APP-01721,offer_extended,2024-07-08,7
EVT-011730,APP-01721,offer_accepted,2024-07-09,1
EVT-011731,APP-01721,background_check,2024-07-15,6
EVT-011732,APP-01721,onboarding_docs_sent,2024-07-16,1
EVT-011733,APP-01721,start_date,2024-07-19,3
EVT-011734,APP-01722,screened,2024-08-07,0
EVT-011735,APP-01722,submitted,2024-08-11,4
EVT-011736,APP-01722,client_interview_1,2024-08-21,10
EVT-011737,APP-01722,offer_extended,2024-08-29,8
EVT-011738,APP-01722,offer_accepted,2024-09-01,3
EVT-011739,APP-01722,background_check,2024-09-04,3
EVT-011740,APP-01722,start_date,2024-09-17,13
EVT-011741,APP-01723,screened,2024-03-27,0
EVT-011742,APP-01723,submitted,2024-03-29,2
EVT-011743,APP-01723,client_interview_1,2024-04-16,18
EVT-011744,APP-01723,offer_extended,2024-04-28,12
EVT-011745,APP-01723,offer_accepted,2024-05-02,4
EVT-011746,APP-01724,screened,2024-09-09,0
EVT-011747,APP-01724,submitted,2024-09-13,4
EVT-011748,APP-01724,client_interview_1,2024-09-18,5
EVT-011749,APP-01724,offer_extended,2024-09-29,11
EVT-011750,APP-01724,offer_accepted,2024-10-04,5
EVT-011751,APP-01724,background_check,2024-10-06,2
EVT-011752,APP-01725,screened,2024-04-30,0
EVT-011753,APP-01725,submitted,2024-05-03,3
EVT-011754,APP-01725,client_interview_1,2024-05-07,4
EVT-011755,APP-01725,offer_extended,2024-05-16,9
EVT-011756,APP-01725,offer_accepted,2024-05-22,6
EVT-011757,APP-01725,background_check,2024-05-29,7
EVT-011758,APP-01725,onboarding_docs_sent,2024-06-14,16
EVT-011759,APP-01726,screened,2024-10-09,0
EVT-011760,APP-01726,submitted,2024-10-11,2
EVT-011761,APP-01726,client_interview_1,2024-10-20,9
EVT-011762,APP-01726,client_interview_2,2024-10-27,7
EVT-011763,APP-01726,offer_extended,2024-11-04,8
EVT-011764,APP-01726,offer_accepted,2024-11-06,2
EVT-011765,APP-01726,onboarding_docs_sent,2024-11-13,7
EVT-011766,APP-01726,start_date,2024-11-15,2
EVT-011767,APP-01727,screened,2024-11-12,0
EVT-011768,APP-01727,submitted,2024-11-16,4
EVT-011769,APP-01727,client_interview_1,2024-11-29,13
EVT-011770,APP-01727,client_interview_2,2024-12-01,2
EVT-011771,APP-01727,offer_extended,2024-12-07,6
EVT-011772,APP-01727,offer_accepted,2024-12-11,4
EVT-011773,APP-01727,background_check,2024-12-13,2
EVT-011774,APP-01727,start_date,2025-01-08,26
EVT-011775,APP-01728,screened,2024-04-08,0
EVT-011776,APP-01728,submitted,2024-04-12,4
EVT-011777,APP-01728,client_interview_1,2024-04-29,17
EVT-011778,APP-01728,offer_extended,2024-05-15,16
EVT-011779,APP-01729,screened,2024-06-15,0
EVT-011780,APP-01729,submitted,2024-06-16,1
EVT-011781,APP-01729,client_interview_1,2024-07-02,16
EVT-011782,APP-01729,client_interview_2,2024-07-11,9
EVT-011783,APP-01729,offer_extended,2024-07-15,4
EVT-011784,APP-01729,offer_accepted,2024-07-16,1
EVT-011785,APP-01729,background_check,2024-07-22,6
EVT-011786,APP-01730,screened,2024-11-10,0
EVT-011787,APP-01730,submitted,2024-11-14,4
EVT-011788,APP-01730,client_interview_1,2024-11-19,5
EVT-011789,APP-01730,client_interview_2,2024-11-24,5
EVT-011790,APP-01730,offer_extended,2024-11-29,5
EVT-011791,APP-01730,offer_accepted,2024-12-03,4
EVT-011792,APP-01730,background_check,2024-12-04,1
EVT-011793,APP-01731,screened,2024-11-07,0
EVT-011794,APP-01731,submitted,2024-11-09,2
EVT-011795,APP-01731,client_interview_1,2024-11-14,5
EVT-011796,APP-01731,offer_extended,2024-11-27,13
EVT-011797,APP-01731,offer_accepted,2024-11-27,0
EVT-011798,APP-01732,screened,2024-09-18,0
EVT-011799,APP-01732,submitted,2024-09-22,4
EVT-011800,APP-01732,client_interview_1,2024-10-07,15
EVT-011801,APP-01732,client_interview_2,2024-10-15,8
EVT-011802,APP-01732,offer_extended,2024-10-21,6
EVT-011803,APP-01732,offer_accepted,2024-10-22,1
EVT-011804,APP-01732,background_check,2024-10-29,7
EVT-011805,APP-01732,onboarding_docs_sent,2024-11-05,7
EVT-011806,APP-01732,start_date,2024-11-11,6
EVT-011807,APP-01733,screened,2025-01-10,0
EVT-011808,APP-01733,submitted,2025-01-11,1
EVT-011809,APP-01733,client_interview_1,2025-01-30,19
EVT-011810,APP-01733,offer_extended,2025-02-07,8
EVT-011811,APP-01733,offer_accepted,2025-02-07,0
EVT-011812,APP-01733,background_check,2025-02-18,11
EVT-011813,APP-01734,screened,2025-04-15,0
EVT-011814,APP-01734,submitted,2025-04-18,3
EVT-011815,APP-01734,client_interview_1,2025-04-23,5
EVT-011816,APP-01734,client_interview_2,2025-05-01,8
EVT-011817,APP-01734,offer_extended,2025-05-06,5
EVT-011818,APP-01734,offer_accepted,2025-05-06,0
EVT-011819,APP-01734,onboarding_docs_sent,2025-05-21,15
EVT-011820,APP-01734,start_date,2025-06-03,13
EVT-011821,APP-01735,screened,2024-11-17,0
EVT-011822,APP-01735,submitted,2024-11-19,2
EVT-011823,APP-01735,client_interview_1,2024-11-24,5
EVT-011824,APP-01735,offer_extended,2024-11-27,3
EVT-011825,APP-01735,offer_accepted,2024-12-03,6
EVT-011826,APP-01735,background_check,2024-12-07,4
EVT-011827,APP-01736,screened,2024-04-05,0
EVT-011828,APP-01736,submitted,2024-04-06,1
EVT-011829,APP-01736,client_interview_1,2024-04-15,9
EVT-011830,APP-01736,offer_extended,2024-05-01,16
EVT-011831,APP-01736,offer_accepted,2024-05-06,5
EVT-011832,APP-01736,background_check,2024-05-07,1
EVT-011833,APP-01736,onboarding_docs_sent,2024-05-27,20
EVT-011834,APP-01737,screened,2025-02-07,0
EVT-011835,APP-01737,submitted,2025-02-09,2
EVT-011836,APP-01737,client_interview_1,2025-02-17,8
EVT-011837,APP-01737,offer_extended,2025-02-23,6
EVT-011838,APP-01737,offer_accepted,2025-02-27,4
EVT-011839,APP-01737,background_check,2025-03-03,4
EVT-011840,APP-01737,start_date,2025-03-13,10
EVT-011841,APP-01738,screened,2024-09-15,0
EVT-011842,APP-01738,submitted,2024-09-19,4
EVT-011843,APP-01738,client_interview_1,2024-10-02,13
EVT-011844,APP-01738,offer_extended,2024-10-18,16
EVT-011845,APP-01739,screened,2025-06-30,0
EVT-011846,APP-01739,submitted,2025-07-01,1
EVT-011847,APP-01739,client_interview_1,2025-07-14,13
EVT-011848,APP-01739,offer_extended,2025-07-17,3
EVT-011849,APP-01739,offer_accepted,2025-07-18,1
EVT-011850,APP-01739,background_check,2025-07-24,6
EVT-011851,APP-01739,start_date,2025-08-02,9
EVT-011852,APP-01740,screened,2024-11-09,0
EVT-011853,APP-01740,submitted,2024-11-13,4
EVT-011854,APP-01740,client_interview_1,2024-11-16,3
EVT-011855,APP-01740,offer_extended,2024-11-24,8
EVT-011856,APP-01740,offer_accepted,2024-11-25,1
EVT-011857,APP-01740,start_date,2024-12-27,32
EVT-011858,APP-01741,screened,2025-06-24,0
EVT-011859,APP-01741,submitted,2025-06-26,2
EVT-011860,APP-01741,client_interview_1,2025-07-05,9
EVT-011861,APP-01741,offer_extended,2025-07-19,14
EVT-011862,APP-01742,screened,2025-09-24,0
EVT-011863,APP-01742,submitted,2025-09-27,3
EVT-011864,APP-01742,client_interview_1,2025-09-28,1
EVT-011865,APP-01742,offer_extended,2025-10-13,15
EVT-011866,APP-01742,offer_accepted,2025-10-19,6
EVT-011867,APP-01742,background_check,2025-10-20,1
EVT-011868,APP-01742,onboarding_docs_sent,2025-11-02,13
EVT-011869,APP-01742,start_date,2025-11-06,4
EVT-011870,APP-01743,screened,2025-03-24,0
EVT-011871,APP-01743,submitted,2025-03-27,3
EVT-011872,APP-01743,client_interview_1,2025-04-04,8
EVT-011873,APP-01743,client_interview_2,2025-04-08,4
EVT-011874,APP-01743,offer_extended,2025-04-16,8
EVT-011875,APP-01744,screened,2025-02-06,0
EVT-011876,APP-01744,submitted,2025-02-09,3
EVT-011877,APP-01744,client_interview_1,2025-02-15,6
EVT-011878,APP-01744,offer_extended,2025-02-25,10
EVT-011879,APP-01744,offer_accepted,2025-03-03,6
EVT-011880,APP-01744,background_check,2025-03-09,6
EVT-011881,APP-01745,screened,2024-12-15,0
EVT-011882,APP-01745,submitted,2024-12-16,1
EVT-011883,APP-01745,client_interview_1,2024-12-31,15
EVT-011884,APP-01745,offer_extended,2025-01-04,4
EVT-011885,APP-01745,offer_accepted,2025-01-10,6
EVT-011886,APP-01745,background_check,2025-01-18,8
EVT-011887,APP-01746,screened,2024-10-13,0
EVT-011888,APP-01746,submitted,2024-10-14,1
EVT-011889,APP-01746,client_interview_1,2024-10-17,3
EVT-011890,APP-01746,offer_extended,2024-11-02,16
EVT-011891,APP-01746,offer_accepted,2024-11-08,6
EVT-011892,APP-01746,background_check,2024-11-13,5
EVT-011893,APP-01746,onboarding_docs_sent,2024-12-02,19
EVT-011894,APP-01746,start_date,2024-12-05,3
EVT-011895,APP-01747,screened,2024-09-07,0
EVT-011896,APP-01747,submitted,2024-09-08,1
EVT-011897,APP-01747,client_interview_1,2024-09-13,5
EVT-011898,APP-01747,client_interview_2,2024-09-21,8
EVT-011899,APP-01747,offer_extended,2024-09-30,9
EVT-011900,APP-01748,screened,2024-08-04,0
EVT-011901,APP-01748,submitted,2024-08-05,1
EVT-011902,APP-01748,client_interview_1,2024-08-09,4
EVT-011903,APP-01748,offer_extended,2024-08-19,10
EVT-011904,APP-01748,offer_accepted,2024-08-19,0
EVT-011905,APP-01748,background_check,2024-08-20,1
EVT-011906,APP-01748,onboarding_docs_sent,2024-09-06,17
EVT-011907,APP-01748,start_date,2024-09-10,4
EVT-011908,APP-01749,screened,2025-01-01,0
EVT-011909,APP-01749,submitted,2025-01-05,4
EVT-011910,APP-01749,client_interview_1,2025-01-07,2
EVT-011911,APP-01749,offer_extended,2025-01-19,12
EVT-011912,APP-01750,screened,2024-09-21,0
EVT-011913,APP-01750,submitted,2024-09-22,1
EVT-011914,APP-01750,client_interview_1,2024-10-04,12
EVT-011915,APP-01750,offer_extended,2024-10-15,11
EVT-011916,APP-01751,screened,2024-04-03,0
EVT-011917,APP-01751,submitted,2024-04-04,1
EVT-011918,APP-01751,client_interview_1,2024-04-10,6
EVT-011919,APP-01751,offer_extended,2024-04-26,16
EVT-011920,APP-01751,offer_accepted,2024-04-30,4
EVT-011921,APP-01751,background_check,2024-05-06,6
EVT-011922,APP-01751,start_date,2024-05-29,23
EVT-011923,APP-01752,screened,2025-01-29,0
EVT-011924,APP-01752,submitted,2025-01-31,2
EVT-011925,APP-01752,client_interview_1,2025-02-15,15
EVT-011926,APP-01752,offer_extended,2025-02-18,3
EVT-011927,APP-01752,offer_accepted,2025-02-19,1
EVT-011928,APP-01752,background_check,2025-02-26,7
EVT-011929,APP-01752,start_date,2025-03-22,24
EVT-011930,APP-01753,screened,2024-03-22,0
EVT-011931,APP-01753,submitted,2024-03-23,1
EVT-011932,APP-01753,client_interview_1,2024-03-27,4
EVT-011933,APP-01753,offer_extended,2024-04-12,16
EVT-011934,APP-01753,offer_accepted,2024-04-18,6
EVT-011935,APP-01753,start_date,2024-05-11,23
EVT-011936,APP-01754,screened,2025-06-23,0
EVT-011937,APP-01754,submitted,2025-06-27,4
EVT-011938,APP-01754,client_interview_1,2025-07-02,5
EVT-011939,APP-01754,offer_extended,2025-07-15,13
EVT-011940,APP-01754,offer_accepted,2025-07-16,1
EVT-011941,APP-01754,background_check,2025-07-21,5
EVT-011942,APP-01754,onboarding_docs_sent,2025-08-09,19
EVT-011943,APP-01754,start_date,2025-08-13,4
EVT-011944,APP-01755,screened,2024-08-31,0
EVT-011945,APP-01755,submitted,2024-09-02,2
EVT-011946,APP-01755,client_interview_1,2024-09-12,10
EVT-011947,APP-01755,client_interview_2,2024-09-14,2
EVT-011948,APP-01755,offer_extended,2024-09-22,8
EVT-011949,APP-01755,offer_accepted,2024-09-23,1
EVT-011950,APP-01755,background_check,2024-09-28,5
EVT-011951,APP-01756,screened,2024-09-06,0
EVT-011952,APP-01756,submitted,2024-09-08,2
EVT-011953,APP-01756,client_interview_1,2024-09-21,13
EVT-011954,APP-01756,offer_extended,2024-10-03,12
EVT-011955,APP-01756,offer_accepted,2024-10-08,5
EVT-011956,APP-01756,background_check,2024-10-15,7
EVT-011957,APP-01756,onboarding_docs_sent,2024-11-04,20
EVT-011958,APP-01756,start_date,2024-11-07,3
EVT-011959,APP-01757,screened,2025-04-17,0
EVT-011960,APP-01757,submitted,2025-04-20,3
EVT-011961,APP-01757,client_interview_1,2025-04-24,4
EVT-011962,APP-01757,offer_extended,2025-05-05,11
EVT-011963,APP-01757,offer_accepted,2025-05-07,2
EVT-011964,APP-01757,background_check,2025-05-08,1
EVT-011965,APP-01757,onboarding_docs_sent,2025-05-19,11
EVT-011966,APP-01757,start_date,2025-05-24,5
EVT-011967,APP-01758,screened,2024-09-23,0
EVT-011968,APP-01758,submitted,2024-09-26,3
EVT-011969,APP-01758,client_interview_1,2024-10-10,14
EVT-011970,APP-01758,offer_extended,2024-10-22,12
EVT-011971,APP-01758,offer_accepted,2024-10-22,0
EVT-011972,APP-01758,background_check,2024-10-23,1
EVT-011973,APP-01758,onboarding_docs_sent,2024-11-05,13
EVT-011974,APP-01759,screened,2025-01-31,0
EVT-011975,APP-01759,submitted,2025-02-03,3
EVT-011976,APP-01759,client_interview_1,2025-02-14,11
EVT-011977,APP-01759,offer_extended,2025-02-18,4
EVT-011978,APP-01760,screened,2024-10-15,0
EVT-011979,APP-01760,submitted,2024-10-19,4
EVT-011980,APP-01760,client_interview_1,2024-10-22,3
EVT-011981,APP-01760,client_interview_2,2024-10-25,3
EVT-011982,APP-01760,offer_extended,2024-11-05,11
EVT-011983,APP-01760,offer_accepted,2024-11-08,3
EVT-011984,APP-01760,background_check,2024-11-14,6
EVT-011985,APP-01760,start_date,2024-12-05,21
EVT-011986,APP-01761,screened,2024-10-30,0
EVT-011987,APP-01761,submitted,2024-11-01,2
EVT-011988,APP-01761,client_interview_1,2024-11-09,8
EVT-011989,APP-01761,client_interview_2,2024-11-15,6
EVT-011990,APP-01761,offer_extended,2024-11-16,1
EVT-011991,APP-01761,offer_accepted,2024-11-17,1
EVT-011992,APP-01761,background_check,2024-11-25,8
EVT-011993,APP-01762,screened,2024-03-11,0
EVT-011994,APP-01762,submitted,2024-03-13,2
EVT-011995,APP-01762,client_interview_1,2024-03-17,4
EVT-011996,APP-01762,offer_extended,2024-03-19,2
EVT-011997,APP-01762,offer_accepted,2024-03-24,5
EVT-011998,APP-01762,background_check,2024-03-25,1
EVT-011999,APP-01762,onboarding_docs_sent,2024-04-03,9
EVT-012000,APP-01762,start_date,2024-04-10,7
EVT-012001,APP-01763,screened,2024-10-10,0
EVT-012002,APP-01763,submitted,2024-10-12,2
EVT-012003,APP-01763,client_interview_1,2024-10-26,14
EVT-012004,APP-01763,offer_extended,2024-11-03,8
EVT-012005,APP-01763,offer_accepted,2024-11-03,0
EVT-012006,APP-01763,onboarding_docs_sent,2024-11-16,13
EVT-012007,APP-01763,start_date,2024-11-18,2
EVT-012008,APP-01764,screened,2024-11-29,0
EVT-012009,APP-01764,submitted,2024-11-30,1
EVT-012010,APP-01764,client_interview_1,2024-12-14,14
EVT-012011,APP-01764,offer_extended,2024-12-21,7
EVT-012012,APP-01764,offer_accepted,2024-12-27,6
EVT-012013,APP-01764,start_date,2025-01-19,23
EVT-012014,APP-01765,screened,2024-10-19,0
EVT-012015,APP-01765,submitted,2024-10-22,3
EVT-012016,APP-01765,client_interview_1,2024-11-07,16
EVT-012017,APP-01765,offer_extended,2024-11-09,2
EVT-012018,APP-01766,screened,2024-02-18,0
EVT-012019,APP-01766,submitted,2024-02-20,2
EVT-012020,APP-01766,client_interview_1,2024-02-22,2
EVT-012021,APP-01766,offer_extended,2024-02-25,3
EVT-012022,APP-01766,offer_accepted,2024-02-27,2
EVT-012023,APP-01766,background_check,2024-02-29,2
EVT-012024,APP-01766,onboarding_docs_sent,2024-03-22,22
EVT-012025,APP-01766,start_date,2024-04-13,22
EVT-012026,APP-01767,screened,2024-07-07,0
EVT-012027,APP-01767,submitted,2024-07-10,3
EVT-012028,APP-01767,client_interview_1,2024-07-14,4
EVT-012029,APP-01767,offer_extended,2024-07-20,6
EVT-012030,APP-01767,offer_accepted,2024-07-20,0
EVT-012031,APP-01767,background_check,2024-07-27,7
EVT-012032,APP-01767,onboarding_docs_sent,2024-07-31,4
EVT-012033,APP-01767,start_date,2024-08-03,3
EVT-012034,APP-01768,screened,2024-06-21,0
EVT-012035,APP-01768,submitted,2024-06-23,2
EVT-012036,APP-01768,client_interview_1,2024-07-05,12
EVT-012037,APP-01768,client_interview_2,2024-07-12,7
EVT-012038,APP-01768,offer_extended,2024-07-20,8
EVT-012039,APP-01768,offer_accepted,2024-07-24,4
EVT-012040,APP-01768,background_check,2024-07-31,7
EVT-012041,APP-01768,start_date,2024-08-14,14
EVT-012042,APP-01769,screened,2024-09-17,0
EVT-012043,APP-01769,submitted,2024-09-21,4
EVT-012044,APP-01769,client_interview_1,2024-10-05,14
EVT-012045,APP-01769,offer_extended,2024-10-08,3
EVT-012046,APP-01770,screened,2024-02-22,0
EVT-012047,APP-01770,submitted,2024-02-23,1
EVT-012048,APP-01770,client_interview_1,2024-02-28,5
EVT-012049,APP-01770,client_interview_2,2024-03-01,2
EVT-012050,APP-01770,offer_extended,2024-03-17,16
EVT-012051,APP-01770,offer_accepted,2024-03-20,3
EVT-012052,APP-01770,background_check,2024-03-23,3
EVT-012053,APP-01770,start_date,2024-04-11,19
EVT-012054,APP-01771,screened,2024-10-07,0
EVT-012055,APP-01771,submitted,2024-10-08,1
EVT-012056,APP-01771,client_interview_1,2024-10-22,14
EVT-012057,APP-01771,offer_extended,2024-11-02,11
EVT-012058,APP-01771,offer_accepted,2024-11-08,6
EVT-012059,APP-01771,background_check,2024-11-14,6
EVT-012060,APP-01771,start_date,2024-12-04,20
EVT-012061,APP-01772,screened,2024-07-20,0
EVT-012062,APP-01772,submitted,2024-07-21,1
EVT-012063,APP-01772,client_interview_1,2024-08-02,12
EVT-012064,APP-01772,offer_extended,2024-08-08,6
EVT-012065,APP-01772,offer_accepted,2024-08-09,1
EVT-012066,APP-01772,background_check,2024-08-11,2
EVT-012067,APP-01772,start_date,2024-08-20,9
EVT-012068,APP-01773,screened,2024-12-12,0
EVT-012069,APP-01773,submitted,2024-12-16,4
EVT-012070,APP-01773,client_interview_1,2024-12-20,4
EVT-012071,APP-01773,offer_extended,2024-12-25,5
EVT-012072,APP-01773,offer_accepted,2024-12-27,2
EVT-012073,APP-01773,background_check,2024-12-28,1
EVT-012074,APP-01773,onboarding_docs_sent,2025-01-21,24
EVT-012075,APP-01773,start_date,2025-01-27,6
EVT-012076,APP-01774,screened,2025-07-17,0
EVT-012077,APP-01774,submitted,2025-07-20,3
EVT-012078,APP-01774,client_interview_1,2025-07-20,0
EVT-012079,APP-01774,offer_extended,2025-07-24,4
EVT-012080,APP-01774,offer_accepted,2025-07-27,3
EVT-012081,APP-01774,onboarding_docs_sent,2025-08-19,23
EVT-012082,APP-01774,start_date,2025-08-22,3
EVT-012083,APP-01775,screened,2024-04-05,0
EVT-012084,APP-01775,submitted,2024-04-09,4
EVT-012085,APP-01775,client_interview_1,2024-04-10,1
EVT-012086,APP-01775,client_interview_2,2024-04-13,3
EVT-012087,APP-01775,offer_extended,2024-04-17,4
EVT-012088,APP-01775,offer_accepted,2024-04-21,4
EVT-012089,APP-01775,background_check,2024-04-29,8
EVT-012090,APP-01776,screened,2024-11-04,0
EVT-012091,APP-01776,submitted,2024-11-07,3
EVT-012092,APP-01776,client_interview_1,2024-11-09,2
EVT-012093,APP-01776,offer_extended,2024-11-11,2
EVT-012094,APP-01776,offer_accepted,2024-11-11,0
EVT-012095,APP-01776,onboarding_docs_sent,2024-11-16,5
EVT-012096,APP-01776,background_check,2024-11-17,1
EVT-012097,APP-01776,start_date,2024-11-21,4
EVT-012098,APP-01777,screened,2024-10-10,0
EVT-012099,APP-01777,submitted,2024-10-14,4
EVT-012100,APP-01777,client_interview_1,2024-10-18,4
EVT-012101,APP-01777,offer_extended,2024-10-23,5
EVT-012102,APP-01777,offer_accepted,2024-10-23,0
EVT-012103,APP-01777,background_check,2024-10-26,3
EVT-012104,APP-01778,screened,2024-12-01,0
EVT-012105,APP-01778,client_interview_1,2024-12-03,2
EVT-012106,APP-01778,submitted,2024-12-05,2
EVT-012107,APP-01778,offer_extended,2024-12-16,11
EVT-012108,APP-01778,offer_accepted,2024-12-20,4
EVT-012109,APP-01778,background_check,2024-12-25,5
EVT-012110,APP-01778,start_date,2025-01-17,23
EVT-012111,APP-01779,screened,2024-05-05,0
EVT-012112,APP-01779,client_interview_1,2024-05-07,2
EVT-012113,APP-01779,submitted,2024-05-08,1
EVT-012114,APP-01779,offer_extended,2024-05-10,2
EVT-012115,APP-01780,screened,2025-05-21,0
EVT-012116,APP-01780,submitted,2025-05-23,2
EVT-012117,APP-01780,client_interview_1,2025-05-26,3
EVT-012118,APP-01780,offer_extended,2025-06-03,8
EVT-012119,APP-01780,offer_accepted,2025-06-09,6
EVT-012120,APP-01780,background_check,2025-06-13,4
EVT-012121,APP-01781,screened,2025-03-26,0
EVT-012122,APP-01781,submitted,2025-03-30,4
EVT-012123,APP-01781,client_interview_1,2025-03-30,0
EVT-012124,APP-01781,client_interview_2,2025-04-02,3
EVT-012125,APP-01781,offer_extended,2025-04-17,15
EVT-012126,APP-01781,offer_accepted,2025-04-19,2
EVT-012127,APP-01781,background_check,2025-04-27,8
EVT-012128,APP-01781,onboarding_docs_sent,2025-05-15,18
EVT-012129,APP-01781,start_date,2025-05-16,1
EVT-012130,APP-01782,screened,2024-10-19,0
EVT-012131,APP-01782,submitted,2024-10-23,4
EVT-012132,APP-01782,client_interview_1,2024-10-29,6
EVT-012133,APP-01782,client_interview_2,2024-11-02,4
EVT-012134,APP-01782,offer_extended,2024-11-13,11
EVT-012135,APP-01782,offer_accepted,2024-11-17,4
EVT-012136,APP-01783,screened,2025-04-14,0
EVT-012137,APP-01783,submitted,2025-04-18,4
EVT-012138,APP-01783,client_interview_1,2025-04-23,5
EVT-012139,APP-01783,offer_extended,2025-04-29,6
EVT-012140,APP-01783,offer_accepted,2025-04-29,0
EVT-012141,APP-01783,background_check,2025-05-06,7
EVT-012142,APP-01784,screened,2024-03-13,0
EVT-012143,APP-01784,submitted,2024-03-16,3
EVT-012144,APP-01784,client_interview_1,2024-03-17,1
EVT-012145,APP-01784,client_interview_2,2024-03-24,7
EVT-012146,APP-01784,offer_extended,2024-04-04,11
EVT-012147,APP-01784,offer_accepted,2024-04-07,3
EVT-012148,APP-01784,background_check,2024-04-09,2
EVT-012149,APP-01784,start_date,2024-05-19,40
EVT-012150,APP-01785,screened,2025-05-29,0
EVT-012151,APP-01785,submitted,2025-05-30,1
EVT-012152,APP-01785,client_interview_1,2025-06-16,17
EVT-012153,APP-01785,offer_extended,2025-07-03,17
EVT-012154,APP-01785,offer_accepted,2025-07-06,3
EVT-012155,APP-01785,background_check,2025-07-14,8
EVT-012156,APP-01785,start_date,2025-07-15,1
EVT-012157,APP-01786,screened,2025-04-25,0
EVT-012158,APP-01786,client_interview_1,2025-04-28,3
EVT-012159,APP-01786,submitted,2025-04-29,1
EVT-012160,APP-01786,client_interview_2,2025-05-07,8
EVT-012161,APP-01786,offer_extended,2025-05-08,1
EVT-012162,APP-01786,offer_accepted,2025-05-09,1
EVT-012163,APP-01786,background_check,2025-05-12,3
EVT-012164,APP-01787,screened,2024-05-16,0
EVT-012165,APP-01787,submitted,2024-05-18,2
EVT-012166,APP-01787,client_interview_1,2024-05-22,4
EVT-012167,APP-01787,offer_extended,2024-06-04,13
EVT-012168,APP-01787,offer_accepted,2024-06-08,4
EVT-012169,APP-01787,background_check,2024-06-14,6
EVT-012170,APP-01787,onboarding_docs_sent,2024-06-23,9
EVT-012171,APP-01787,start_date,2024-06-28,5
EVT-012172,APP-01788,screened,2025-04-20,0
EVT-012173,APP-01788,submitted,2025-04-23,3
EVT-012174,APP-01788,client_interview_1,2025-05-05,12
EVT-012175,APP-01788,offer_extended,2025-05-12,7
EVT-012176,APP-01788,offer_accepted,2025-05-17,5
EVT-012177,APP-01788,background_check,2025-05-22,5
EVT-012178,APP-01789,screened,2024-07-12,0
EVT-012179,APP-01789,submitted,2024-07-14,2
EVT-012180,APP-01789,client_interview_1,2024-07-27,13
EVT-012181,APP-01789,client_interview_2,2024-08-03,7
EVT-012182,APP-01789,offer_extended,2024-08-10,7
EVT-012183,APP-01789,offer_accepted,2024-08-16,6
EVT-012184,APP-01789,onboarding_docs_sent,2024-08-21,5
EVT-012185,APP-01789,background_check,2024-08-23,2
EVT-012186,APP-01789,start_date,2024-08-26,3
EVT-012187,APP-01790,screened,2024-10-13,0
EVT-012188,APP-01790,submitted,2024-10-15,2
EVT-012189,APP-01790,client_interview_1,2024-10-23,8
EVT-012190,APP-01790,offer_extended,2024-11-10,18
EVT-012191,APP-01790,offer_accepted,2024-11-14,4
EVT-012192,APP-01790,background_check,2024-11-18,4
EVT-012193,APP-01790,onboarding_docs_sent,2024-12-05,17
EVT-012194,APP-01790,start_date,2024-12-08,3
EVT-012195,APP-01791,screened,2025-03-18,0
EVT-012196,APP-01791,submitted,2025-03-19,1
EVT-012197,APP-01791,client_interview_1,2025-04-02,14
EVT-012198,APP-01791,client_interview_2,2025-04-06,4
EVT-012199,APP-01791,offer_extended,2025-04-13,7
EVT-012200,APP-01791,offer_accepted,2025-04-14,1
EVT-012201,APP-01791,background_check,2025-04-19,5
EVT-012202,APP-01791,onboarding_docs_sent,2025-05-09,20
EVT-012203,APP-01791,start_date,2025-05-12,3
EVT-012204,APP-01792,screened,2024-11-14,0
EVT-012205,APP-01792,submitted,2024-11-17,3
EVT-012206,APP-01792,client_interview_1,2024-11-25,8
EVT-012207,APP-01792,offer_extended,2024-11-29,4
EVT-012208,APP-01792,offer_accepted,2024-12-05,6
EVT-012209,APP-01792,background_check,2024-12-07,2
EVT-012210,APP-01792,start_date,2025-01-13,37
EVT-012211,APP-01793,screened,2024-03-17,0
EVT-012212,APP-01793,submitted,2024-03-19,2
EVT-012213,APP-01793,client_interview_1,2024-04-02,14
EVT-012214,APP-01793,offer_extended,2024-04-12,10
EVT-012215,APP-01794,screened,2025-02-26,0
EVT-012216,APP-01794,submitted,2025-02-27,1
EVT-012217,APP-01794,client_interview_1,2025-03-16,17
EVT-012218,APP-01794,offer_extended,2025-03-27,11
EVT-012219,APP-01794,offer_accepted,2025-03-27,0
EVT-012220,APP-01794,background_check,2025-03-31,4
EVT-012221,APP-01795,screened,2024-08-29,0
EVT-012222,APP-01795,submitted,2024-09-02,4
EVT-012223,APP-01795,client_interview_1,2024-09-18,16
EVT-012224,APP-01795,offer_extended,2024-09-23,5
EVT-012225,APP-01796,screened,2025-06-08,0
EVT-012226,APP-01796,submitted,2025-06-11,3
EVT-012227,APP-01796,client_interview_1,2025-06-27,16
EVT-012228,APP-01796,client_interview_2,2025-07-05,8
EVT-012229,APP-01796,offer_extended,2025-07-11,6
EVT-012230,APP-01796,offer_accepted,2025-07-11,0
EVT-012231,APP-01796,background_check,2025-07-14,3
EVT-012232,APP-01796,start_date,2025-08-08,25
EVT-012233,APP-01797,screened,2024-03-03,0
EVT-012234,APP-01797,submitted,2024-03-04,1
EVT-012235,APP-01797,client_interview_1,2024-03-21,17
EVT-012236,APP-01797,offer_extended,2024-03-24,3
EVT-012237,APP-01797,offer_accepted,2024-03-24,0
EVT-012238,APP-01797,onboarding_docs_sent,2024-04-16,23
EVT-012239,APP-01797,start_date,2024-04-20,4
EVT-012240,APP-01798,screened,2024-11-20,0
EVT-012241,APP-01798,submitted,2024-11-23,3
EVT-012242,APP-01798,client_interview_1,2024-12-08,15
EVT-012243,APP-01798,client_interview_2,2024-12-12,4
EVT-012244,APP-01798,offer_extended,2024-12-16,4
EVT-012245,APP-01798,offer_accepted,2024-12-22,6
EVT-012246,APP-01798,onboarding_docs_sent,2025-01-15,24
EVT-012247,APP-01798,start_date,2025-01-15,0
EVT-012248,APP-01799,screened,2025-05-28,0
EVT-012249,APP-01799,submitted,2025-05-29,1
EVT-012250,APP-01799,client_interview_1,2025-06-13,15
EVT-012251,APP-01799,offer_extended,2025-06-23,10
EVT-012252,APP-01799,offer_accepted,2025-06-29,6
EVT-012253,APP-01799,background_check,2025-07-01,2
EVT-012254,APP-01799,onboarding_docs_sent,2025-07-21,20
EVT-012255,APP-01799,start_date,2025-07-25,4
EVT-012256,APP-01800,screened,2025-02-07,0
EVT-012257,APP-01800,submitted,2025-02-10,3
EVT-012258,APP-01800,client_interview_1,2025-02-19,9
EVT-012259,APP-01800,offer_extended,2025-03-05,14
EVT-012260,APP-01800,offer_accepted,2025-03-11,6
EVT-012261,APP-01800,background_check,2025-03-13,2
EVT-012262,APP-01800,onboarding_docs_sent,2025-04-02,20
EVT-012263,APP-01800,start_date,2025-04-05,3
EVT-012264,APP-01801,screened,2024-04-08,0
EVT-012265,APP-01801,submitted,2024-04-12,4
EVT-012266,APP-01801,client_interview_1,2024-04-19,7
EVT-012267,APP-01801,offer_extended,2024-04-27,8
EVT-012268,APP-01801,offer_accepted,2024-05-03,6
EVT-012269,APP-01801,background_check,2024-05-04,1
EVT-012270,APP-01801,start_date,2024-05-22,18
EVT-012271,APP-01802,screened,2025-06-13,0
EVT-012272,APP-01802,submitted,2025-06-15,2
EVT-012273,APP-01802,client_interview_1,2025-06-16,1
EVT-012274,APP-01802,offer_extended,2025-06-21,5
EVT-012275,APP-01802,offer_accepted,2025-06-25,4
EVT-012276,APP-01802,onboarding_docs_sent,2025-07-14,19
EVT-012277,APP-01803,screened,2025-06-05,0
EVT-012278,APP-01803,submitted,2025-06-09,4
EVT-012279,APP-01803,client_interview_1,2025-06-09,0
EVT-012280,APP-01803,offer_extended,2025-06-12,3
EVT-012281,APP-01803,offer_accepted,2025-06-13,1
EVT-012282,APP-01803,background_check,2025-06-18,5
EVT-012283,APP-01803,onboarding_docs_sent,2025-06-24,6
EVT-012284,APP-01803,start_date,2025-06-30,6
EVT-012285,APP-01804,screened,2024-08-10,0
EVT-012286,APP-01804,submitted,2024-08-12,2
EVT-012287,APP-01804,client_interview_1,2024-08-23,11
EVT-012288,APP-01804,client_interview_2,2024-08-26,3
EVT-012289,APP-01804,offer_extended,2024-09-07,12
EVT-012290,APP-01804,offer_accepted,2024-09-11,4
EVT-012291,APP-01804,background_check,2024-09-15,4
EVT-012292,APP-01804,onboarding_docs_sent,2024-09-28,13
EVT-012293,APP-01804,start_date,2024-09-29,1
EVT-012294,APP-01805,screened,2024-11-21,0
EVT-012295,APP-01805,submitted,2024-11-24,3
EVT-012296,APP-01805,client_interview_1,2024-12-04,10
EVT-012297,APP-01805,offer_extended,2024-12-21,17
EVT-012298,APP-01805,offer_accepted,2024-12-22,1
EVT-012299,APP-01805,background_check,2024-12-26,4
EVT-012300,APP-01806,screened,2024-08-13,0
EVT-012301,APP-01806,submitted,2024-08-17,4
EVT-012302,APP-01806,client_interview_1,2024-08-23,6
EVT-012303,APP-01806,offer_extended,2024-09-08,16
EVT-012304,APP-01806,offer_accepted,2024-09-14,6
EVT-012305,APP-01806,start_date,2024-09-18,4
EVT-012306,APP-01807,screened,2024-07-04,0
EVT-012307,APP-01807,submitted,2024-07-07,3
EVT-012308,APP-01807,client_interview_1,2024-07-13,6
EVT-012309,APP-01807,offer_extended,2024-07-28,15
EVT-012310,APP-01807,offer_accepted,2024-07-30,2
EVT-012311,APP-01807,background_check,2024-08-02,3
EVT-012312,APP-01808,screened,2025-04-20,0
EVT-012313,APP-01808,client_interview_1,2025-04-22,2
EVT-012314,APP-01808,submitted,2025-04-23,1
EVT-012315,APP-01808,offer_extended,2025-04-28,5
EVT-012316,APP-01808,offer_accepted,2025-04-30,2
EVT-012317,APP-01808,background_check,2025-05-06,6
EVT-012318,APP-01809,screened,2024-09-20,0
EVT-012319,APP-01809,submitted,2024-09-22,2
EVT-012320,APP-01809,client_interview_1,2024-10-05,13
EVT-012321,APP-01809,offer_extended,2024-10-11,6
EVT-012322,APP-01809,offer_accepted,2024-10-16,5
EVT-012323,APP-01809,onboarding_docs_sent,2024-10-20,4
EVT-012324,APP-01809,background_check,2024-10-24,4
EVT-012325,APP-01809,start_date,2024-10-25,1
EVT-012326,APP-01810,screened,2025-04-04,0
EVT-012327,APP-01810,submitted,2025-04-05,1
EVT-012328,APP-01810,client_interview_1,2025-04-08,3
EVT-012329,APP-01810,client_interview_2,2025-04-15,7
EVT-012330,APP-01810,offer_extended,2025-04-24,9
EVT-012331,APP-01810,offer_accepted,2025-04-27,3
EVT-012332,APP-01810,background_check,2025-05-03,6
EVT-012333,APP-01810,onboarding_docs_sent,2025-05-03,0
EVT-012334,APP-01810,start_date,2025-05-09,6
EVT-012335,APP-01811,screened,2025-01-23,0
EVT-012336,APP-01811,submitted,2025-01-27,4
EVT-012337,APP-01811,client_interview_1,2025-02-04,8
EVT-012338,APP-01811,offer_extended,2025-02-11,7
EVT-012339,APP-01811,offer_accepted,2025-02-12,1
EVT-012340,APP-01811,onboarding_docs_sent,2025-03-05,21
EVT-012341,APP-01811,start_date,2025-04-04,30
EVT-012342,APP-01812,screened,2024-08-08,0
EVT-012343,APP-01812,submitted,2024-08-09,1
EVT-012344,APP-01812,client_interview_1,2024-08-26,17
EVT-012345,APP-01812,client_interview_2,2024-09-05,10
EVT-012346,APP-01812,offer_extended,2024-09-07,2
EVT-012347,APP-01813,screened,2025-01-01,0
EVT-012348,APP-01813,submitted,2025-01-05,4
EVT-012349,APP-01813,client_interview_1,2025-01-14,9
EVT-012350,APP-01813,client_interview_2,2025-01-21,7
EVT-012351,APP-01813,offer_extended,2025-01-25,4
EVT-012352,APP-01813,offer_accepted,2025-01-29,4
EVT-012353,APP-01813,background_check,2025-02-04,6
EVT-012354,APP-01814,screened,2025-01-18,0
EVT-012355,APP-01814,submitted,2025-01-22,4
EVT-012356,APP-01814,client_interview_1,2025-01-22,0
EVT-012357,APP-01814,offer_extended,2025-02-02,11
EVT-012358,APP-01815,screened,2025-04-03,0
EVT-012359,APP-01815,submitted,2025-04-07,4
EVT-012360,APP-01815,client_interview_1,2025-04-21,14
EVT-012361,APP-01815,client_interview_2,2025-04-23,2
EVT-012362,APP-01815,offer_extended,2025-05-07,14
EVT-012363,APP-01815,offer_accepted,2025-05-08,1
EVT-012364,APP-01815,background_check,2025-05-12,4
EVT-012365,APP-01815,onboarding_docs_sent,2025-05-24,12
EVT-012366,APP-01815,start_date,2025-05-25,1
EVT-012367,APP-01816,screened,2025-06-10,0
EVT-012368,APP-01816,submitted,2025-06-14,4
EVT-012369,APP-01816,client_interview_1,2025-06-28,14
EVT-012370,APP-01816,offer_extended,2025-06-30,2
EVT-012371,APP-01816,offer_accepted,2025-07-01,1
EVT-012372,APP-01816,background_check,2025-07-03,2
EVT-012373,APP-01816,start_date,2025-07-15,12
EVT-012374,APP-01817,screened,2024-10-11,0
EVT-012375,APP-01817,submitted,2024-10-13,2
EVT-012376,APP-01817,client_interview_1,2024-10-28,15
EVT-012377,APP-01817,offer_extended,2024-11-04,7
EVT-012378,APP-01817,offer_accepted,2024-11-07,3
EVT-012379,APP-01817,background_check,2024-11-08,1
EVT-012380,APP-01817,start_date,2024-11-16,8
EVT-012381,APP-01818,screened,2024-05-25,0
EVT-012382,APP-01818,submitted,2024-05-28,3
EVT-012383,APP-01818,client_interview_1,2024-05-28,0
EVT-012384,APP-01818,offer_extended,2024-06-08,11
EVT-012385,APP-01818,offer_accepted,2024-06-14,6
EVT-012386,APP-01818,background_check,2024-06-16,2
EVT-012387,APP-01818,onboarding_docs_sent,2024-06-30,14
EVT-012388,APP-01818,start_date,2024-07-05,5
EVT-012389,APP-01819,screened,2024-12-02,0
EVT-012390,APP-01819,submitted,2024-12-05,3
EVT-012391,APP-01819,client_interview_1,2024-12-10,5
EVT-012392,APP-01819,offer_extended,2024-12-22,12
EVT-012393,APP-01819,offer_accepted,2024-12-27,5
EVT-012394,APP-01819,start_date,2025-01-26,30
EVT-012395,APP-01820,screened,2024-04-25,0
EVT-012396,APP-01820,submitted,2024-04-27,2
EVT-012397,APP-01820,client_interview_1,2024-04-28,1
EVT-012398,APP-01820,client_interview_2,2024-05-02,4
EVT-012399,APP-01820,offer_extended,2024-05-11,9
EVT-012400,APP-01821,screened,2025-07-11,0
EVT-012401,APP-01821,submitted,2025-07-14,3
EVT-012402,APP-01821,client_interview_1,2025-07-24,10
EVT-012403,APP-01821,offer_extended,2025-07-31,7
EVT-012404,APP-01821,offer_accepted,2025-08-04,4
EVT-012405,APP-01821,background_check,2025-08-05,1
EVT-012406,APP-01822,screened,2025-01-22,0
EVT-012407,APP-01822,submitted,2025-01-23,1
EVT-012408,APP-01822,client_interview_1,2025-02-02,10
EVT-012409,APP-01822,offer_extended,2025-02-16,14
EVT-012410,APP-01822,offer_accepted,2025-02-21,5
EVT-012411,APP-01822,background_check,2025-02-28,7
EVT-012412,APP-01822,start_date,2025-03-23,23
EVT-012413,APP-01823,screened,2025-07-14,0
EVT-012414,APP-01823,submitted,2025-07-16,2
EVT-012415,APP-01823,client_interview_1,2025-07-18,2
EVT-012416,APP-01823,client_interview_2,2025-07-20,2
EVT-012417,APP-01823,offer_extended,2025-07-23,3
EVT-012418,APP-01823,offer_accepted,2025-07-23,0
EVT-012419,APP-01823,background_check,2025-07-27,4
EVT-012420,APP-01823,onboarding_docs_sent,2025-08-13,17
EVT-012421,APP-01823,start_date,2025-08-20,7
EVT-012422,APP-01824,screened,2024-12-14,0
EVT-012423,APP-01824,submitted,2024-12-18,4
EVT-012424,APP-01824,client_interview_1,2024-12-27,9
EVT-012425,APP-01824,offer_extended,2025-01-03,7
EVT-012426,APP-01824,offer_accepted,2025-01-03,0
EVT-012427,APP-01824,background_check,2025-01-08,5
EVT-012428,APP-01825,screened,2024-08-30,0
EVT-012429,APP-01825,submitted,2024-08-31,1
EVT-012430,APP-01825,client_interview_1,2024-09-10,10
EVT-012431,APP-01825,client_interview_2,2024-09-18,8
EVT-012432,APP-01825,offer_extended,2024-09-28,10
EVT-012433,APP-01825,offer_accepted,2024-10-04,6
EVT-012434,APP-01825,background_check,2024-10-06,2
EVT-012435,APP-01826,screened,2024-07-28,0
EVT-012436,APP-01826,submitted,2024-07-30,2
EVT-012437,APP-01826,client_interview_1,2024-08-15,16
EVT-012438,APP-01826,client_interview_2,2024-08-23,8
EVT-012439,APP-01826,offer_extended,2024-08-27,4
EVT-012440,APP-01826,offer_accepted,2024-09-01,5
EVT-012441,APP-01826,background_check,2024-09-06,5
EVT-012442,APP-01826,start_date,2024-09-29,23
EVT-012443,APP-01827,screened,2024-12-21,0
EVT-012444,APP-01827,submitted,2024-12-22,1
EVT-012445,APP-01827,client_interview_1,2025-01-04,13
EVT-012446,APP-01827,client_interview_2,2025-01-13,9
EVT-012447,APP-01827,offer_extended,2025-01-20,7
EVT-012448,APP-01828,screened,2024-04-04,0
EVT-012449,APP-01828,submitted,2024-04-05,1
EVT-012450,APP-01828,client_interview_1,2024-04-20,15
EVT-012451,APP-01828,offer_extended,2024-04-24,4
EVT-012452,APP-01828,offer_accepted,2024-04-27,3
EVT-012453,APP-01828,onboarding_docs_sent,2024-04-30,3
EVT-012454,APP-01828,start_date,2024-05-04,4
EVT-012455,APP-01829,screened,2025-02-06,0
EVT-012456,APP-01829,submitted,2025-02-10,4
EVT-012457,APP-01829,client_interview_1,2025-02-13,3
EVT-012458,APP-01829,client_interview_2,2025-02-23,10
EVT-012459,APP-01829,offer_extended,2025-02-28,5
EVT-012460,APP-01829,offer_accepted,2025-03-03,3
EVT-012461,APP-01829,background_check,2025-03-10,7
EVT-012462,APP-01829,onboarding_docs_sent,2025-03-30,20
EVT-012463,APP-01829,start_date,2025-04-11,12
EVT-012464,APP-01830,screened,2024-07-16,0
EVT-012465,APP-01830,submitted,2024-07-19,3
EVT-012466,APP-01830,client_interview_1,2024-07-22,3
EVT-012467,APP-01830,offer_extended,2024-08-09,18
EVT-012468,APP-01830,offer_accepted,2024-08-13,4
EVT-012469,APP-01830,background_check,2024-08-21,8
EVT-012470,APP-01831,screened,2024-10-11,0
EVT-012471,APP-01831,submitted,2024-10-12,1
EVT-012472,APP-01831,client_interview_1,2024-10-28,16
EVT-012473,APP-01831,offer_extended,2024-11-01,4
EVT-012474,APP-01831,offer_accepted,2024-11-03,2
EVT-012475,APP-01831,background_check,2024-11-11,8
EVT-012476,APP-01831,onboarding_docs_sent,2024-11-15,4
EVT-012477,APP-01831,start_date,2024-11-22,7
EVT-012478,APP-01832,screened,2025-04-26,0
EVT-012479,APP-01832,submitted,2025-04-29,3
EVT-012480,APP-01832,client_interview_1,2025-05-15,16
EVT-012481,APP-01832,client_interview_2,2025-05-18,3
EVT-012482,APP-01832,offer_extended,2025-05-22,4
EVT-012483,APP-01832,offer_accepted,2025-05-28,6
EVT-012484,APP-01832,background_check,2025-05-31,3
EVT-012485,APP-01832,onboarding_docs_sent,2025-05-31,0
EVT-012486,APP-01832,start_date,2025-06-21,21
EVT-012487,APP-01833,screened,2024-10-11,0
EVT-012488,APP-01833,submitted,2024-10-12,1
EVT-012489,APP-01833,client_interview_1,2024-10-31,19
EVT-012490,APP-01833,offer_extended,2024-11-08,8
EVT-012491,APP-01833,offer_accepted,2024-11-09,1
EVT-012492,APP-01833,background_check,2024-11-13,4
EVT-012493,APP-01833,onboarding_docs_sent,2024-12-09,26
EVT-012494,APP-01833,start_date,2024-12-13,4
EVT-012495,APP-01834,screened,2024-10-13,0
EVT-012496,APP-01834,client_interview_1,2024-10-14,1
EVT-012497,APP-01834,submitted,2024-10-17,3
EVT-012498,APP-01834,client_interview_2,2024-10-21,4
EVT-012499,APP-01834,offer_extended,2024-10-26,5
EVT-012500,APP-01834,offer_accepted,2024-10-27,1
EVT-012501,APP-01834,background_check,2024-10-28,1
EVT-012502,APP-01834,onboarding_docs_sent,2024-11-04,7
EVT-012503,APP-01834,start_date,2024-12-03,29
EVT-012504,APP-01835,screened,2025-05-25,0
EVT-012505,APP-01835,submitted,2025-05-26,1
EVT-012506,APP-01835,client_interview_1,2025-06-11,16
EVT-012507,APP-01835,client_interview_2,2025-06-16,5
EVT-012508,APP-01835,offer_extended,2025-06-17,1
EVT-012509,APP-01835,offer_accepted,2025-06-23,6
EVT-012510,APP-01835,background_check,2025-07-01,8
EVT-012511,APP-01835,onboarding_docs_sent,2025-07-12,11
EVT-012512,APP-01835,start_date,2025-07-15,3
EVT-012513,APP-01836,screened,2024-12-29,0
EVT-012514,APP-01836,submitted,2025-01-01,3
EVT-012515,APP-01836,client_interview_1,2025-01-16,15
EVT-012516,APP-01836,offer_extended,2025-01-28,12
EVT-012517,APP-01837,screened,2024-07-24,0
EVT-012518,APP-01837,submitted,2024-07-25,1
EVT-012519,APP-01837,client_interview_1,2024-08-07,13
EVT-012520,APP-01837,offer_extended,2024-08-15,8
EVT-012521,APP-01837,offer_accepted,2024-08-18,3
EVT-012522,APP-01837,background_check,2024-08-20,2
EVT-012523,APP-01837,onboarding_docs_sent,2024-08-26,6
EVT-012524,APP-01837,start_date,2024-08-27,1
EVT-012525,APP-01838,screened,2025-06-23,0
EVT-012526,APP-01838,submitted,2025-06-24,1
EVT-012527,APP-01838,client_interview_1,2025-07-07,13
EVT-012528,APP-01838,offer_extended,2025-07-13,6
EVT-012529,APP-01838,offer_accepted,2025-07-16,3
EVT-012530,APP-01838,onboarding_docs_sent,2025-07-21,5
EVT-012531,APP-01839,screened,2025-03-07,0
EVT-012532,APP-01839,submitted,2025-03-09,2
EVT-012533,APP-01839,client_interview_1,2025-03-14,5
EVT-012534,APP-01839,offer_extended,2025-03-17,3
EVT-012535,APP-01839,offer_accepted,2025-03-22,5
EVT-012536,APP-01839,background_check,2025-03-25,3
EVT-012537,APP-01839,start_date,2025-03-27,2
EVT-012538,APP-01840,screened,2024-09-18,0
EVT-012539,APP-01840,submitted,2024-09-22,4
EVT-012540,APP-01840,client_interview_1,2024-09-28,6
EVT-012541,APP-01840,client_interview_2,2024-10-01,3
EVT-012542,APP-01840,offer_extended,2024-10-12,11
EVT-012543,APP-01840,offer_accepted,2024-10-18,6
EVT-012544,APP-01840,background_check,2024-10-23,5
EVT-012545,APP-01840,onboarding_docs_sent,2024-10-28,5
EVT-012546,APP-01840,start_date,2024-11-03,6
EVT-012547,APP-01841,screened,2024-09-10,0
EVT-012548,APP-01841,submitted,2024-09-13,3
EVT-012549,APP-01841,client_interview_1,2024-09-23,10
EVT-012550,APP-01841,offer_extended,2024-09-26,3
EVT-012551,APP-01841,offer_accepted,2024-10-01,5
EVT-012552,APP-01841,background_check,2024-10-04,3
EVT-012553,APP-01841,onboarding_docs_sent,2024-10-05,1
EVT-012554,APP-01841,start_date,2024-10-11,6
EVT-012555,APP-01842,screened,2024-09-04,0
EVT-012556,APP-01842,submitted,2024-09-07,3
EVT-012557,APP-01842,client_interview_1,2024-09-23,16
EVT-012558,APP-01842,offer_extended,2024-10-08,15
EVT-012559,APP-01842,offer_accepted,2024-10-14,6
EVT-012560,APP-01842,background_check,2024-10-20,6
EVT-012561,APP-01843,screened,2024-05-03,0
EVT-012562,APP-01843,submitted,2024-05-07,4
EVT-012563,APP-01843,client_interview_1,2024-05-11,4
EVT-012564,APP-01843,offer_extended,2024-05-15,4
EVT-012565,APP-01843,offer_accepted,2024-05-21,6
EVT-012566,APP-01843,onboarding_docs_sent,2024-06-14,24
EVT-012567,APP-01843,start_date,2024-06-16,2
EVT-012568,APP-01844,screened,2025-01-05,0
EVT-012569,APP-01844,submitted,2025-01-09,4
EVT-012570,APP-01844,client_interview_1,2025-01-13,4
EVT-012571,APP-01844,client_interview_2,2025-01-21,8
EVT-012572,APP-01844,offer_extended,2025-01-25,4
EVT-012573,APP-01844,offer_accepted,2025-01-29,4
EVT-012574,APP-01844,background_check,2025-02-06,8
EVT-012575,APP-01844,onboarding_docs_sent,2025-02-23,17
EVT-012576,APP-01844,start_date,2025-02-24,1
EVT-012577,APP-01845,screened,2024-11-05,0
EVT-012578,APP-01845,submitted,2024-11-07,2
EVT-012579,APP-01845,client_interview_1,2024-11-23,16
EVT-012580,APP-01845,offer_extended,2024-11-25,2
EVT-012581,APP-01845,offer_accepted,2024-11-26,1
EVT-012582,APP-01845,background_check,2024-12-02,6
EVT-012583,APP-01845,onboarding_docs_sent,2024-12-15,13
EVT-012584,APP-01845,start_date,2024-12-20,5
EVT-012585,APP-01846,screened,2024-05-20,0
EVT-012586,APP-01846,submitted,2024-05-22,2
EVT-012587,APP-01846,client_interview_1,2024-05-23,1
EVT-012588,APP-01846,offer_extended,2024-06-02,10
EVT-012589,APP-01846,offer_accepted,2024-06-07,5
EVT-012590,APP-01846,onboarding_docs_sent,2024-06-19,12
EVT-012591,APP-01846,start_date,2024-06-20,1
EVT-012592,APP-01847,screened,2025-07-10,0
EVT-012593,APP-01847,submitted,2025-07-13,3
EVT-012594,APP-01847,client_interview_1,2025-07-30,17
EVT-012595,APP-01847,offer_extended,2025-08-02,3
EVT-012596,APP-01848,screened,2025-05-26,0
EVT-012597,APP-01848,submitted,2025-05-29,3
EVT-012598,APP-01848,client_interview_1,2025-06-12,14
EVT-012599,APP-01848,offer_extended,2025-06-28,16
EVT-012600,APP-01848,offer_accepted,2025-07-04,6
EVT-012601,APP-01848,background_check,2025-07-09,5
EVT-012602,APP-01848,onboarding_docs_sent,2025-07-10,1
EVT-012603,APP-01848,start_date,2025-07-16,6
EVT-012604,APP-01849,screened,2025-06-05,0
EVT-012605,APP-01849,submitted,2025-06-06,1
EVT-012606,APP-01849,client_interview_1,2025-06-24,18
EVT-012607,APP-01849,offer_extended,2025-07-10,16
EVT-012608,APP-01849,offer_accepted,2025-07-11,1
EVT-012609,APP-01849,background_check,2025-07-15,4
EVT-012610,APP-01849,onboarding_docs_sent,2025-08-01,17
EVT-012611,APP-01849,start_date,2025-08-03,2
EVT-012612,APP-01850,screened,2024-06-21,0
EVT-012613,APP-01850,submitted,2024-06-23,2
EVT-012614,APP-01850,client_interview_1,2024-06-27,4
EVT-012615,APP-01850,offer_extended,2024-07-02,5
EVT-012616,APP-01850,offer_accepted,2024-07-08,6
EVT-012617,APP-01850,background_check,2024-07-15,7
EVT-012618,APP-01850,onboarding_docs_sent,2024-07-19,4
EVT-012619,APP-01850,start_date,2024-07-24,5
EVT-012620,APP-01851,screened,2024-05-17,0
EVT-012621,APP-01851,client_interview_1,2024-05-20,3
EVT-012622,APP-01851,submitted,2024-05-21,1
EVT-012623,APP-01851,client_interview_2,2024-05-22,1
EVT-012624,APP-01851,offer_extended,2024-06-07,16
EVT-012625,APP-01851,offer_accepted,2024-06-10,3
EVT-012626,APP-01851,background_check,2024-06-14,4
EVT-012627,APP-01851,onboarding_docs_sent,2024-06-18,4
EVT-012628,APP-01851,start_date,2024-06-24,6
EVT-012629,APP-01852,screened,2024-10-09,0
EVT-012630,APP-01852,submitted,2024-10-11,2
EVT-012631,APP-01852,client_interview_1,2024-10-26,15
EVT-012632,APP-01852,client_interview_2,2024-10-28,2
EVT-012633,APP-01852,offer_extended,2024-11-11,14
EVT-012634,APP-01852,offer_accepted,2024-11-11,0
EVT-012635,APP-01852,background_check,2024-11-12,1
EVT-012636,APP-01853,screened,2025-01-29,0
EVT-012637,APP-01853,submitted,2025-02-02,4
EVT-012638,APP-01853,client_interview_1,2025-02-13,11
EVT-012639,APP-01853,offer_extended,2025-02-15,2
EVT-012640,APP-01853,offer_accepted,2025-02-16,1
EVT-012641,APP-01853,background_check,2025-02-21,5
EVT-012642,APP-01853,onboarding_docs_sent,2025-03-13,20
EVT-012643,APP-01853,start_date,2025-03-21,8
EVT-012644,APP-01854,screened,2024-09-16,0
EVT-012645,APP-01854,submitted,2024-09-20,4
EVT-012646,APP-01854,client_interview_1,2024-09-23,3
EVT-012647,APP-01854,client_interview_2,2024-10-01,8
EVT-012648,APP-01854,offer_extended,2024-10-02,1
EVT-012649,APP-01854,offer_accepted,2024-10-02,0
EVT-012650,APP-01854,background_check,2024-10-08,6
EVT-012651,APP-01854,onboarding_docs_sent,2024-10-26,18
EVT-012652,APP-01854,start_date,2024-10-30,4
EVT-012653,APP-01855,screened,2024-06-21,0
EVT-012654,APP-01855,submitted,2024-06-22,1
EVT-012655,APP-01855,client_interview_1,2024-06-22,0
EVT-012656,APP-01855,offer_extended,2024-06-25,3
EVT-012657,APP-01855,offer_accepted,2024-06-30,5
EVT-012658,APP-01855,background_check,2024-07-15,15
EVT-012659,APP-01856,screened,2025-06-21,0
EVT-012660,APP-01856,submitted,2025-06-23,2
EVT-012661,APP-01856,client_interview_1,2025-06-30,7
EVT-012662,APP-01856,offer_extended,2025-07-04,4
EVT-012663,APP-01856,offer_accepted,2025-07-04,0
EVT-012664,APP-01856,background_check,2025-07-07,3
EVT-012665,APP-01857,screened,2024-09-19,0
EVT-012666,APP-01857,submitted,2024-09-23,4
EVT-012667,APP-01857,client_interview_1,2024-10-03,10
EVT-012668,APP-01857,offer_extended,2024-10-05,2
EVT-012669,APP-01857,offer_accepted,2024-10-09,4
EVT-012670,APP-01857,background_check,2024-10-11,2
EVT-012671,APP-01857,onboarding_docs_sent,2024-11-03,23
EVT-012672,APP-01857,start_date,2024-11-08,5
EVT-012673,APP-01858,screened,2024-05-25,0
EVT-012674,APP-01858,submitted,2024-05-27,2
EVT-012675,APP-01858,client_interview_1,2024-06-06,10
EVT-012676,APP-01858,offer_extended,2024-06-10,4
EVT-012677,APP-01858,offer_accepted,2024-06-13,3
EVT-012678,APP-01858,background_check,2024-06-18,5
EVT-012679,APP-01859,screened,2024-03-26,0
EVT-012680,APP-01859,submitted,2024-03-30,4
EVT-012681,APP-01859,client_interview_1,2024-04-09,10
EVT-012682,APP-01859,offer_extended,2024-04-14,5
EVT-012683,APP-01859,offer_accepted,2024-04-14,0
EVT-012684,APP-01859,background_check,2024-04-22,8
EVT-012685,APP-01860,screened,2025-03-06,0
EVT-012686,APP-01860,submitted,2025-03-09,3
EVT-012687,APP-01860,client_interview_1,2025-03-12,3
EVT-012688,APP-01860,client_interview_2,2025-03-14,2
EVT-012689,APP-01860,offer_extended,2025-03-15,1
EVT-012690,APP-01861,screened,2024-10-05,0
EVT-012691,APP-01861,client_interview_1,2024-10-08,3
EVT-012692,APP-01861,submitted,2024-10-09,1
EVT-012693,APP-01861,offer_extended,2024-10-11,2
EVT-012694,APP-01861,offer_accepted,2024-10-15,4
EVT-012695,APP-01861,background_check,2024-10-20,5
EVT-012696,APP-01861,onboarding_docs_sent,2024-10-28,8
EVT-012697,APP-01861,start_date,2024-10-31,3
EVT-012698,APP-01862,screened,2024-03-16,0
EVT-012699,APP-01862,submitted,2024-03-17,1
EVT-012700,APP-01862,client_interview_1,2024-04-03,17
EVT-012701,APP-01862,offer_extended,2024-04-05,2
EVT-012702,APP-01862,offer_accepted,2024-04-05,0
EVT-012703,APP-01862,background_check,2024-04-10,5
EVT-012704,APP-01863,screened,2024-03-07,0
EVT-012705,APP-01863,submitted,2024-03-11,4
EVT-012706,APP-01863,client_interview_1,2024-03-25,14
EVT-012707,APP-01863,offer_extended,2024-03-27,2
EVT-012708,APP-01864,screened,2025-06-12,0
EVT-012709,APP-01864,submitted,2025-06-13,1
EVT-012710,APP-01864,client_interview_1,2025-06-15,2
EVT-012711,APP-01864,offer_extended,2025-06-20,5
EVT-012712,APP-01864,offer_accepted,2025-06-21,1
EVT-012713,APP-01864,background_check,2025-06-29,8
EVT-012714,APP-01865,screened,2024-10-12,0
EVT-012715,APP-01865,submitted,2024-10-16,4
EVT-012716,APP-01865,client_interview_1,2024-10-24,8
EVT-012717,APP-01865,client_interview_2,2024-11-03,10
EVT-012718,APP-01865,offer_extended,2024-11-10,7
EVT-012719,APP-01866,screened,2025-06-23,0
EVT-012720,APP-01866,submitted,2025-06-24,1
EVT-012721,APP-01866,client_interview_1,2025-06-29,5
EVT-012722,APP-01866,client_interview_2,2025-07-03,4
EVT-012723,APP-01866,offer_extended,2025-07-16,13
EVT-012724,APP-01866,offer_accepted,2025-07-16,0
EVT-012725,APP-01866,background_check,2025-07-19,3
EVT-012726,APP-01866,start_date,2025-08-13,25
EVT-012727,APP-01867,screened,2024-10-31,0
EVT-012728,APP-01867,submitted,2024-11-01,1
EVT-012729,APP-01867,client_interview_1,2024-11-03,2
EVT-012730,APP-01867,client_interview_2,2024-11-06,3
EVT-012731,APP-01867,offer_extended,2024-11-09,3
EVT-012732,APP-01867,offer_accepted,2024-11-15,6
EVT-012733,APP-01867,background_check,2024-11-16,1
EVT-012734,APP-01867,onboarding_docs_sent,2024-11-21,5
EVT-012735,APP-01868,screened,2025-01-09,0
EVT-012736,APP-01868,submitted,2025-01-11,2
EVT-012737,APP-01868,client_interview_1,2025-01-14,3
EVT-012738,APP-01868,offer_extended,2025-01-26,12
EVT-012739,APP-01868,offer_accepted,2025-01-27,1
EVT-012740,APP-01868,background_check,2025-02-02,6
EVT-012741,APP-01869,screened,2025-02-23,0
EVT-012742,APP-01869,submitted,2025-02-25,2
EVT-012743,APP-01869,client_interview_1,2025-03-05,8
EVT-012744,APP-01869,offer_extended,2025-03-21,16
EVT-012745,APP-01869,offer_accepted,2025-03-27,6
EVT-012746,APP-01869,background_check,2025-04-02,6
EVT-012747,APP-01869,onboarding_docs_sent,2025-04-09,7
EVT-012748,APP-01869,start_date,2025-04-15,6
EVT-012749,APP-01870,screened,2025-04-11,0
EVT-012750,APP-01870,client_interview_1,2025-04-14,3
EVT-012751,APP-01870,submitted,2025-04-15,1
EVT-012752,APP-01870,offer_extended,2025-04-23,8
EVT-012753,APP-01870,offer_accepted,2025-04-24,1
EVT-012754,APP-01870,background_check,2025-04-26,2
EVT-012755,APP-01870,onboarding_docs_sent,2025-05-13,17
EVT-012756,APP-01870,start_date,2025-05-18,5
EVT-012757,APP-01871,screened,2024-09-17,0
EVT-012758,APP-01871,submitted,2024-09-20,3
EVT-012759,APP-01871,client_interview_1,2024-09-23,3
EVT-012760,APP-01871,client_interview_2,2024-10-02,9
EVT-012761,APP-01871,offer_extended,2024-10-03,1
EVT-012762,APP-01871,offer_accepted,2024-10-05,2
EVT-012763,APP-01871,background_check,2024-10-09,4
EVT-012764,APP-01872,screened,2024-02-07,0
EVT-012765,APP-01872,submitted,2024-02-09,2
EVT-012766,APP-01872,client_interview_1,2024-02-17,8
EVT-012767,APP-01872,offer_extended,2024-02-21,4
EVT-012768,APP-01872,offer_accepted,2024-02-22,1
EVT-012769,APP-01872,background_check,2024-02-23,1
EVT-012770,APP-01872,onboarding_docs_sent,2024-03-22,28
EVT-012771,APP-01873,screened,2024-11-30,0
EVT-012772,APP-01873,submitted,2024-12-01,1
EVT-012773,APP-01873,client_interview_1,2024-12-09,8
EVT-012774,APP-01873,client_interview_2,2024-12-12,3
EVT-012775,APP-01873,offer_extended,2024-12-26,14
EVT-012776,APP-01874,screened,2024-02-23,0
EVT-012777,APP-01874,submitted,2024-02-24,1
EVT-012778,APP-01874,client_interview_1,2024-03-10,15
EVT-012779,APP-01874,client_interview_2,2024-03-13,3
EVT-012780,APP-01874,offer_extended,2024-03-28,15
EVT-012781,APP-01874,offer_accepted,2024-03-30,2
EVT-012782,APP-01874,background_check,2024-04-01,2
EVT-012783,APP-01875,screened,2024-08-18,0
EVT-012784,APP-01875,submitted,2024-08-21,3
EVT-012785,APP-01875,client_interview_1,2024-08-23,2
EVT-012786,APP-01875,offer_extended,2024-08-26,3
EVT-012787,APP-01875,offer_accepted,2024-08-29,3
EVT-012788,APP-01875,start_date,2024-09-15,17
EVT-012789,APP-01876,screened,2024-09-29,0
EVT-012790,APP-01876,submitted,2024-10-01,2
EVT-012791,APP-01876,client_interview_1,2024-10-20,19
EVT-012792,APP-01876,offer_extended,2024-11-07,18
EVT-012793,APP-01876,offer_accepted,2024-11-13,6
EVT-012794,APP-01876,background_check,2024-11-17,4
EVT-012795,APP-01876,onboarding_docs_sent,2024-12-05,18
EVT-012796,APP-01876,start_date,2024-12-11,6
EVT-012797,APP-01877,screened,2024-04-13,0
EVT-012798,APP-01877,submitted,2024-04-15,2
EVT-012799,APP-01877,client_interview_1,2024-04-28,13
EVT-012800,APP-01877,client_interview_2,2024-05-06,8
EVT-012801,APP-01877,offer_extended,2024-05-08,2
EVT-012802,APP-01877,offer_accepted,2024-05-11,3
EVT-012803,APP-01877,background_check,2024-05-14,3
EVT-012804,APP-01877,onboarding_docs_sent,2024-05-14,0
EVT-012805,APP-01877,start_date,2024-05-20,6
EVT-012806,APP-01878,screened,2024-05-17,0
EVT-012807,APP-01878,submitted,2024-05-21,4
EVT-012808,APP-01878,client_interview_1,2024-05-22,1
EVT-012809,APP-01878,offer_extended,2024-05-24,2
EVT-012810,APP-01878,offer_accepted,2024-05-25,1
EVT-012811,APP-01878,background_check,2024-05-29,4
EVT-012812,APP-01878,onboarding_docs_sent,2024-06-02,4
EVT-012813,APP-01878,start_date,2024-06-05,3
EVT-012814,APP-01879,screened,2024-09-13,0
EVT-012815,APP-01879,submitted,2024-09-17,4
EVT-012816,APP-01879,client_interview_1,2024-09-24,7
EVT-012817,APP-01879,offer_extended,2024-09-26,2
EVT-012818,APP-01879,offer_accepted,2024-09-27,1
EVT-012819,APP-01879,background_check,2024-10-03,6
EVT-012820,APP-01879,onboarding_docs_sent,2024-10-24,21
EVT-012821,APP-01879,start_date,2024-10-30,6
EVT-012822,APP-01880,screened,2025-04-25,0
EVT-012823,APP-01880,submitted,2025-04-27,2
EVT-012824,APP-01880,client_interview_1,2025-05-07,10
EVT-012825,APP-01880,client_interview_2,2025-05-15,8
EVT-012826,APP-01880,offer_extended,2025-05-23,8
EVT-012827,APP-01880,offer_accepted,2025-05-24,1
EVT-012828,APP-01880,background_check,2025-05-28,4
EVT-012829,APP-01880,start_date,2025-06-19,22
EVT-012830,APP-01881,screened,2024-09-20,0
EVT-012831,APP-01881,submitted,2024-09-23,3
EVT-012832,APP-01881,client_interview_1,2024-09-23,0
EVT-012833,APP-01881,offer_extended,2024-10-07,14
EVT-012834,APP-01881,offer_accepted,2024-10-13,6
EVT-012835,APP-01881,start_date,2024-10-16,3
EVT-012836,APP-01882,screened,2024-04-11,0
EVT-012837,APP-01882,submitted,2024-04-12,1
EVT-012838,APP-01882,client_interview_1,2024-04-27,15
EVT-012839,APP-01882,offer_extended,2024-05-05,8
EVT-012840,APP-01882,offer_accepted,2024-05-08,3
EVT-012841,APP-01882,background_check,2024-05-12,4
EVT-012842,APP-01882,onboarding_docs_sent,2024-06-06,25
EVT-012843,APP-01883,screened,2025-03-31,0
EVT-012844,APP-01883,submitted,2025-04-02,2
EVT-012845,APP-01883,client_interview_1,2025-04-04,2
EVT-012846,APP-01883,offer_extended,2025-04-18,14
EVT-012847,APP-01883,offer_accepted,2025-04-18,0
EVT-012848,APP-01883,background_check,2025-04-24,6
EVT-012849,APP-01884,screened,2024-03-07,0
EVT-012850,APP-01884,submitted,2024-03-11,4
EVT-012851,APP-01884,client_interview_1,2024-03-25,14
EVT-012852,APP-01884,offer_extended,2024-04-09,15
EVT-012853,APP-01884,offer_accepted,2024-04-12,3
EVT-012854,APP-01884,onboarding_docs_sent,2024-04-26,14
EVT-012855,APP-01884,start_date,2024-04-27,1
EVT-012856,APP-01885,screened,2024-12-06,0
EVT-012857,APP-01885,submitted,2024-12-07,1
EVT-012858,APP-01885,client_interview_1,2024-12-14,7
EVT-012859,APP-01885,client_interview_2,2024-12-23,9
EVT-012860,APP-01885,offer_extended,2024-12-29,6
EVT-012861,APP-01885,offer_accepted,2024-12-29,0
EVT-012862,APP-01885,background_check,2024-12-31,2
EVT-012863,APP-01885,onboarding_docs_sent,2025-01-08,8
EVT-012864,APP-01885,start_date,2025-01-11,3
EVT-012865,APP-01886,screened,2024-05-02,0
EVT-012866,APP-01886,submitted,2024-05-04,2
EVT-012867,APP-01886,client_interview_1,2024-05-05,1
EVT-012868,APP-01886,offer_extended,2024-05-18,13
EVT-012869,APP-01886,offer_accepted,2024-05-23,5
EVT-012870,APP-01886,background_check,2024-05-24,1
EVT-012871,APP-01886,onboarding_docs_sent,2024-05-31,7
EVT-012872,APP-01886,start_date,2024-06-18,18
EVT-012873,APP-01887,screened,2024-05-21,0
EVT-012874,APP-01887,client_interview_1,2024-05-21,0
EVT-012875,APP-01887,submitted,2024-05-25,4
EVT-012876,APP-01887,offer_extended,2024-05-25,0
EVT-012877,APP-01887,offer_accepted,2024-05-27,2
EVT-012878,APP-01887,background_check,2024-05-31,4
EVT-012879,APP-01887,onboarding_docs_sent,2024-06-07,7
EVT-012880,APP-01887,start_date,2024-06-23,16
EVT-012881,APP-01888,screened,2025-02-01,0
EVT-012882,APP-01888,submitted,2025-02-05,4
EVT-012883,APP-01888,client_interview_1,2025-02-10,5
EVT-012884,APP-01888,offer_extended,2025-02-21,11
EVT-012885,APP-01888,offer_accepted,2025-02-25,4
EVT-012886,APP-01888,background_check,2025-03-01,4
EVT-012887,APP-01888,start_date,2025-03-25,24
EVT-012888,APP-01889,screened,2025-02-07,0
EVT-012889,APP-01889,submitted,2025-02-11,4
EVT-012890,APP-01889,client_interview_1,2025-02-27,16
EVT-012891,APP-01889,offer_extended,2025-03-05,6
EVT-012892,APP-01889,offer_accepted,2025-03-07,2
EVT-012893,APP-01889,background_check,2025-03-14,7
EVT-012894,APP-01889,onboarding_docs_sent,2025-04-02,19
EVT-012895,APP-01890,screened,2024-03-05,0
EVT-012896,APP-01890,submitted,2024-03-08,3
EVT-012897,APP-01890,client_interview_1,2024-03-11,3
EVT-012898,APP-01890,offer_extended,2024-03-20,9
EVT-012899,APP-01890,offer_accepted,2024-03-24,4
EVT-012900,APP-01890,start_date,2024-04-14,21
EVT-012901,APP-01891,screened,2024-03-30,0
EVT-012902,APP-01891,submitted,2024-04-01,2
EVT-012903,APP-01891,client_interview_1,2024-04-05,4
EVT-012904,APP-01891,offer_extended,2024-04-08,3
EVT-012905,APP-01891,offer_accepted,2024-04-12,4
EVT-012906,APP-01891,background_check,2024-04-13,1
EVT-012907,APP-01891,start_date,2024-04-30,17
EVT-012908,APP-01892,screened,2024-02-21,0
EVT-012909,APP-01892,submitted,2024-02-23,2
EVT-012910,APP-01892,client_interview_1,2024-02-29,6
EVT-012911,APP-01892,offer_extended,2024-03-13,13
EVT-012912,APP-01892,offer_accepted,2024-03-18,5
EVT-012913,APP-01892,background_check,2024-03-21,3
EVT-012914,APP-01892,onboarding_docs_sent,2024-03-23,2
EVT-012915,APP-01892,start_date,2024-04-14,22
EVT-012916,APP-01893,screened,2024-02-09,0
EVT-012917,APP-01893,submitted,2024-02-11,2
EVT-012918,APP-01893,client_interview_1,2024-02-14,3
EVT-012919,APP-01893,offer_extended,2024-02-20,6
EVT-012920,APP-01893,offer_accepted,2024-02-24,4
EVT-012921,APP-01893,background_check,2024-02-26,2
EVT-012922,APP-01894,screened,2024-03-08,0
EVT-012923,APP-01894,submitted,2024-03-10,2
EVT-012924,APP-01894,client_interview_1,2024-03-20,10
EVT-012925,APP-01894,offer_extended,2024-04-02,13
EVT-012926,APP-01894,offer_accepted,2024-04-06,4
EVT-012927,APP-01894,onboarding_docs_sent,2024-04-07,1
EVT-012928,APP-01894,background_check,2024-04-10,3
EVT-012929,APP-01894,start_date,2024-04-12,2
EVT-012930,APP-01895,screened,2024-11-05,0
EVT-012931,APP-01895,submitted,2024-11-06,1
EVT-012932,APP-01895,client_interview_1,2024-11-07,1
EVT-012933,APP-01895,offer_extended,2024-11-17,10
EVT-012934,APP-01895,offer_accepted,2024-11-20,3
EVT-012935,APP-01895,background_check,2024-11-28,8
EVT-012936,APP-01895,onboarding_docs_sent,2024-12-06,8
EVT-012937,APP-01895,start_date,2024-12-09,3
EVT-012938,APP-01896,screened,2025-02-27,0
EVT-012939,APP-01896,submitted,2025-03-03,4
EVT-012940,APP-01896,client_interview_1,2025-03-06,3
EVT-012941,APP-01896,offer_extended,2025-03-14,8
EVT-012942,APP-01896,offer_accepted,2025-03-15,1
EVT-012943,APP-01896,background_check,2025-03-19,4
EVT-012944,APP-01896,start_date,2025-04-11,23
EVT-012945,APP-01897,screened,2025-03-16,0
EVT-012946,APP-01897,submitted,2025-03-20,4
EVT-012947,APP-01897,client_interview_1,2025-04-01,12
EVT-012948,APP-01897,client_interview_2,2025-04-05,4
EVT-012949,APP-01897,offer_extended,2025-04-16,11
EVT-012950,APP-01898,screened,2024-09-15,0
EVT-012951,APP-01898,submitted,2024-09-18,3
EVT-012952,APP-01898,client_interview_1,2024-09-20,2
EVT-012953,APP-01898,offer_extended,2024-09-26,6
EVT-012954,APP-01898,offer_accepted,2024-09-29,3
EVT-012955,APP-01898,background_check,2024-10-06,7
EVT-012956,APP-01898,onboarding_docs_sent,2024-10-14,8
EVT-012957,APP-01899,screened,2024-11-10,0
EVT-012958,APP-01899,submitted,2024-11-13,3
EVT-012959,APP-01899,client_interview_1,2024-11-16,3
EVT-012960,APP-01899,offer_extended,2024-11-20,4
EVT-012961,APP-01899,offer_accepted,2024-11-22,2
EVT-012962,APP-01899,background_check,2024-11-23,1
EVT-012963,APP-01899,onboarding_docs_sent,2024-12-02,9
EVT-012964,APP-01899,start_date,2024-12-10,8
EVT-012965,APP-01900,screened,2024-10-13,0
EVT-012966,APP-01900,submitted,2024-10-15,2
EVT-012967,APP-01900,client_interview_1,2024-10-28,13
EVT-012968,APP-01900,offer_extended,2024-11-01,4
EVT-012969,APP-01901,screened,2024-10-11,0
EVT-012970,APP-01901,submitted,2024-10-15,4
EVT-012971,APP-01901,client_interview_1,2024-10-19,4
EVT-012972,APP-01901,offer_extended,2024-11-02,14
EVT-012973,APP-01901,offer_accepted,2024-11-05,3
EVT-012974,APP-01901,background_check,2024-11-08,3
EVT-012975,APP-01901,onboarding_docs_sent,2024-11-11,3
EVT-012976,APP-01901,start_date,2024-12-01,20
EVT-012977,APP-01902,screened,2024-04-20,0
EVT-012978,APP-01902,submitted,2024-04-23,3
EVT-012979,APP-01902,client_interview_1,2024-04-26,3
EVT-012980,APP-01902,offer_extended,2024-05-02,6
EVT-012981,APP-01902,offer_accepted,2024-05-04,2
EVT-012982,APP-01902,background_check,2024-05-07,3
EVT-012983,APP-01902,onboarding_docs_sent,2024-05-11,4
EVT-012984,APP-01902,start_date,2024-05-15,4
EVT-012985,APP-01903,screened,2025-01-11,0
EVT-012986,APP-01903,submitted,2025-01-15,4
EVT-012987,APP-01903,client_interview_1,2025-01-20,5
EVT-012988,APP-01903,offer_extended,2025-01-31,11
EVT-012989,APP-01904,screened,2024-12-21,0
EVT-012990,APP-01904,client_interview_1,2024-12-21,0
EVT-012991,APP-01904,submitted,2024-12-22,1
EVT-012992,APP-01904,offer_extended,2024-12-24,2
EVT-012993,APP-01905,screened,2024-03-09,0
EVT-012994,APP-01905,submitted,2024-03-11,2
EVT-012995,APP-01905,client_interview_1,2024-03-15,4
EVT-012996,APP-01905,offer_extended,2024-03-21,6
EVT-012997,APP-01905,offer_accepted,2024-03-22,1
EVT-012998,APP-01905,background_check,2024-03-30,8
EVT-012999,APP-01905,start_date,2024-04-21,22
EVT-013000,APP-01906,screened,2024-12-26,0
EVT-013001,APP-01906,submitted,2024-12-27,1
EVT-013002,APP-01906,client_interview_1,2025-01-08,12
EVT-013003,APP-01906,offer_extended,2025-01-14,6
EVT-013004,APP-01906,offer_accepted,2025-01-14,0
EVT-013005,APP-01906,background_check,2025-01-15,1
EVT-013006,APP-01906,onboarding_docs_sent,2025-01-26,11
EVT-013007,APP-01906,start_date,2025-02-02,7
EVT-013008,APP-01907,screened,2024-05-14,0
EVT-013009,APP-01907,submitted,2024-05-18,4
EVT-013010,APP-01907,client_interview_1,2024-05-19,1
EVT-013011,APP-01907,offer_extended,2024-05-21,2
EVT-013012,APP-01907,offer_accepted,2024-05-24,3
EVT-013013,APP-01907,background_check,2024-05-25,1
EVT-013014,APP-01907,onboarding_docs_sent,2024-06-18,24
EVT-013015,APP-01908,screened,2024-11-30,0
EVT-013016,APP-01908,submitted,2024-12-04,4
EVT-013017,APP-01908,client_interview_1,2024-12-18,14
EVT-013018,APP-01908,offer_extended,2024-12-26,8
EVT-013019,APP-01908,offer_accepted,2024-12-30,4
EVT-013020,APP-01908,background_check,2025-01-05,6
EVT-013021,APP-01909,screened,2025-07-30,0
EVT-013022,APP-01909,submitted,2025-07-31,1
EVT-013023,APP-01909,client_interview_1,2025-08-18,18
EVT-013024,APP-01909,offer_extended,2025-08-29,11
EVT-013025,APP-01909,offer_accepted,2025-09-02,4
EVT-013026,APP-01910,screened,2024-12-22,0
EVT-013027,APP-01910,submitted,2024-12-23,1
EVT-013028,APP-01910,client_interview_1,2024-12-30,7
EVT-013029,APP-01910,offer_extended,2025-01-01,2
EVT-013030,APP-01910,offer_accepted,2025-01-03,2
EVT-013031,APP-01911,screened,2024-04-29,0
EVT-013032,APP-01911,submitted,2024-05-01,2
EVT-013033,APP-01911,client_interview_1,2024-05-06,5
EVT-013034,APP-01911,offer_extended,2024-05-16,10
EVT-013035,APP-01912,screened,2024-06-11,0
EVT-013036,APP-01912,submitted,2024-06-15,4
EVT-013037,APP-01912,client_interview_1,2024-06-27,12
EVT-013038,APP-01912,client_interview_2,2024-07-03,6
EVT-013039,APP-01912,offer_extended,2024-07-12,9
EVT-013040,APP-01912,offer_accepted,2024-07-12,0
EVT-013041,APP-01912,background_check,2024-07-20,8
EVT-013042,APP-01912,onboarding_docs_sent,2024-07-28,8
EVT-013043,APP-01912,start_date,2024-07-29,1
EVT-013044,APP-01913,screened,2024-08-08,0
EVT-013045,APP-01913,submitted,2024-08-11,3
EVT-013046,APP-01913,client_interview_1,2024-08-15,4
EVT-013047,APP-01913,offer_extended,2024-08-20,5
EVT-013048,APP-01913,offer_accepted,2024-08-24,4
EVT-013049,APP-01913,background_check,2024-08-25,1
EVT-013050,APP-01913,onboarding_docs_sent,2024-09-11,17
EVT-013051,APP-01913,start_date,2024-10-03,22
EVT-013052,APP-01914,screened,2025-02-25,0
EVT-013053,APP-01914,client_interview_1,2025-02-27,2
EVT-013054,APP-01914,submitted,2025-02-28,1
EVT-013055,APP-01914,offer_extended,2025-03-01,1
EVT-013056,APP-01915,screened,2025-05-30,0
EVT-013057,APP-01915,submitted,2025-06-02,3
EVT-013058,APP-01915,client_interview_1,2025-06-15,13
EVT-013059,APP-01915,offer_extended,2025-06-20,5
EVT-013060,APP-01915,offer_accepted,2025-06-24,4
EVT-013061,APP-01915,background_check,2025-06-30,6
EVT-013062,APP-01916,screened,2024-12-02,0
EVT-013063,APP-01916,submitted,2024-12-04,2
EVT-013064,APP-01916,client_interview_1,2024-12-06,2
EVT-013065,APP-01916,client_interview_2,2024-12-16,10
EVT-013066,APP-01916,offer_extended,2024-12-19,3
EVT-013067,APP-01916,offer_accepted,2024-12-24,5
EVT-013068,APP-01916,background_check,2024-12-27,3
EVT-013069,APP-01917,screened,2025-02-07,0
EVT-013070,APP-01917,submitted,2025-02-11,4
EVT-013071,APP-01917,client_interview_1,2025-02-16,5
EVT-013072,APP-01917,offer_extended,2025-03-04,16
EVT-013073,APP-01917,offer_accepted,2025-03-10,6
EVT-013074,APP-01917,background_check,2025-03-18,8
EVT-013075,APP-01917,onboarding_docs_sent,2025-03-28,10
EVT-013076,APP-01917,start_date,2025-03-30,2
EVT-013077,APP-01918,screened,2024-05-11,0
EVT-013078,APP-01918,submitted,2024-05-12,1
EVT-013079,APP-01918,client_interview_1,2024-05-25,13
EVT-013080,APP-01918,client_interview_2,2024-06-01,7
EVT-013081,APP-01918,offer_extended,2024-06-06,5
EVT-013082,APP-01918,offer_accepted,2024-06-07,1
EVT-013083,APP-01918,background_check,2024-06-09,2
EVT-013084,APP-01918,onboarding_docs_sent,2024-06-20,11
EVT-013085,APP-01918,start_date,2024-07-15,25
EVT-013086,APP-01919,screened,2025-02-27,0
EVT-013087,APP-01919,submitted,2025-03-02,3
EVT-013088,APP-01919,client_interview_1,2025-03-16,14
EVT-013089,APP-01919,offer_extended,2025-04-03,18
EVT-013090,APP-01919,offer_accepted,2025-04-08,5
EVT-013091,APP-01920,screened,2024-10-31,0
EVT-013092,APP-01920,submitted,2024-11-01,1
EVT-013093,APP-01920,client_interview_1,2024-11-13,12
EVT-013094,APP-01920,offer_extended,2024-11-18,5
EVT-013095,APP-01920,offer_accepted,2024-11-21,3
EVT-013096,APP-01920,background_check,2024-11-23,2
EVT-013097,APP-01920,start_date,2024-11-29,6
EVT-013098,APP-01921,screened,2025-04-14,0
EVT-013099,APP-01921,submitted,2025-04-15,1
EVT-013100,APP-01921,client_interview_1,2025-05-02,17
EVT-013101,APP-01921,offer_extended,2025-05-16,14
EVT-013102,APP-01921,offer_accepted,2025-05-18,2
EVT-013103,APP-01921,background_check,2025-05-23,5
EVT-013104,APP-01921,onboarding_docs_sent,2025-06-05,13
EVT-013105,APP-01921,start_date,2025-06-28,23
EVT-013106,APP-01922,screened,2025-03-29,0
EVT-013107,APP-01922,submitted,2025-03-30,1
EVT-013108,APP-01922,client_interview_1,2025-04-17,18
EVT-013109,APP-01922,offer_extended,2025-04-22,5
EVT-013110,APP-01923,screened,2024-02-21,0
EVT-013111,APP-01923,submitted,2024-02-25,4
EVT-013112,APP-01923,client_interview_1,2024-03-10,14
EVT-013113,APP-01923,offer_extended,2024-03-13,3
EVT-013114,APP-01924,screened,2025-02-08,0
EVT-013115,APP-01924,submitted,2025-02-09,1
EVT-013116,APP-01924,client_interview_1,2025-02-14,5
EVT-013117,APP-01924,offer_extended,2025-02-21,7
EVT-013118,APP-01925,screened,2025-04-04,0
EVT-013119,APP-01925,submitted,2025-04-07,3
EVT-013120,APP-01925,client_interview_1,2025-04-14,7
EVT-013121,APP-01925,client_interview_2,2025-04-22,8
EVT-013122,APP-01925,offer_extended,2025-04-28,6
EVT-013123,APP-01925,offer_accepted,2025-05-03,5
EVT-013124,APP-01925,background_check,2025-05-10,7
EVT-013125,APP-01925,onboarding_docs_sent,2025-05-20,10
EVT-013126,APP-01925,start_date,2025-05-26,6
EVT-013127,APP-01926,screened,2025-04-11,0
EVT-013128,APP-01926,submitted,2025-04-15,4
EVT-013129,APP-01926,client_interview_1,2025-04-19,4
EVT-013130,APP-01926,offer_extended,2025-05-02,13
EVT-013131,APP-01926,offer_accepted,2025-05-07,5
EVT-013132,APP-01926,onboarding_docs_sent,2025-06-02,26
EVT-013133,APP-01926,start_date,2025-06-04,2
EVT-013134,APP-01927,screened,2024-11-12,0
EVT-013135,APP-01927,submitted,2024-11-13,1
EVT-013136,APP-01927,client_interview_1,2024-11-26,13
EVT-013137,APP-01927,offer_extended,2024-11-30,4
EVT-013138,APP-01927,offer_accepted,2024-11-30,0
EVT-013139,APP-01927,background_check,2024-12-05,5
EVT-013140,APP-01927,onboarding_docs_sent,2024-12-20,15
EVT-013141,APP-01927,start_date,2024-12-24,4
EVT-013142,APP-01928,screened,2024-05-31,0
EVT-013143,APP-01928,submitted,2024-06-04,4
EVT-013144,APP-01928,client_interview_1,2024-06-05,1
EVT-013145,APP-01928,offer_extended,2024-06-16,11
EVT-013146,APP-01928,offer_accepted,2024-06-22,6
EVT-013147,APP-01928,background_check,2024-06-29,7
EVT-013148,APP-01929,screened,2024-12-03,0
EVT-013149,APP-01929,submitted,2024-12-04,1
EVT-013150,APP-01929,client_interview_1,2024-12-10,6
EVT-013151,APP-01929,offer_extended,2024-12-12,2
EVT-013152,APP-01929,offer_accepted,2024-12-12,0
EVT-013153,APP-01929,background_check,2024-12-20,8
EVT-013154,APP-01929,onboarding_docs_sent,2024-12-25,5
EVT-013155,APP-01929,start_date,2025-01-06,12
EVT-013156,APP-01930,screened,2025-04-01,0
EVT-013157,APP-01930,submitted,2025-04-03,2
EVT-013158,APP-01930,client_interview_1,2025-04-03,0
EVT-013159,APP-01930,offer_extended,2025-04-17,14
EVT-013160,APP-01930,offer_accepted,2025-04-20,3
EVT-013161,APP-01930,background_check,2025-04-27,7
EVT-013162,APP-01930,onboarding_docs_sent,2025-05-19,22
EVT-013163,APP-01930,start_date,2025-06-03,15
EVT-013164,APP-01931,screened,2024-12-06,0
EVT-013165,APP-01931,submitted,2024-12-10,4
EVT-013166,APP-01931,client_interview_1,2024-12-19,9
EVT-013167,APP-01931,offer_extended,2024-12-28,9
EVT-013168,APP-01932,screened,2025-05-29,0
EVT-013169,APP-01932,submitted,2025-05-30,1
EVT-013170,APP-01932,client_interview_1,2025-06-03,4
EVT-013171,APP-01932,client_interview_2,2025-06-13,10
EVT-013172,APP-01932,offer_extended,2025-06-20,7
EVT-013173,APP-01932,offer_accepted,2025-06-24,4
EVT-013174,APP-01932,background_check,2025-06-29,5
EVT-013175,APP-01933,screened,2025-06-26,0
EVT-013176,APP-01933,client_interview_1,2025-06-29,3
EVT-013177,APP-01933,submitted,2025-06-30,1
EVT-013178,APP-01933,client_interview_2,2025-07-03,3
EVT-013179,APP-01933,offer_extended,2025-07-05,2
EVT-013180,APP-01934,screened,2025-01-11,0
EVT-013181,APP-01934,submitted,2025-01-15,4
EVT-013182,APP-01934,client_interview_1,2025-01-30,15
EVT-013183,APP-01934,client_interview_2,2025-02-01,2
EVT-013184,APP-01934,offer_extended,2025-02-16,15
EVT-013185,APP-01934,offer_accepted,2025-02-20,4
EVT-013186,APP-01934,background_check,2025-02-25,5
EVT-013187,APP-01934,onboarding_docs_sent,2025-02-25,0
EVT-013188,APP-01934,start_date,2025-03-01,4
EVT-013189,APP-01935,screened,2025-01-30,0
EVT-013190,APP-01935,submitted,2025-02-03,4
EVT-013191,APP-01935,client_interview_1,2025-02-15,12
EVT-013192,APP-01935,offer_extended,2025-02-22,7
EVT-013193,APP-01935,offer_accepted,2025-02-23,1
EVT-013194,APP-01935,background_check,2025-02-25,2
EVT-013195,APP-01935,onboarding_docs_sent,2025-03-25,28
EVT-013196,APP-01935,start_date,2025-04-11,17
EVT-013197,APP-01936,screened,2025-02-03,0
EVT-013198,APP-01936,submitted,2025-02-04,1
EVT-013199,APP-01936,client_interview_1,2025-02-19,15
EVT-013200,APP-01936,offer_extended,2025-03-07,16
EVT-013201,APP-01936,offer_accepted,2025-03-08,1
EVT-013202,APP-01936,background_check,2025-03-11,3
EVT-013203,APP-01937,screened,2024-06-29,0
EVT-013204,APP-01937,submitted,2024-07-03,4
EVT-013205,APP-01937,client_interview_1,2024-07-10,7
EVT-013206,APP-01937,client_interview_2,2024-07-15,5
EVT-013207,APP-01937,offer_extended,2024-07-24,9
EVT-013208,APP-01937,offer_accepted,2024-07-30,6
EVT-013209,APP-01937,background_check,2024-08-04,5
EVT-013210,APP-01938,screened,2024-09-29,0
EVT-013211,APP-01938,submitted,2024-10-02,3
EVT-013212,APP-01938,client_interview_1,2024-10-09,7
EVT-013213,APP-01938,offer_extended,2024-10-18,9
EVT-013214,APP-01938,offer_accepted,2024-10-22,4
EVT-013215,APP-01938,onboarding_docs_sent,2024-10-23,1
EVT-013216,APP-01938,start_date,2024-11-05,13
EVT-013217,APP-01939,screened,2025-04-28,0
EVT-013218,APP-01939,submitted,2025-04-30,2
EVT-013219,APP-01939,client_interview_1,2025-05-08,8
EVT-013220,APP-01939,offer_extended,2025-05-24,16
EVT-013221,APP-01939,offer_accepted,2025-05-29,5
EVT-013222,APP-01939,background_check,2025-06-06,8
EVT-013223,APP-01940,screened,2024-05-05,0
EVT-013224,APP-01940,submitted,2024-05-09,4
EVT-013225,APP-01940,client_interview_1,2024-05-10,1
EVT-013226,APP-01940,client_interview_2,2024-05-14,4
EVT-013227,APP-01940,offer_extended,2024-05-26,12
EVT-013228,APP-01940,offer_accepted,2024-05-27,1
EVT-013229,APP-01940,background_check,2024-05-28,1
EVT-013230,APP-01940,onboarding_docs_sent,2024-06-19,22
EVT-013231,APP-01941,screened,2025-04-14,0
EVT-013232,APP-01941,submitted,2025-04-16,2
EVT-013233,APP-01941,client_interview_1,2025-04-26,10
EVT-013234,APP-01941,offer_extended,2025-05-04,8
EVT-013235,APP-01941,offer_accepted,2025-05-05,1
EVT-013236,APP-01941,background_check,2025-05-12,7
EVT-013237,APP-01941,start_date,2025-05-28,16
EVT-013238,APP-01942,screened,2024-11-03,0
EVT-013239,APP-01942,submitted,2024-11-05,2
EVT-013240,APP-01942,client_interview_1,2024-11-15,10
EVT-013241,APP-01942,offer_extended,2024-12-02,17
EVT-013242,APP-01942,offer_accepted,2024-12-05,3
EVT-013243,APP-01942,background_check,2024-12-08,3
EVT-013244,APP-01942,onboarding_docs_sent,2024-12-29,21
EVT-013245,APP-01942,start_date,2025-01-03,5
EVT-013246,APP-01943,screened,2025-05-03,0
EVT-013247,APP-01943,submitted,2025-05-07,4
EVT-013248,APP-01943,client_interview_1,2025-05-07,0
EVT-013249,APP-01943,offer_extended,2025-05-22,15
EVT-013250,APP-01943,offer_accepted,2025-05-27,5
EVT-013251,APP-01943,background_check,2025-05-31,4
EVT-013252,APP-01943,onboarding_docs_sent,2025-06-17,17
EVT-013253,APP-01943,start_date,2025-06-26,9
EVT-013254,APP-01944,screened,2024-02-14,0
EVT-013255,APP-01944,submitted,2024-02-15,1
EVT-013256,APP-01944,client_interview_1,2024-02-25,10
EVT-013257,APP-01944,offer_extended,2024-03-05,9
EVT-013258,APP-01944,offer_accepted,2024-03-07,2
EVT-013259,APP-01944,background_check,2024-03-14,7
EVT-013260,APP-01945,screened,2025-04-06,0
EVT-013261,APP-01945,submitted,2025-04-08,2
EVT-013262,APP-01945,client_interview_1,2025-04-18,10
EVT-013263,APP-01945,offer_extended,2025-05-04,16
EVT-013264,APP-01945,offer_accepted,2025-05-07,3
EVT-013265,APP-01945,background_check,2025-05-11,4
EVT-013266,APP-01945,onboarding_docs_sent,2025-05-16,5
EVT-013267,APP-01945,start_date,2025-05-21,5
EVT-013268,APP-01946,screened,2024-11-02,0
EVT-013269,APP-01946,submitted,2024-11-05,3
EVT-013270,APP-01946,client_interview_1,2024-11-19,14
EVT-013271,APP-01946,client_interview_2,2024-11-22,3
EVT-013272,APP-01946,offer_extended,2024-12-01,9
EVT-013273,APP-01946,offer_accepted,2024-12-03,2
EVT-013274,APP-01946,onboarding_docs_sent,2024-12-15,12
EVT-013275,APP-01946,start_date,2024-12-27,12
EVT-013276,APP-01947,screened,2024-02-04,0
EVT-013277,APP-01947,submitted,2024-02-06,2
EVT-013278,APP-01947,client_interview_1,2024-02-12,6
EVT-013279,APP-01947,offer_extended,2024-02-18,6
EVT-013280,APP-01947,offer_accepted,2024-02-24,6
EVT-013281,APP-01947,background_check,2024-02-28,4
EVT-013282,APP-01947,start_date,2024-03-04,5
EVT-013283,APP-01948,screened,2025-03-02,0
EVT-013284,APP-01948,submitted,2025-03-03,1
EVT-013285,APP-01948,client_interview_1,2025-03-07,4
EVT-013286,APP-01948,offer_extended,2025-03-14,7
EVT-013287,APP-01949,screened,2024-04-11,0
EVT-013288,APP-01949,submitted,2024-04-13,2
EVT-013289,APP-01949,client_interview_1,2024-04-15,2
EVT-013290,APP-01949,client_interview_2,2024-04-18,3
EVT-013291,APP-01949,offer_extended,2024-05-02,14
EVT-013292,APP-01950,screened,2024-12-27,0
EVT-013293,APP-01950,submitted,2024-12-28,1
EVT-013294,APP-01950,client_interview_1,2025-01-16,19
EVT-013295,APP-01950,offer_extended,2025-01-30,14
EVT-013296,APP-01950,offer_accepted,2025-02-03,4
EVT-013297,APP-01950,background_check,2025-02-11,8
EVT-013298,APP-01951,screened,2025-07-20,0
EVT-013299,APP-01951,submitted,2025-07-21,1
EVT-013300,APP-01951,client_interview_1,2025-07-25,4
EVT-013301,APP-01951,offer_extended,2025-08-01,7
EVT-013302,APP-01951,offer_accepted,2025-08-01,0
EVT-013303,APP-01951,start_date,2025-08-16,15
EVT-013304,APP-01952,screened,2025-06-08,0
EVT-013305,APP-01952,submitted,2025-06-09,1
EVT-013306,APP-01952,client_interview_1,2025-06-19,10
EVT-013307,APP-01952,offer_extended,2025-06-26,7
EVT-013308,APP-01952,offer_accepted,2025-07-01,5
EVT-013309,APP-01952,background_check,2025-07-02,1
EVT-013310,APP-01953,screened,2024-09-04,0
EVT-013311,APP-01953,client_interview_1,2024-09-05,1
EVT-013312,APP-01953,submitted,2024-09-08,3
EVT-013313,APP-01953,offer_extended,2024-09-13,5
EVT-013314,APP-01953,offer_accepted,2024-09-19,6
EVT-013315,APP-01953,background_check,2024-09-20,1
EVT-013316,APP-01953,start_date,2024-09-25,5
EVT-013317,APP-01954,screened,2024-10-15,0
EVT-013318,APP-01954,client_interview_1,2024-10-16,1
EVT-013319,APP-01954,submitted,2024-10-19,3
EVT-013320,APP-01954,offer_extended,2024-10-27,8
EVT-013321,APP-01954,offer_accepted,2024-10-31,4
EVT-013322,APP-01954,background_check,2024-11-05,5
EVT-013323,APP-01954,start_date,2024-11-12,7
EVT-013324,APP-01955,screened,2025-06-25,0
EVT-013325,APP-01955,submitted,2025-06-27,2
EVT-013326,APP-01955,client_interview_1,2025-07-01,4
EVT-013327,APP-01955,client_interview_2,2025-07-08,7
EVT-013328,APP-01955,offer_extended,2025-07-17,9
EVT-013329,APP-01955,offer_accepted,2025-07-18,1
EVT-013330,APP-01955,background_check,2025-07-22,4
EVT-013331,APP-01955,start_date,2025-08-14,23
EVT-013332,APP-01956,screened,2025-05-15,0
EVT-013333,APP-01956,submitted,2025-05-18,3
EVT-013334,APP-01956,client_interview_1,2025-05-18,0
EVT-013335,APP-01956,client_interview_2,2025-05-21,3
EVT-013336,APP-01956,offer_extended,2025-06-01,11
EVT-013337,APP-01956,offer_accepted,2025-06-07,6
EVT-013338,APP-01956,background_check,2025-06-15,8
EVT-013339,APP-01956,start_date,2025-07-02,17
EVT-013340,APP-01957,screened,2025-06-27,0
EVT-013341,APP-01957,submitted,2025-06-30,3
EVT-013342,APP-01957,client_interview_1,2025-07-05,5
EVT-013343,APP-01957,offer_extended,2025-07-14,9
EVT-013344,APP-01957,offer_accepted,2025-07-15,1
EVT-013345,APP-01957,background_check,2025-07-23,8
EVT-013346,APP-01958,screened,2024-12-12,0
EVT-013347,APP-01958,submitted,2024-12-15,3
EVT-013348,APP-01958,client_interview_1,2024-12-25,10
EVT-013349,APP-01958,offer_extended,2025-01-03,9
EVT-013350,APP-01958,offer_accepted,2025-01-05,2
EVT-013351,APP-01958,background_check,2025-01-08,3
EVT-013352,APP-01959,screened,2024-10-28,0
EVT-013353,APP-01959,submitted,2024-10-29,1
EVT-013354,APP-01959,client_interview_1,2024-11-08,10
EVT-013355,APP-01959,offer_extended,2024-11-15,7
EVT-013356,APP-01959,offer_accepted,2024-11-18,3
EVT-013357,APP-01959,background_check,2024-11-23,5
EVT-013358,APP-01959,onboarding_docs_sent,2024-11-24,1
EVT-013359,APP-01959,start_date,2024-12-01,7
EVT-013360,APP-01960,screened,2024-09-25,0
EVT-013361,APP-01960,submitted,2024-09-28,3
EVT-013362,APP-01960,client_interview_1,2024-10-08,10
EVT-013363,APP-01960,offer_extended,2024-10-10,2
EVT-013364,APP-01960,offer_accepted,2024-10-13,3
EVT-013365,APP-01960,background_check,2024-10-18,5
EVT-013366,APP-01960,onboarding_docs_sent,2024-11-06,19
EVT-013367,APP-01960,start_date,2024-11-11,5
EVT-013368,APP-01961,screened,2024-02-27,0
EVT-013369,APP-01961,submitted,2024-02-29,2
EVT-013370,APP-01961,client_interview_1,2024-03-13,13
EVT-013371,APP-01961,offer_extended,2024-03-15,2
EVT-013372,APP-01961,offer_accepted,2024-03-16,1
EVT-013373,APP-01961,onboarding_docs_sent,2024-03-24,8
EVT-013374,APP-01961,start_date,2024-03-27,3
EVT-013375,APP-01962,screened,2024-04-02,0
EVT-013376,APP-01962,submitted,2024-04-04,2
EVT-013377,APP-01962,client_interview_1,2024-04-07,3
EVT-013378,APP-01962,offer_extended,2024-04-20,13
EVT-013379,APP-01962,offer_accepted,2024-04-26,6
EVT-013380,APP-01962,background_check,2024-04-27,1
EVT-013381,APP-01963,screened,2024-11-14,0
EVT-013382,APP-01963,submitted,2024-11-17,3
EVT-013383,APP-01963,client_interview_1,2024-11-20,3
EVT-013384,APP-01963,offer_extended,2024-12-03,13
EVT-013385,APP-01963,offer_accepted,2024-12-04,1
EVT-013386,APP-01963,background_check,2024-12-11,7
EVT-013387,APP-01963,onboarding_docs_sent,2024-12-18,7
EVT-013388,APP-01963,start_date,2024-12-20,2
EVT-013389,APP-01964,screened,2024-11-28,0
EVT-013390,APP-01964,submitted,2024-11-30,2
EVT-013391,APP-01964,client_interview_1,2024-12-09,9
EVT-013392,APP-01964,offer_extended,2024-12-22,13
EVT-013393,APP-01964,offer_accepted,2024-12-28,6
EVT-013394,APP-01964,onboarding_docs_sent,2024-12-29,1
EVT-013395,APP-01964,start_date,2025-01-08,10
EVT-013396,APP-01965,screened,2025-04-04,0
EVT-013397,APP-01965,submitted,2025-04-08,4
EVT-013398,APP-01965,client_interview_1,2025-04-18,10
EVT-013399,APP-01965,client_interview_2,2025-04-26,8
EVT-013400,APP-01965,offer_extended,2025-05-06,10
EVT-013401,APP-01966,screened,2024-10-28,0
EVT-013402,APP-01966,submitted,2024-10-29,1
EVT-013403,APP-01966,client_interview_1,2024-11-07,9
EVT-013404,APP-01966,client_interview_2,2024-11-13,6
EVT-013405,APP-01966,offer_extended,2024-11-15,2
EVT-013406,APP-01967,screened,2024-04-30,0
EVT-013407,APP-01967,submitted,2024-05-02,2
EVT-013408,APP-01967,client_interview_1,2024-05-19,17
EVT-013409,APP-01967,offer_extended,2024-05-21,2
EVT-013410,APP-01967,offer_accepted,2024-05-23,2
EVT-013411,APP-01967,background_check,2024-05-29,6
EVT-013412,APP-01967,onboarding_docs_sent,2024-06-13,15
EVT-013413,APP-01967,start_date,2024-07-08,25
EVT-013414,APP-01968,screened,2024-10-23,0
EVT-013415,APP-01968,submitted,2024-10-25,2
EVT-013416,APP-01968,client_interview_1,2024-11-03,9
EVT-013417,APP-01968,offer_extended,2024-11-07,4
EVT-013418,APP-01968,offer_accepted,2024-11-08,1
EVT-013419,APP-01968,background_check,2024-11-09,1
EVT-013420,APP-01968,onboarding_docs_sent,2024-12-04,25
EVT-013421,APP-01968,start_date,2024-12-04,0
EVT-013422,APP-01969,screened,2024-05-30,0
EVT-013423,APP-01969,submitted,2024-05-31,1
EVT-013424,APP-01969,client_interview_1,2024-06-01,1
EVT-013425,APP-01969,offer_extended,2024-06-06,5
EVT-013426,APP-01969,offer_accepted,2024-06-07,1
EVT-013427,APP-01969,background_check,2024-06-09,2
EVT-013428,APP-01970,screened,2024-10-26,0
EVT-013429,APP-01970,submitted,2024-10-30,4
EVT-013430,APP-01970,client_interview_1,2024-11-09,10
EVT-013431,APP-01970,offer_extended,2024-11-19,10
EVT-013432,APP-01970,offer_accepted,2024-11-20,1
EVT-013433,APP-01970,background_check,2024-11-25,5
EVT-013434,APP-01970,start_date,2024-11-30,5
EVT-013435,APP-01971,screened,2025-01-06,0
EVT-013436,APP-01971,submitted,2025-01-08,2
EVT-013437,APP-01971,client_interview_1,2025-01-11,3
EVT-013438,APP-01971,offer_extended,2025-01-17,6
EVT-013439,APP-01971,offer_accepted,2025-01-18,1
EVT-013440,APP-01971,background_check,2025-01-23,5
EVT-013441,APP-01971,onboarding_docs_sent,2025-02-07,15
EVT-013442,APP-01971,start_date,2025-02-08,1
EVT-013443,APP-01972,screened,2024-12-20,0
EVT-013444,APP-01972,submitted,2024-12-21,1
EVT-013445,APP-01972,client_interview_1,2025-01-04,14
EVT-013446,APP-01972,offer_extended,2025-01-14,10
EVT-013447,APP-01972,offer_accepted,2025-01-17,3
EVT-013448,APP-01972,background_check,2025-01-22,5
EVT-013449,APP-01972,onboarding_docs_sent,2025-02-01,10
EVT-013450,APP-01972,start_date,2025-02-03,2
EVT-013451,APP-01973,screened,2024-03-06,0
EVT-013452,APP-01973,submitted,2024-03-10,4
EVT-013453,APP-01973,client_interview_1,2024-03-21,11
EVT-013454,APP-01973,offer_extended,2024-03-26,5
EVT-013455,APP-01973,offer_accepted,2024-03-29,3
EVT-013456,APP-01973,background_check,2024-03-30,1
EVT-013457,APP-01973,onboarding_docs_sent,2024-04-24,25
EVT-013458,APP-01973,start_date,2024-04-30,6
EVT-013459,APP-01974,screened,2025-02-01,0
EVT-013460,APP-01974,submitted,2025-02-03,2
EVT-013461,APP-01974,client_interview_1,2025-02-08,5
EVT-013462,APP-01974,offer_extended,2025-02-18,10
EVT-013463,APP-01974,offer_accepted,2025-02-18,0
EVT-013464,APP-01974,background_check,2025-02-26,8
EVT-013465,APP-01974,onboarding_docs_sent,2025-03-01,3
EVT-013466,APP-01974,start_date,2025-03-06,5
EVT-013467,APP-01975,screened,2024-03-21,0
EVT-013468,APP-01975,submitted,2024-03-25,4
EVT-013469,APP-01975,client_interview_1,2024-03-31,6
EVT-013470,APP-01975,client_interview_2,2024-04-02,2
EVT-013471,APP-01975,offer_extended,2024-04-08,6
EVT-013472,APP-01975,offer_accepted,2024-04-13,5
EVT-013473,APP-01975,background_check,2024-04-15,2
EVT-013474,APP-01976,screened,2024-07-19,0
EVT-013475,APP-01976,submitted,2024-07-21,2
EVT-013476,APP-01976,client_interview_1,2024-08-06,16
EVT-013477,APP-01976,offer_extended,2024-08-22,16
EVT-013478,APP-01976,offer_accepted,2024-08-27,5
EVT-013479,APP-01976,background_check,2024-09-04,8
EVT-013480,APP-01977,screened,2024-10-21,0
EVT-013481,APP-01977,submitted,2024-10-24,3
EVT-013482,APP-01977,client_interview_1,2024-10-26,2
EVT-013483,APP-01977,offer_extended,2024-11-13,18
EVT-013484,APP-01977,offer_accepted,2024-11-17,4
EVT-013485,APP-01977,background_check,2024-11-25,8
EVT-013486,APP-01977,onboarding_docs_sent,2024-11-27,2
EVT-013487,APP-01977,start_date,2024-11-30,3
EVT-013488,APP-01978,screened,2025-03-22,0
EVT-013489,APP-01978,client_interview_1,2025-03-22,0
EVT-013490,APP-01978,submitted,2025-03-25,3
EVT-013491,APP-01978,offer_extended,2025-04-02,8
EVT-013492,APP-01978,offer_accepted,2025-04-08,6
EVT-013493,APP-01978,background_check,2025-04-12,4
EVT-013494,APP-01978,onboarding_docs_sent,2025-04-23,11
EVT-013495,APP-01978,start_date,2025-04-29,6
EVT-013496,APP-01979,screened,2025-01-30,0
EVT-013497,APP-01979,submitted,2025-02-03,4
EVT-013498,APP-01979,client_interview_1,2025-02-07,4
EVT-013499,APP-01979,client_interview_2,2025-02-11,4
EVT-013500,APP-01979,offer_extended,2025-02-14,3
EVT-013501,APP-01979,offer_accepted,2025-02-18,4
EVT-013502,APP-01979,background_check,2025-02-24,6
EVT-013503,APP-01979,start_date,2025-04-03,38
EVT-013504,APP-01980,screened,2024-04-23,0
EVT-013505,APP-01980,submitted,2024-04-27,4
EVT-013506,APP-01980,client_interview_1,2024-05-10,13
EVT-013507,APP-01980,client_interview_2,2024-05-13,3
EVT-013508,APP-01980,offer_extended,2024-05-21,8
EVT-013509,APP-01980,offer_accepted,2024-05-24,3
EVT-013510,APP-01980,background_check,2024-05-29,5
EVT-013511,APP-01980,onboarding_docs_sent,2024-06-04,6
EVT-013512,APP-01980,start_date,2024-06-07,3
EVT-013513,APP-01981,screened,2025-02-06,0
EVT-013514,APP-01981,submitted,2025-02-08,2
EVT-013515,APP-01981,client_interview_1,2025-02-23,15
EVT-013516,APP-01981,client_interview_2,2025-02-26,3
EVT-013517,APP-01981,offer_extended,2025-03-13,15
EVT-013518,APP-01981,offer_accepted,2025-03-14,1
EVT-013519,APP-01981,background_check,2025-03-18,4
EVT-013520,APP-01982,screened,2024-05-23,0
EVT-013521,APP-01982,submitted,2024-05-26,3
EVT-013522,APP-01982,client_interview_1,2024-06-05,10
EVT-013523,APP-01982,offer_extended,2024-06-12,7
EVT-013524,APP-01982,offer_accepted,2024-06-12,0
EVT-013525,APP-01982,background_check,2024-06-17,5
EVT-013526,APP-01983,screened,2024-02-13,0
EVT-013527,APP-01983,submitted,2024-02-15,2
EVT-013528,APP-01983,client_interview_1,2024-02-25,10
EVT-013529,APP-01983,client_interview_2,2024-03-01,5
EVT-013530,APP-01983,offer_extended,2024-03-09,8
EVT-013531,APP-01983,offer_accepted,2024-03-09,0
EVT-013532,APP-01983,background_check,2024-03-12,3
EVT-013533,APP-01983,start_date,2024-04-14,33
EVT-013534,APP-01984,screened,2024-03-23,0
EVT-013535,APP-01984,submitted,2024-03-26,3
EVT-013536,APP-01984,client_interview_1,2024-03-30,4
EVT-013537,APP-01984,offer_extended,2024-04-12,13
EVT-013538,APP-01984,offer_accepted,2024-04-17,5
EVT-013539,APP-01984,onboarding_docs_sent,2024-05-13,26
EVT-013540,APP-01984,start_date,2024-05-17,4
EVT-013541,APP-01985,screened,2024-04-20,0
EVT-013542,APP-01985,submitted,2024-04-22,2
EVT-013543,APP-01985,client_interview_1,2024-04-26,4
EVT-013544,APP-01985,offer_extended,2024-04-28,2
EVT-013545,APP-01985,offer_accepted,2024-04-28,0
EVT-013546,APP-01985,background_check,2024-05-03,5
EVT-013547,APP-01985,onboarding_docs_sent,2024-05-10,7
EVT-013548,APP-01985,start_date,2024-05-13,3
EVT-013549,APP-01986,screened,2024-07-14,0
EVT-013550,APP-01986,client_interview_1,2024-07-15,1
EVT-013551,APP-01986,submitted,2024-07-17,2
EVT-013552,APP-01986,offer_extended,2024-07-30,13
EVT-013553,APP-01986,offer_accepted,2024-08-02,3
EVT-013554,APP-01986,background_check,2024-08-07,5
EVT-013555,APP-01986,onboarding_docs_sent,2024-08-10,3
EVT-013556,APP-01986,start_date,2024-09-08,29
EVT-013557,APP-01987,screened,2024-10-27,0
EVT-013558,APP-01987,submitted,2024-10-28,1
EVT-013559,APP-01987,client_interview_1,2024-10-28,0
EVT-013560,APP-01987,offer_extended,2024-11-10,13
EVT-013561,APP-01987,offer_accepted,2024-11-13,3
EVT-013562,APP-01987,background_check,2024-11-20,7
EVT-013563,APP-01987,onboarding_docs_sent,2024-11-24,4
EVT-013564,APP-01987,start_date,2024-11-26,2
EVT-013565,APP-01988,screened,2024-07-24,0
EVT-013566,APP-01988,client_interview_1,2024-07-26,2
EVT-013567,APP-01988,submitted,2024-07-27,1
EVT-013568,APP-01988,client_interview_2,2024-07-31,4
EVT-013569,APP-01988,offer_extended,2024-08-04,4
EVT-013570,APP-01989,screened,2024-09-07,0
EVT-013571,APP-01989,submitted,2024-09-10,3
EVT-013572,APP-01989,client_interview_1,2024-09-16,6
EVT-013573,APP-01989,client_interview_2,2024-09-23,7
EVT-013574,APP-01989,offer_extended,2024-09-30,7
EVT-013575,APP-01989,offer_accepted,2024-10-06,6
EVT-013576,APP-01989,start_date,2024-10-09,3
EVT-013577,APP-01990,screened,2025-01-25,0
EVT-013578,APP-01990,submitted,2025-01-27,2
EVT-013579,APP-01990,client_interview_1,2025-02-03,7
EVT-013580,APP-01990,offer_extended,2025-02-17,14
EVT-013581,APP-01991,screened,2024-04-19,0
EVT-013582,APP-01991,submitted,2024-04-22,3
EVT-013583,APP-01991,client_interview_1,2024-05-05,13
EVT-013584,APP-01991,client_interview_2,2024-05-10,5
EVT-013585,APP-01991,offer_extended,2024-05-18,8
EVT-013586,APP-01991,offer_accepted,2024-05-18,0
EVT-013587,APP-01991,background_check,2024-05-26,8
EVT-013588,APP-01991,start_date,2024-05-29,3
EVT-013589,APP-01992,screened,2025-05-06,0
EVT-013590,APP-01992,submitted,2025-05-07,1
EVT-013591,APP-01992,client_interview_1,2025-05-10,3
EVT-013592,APP-01992,offer_extended,2025-05-19,9
EVT-013593,APP-01992,offer_accepted,2025-05-24,5
EVT-013594,APP-01993,screened,2025-02-22,0
EVT-013595,APP-01993,submitted,2025-02-25,3
EVT-013596,APP-01993,client_interview_1,2025-03-04,7
EVT-013597,APP-01993,offer_extended,2025-03-15,11
EVT-013598,APP-01994,screened,2024-02-15,0
EVT-013599,APP-01994,submitted,2024-02-16,1
EVT-013600,APP-01994,client_interview_1,2024-02-23,7
EVT-013601,APP-01994,client_interview_2,2024-03-01,7
EVT-013602,APP-01994,offer_extended,2024-03-05,4
EVT-013603,APP-01994,offer_accepted,2024-03-05,0
EVT-013604,APP-01994,background_check,2024-03-11,6
EVT-013605,APP-01994,onboarding_docs_sent,2024-04-04,24
EVT-013606,APP-01994,start_date,2024-04-07,3
EVT-013607,APP-01995,screened,2024-12-04,0
EVT-013608,APP-01995,submitted,2024-12-08,4
EVT-013609,APP-01995,client_interview_1,2024-12-20,12
EVT-013610,APP-01995,offer_extended,2024-12-23,3
EVT-013611,APP-01995,offer_accepted,2024-12-26,3
EVT-013612,APP-01995,background_check,2025-01-02,7
EVT-013613,APP-01995,start_date,2025-01-24,22
EVT-013614,APP-01996,screened,2025-04-18,0
EVT-013615,APP-01996,submitted,2025-04-21,3
EVT-013616,APP-01996,client_interview_1,2025-04-22,1
EVT-013617,APP-01996,offer_extended,2025-05-09,17
EVT-013618,APP-01996,offer_accepted,2025-05-11,2
EVT-013619,APP-01996,background_check,2025-05-19,8
EVT-013620,APP-01996,onboarding_docs_sent,2025-05-24,5
EVT-013621,APP-01996,start_date,2025-06-04,11
EVT-013622,APP-01997,screened,2024-04-21,0
EVT-013623,APP-01997,submitted,2024-04-24,3
EVT-013624,APP-01997,client_interview_1,2024-04-27,3
EVT-013625,APP-01997,offer_extended,2024-05-08,11
EVT-013626,APP-01997,offer_accepted,2024-05-13,5
EVT-013627,APP-01997,background_check,2024-05-15,2
EVT-013628,APP-01997,start_date,2024-05-22,7
EVT-013629,APP-01998,screened,2025-03-05,0
EVT-013630,APP-01998,submitted,2025-03-08,3
EVT-013631,APP-01998,client_interview_1,2025-03-14,6
EVT-013632,APP-01998,offer_extended,2025-03-18,4
EVT-013633,APP-01998,offer_accepted,2025-03-24,6
EVT-013634,APP-01998,background_check,2025-03-28,4
EVT-013635,APP-01998,onboarding_docs_sent,2025-04-08,11
EVT-013636,APP-01998,start_date,2025-04-12,4
EVT-013637,APP-01999,screened,2024-02-18,0
EVT-013638,APP-01999,submitted,2024-02-22,4
EVT-013639,APP-01999,client_interview_1,2024-03-05,12
EVT-013640,APP-01999,offer_extended,2024-03-07,2
EVT-013641,APP-01999,offer_accepted,2024-03-08,1
EVT-013642,APP-01999,background_check,2024-03-13,5
EVT-013643,APP-01999,onboarding_docs_sent,2024-03-22,9
EVT-013644,APP-01999,start_date,2024-03-28,6
EVT-013645,APP-02000,screened,2024-12-09,0
EVT-013646,APP-02000,submitted,2024-12-11,2
EVT-013647,APP-02000,client_interview_1,2024-12-20,9
EVT-013648,APP-02000,client_interview_2,2024-12-28,8
EVT-013649,APP-02000,offer_extended,2025-01-05,8
EVT-013650,APP-02000,offer_accepted,2025-01-06,1
EVT-013651,APP-02000,background_check,2025-01-14,8
EVT-013652,APP-02000,start_date,2025-02-09,26
EVT-013653,APP-02001,screened,2024-07-29,0
EVT-013654,APP-02001,submitted,2024-08-01,3
EVT-013655,APP-02001,client_interview_1,2024-08-11,10
EVT-013656,APP-02001,client_interview_2,2024-08-19,8
EVT-013657,APP-02001,offer_extended,2024-08-23,4
EVT-013658,APP-02001,offer_accepted,2024-08-26,3
EVT-013659,APP-02001,start_date,2024-10-06,41
EVT-013660,APP-02002,screened,2024-10-25,0
EVT-013661,APP-02002,client_interview_1,2024-10-27,2
EVT-013662,APP-02002,submitted,2024-10-29,2
EVT-013663,APP-02002,client_interview_2,2024-11-03,5
EVT-013664,APP-02002,offer_extended,2024-11-05,2
EVT-013665,APP-02002,offer_accepted,2024-11-08,3
EVT-013666,APP-02002,background_check,2024-11-10,2
EVT-013667,APP-02003,screened,2025-03-01,0
EVT-013668,APP-02003,submitted,2025-03-02,1
EVT-013669,APP-02003,client_interview_1,2025-03-13,11
EVT-013670,APP-02003,offer_extended,2025-03-22,9
EVT-013671,APP-02003,offer_accepted,2025-03-25,3
EVT-013672,APP-02003,background_check,2025-03-27,2
EVT-013673,APP-02003,onboarding_docs_sent,2025-04-13,17
EVT-013674,APP-02003,start_date,2025-04-18,5
EVT-013675,APP-02004,screened,2024-12-03,0
EVT-013676,APP-02004,submitted,2024-12-04,1
EVT-013677,APP-02004,client_interview_1,2024-12-16,12
EVT-013678,APP-02004,offer_extended,2024-12-31,15
EVT-013679,APP-02004,offer_accepted,2025-01-02,2
EVT-013680,APP-02004,background_check,2025-01-07,5
EVT-013681,APP-02004,onboarding_docs_sent,2025-01-17,10
EVT-013682,APP-02004,start_date,2025-01-23,6
EVT-013683,APP-02005,screened,2024-06-18,0
EVT-013684,APP-02005,submitted,2024-06-21,3
EVT-013685,APP-02005,client_interview_1,2024-06-22,1
EVT-013686,APP-02005,client_interview_2,2024-06-29,7
EVT-013687,APP-02005,offer_extended,2024-07-10,11
EVT-013688,APP-02005,offer_accepted,2024-07-12,2
EVT-013689,APP-02005,background_check,2024-07-19,7
EVT-013690,APP-02005,start_date,2024-08-06,18
EVT-013691,APP-02006,screened,2024-07-23,0
EVT-013692,APP-02006,client_interview_1,2024-07-23,0
EVT-013693,APP-02006,submitted,2024-07-26,3
EVT-013694,APP-02006,client_interview_2,2024-07-31,5
EVT-013695,APP-02006,offer_extended,2024-08-10,10
EVT-013696,APP-02007,screened,2025-05-20,0
EVT-013697,APP-02007,submitted,2025-05-21,1
EVT-013698,APP-02007,client_interview_1,2025-05-30,9
EVT-013699,APP-02007,client_interview_2,2025-06-07,8
EVT-013700,APP-02007,offer_extended,2025-06-12,5
EVT-013701,APP-02007,offer_accepted,2025-06-15,3
EVT-013702,APP-02007,background_check,2025-06-19,4
EVT-013703,APP-02008,screened,2024-12-02,0
EVT-013704,APP-02008,submitted,2024-12-06,4
EVT-013705,APP-02008,client_interview_1,2024-12-21,15
EVT-013706,APP-02008,offer_extended,2025-01-08,18
EVT-013707,APP-02008,offer_accepted,2025-01-09,1
EVT-013708,APP-02008,background_check,2025-01-15,6
EVT-013709,APP-02009,screened,2025-03-01,0
EVT-013710,APP-02009,submitted,2025-03-03,2
EVT-013711,APP-02009,client_interview_1,2025-03-06,3
EVT-013712,APP-02009,offer_extended,2025-03-12,6
EVT-013713,APP-02010,screened,2024-11-16,0
EVT-013714,APP-02010,client_interview_1,2024-11-18,2
EVT-013715,APP-02010,submitted,2024-11-19,1
EVT-013716,APP-02010,client_interview_2,2024-11-20,1
EVT-013717,APP-02010,offer_extended,2024-12-06,16
EVT-013718,APP-02010,offer_accepted,2024-12-09,3
EVT-013719,APP-02010,background_check,2024-12-10,1
EVT-013720,APP-02011,screened,2025-07-14,0
EVT-013721,APP-02011,submitted,2025-07-17,3
EVT-013722,APP-02011,client_interview_1,2025-07-17,0
EVT-013723,APP-02011,offer_extended,2025-07-31,14
EVT-013724,APP-02011,offer_accepted,2025-08-03,3
EVT-013725,APP-02011,background_check,2025-08-09,6
EVT-013726,APP-02011,start_date,2025-09-03,25
EVT-013727,APP-02012,screened,2024-10-13,0
EVT-013728,APP-02012,submitted,2024-10-15,2
EVT-013729,APP-02012,client_interview_1,2024-10-31,16
EVT-013730,APP-02012,client_interview_2,2024-11-08,8
EVT-013731,APP-02012,offer_extended,2024-11-17,9
EVT-013732,APP-02012,offer_accepted,2024-11-20,3
EVT-013733,APP-02012,onboarding_docs_sent,2024-11-25,5
EVT-013734,APP-02012,start_date,2024-11-27,2
EVT-013735,APP-02013,screened,2024-04-22,0
EVT-013736,APP-02013,submitted,2024-04-23,1
EVT-013737,APP-02013,client_interview_1,2024-04-26,3
EVT-013738,APP-02013,client_interview_2,2024-05-05,9
EVT-013739,APP-02013,offer_extended,2024-05-12,7
EVT-013740,APP-02013,offer_accepted,2024-05-12,0
EVT-013741,APP-02013,background_check,2024-05-19,7
EVT-013742,APP-02013,onboarding_docs_sent,2024-05-24,5
EVT-013743,APP-02013,start_date,2024-06-22,29
EVT-013744,APP-02014,screened,2025-03-15,0
EVT-013745,APP-02014,submitted,2025-03-19,4
EVT-013746,APP-02014,client_interview_1,2025-03-29,10
EVT-013747,APP-02014,client_interview_2,2025-04-07,9
EVT-013748,APP-02014,offer_extended,2025-04-14,7
EVT-013749,APP-02014,offer_accepted,2025-04-14,0
EVT-013750,APP-02014,background_check,2025-04-18,4
EVT-013751,APP-02015,screened,2024-02-22,0
EVT-013752,APP-02015,client_interview_1,2024-02-22,0
EVT-013753,APP-02015,submitted,2024-02-23,1
EVT-013754,APP-02015,client_interview_2,2024-02-26,3
EVT-013755,APP-02015,offer_extended,2024-03-10,13
EVT-013756,APP-02015,offer_accepted,2024-03-11,1
EVT-013757,APP-02015,background_check,2024-03-13,2
EVT-013758,APP-02015,onboarding_docs_sent,2024-04-12,30
EVT-013759,APP-02015,start_date,2024-05-05,23
EVT-013760,APP-02016,screened,2024-07-06,0
EVT-013761,APP-02016,submitted,2024-07-10,4
EVT-013762,APP-02016,client_interview_1,2024-07-26,16
EVT-013763,APP-02016,offer_extended,2024-08-01,6
EVT-013764,APP-02016,offer_accepted,2024-08-04,3
EVT-013765,APP-02016,background_check,2024-08-10,6
EVT-013766,APP-02017,screened,2025-01-04,0
EVT-013767,APP-02017,client_interview_1,2025-01-04,0
EVT-013768,APP-02017,submitted,2025-01-06,2
EVT-013769,APP-02017,client_interview_2,2025-01-07,1
EVT-013770,APP-02017,offer_extended,2025-01-19,12
EVT-013771,APP-02017,offer_accepted,2025-01-25,6
EVT-013772,APP-02017,background_check,2025-01-31,6
EVT-013773,APP-02017,onboarding_docs_sent,2025-02-02,2
EVT-013774,APP-02017,start_date,2025-02-08,6
EVT-013775,APP-02018,screened,2024-04-25,0
EVT-013776,APP-02018,submitted,2024-04-29,4
EVT-013777,APP-02018,client_interview_1,2024-05-15,16
EVT-013778,APP-02018,client_interview_2,2024-05-23,8
EVT-013779,APP-02018,offer_extended,2024-05-24,1
EVT-013780,APP-02018,offer_accepted,2024-05-24,0
EVT-013781,APP-02018,background_check,2024-05-31,7
EVT-013782,APP-02018,start_date,2024-06-24,24
EVT-013783,APP-02019,screened,2024-07-25,0
EVT-013784,APP-02019,submitted,2024-07-28,3
EVT-013785,APP-02019,client_interview_1,2024-08-06,9
EVT-013786,APP-02019,client_interview_2,2024-08-12,6
EVT-013787,APP-02019,offer_extended,2024-08-19,7
EVT-013788,APP-02019,offer_accepted,2024-08-25,6
EVT-013789,APP-02019,background_check,2024-09-01,7
EVT-013790,APP-02019,start_date,2024-09-17,16
EVT-013791,APP-02020,screened,2024-05-04,0
EVT-013792,APP-02020,submitted,2024-05-06,2
EVT-013793,APP-02020,client_interview_1,2024-05-15,9
EVT-013794,APP-02020,offer_extended,2024-05-31,16
EVT-013795,APP-02021,screened,2024-05-03,0
EVT-013796,APP-02021,submitted,2024-05-07,4
EVT-013797,APP-02021,client_interview_1,2024-05-13,6
EVT-013798,APP-02021,offer_extended,2024-05-16,3
EVT-013799,APP-02021,offer_accepted,2024-05-21,5
EVT-013800,APP-02021,background_check,2024-05-26,5
EVT-013801,APP-02021,onboarding_docs_sent,2024-05-27,1
EVT-013802,APP-02021,start_date,2024-05-29,2
EVT-013803,APP-02022,screened,2024-09-19,0
EVT-013804,APP-02022,submitted,2024-09-21,2
EVT-013805,APP-02022,client_interview_1,2024-09-30,9
EVT-013806,APP-02022,offer_extended,2024-10-09,9
EVT-013807,APP-02023,screened,2025-01-24,0
EVT-013808,APP-02023,submitted,2025-01-25,1
EVT-013809,APP-02023,client_interview_1,2025-01-30,5
EVT-013810,APP-02023,client_interview_2,2025-02-03,4
EVT-013811,APP-02023,offer_extended,2025-02-17,14
EVT-013812,APP-02023,offer_accepted,2025-02-17,0
EVT-013813,APP-02023,background_check,2025-02-25,8
EVT-013814,APP-02023,start_date,2025-03-12,15
EVT-013815,APP-02024,screened,2025-01-29,0
EVT-013816,APP-02024,submitted,2025-01-31,2
EVT-013817,APP-02024,client_interview_1,2025-02-14,14
EVT-013818,APP-02024,offer_extended,2025-02-25,11
EVT-013819,APP-02024,offer_accepted,2025-02-25,0
EVT-013820,APP-02024,background_check,2025-03-03,6
EVT-013821,APP-02025,screened,2025-03-19,0
EVT-013822,APP-02025,submitted,2025-03-21,2
EVT-013823,APP-02025,client_interview_1,2025-04-04,14
EVT-013824,APP-02025,client_interview_2,2025-04-08,4
EVT-013825,APP-02025,offer_extended,2025-04-11,3
EVT-013826,APP-02025,offer_accepted,2025-04-15,4
EVT-013827,APP-02025,start_date,2025-05-05,20
EVT-013828,APP-02026,screened,2024-09-29,0
EVT-013829,APP-02026,client_interview_1,2024-10-01,2
EVT-013830,APP-02026,submitted,2024-10-02,1
EVT-013831,APP-02026,offer_extended,2024-10-17,15
EVT-013832,APP-02026,offer_accepted,2024-10-18,1
EVT-013833,APP-02026,background_check,2024-10-23,5
EVT-013834,APP-02027,screened,2024-03-30,0
EVT-013835,APP-02027,submitted,2024-03-31,1
EVT-013836,APP-02027,client_interview_1,2024-04-03,3
EVT-013837,APP-02027,offer_extended,2024-04-18,15
EVT-013838,APP-02027,offer_accepted,2024-04-22,4
EVT-013839,APP-02027,start_date,2024-04-28,6
EVT-013840,APP-02028,screened,2025-03-08,0
EVT-013841,APP-02028,submitted,2025-03-11,3
EVT-013842,APP-02028,client_interview_1,2025-03-12,1
EVT-013843,APP-02028,client_interview_2,2025-03-14,2
EVT-013844,APP-02028,offer_extended,2025-03-19,5
EVT-013845,APP-02028,offer_accepted,2025-03-25,6
EVT-013846,APP-02028,background_check,2025-04-02,8
EVT-013847,APP-02029,screened,2025-01-10,0
EVT-013848,APP-02029,submitted,2025-01-12,2
EVT-013849,APP-02029,client_interview_1,2025-01-16,4
EVT-013850,APP-02029,offer_extended,2025-02-01,16
EVT-013851,APP-02029,offer_accepted,2025-02-01,0
EVT-013852,APP-02029,background_check,2025-02-08,7
EVT-013853,APP-02030,screened,2024-12-30,0
EVT-013854,APP-02030,submitted,2025-01-01,2
EVT-013855,APP-02030,client_interview_1,2025-01-09,8
EVT-013856,APP-02030,client_interview_2,2025-01-16,7
EVT-013857,APP-02030,offer_extended,2025-01-19,3
EVT-013858,APP-02030,offer_accepted,2025-01-21,2
EVT-013859,APP-02030,onboarding_docs_sent,2025-02-03,13
EVT-013860,APP-02030,start_date,2025-02-04,1
EVT-013861,APP-02031,screened,2024-05-09,0
EVT-013862,APP-02031,submitted,2024-05-13,4
EVT-013863,APP-02031,client_interview_1,2024-05-28,15
EVT-013864,APP-02031,offer_extended,2024-06-14,17
EVT-013865,APP-02031,offer_accepted,2024-06-14,0
EVT-013866,APP-02031,onboarding_docs_sent,2024-06-21,7
EVT-013867,APP-02031,background_check,2024-06-22,1
EVT-013868,APP-02031,start_date,2024-06-26,4
EVT-013869,APP-02032,screened,2024-10-24,0
EVT-013870,APP-02032,submitted,2024-10-27,3
EVT-013871,APP-02032,client_interview_1,2024-11-07,11
EVT-013872,APP-02032,offer_extended,2024-11-15,8
EVT-013873,APP-02032,offer_accepted,2024-11-18,3
EVT-013874,APP-02032,onboarding_docs_sent,2024-12-11,23
EVT-013875,APP-02032,start_date,2024-12-13,2
EVT-013876,APP-02033,screened,2025-02-06,0
EVT-013877,APP-02033,submitted,2025-02-07,1
EVT-013878,APP-02033,client_interview_1,2025-02-15,8
EVT-013879,APP-02033,offer_extended,2025-03-03,16
EVT-013880,APP-02033,offer_accepted,2025-03-06,3
EVT-013881,APP-02033,background_check,2025-03-10,4
EVT-013882,APP-02033,onboarding_docs_sent,2025-03-30,20
EVT-013883,APP-02034,screened,2024-06-16,0
EVT-013884,APP-02034,submitted,2024-06-18,2
EVT-013885,APP-02034,client_interview_1,2024-06-25,7
EVT-013886,APP-02034,client_interview_2,2024-06-28,3
EVT-013887,APP-02034,offer_extended,2024-07-09,11
EVT-013888,APP-02034,offer_accepted,2024-07-11,2
EVT-013889,APP-02034,background_check,2024-07-14,3
EVT-013890,APP-02035,screened,2024-07-04,0
EVT-013891,APP-02035,submitted,2024-07-07,3
EVT-013892,APP-02035,client_interview_1,2024-07-21,14
EVT-013893,APP-02035,offer_extended,2024-08-06,16
EVT-013894,APP-02035,offer_accepted,2024-08-12,6
EVT-013895,APP-02035,background_check,2024-08-16,4
EVT-013896,APP-02035,onboarding_docs_sent,2024-08-21,5
EVT-013897,APP-02035,start_date,2024-08-27,6
EVT-013898,APP-02036,screened,2025-02-21,0
EVT-013899,APP-02036,submitted,2025-02-24,3
EVT-013900,APP-02036,client_interview_1,2025-03-11,15
EVT-013901,APP-02036,offer_extended,2025-03-17,6
EVT-013902,APP-02036,offer_accepted,2025-03-17,0
EVT-013903,APP-02036,background_check,2025-03-22,5
EVT-013904,APP-02036,start_date,2025-04-08,17
EVT-013905,APP-02037,screened,2024-12-11,0
EVT-013906,APP-02037,submitted,2024-12-14,3
EVT-013907,APP-02037,client_interview_1,2024-12-17,3
EVT-013908,APP-02037,offer_extended,2024-12-25,8
EVT-013909,APP-02038,screened,2024-06-22,0
EVT-013910,APP-02038,submitted,2024-06-23,1
EVT-013911,APP-02038,client_interview_1,2024-07-07,14
EVT-013912,APP-02038,offer_extended,2024-07-18,11
EVT-013913,APP-02038,offer_accepted,2024-07-22,4
EVT-013914,APP-02038,background_check,2024-07-23,1
EVT-013915,APP-02038,start_date,2024-08-06,14
EVT-013916,APP-02039,screened,2024-08-30,0
EVT-013917,APP-02039,submitted,2024-08-31,1
EVT-013918,APP-02039,client_interview_1,2024-09-02,2
EVT-013919,APP-02039,client_interview_2,2024-09-04,2
EVT-013920,APP-02039,offer_extended,2024-09-12,8
EVT-013921,APP-02039,offer_accepted,2024-09-13,1
EVT-013922,APP-02039,background_check,2024-09-17,4
EVT-013923,APP-02040,screened,2024-07-15,0
EVT-013924,APP-02040,submitted,2024-07-19,4
EVT-013925,APP-02040,client_interview_1,2024-07-19,0
EVT-013926,APP-02040,client_interview_2,2024-07-28,9
EVT-013927,APP-02040,offer_extended,2024-08-04,7
EVT-013928,APP-02041,screened,2024-07-23,0
EVT-013929,APP-02041,submitted,2024-07-26,3
EVT-013930,APP-02041,client_interview_1,2024-07-27,1
EVT-013931,APP-02041,client_interview_2,2024-08-04,8
EVT-013932,APP-02041,offer_extended,2024-08-05,1
EVT-013933,APP-02041,offer_accepted,2024-08-06,1
EVT-013934,APP-02041,background_check,2024-08-10,4
EVT-013935,APP-02042,screened,2025-01-10,0
EVT-013936,APP-02042,submitted,2025-01-13,3
EVT-013937,APP-02042,client_interview_1,2025-01-21,8
EVT-013938,APP-02042,offer_extended,2025-02-05,15
EVT-013939,APP-02042,offer_accepted,2025-02-05,0
EVT-013940,APP-02042,background_check,2025-02-10,5
EVT-013941,APP-02042,onboarding_docs_sent,2025-02-19,9
EVT-013942,APP-02042,start_date,2025-03-02,11
EVT-013943,APP-02043,screened,2025-05-25,0
EVT-013944,APP-02043,submitted,2025-05-28,3
EVT-013945,APP-02043,client_interview_1,2025-05-29,1
EVT-013946,APP-02043,offer_extended,2025-06-10,12
EVT-013947,APP-02044,screened,2025-04-23,0
EVT-013948,APP-02044,submitted,2025-04-26,3
EVT-013949,APP-02044,client_interview_1,2025-04-27,1
EVT-013950,APP-02044,client_interview_2,2025-05-06,9
EVT-013951,APP-02044,offer_extended,2025-05-08,2
EVT-013952,APP-02044,offer_accepted,2025-05-10,2
EVT-013953,APP-02044,onboarding_docs_sent,2025-05-13,3
EVT-013954,APP-02044,background_check,2025-05-18,5
EVT-013955,APP-02044,start_date,2025-06-11,24
EVT-013956,APP-02045,screened,2024-04-19,0
EVT-013957,APP-02045,submitted,2024-04-22,3
EVT-013958,APP-02045,client_interview_1,2024-04-22,0
EVT-013959,APP-02045,client_interview_2,2024-04-29,7
EVT-013960,APP-02045,offer_extended,2024-05-03,4
EVT-013961,APP-02045,offer_accepted,2024-05-08,5
EVT-013962,APP-02045,background_check,2024-05-09,1
EVT-013963,APP-02045,start_date,2024-06-02,24
EVT-013964,APP-02046,screened,2025-05-27,0
EVT-013965,APP-02046,submitted,2025-05-28,1
EVT-013966,APP-02046,client_interview_1,2025-05-29,1
EVT-013967,APP-02046,offer_extended,2025-06-06,8
EVT-013968,APP-02046,offer_accepted,2025-06-10,4
EVT-013969,APP-02046,background_check,2025-06-12,2
EVT-013970,APP-02046,onboarding_docs_sent,2025-07-08,26
EVT-013971,APP-02046,start_date,2025-07-12,4
EVT-013972,APP-02047,screened,2025-01-05,0
EVT-013973,APP-02047,submitted,2025-01-08,3
EVT-013974,APP-02047,client_interview_1,2025-01-24,16
EVT-013975,APP-02047,client_interview_2,2025-02-01,8
EVT-013976,APP-02047,offer_extended,2025-02-08,7
EVT-013977,APP-02047,offer_accepted,2025-02-13,5
EVT-013978,APP-02047,background_check,2025-02-15,2
EVT-013979,APP-02047,start_date,2025-02-28,13
EVT-013980,APP-02048,screened,2025-03-11,0
EVT-013981,APP-02048,submitted,2025-03-15,4
EVT-013982,APP-02048,client_interview_1,2025-03-17,2
EVT-013983,APP-02048,offer_extended,2025-03-20,3
EVT-013984,APP-02048,offer_accepted,2025-03-24,4
EVT-013985,APP-02048,onboarding_docs_sent,2025-04-02,9
EVT-013986,APP-02048,start_date,2025-04-04,2
EVT-013987,APP-02049,screened,2025-03-02,0
EVT-013988,APP-02049,submitted,2025-03-03,1
EVT-013989,APP-02049,client_interview_1,2025-03-07,4
EVT-013990,APP-02049,client_interview_2,2025-03-14,7
EVT-013991,APP-02049,offer_extended,2025-03-17,3
EVT-013992,APP-02050,screened,2025-04-26,0
EVT-013993,APP-02050,submitted,2025-04-27,1
EVT-013994,APP-02050,client_interview_1,2025-04-28,1
EVT-013995,APP-02050,offer_extended,2025-05-02,4
EVT-013996,APP-02050,offer_accepted,2025-05-05,3
EVT-013997,APP-02050,background_check,2025-05-09,4
EVT-013998,APP-02050,onboarding_docs_sent,2025-05-28,19
EVT-013999,APP-02050,start_date,2025-06-02,5
EVT-014000,APP-02051,screened,2024-12-07,0
EVT-014001,APP-02051,submitted,2024-12-10,3
EVT-014002,APP-02051,client_interview_1,2024-12-27,17
EVT-014003,APP-02051,client_interview_2,2024-12-31,4
EVT-014004,APP-02051,offer_extended,2025-01-08,8
EVT-014005,APP-02051,offer_accepted,2025-01-11,3
EVT-014006,APP-02051,background_check,2025-01-15,4
EVT-014007,APP-02052,screened,2024-12-12,0
EVT-014008,APP-02052,submitted,2024-12-16,4
EVT-014009,APP-02052,client_interview_1,2024-12-21,5
EVT-014010,APP-02052,offer_extended,2025-01-01,11
EVT-014011,APP-02052,offer_accepted,2025-01-04,3
EVT-014012,APP-02052,background_check,2025-01-11,7
EVT-014013,APP-02052,onboarding_docs_sent,2025-01-14,3
EVT-014014,APP-02052,start_date,2025-01-25,11
EVT-014015,APP-02053,screened,2024-06-20,0
EVT-014016,APP-02053,submitted,2024-06-24,4
EVT-014017,APP-02053,client_interview_1,2024-06-30,6
EVT-014018,APP-02053,offer_extended,2024-07-14,14
EVT-014019,APP-02054,screened,2024-11-21,0
EVT-014020,APP-02054,submitted,2024-11-24,3
EVT-014021,APP-02054,client_interview_1,2024-12-04,10
EVT-014022,APP-02054,offer_extended,2024-12-07,3
EVT-014023,APP-02054,offer_accepted,2024-12-08,1
EVT-014024,APP-02054,background_check,2024-12-13,5
EVT-014025,APP-02054,onboarding_docs_sent,2024-12-24,11
EVT-014026,APP-02054,start_date,2024-12-29,5
EVT-014027,APP-02055,screened,2024-03-01,0
EVT-014028,APP-02055,submitted,2024-03-02,1
EVT-014029,APP-02055,client_interview_1,2024-03-22,20
EVT-014030,APP-02055,offer_extended,2024-03-26,4
EVT-014031,APP-02055,offer_accepted,2024-03-30,4
EVT-014032,APP-02055,background_check,2024-04-07,8
EVT-014033,APP-02055,start_date,2024-04-12,5
EVT-014034,APP-02056,screened,2024-12-26,0
EVT-014035,APP-02056,submitted,2024-12-30,4
EVT-014036,APP-02056,client_interview_1,2025-01-06,7
EVT-014037,APP-02056,offer_extended,2025-01-16,10
EVT-014038,APP-02056,offer_accepted,2025-01-22,6
EVT-014039,APP-02056,background_check,2025-01-29,7
EVT-014040,APP-02056,onboarding_docs_sent,2025-02-07,9
EVT-014041,APP-02056,start_date,2025-02-09,2
EVT-014042,APP-02057,screened,2025-04-18,0
EVT-014043,APP-02057,submitted,2025-04-19,1
EVT-014044,APP-02057,client_interview_1,2025-05-02,13
EVT-014045,APP-02057,offer_extended,2025-05-08,6
EVT-014046,APP-02058,screened,2024-09-23,0
EVT-014047,APP-02058,submitted,2024-09-27,4
EVT-014048,APP-02058,client_interview_1,2024-09-27,0
EVT-014049,APP-02058,client_interview_2,2024-10-01,4
EVT-014050,APP-02058,offer_extended,2024-10-14,13
EVT-014051,APP-02058,offer_accepted,2024-10-19,5
EVT-014052,APP-02058,background_check,2024-10-22,3
EVT-014053,APP-02059,screened,2025-05-02,0
EVT-014054,APP-02059,submitted,2025-05-05,3
EVT-014055,APP-02059,client_interview_1,2025-05-20,15
EVT-014056,APP-02059,client_interview_2,2025-05-23,3
EVT-014057,APP-02059,offer_extended,2025-06-02,10
EVT-014058,APP-02059,offer_accepted,2025-06-02,0
EVT-014059,APP-02059,background_check,2025-06-04,2
EVT-014060,APP-02059,start_date,2025-07-04,30
EVT-014061,APP-02060,screened,2024-10-29,0
EVT-014062,APP-02060,client_interview_1,2024-10-29,0
EVT-014063,APP-02060,submitted,2024-10-31,2
EVT-014064,APP-02060,offer_extended,2024-11-11,11
EVT-014065,APP-02060,offer_accepted,2024-11-13,2
EVT-014066,APP-02060,background_check,2024-11-15,2
EVT-014067,APP-02060,onboarding_docs_sent,2024-12-03,18
EVT-014068,APP-02060,start_date,2024-12-13,10
EVT-014069,APP-02061,screened,2024-03-27,0
EVT-014070,APP-02061,submitted,2024-03-29,2
EVT-014071,APP-02061,client_interview_1,2024-04-08,10
EVT-014072,APP-02061,client_interview_2,2024-04-15,7
EVT-014073,APP-02061,offer_extended,2024-04-21,6
EVT-014074,APP-02061,offer_accepted,2024-04-22,1
EVT-014075,APP-02062,screened,2025-04-11,0
EVT-014076,APP-02062,submitted,2025-04-15,4
EVT-014077,APP-02062,client_interview_1,2025-05-02,17
EVT-014078,APP-02062,offer_extended,2025-05-11,9
EVT-014079,APP-02062,offer_accepted,2025-05-17,6
EVT-014080,APP-02062,background_check,2025-05-25,8
EVT-014081,APP-02062,onboarding_docs_sent,2025-06-13,19
EVT-014082,APP-02062,start_date,2025-06-18,5
EVT-014083,APP-02063,screened,2025-02-13,0
EVT-014084,APP-02063,submitted,2025-02-16,3
EVT-014085,APP-02063,client_interview_1,2025-02-20,4
EVT-014086,APP-02063,client_interview_2,2025-02-23,3
EVT-014087,APP-02063,offer_extended,2025-02-26,3
EVT-014088,APP-02063,offer_accepted,2025-02-27,1
EVT-014089,APP-02063,onboarding_docs_sent,2025-03-04,5
EVT-014090,APP-02063,background_check,2025-03-05,1
EVT-014091,APP-02063,start_date,2025-03-11,6
EVT-014092,APP-02064,screened,2024-10-28,0
EVT-014093,APP-02064,client_interview_1,2024-10-29,1
EVT-014094,APP-02064,submitted,2024-11-01,3
EVT-014095,APP-02064,offer_extended,2024-11-07,6
EVT-014096,APP-02064,offer_accepted,2024-11-11,4
EVT-014097,APP-02064,background_check,2024-11-16,5
EVT-014098,APP-02065,screened,2024-07-10,0
EVT-014099,APP-02065,client_interview_1,2024-07-11,1
EVT-014100,APP-02065,submitted,2024-07-13,2
EVT-014101,APP-02065,offer_extended,2024-07-27,14
EVT-014102,APP-02065,offer_accepted,2024-07-31,4
EVT-014103,APP-02065,background_check,2024-08-05,5
EVT-014104,APP-02066,screened,2024-08-31,0
EVT-014105,APP-02066,submitted,2024-09-01,1
EVT-014106,APP-02066,client_interview_1,2024-09-15,14
EVT-014107,APP-02066,client_interview_2,2024-09-24,9
EVT-014108,APP-02066,offer_extended,2024-09-26,2
EVT-014109,APP-02066,offer_accepted,2024-10-01,5
EVT-014110,APP-02066,background_check,2024-10-09,8
EVT-014111,APP-02066,onboarding_docs_sent,2024-10-15,6
EVT-014112,APP-02066,start_date,2024-10-20,5
EVT-014113,APP-02067,screened,2025-06-18,0
EVT-014114,APP-02067,submitted,2025-06-19,1
EVT-014115,APP-02067,client_interview_1,2025-06-25,6
EVT-014116,APP-02067,offer_extended,2025-07-11,16
EVT-014117,APP-02067,offer_accepted,2025-07-13,2
EVT-014118,APP-02067,background_check,2025-07-21,8
EVT-014119,APP-02067,onboarding_docs_sent,2025-07-24,3
EVT-014120,APP-02067,start_date,2025-08-01,8
EVT-014121,APP-02068,screened,2024-05-03,0
EVT-014122,APP-02068,submitted,2024-05-07,4
EVT-014123,APP-02068,client_interview_1,2024-05-18,11
EVT-014124,APP-02068,offer_extended,2024-05-21,3
EVT-014125,APP-02068,offer_accepted,2024-05-25,4
EVT-014126,APP-02068,background_check,2024-05-27,2
EVT-014127,APP-02068,onboarding_docs_sent,2024-06-04,8
EVT-014128,APP-02068,start_date,2024-06-04,0
EVT-014129,APP-02069,screened,2024-03-26,0
EVT-014130,APP-02069,submitted,2024-03-29,3
EVT-014131,APP-02069,client_interview_1,2024-04-06,8
EVT-014132,APP-02069,offer_extended,2024-04-15,9
EVT-014133,APP-02069,offer_accepted,2024-04-15,0
EVT-014134,APP-02069,background_check,2024-04-22,7
EVT-014135,APP-02069,start_date,2024-05-06,14
EVT-014136,APP-02070,screened,2024-03-14,0
EVT-014137,APP-02070,submitted,2024-03-17,3
EVT-014138,APP-02070,client_interview_1,2024-03-27,10
EVT-014139,APP-02070,offer_extended,2024-03-30,3
EVT-014140,APP-02070,offer_accepted,2024-04-01,2
EVT-014141,APP-02070,background_check,2024-04-09,8
EVT-014142,APP-02070,onboarding_docs_sent,2024-04-09,0
EVT-014143,APP-02070,start_date,2024-04-29,20
EVT-014144,APP-02071,screened,2025-02-14,0
EVT-014145,APP-02071,submitted,2025-02-18,4
EVT-014146,APP-02071,client_interview_1,2025-02-22,4
EVT-014147,APP-02071,offer_extended,2025-02-28,6
EVT-014148,APP-02071,offer_accepted,2025-02-28,0
EVT-014149,APP-02071,background_check,2025-03-07,7
EVT-014150,APP-02071,onboarding_docs_sent,2025-03-19,12
EVT-014151,APP-02071,start_date,2025-03-30,11
EVT-014152,APP-02072,screened,2025-06-25,0
EVT-014153,APP-02072,submitted,2025-06-27,2
EVT-014154,APP-02072,client_interview_1,2025-06-28,1
EVT-014155,APP-02072,offer_extended,2025-07-04,6
EVT-014156,APP-02072,offer_accepted,2025-07-09,5
EVT-014157,APP-02072,background_check,2025-07-16,7
EVT-014158,APP-02072,start_date,2025-07-25,9
EVT-014159,APP-02073,screened,2024-06-22,0
EVT-014160,APP-02073,submitted,2024-06-25,3
EVT-014161,APP-02073,client_interview_1,2024-06-29,4
EVT-014162,APP-02073,client_interview_2,2024-07-06,7
EVT-014163,APP-02073,offer_extended,2024-07-09,3
EVT-014164,APP-02073,offer_accepted,2024-07-12,3
EVT-014165,APP-02073,background_check,2024-07-16,4
EVT-014166,APP-02073,onboarding_docs_sent,2024-08-12,27
EVT-014167,APP-02073,start_date,2024-08-13,1
EVT-014168,APP-02074,screened,2024-04-07,0
EVT-014169,APP-02074,submitted,2024-04-11,4
EVT-014170,APP-02074,client_interview_1,2024-04-18,7
EVT-014171,APP-02074,offer_extended,2024-05-02,14
EVT-014172,APP-02074,offer_accepted,2024-05-02,0
EVT-014173,APP-02074,background_check,2024-05-05,3
EVT-014174,APP-02074,onboarding_docs_sent,2024-05-18,13
EVT-014175,APP-02074,start_date,2024-05-23,5
EVT-014176,APP-02075,screened,2025-02-19,0
EVT-014177,APP-02075,client_interview_1,2025-02-20,1
EVT-014178,APP-02075,submitted,2025-02-23,3
EVT-014179,APP-02075,offer_extended,2025-02-26,3
EVT-014180,APP-02075,offer_accepted,2025-02-28,2
EVT-014181,APP-02075,background_check,2025-03-07,7
EVT-014182,APP-02076,screened,2024-11-27,0
EVT-014183,APP-02076,submitted,2024-11-28,1
EVT-014184,APP-02076,client_interview_1,2024-11-28,0
EVT-014185,APP-02076,client_interview_2,2024-12-08,10
EVT-014186,APP-02076,offer_extended,2024-12-12,4
EVT-014187,APP-02076,offer_accepted,2024-12-13,1
EVT-014188,APP-02076,background_check,2024-12-17,4
EVT-014189,APP-02076,onboarding_docs_sent,2024-12-20,3
EVT-014190,APP-02076,start_date,2024-12-23,3
EVT-014191,APP-02077,screened,2024-08-25,0
EVT-014192,APP-02077,submitted,2024-08-26,1
EVT-014193,APP-02077,client_interview_1,2024-08-30,4
EVT-014194,APP-02077,offer_extended,2024-09-14,15
EVT-014195,APP-02077,offer_accepted,2024-09-16,2
EVT-014196,APP-02077,onboarding_docs_sent,2024-09-20,4
EVT-014197,APP-02077,start_date,2024-09-25,5
EVT-014198,APP-02078,screened,2025-03-08,0
EVT-014199,APP-02078,submitted,2025-03-11,3
EVT-014200,APP-02078,client_interview_1,2025-03-15,4
EVT-014201,APP-02078,offer_extended,2025-03-18,3
EVT-014202,APP-02078,offer_accepted,2025-03-24,6
EVT-014203,APP-02078,background_check,2025-03-30,6
EVT-014204,APP-02078,start_date,2025-04-30,31
EVT-014205,APP-02079,screened,2024-04-29,0
EVT-014206,APP-02079,submitted,2024-05-01,2
EVT-014207,APP-02079,client_interview_1,2024-05-06,5
EVT-014208,APP-02079,offer_extended,2024-05-22,16
EVT-014209,APP-02079,offer_accepted,2024-05-28,6
EVT-014210,APP-02079,background_check,2024-05-30,2
EVT-014211,APP-02079,onboarding_docs_sent,2024-06-09,10
EVT-014212,APP-02079,start_date,2024-06-13,4
EVT-014213,APP-02080,screened,2024-06-19,0
EVT-014214,APP-02080,submitted,2024-06-21,2
EVT-014215,APP-02080,client_interview_1,2024-07-02,11
EVT-014216,APP-02080,offer_extended,2024-07-05,3
EVT-014217,APP-02080,offer_accepted,2024-07-05,0
EVT-014218,APP-02080,background_check,2024-07-07,2
EVT-014219,APP-02081,screened,2025-06-25,0
EVT-014220,APP-02081,submitted,2025-06-28,3
EVT-014221,APP-02081,client_interview_1,2025-07-10,12
EVT-014222,APP-02081,client_interview_2,2025-07-17,7
EVT-014223,APP-02081,offer_extended,2025-07-21,4
EVT-014224,APP-02082,screened,2025-02-08,0
EVT-014225,APP-02082,submitted,2025-02-12,4
EVT-014226,APP-02082,client_interview_1,2025-02-26,14
EVT-014227,APP-02082,client_interview_2,2025-03-06,8
EVT-014228,APP-02082,offer_extended,2025-03-09,3
EVT-014229,APP-02082,offer_accepted,2025-03-14,5
EVT-014230,APP-02082,background_check,2025-03-19,5
EVT-014231,APP-02083,screened,2025-04-25,0
EVT-014232,APP-02083,submitted,2025-04-28,3
EVT-014233,APP-02083,client_interview_1,2025-05-15,17
EVT-014234,APP-02083,offer_extended,2025-05-20,5
EVT-014235,APP-02083,offer_accepted,2025-05-25,5
EVT-014236,APP-02083,background_check,2025-05-26,1
EVT-014237,APP-02083,onboarding_docs_sent,2025-06-14,19
EVT-014238,APP-02083,start_date,2025-06-17,3
EVT-014239,APP-02084,screened,2024-03-17,0
EVT-014240,APP-02084,submitted,2024-03-18,1
EVT-014241,APP-02084,client_interview_1,2024-03-30,12
EVT-014242,APP-02084,offer_extended,2024-04-06,7
EVT-014243,APP-02085,screened,2025-07-16,0
EVT-014244,APP-02085,submitted,2025-07-18,2
EVT-014245,APP-02085,client_interview_1,2025-07-31,13
EVT-014246,APP-02085,offer_extended,2025-08-14,14
EVT-014247,APP-02085,offer_accepted,2025-08-14,0
EVT-014248,APP-02085,background_check,2025-08-18,4
EVT-014249,APP-02085,onboarding_docs_sent,2025-08-28,10
EVT-014250,APP-02085,start_date,2025-08-31,3
EVT-014251,APP-02086,screened,2025-03-22,0
EVT-014252,APP-02086,submitted,2025-03-23,1
EVT-014253,APP-02086,client_interview_1,2025-04-07,15
EVT-014254,APP-02086,offer_extended,2025-04-13,6
EVT-014255,APP-02086,offer_accepted,2025-04-19,6
EVT-014256,APP-02086,background_check,2025-04-27,8
EVT-014257,APP-02086,onboarding_docs_sent,2025-05-01,4
EVT-014258,APP-02086,start_date,2025-05-06,5
EVT-014259,APP-02087,screened,2025-05-22,0
EVT-014260,APP-02087,submitted,2025-05-26,4
EVT-014261,APP-02087,client_interview_1,2025-05-26,0
EVT-014262,APP-02087,client_interview_2,2025-06-05,10
EVT-014263,APP-02087,offer_extended,2025-06-08,3
EVT-014264,APP-02087,offer_accepted,2025-06-09,1
EVT-014265,APP-02087,background_check,2025-06-16,7
EVT-014266,APP-02088,screened,2024-06-09,0
EVT-014267,APP-02088,submitted,2024-06-12,3
EVT-014268,APP-02088,client_interview_1,2024-06-20,8
EVT-014269,APP-02088,offer_extended,2024-07-05,15
EVT-014270,APP-02088,offer_accepted,2024-07-05,0
EVT-014271,APP-02088,background_check,2024-07-11,6
EVT-014272,APP-02089,screened,2024-07-07,0
EVT-014273,APP-02089,submitted,2024-07-09,2
EVT-014274,APP-02089,client_interview_1,2024-07-26,17
EVT-014275,APP-02089,client_interview_2,2024-08-02,7
EVT-014276,APP-02089,offer_extended,2024-08-07,5
EVT-014277,APP-02089,offer_accepted,2024-08-09,2
EVT-014278,APP-02089,background_check,2024-08-12,3
EVT-014279,APP-02089,onboarding_docs_sent,2024-08-25,13
EVT-014280,APP-02089,start_date,2024-09-01,7
EVT-014281,APP-02090,screened,2024-05-30,0
EVT-014282,APP-02090,submitted,2024-06-01,2
EVT-014283,APP-02090,client_interview_1,2024-06-11,10
EVT-014284,APP-02090,client_interview_2,2024-06-21,10
EVT-014285,APP-02090,offer_extended,2024-06-27,6
EVT-014286,APP-02090,offer_accepted,2024-07-01,4
EVT-014287,APP-02090,onboarding_docs_sent,2024-07-03,2
EVT-014288,APP-02090,background_check,2024-07-07,4
EVT-014289,APP-02090,start_date,2024-07-08,1
EVT-014290,APP-02091,screened,2024-12-29,0
EVT-014291,APP-02091,submitted,2025-01-01,3
EVT-014292,APP-02091,client_interview_1,2025-01-18,17
EVT-014293,APP-02091,offer_extended,2025-02-01,14
EVT-014294,APP-02091,offer_accepted,2025-02-04,3
EVT-014295,APP-02091,background_check,2025-02-08,4
EVT-014296,APP-02091,onboarding_docs_sent,2025-03-01,21
EVT-014297,APP-02091,start_date,2025-03-18,17
EVT-014298,APP-02092,screened,2024-04-21,0
EVT-014299,APP-02092,submitted,2024-04-25,4
EVT-014300,APP-02092,client_interview_1,2024-04-27,2
EVT-014301,APP-02092,offer_extended,2024-05-06,9
EVT-014302,APP-02093,screened,2025-04-22,0
EVT-014303,APP-02093,client_interview_1,2025-04-22,0
EVT-014304,APP-02093,submitted,2025-04-26,4
EVT-014305,APP-02093,client_interview_2,2025-04-26,0
EVT-014306,APP-02093,offer_extended,2025-05-05,9
EVT-014307,APP-02093,offer_accepted,2025-05-10,5
EVT-014308,APP-02093,background_check,2025-05-18,8
EVT-014309,APP-02093,onboarding_docs_sent,2025-05-28,10
EVT-014310,APP-02094,screened,2025-03-15,0
EVT-014311,APP-02094,client_interview_1,2025-03-18,3
EVT-014312,APP-02094,submitted,2025-03-19,1
EVT-014313,APP-02094,offer_extended,2025-03-28,9
EVT-014314,APP-02094,offer_accepted,2025-03-29,1
EVT-014315,APP-02094,onboarding_docs_sent,2025-04-01,3
EVT-014316,APP-02094,background_check,2025-04-04,3
EVT-014317,APP-02094,start_date,2025-04-30,26
EVT-014318,APP-02095,screened,2025-03-05,0
EVT-014319,APP-02095,submitted,2025-03-08,3
EVT-014320,APP-02095,client_interview_1,2025-03-10,2
EVT-014321,APP-02095,offer_extended,2025-03-27,17
EVT-014322,APP-02095,offer_accepted,2025-03-28,1
EVT-014323,APP-02095,background_check,2025-04-05,8
EVT-014324,APP-02095,onboarding_docs_sent,2025-04-29,24
EVT-014325,APP-02095,start_date,2025-05-01,2
EVT-014326,APP-02096,screened,2024-03-25,0
EVT-014327,APP-02096,submitted,2024-03-27,2
EVT-014328,APP-02096,client_interview_1,2024-04-04,8
EVT-014329,APP-02096,offer_extended,2024-04-13,9
EVT-014330,APP-02096,offer_accepted,2024-04-19,6
EVT-014331,APP-02096,onboarding_docs_sent,2024-04-23,4
EVT-014332,APP-02096,background_check,2024-04-24,1
EVT-014333,APP-02097,screened,2024-07-15,0
EVT-014334,APP-02097,submitted,2024-07-17,2
EVT-014335,APP-02097,client_interview_1,2024-07-20,3
EVT-014336,APP-02097,offer_extended,2024-07-30,10
EVT-014337,APP-02097,offer_accepted,2024-07-31,1
EVT-014338,APP-02098,screened,2025-08-12,0
EVT-014339,APP-02098,submitted,2025-08-13,1
EVT-014340,APP-02098,client_interview_1,2025-08-23,10
EVT-014341,APP-02098,offer_extended,2025-08-29,6
EVT-014342,APP-02098,offer_accepted,2025-08-29,0
EVT-014343,APP-02098,background_check,2025-09-04,6
EVT-014344,APP-02098,onboarding_docs_sent,2025-09-11,7
EVT-014345,APP-02098,start_date,2025-09-12,1
EVT-014346,APP-02099,screened,2024-03-11,0
EVT-014347,APP-02099,submitted,2024-03-15,4
EVT-014348,APP-02099,client_interview_1,2024-03-20,5
EVT-014349,APP-02099,offer_extended,2024-03-29,9
EVT-014350,APP-02099,offer_accepted,2024-04-04,6
EVT-014351,APP-02099,background_check,2024-04-08,4
EVT-014352,APP-02099,start_date,2024-05-03,25
EVT-014353,APP-02100,screened,2024-08-18,0
EVT-014354,APP-02100,submitted,2024-08-20,2
EVT-014355,APP-02100,client_interview_1,2024-09-07,18
EVT-014356,APP-02100,client_interview_2,2024-09-16,9
EVT-014357,APP-02100,offer_extended,2024-09-25,9
EVT-014358,APP-02100,offer_accepted,2024-09-26,1
EVT-014359,APP-02100,background_check,2024-10-02,6
EVT-014360,APP-02100,onboarding_docs_sent,2024-10-20,18
EVT-014361,APP-02100,start_date,2024-10-23,3
EVT-014362,APP-02101,screened,2024-11-04,0
EVT-014363,APP-02101,submitted,2024-11-08,4
EVT-014364,APP-02101,client_interview_1,2024-11-14,6
EVT-014365,APP-02101,offer_extended,2024-11-20,6
EVT-014366,APP-02101,offer_accepted,2024-11-23,3
EVT-014367,APP-02101,onboarding_docs_sent,2024-11-28,5
EVT-014368,APP-02101,background_check,2024-11-29,1
EVT-014369,APP-02101,start_date,2024-12-01,2
EVT-014370,APP-02102,screened,2024-12-11,0
EVT-014371,APP-02102,submitted,2024-12-13,2
EVT-014372,APP-02102,client_interview_1,2024-12-24,11
EVT-014373,APP-02102,offer_extended,2025-01-04,11
EVT-014374,APP-02102,offer_accepted,2025-01-05,1
EVT-014375,APP-02102,background_check,2025-01-11,6
EVT-014376,APP-02103,screened,2024-10-17,0
EVT-014377,APP-02103,submitted,2024-10-18,1
EVT-014378,APP-02103,client_interview_1,2024-10-31,13
EVT-014379,APP-02103,client_interview_2,2024-11-08,8
EVT-014380,APP-02103,offer_extended,2024-11-16,8
EVT-014381,APP-02103,offer_accepted,2024-11-17,1
EVT-014382,APP-02103,background_check,2024-11-23,6
EVT-014383,APP-02103,start_date,2024-12-01,8
EVT-014384,APP-02104,screened,2025-03-14,0
EVT-014385,APP-02104,submitted,2025-03-17,3
EVT-014386,APP-02104,client_interview_1,2025-03-31,14
EVT-014387,APP-02104,offer_extended,2025-04-02,2
EVT-014388,APP-02105,screened,2025-04-26,0
EVT-014389,APP-02105,submitted,2025-04-29,3
EVT-014390,APP-02105,client_interview_1,2025-05-15,16
EVT-014391,APP-02105,client_interview_2,2025-05-17,2
EVT-014392,APP-02105,offer_extended,2025-05-26,9
EVT-014393,APP-02105,offer_accepted,2025-05-27,1
EVT-014394,APP-02105,onboarding_docs_sent,2025-06-22,26
EVT-014395,APP-02105,start_date,2025-06-25,3
EVT-014396,APP-02106,screened,2025-02-12,0
EVT-014397,APP-02106,submitted,2025-02-14,2
EVT-014398,APP-02106,client_interview_1,2025-03-02,16
EVT-014399,APP-02106,offer_extended,2025-03-12,10
EVT-014400,APP-02106,offer_accepted,2025-03-12,0
EVT-014401,APP-02106,background_check,2025-03-18,6
EVT-014402,APP-02106,onboarding_docs_sent,2025-04-11,24
EVT-014403,APP-02106,start_date,2025-04-12,1
EVT-014404,APP-02107,screened,2025-06-24,0
EVT-014405,APP-02107,submitted,2025-06-25,1
EVT-014406,APP-02107,client_interview_1,2025-06-25,0
EVT-014407,APP-02107,offer_extended,2025-07-10,15
EVT-014408,APP-02107,offer_accepted,2025-07-16,6
EVT-014409,APP-02107,onboarding_docs_sent,2025-07-23,7
EVT-014410,APP-02107,background_check,2025-07-24,1
EVT-014411,APP-02107,start_date,2025-07-24,0
EVT-014412,APP-02108,screened,2025-07-07,0
EVT-014413,APP-02108,submitted,2025-07-08,1
EVT-014414,APP-02108,client_interview_1,2025-07-19,11
EVT-014415,APP-02108,offer_extended,2025-08-02,14
EVT-014416,APP-02108,offer_accepted,2025-08-08,6
EVT-014417,APP-02108,onboarding_docs_sent,2025-08-15,7
EVT-014418,APP-02108,start_date,2025-08-20,5
EVT-014419,APP-02109,screened,2024-11-05,0
EVT-014420,APP-02109,submitted,2024-11-09,4
EVT-014421,APP-02109,client_interview_1,2024-11-13,4
EVT-014422,APP-02109,offer_extended,2024-11-18,5
EVT-014423,APP-02109,offer_accepted,2024-11-22,4
EVT-014424,APP-02109,onboarding_docs_sent,2024-12-02,10
EVT-014425,APP-02110,screened,2025-04-16,0
EVT-014426,APP-02110,submitted,2025-04-17,1
EVT-014427,APP-02110,client_interview_1,2025-05-03,16
EVT-014428,APP-02110,offer_extended,2025-05-13,10
EVT-014429,APP-02111,screened,2024-03-03,0
EVT-014430,APP-02111,submitted,2024-03-06,3
EVT-014431,APP-02111,client_interview_1,2024-03-16,10
EVT-014432,APP-02111,offer_extended,2024-03-28,12
EVT-014433,APP-02111,offer_accepted,2024-03-28,0
EVT-014434,APP-02111,background_check,2024-03-31,3
EVT-014435,APP-02112,screened,2024-10-11,0
EVT-014436,APP-02112,submitted,2024-10-12,1
EVT-014437,APP-02112,client_interview_1,2024-10-31,19
EVT-014438,APP-02112,offer_extended,2024-11-10,10
EVT-014439,APP-02112,offer_accepted,2024-11-13,3
EVT-014440,APP-02112,background_check,2024-11-19,6
EVT-014441,APP-02112,start_date,2024-11-23,4
EVT-014442,APP-02113,screened,2024-04-24,0
EVT-014443,APP-02113,submitted,2024-04-28,4
EVT-014444,APP-02113,client_interview_1,2024-05-04,6
EVT-014445,APP-02113,offer_extended,2024-05-13,9
EVT-014446,APP-02113,offer_accepted,2024-05-15,2
EVT-014447,APP-02113,background_check,2024-05-17,2
EVT-014448,APP-02114,screened,2024-09-02,0
EVT-014449,APP-02114,submitted,2024-09-04,2
EVT-014450,APP-02114,client_interview_1,2024-09-07,3
EVT-014451,APP-02114,client_interview_2,2024-09-12,5
EVT-014452,APP-02114,offer_extended,2024-09-15,3
EVT-014453,APP-02114,offer_accepted,2024-09-21,6
EVT-014454,APP-02114,onboarding_docs_sent,2024-10-09,18
EVT-014455,APP-02114,start_date,2024-11-01,23
EVT-014456,APP-02115,screened,2025-02-12,0
EVT-014457,APP-02115,submitted,2025-02-15,3
EVT-014458,APP-02115,client_interview_1,2025-03-01,14
EVT-014459,APP-02115,client_interview_2,2025-03-10,9
EVT-014460,APP-02115,offer_extended,2025-03-19,9
EVT-014461,APP-02116,screened,2024-11-17,0
EVT-014462,APP-02116,submitted,2024-11-18,1
EVT-014463,APP-02116,client_interview_1,2024-11-21,3
EVT-014464,APP-02116,offer_extended,2024-12-03,12
EVT-014465,APP-02117,screened,2024-10-31,0
EVT-014466,APP-02117,client_interview_1,2024-11-03,3
EVT-014467,APP-02117,submitted,2024-11-04,1
EVT-014468,APP-02117,offer_extended,2024-11-11,7
EVT-014469,APP-02117,offer_accepted,2024-11-16,5
EVT-014470,APP-02117,background_check,2024-11-21,5
EVT-014471,APP-02117,onboarding_docs_sent,2024-12-10,19
EVT-014472,APP-02117,start_date,2024-12-14,4
EVT-014473,APP-02118,screened,2024-03-08,0
EVT-014474,APP-02118,submitted,2024-03-11,3
EVT-014475,APP-02118,client_interview_1,2024-03-18,7
EVT-014476,APP-02118,offer_extended,2024-04-01,14
EVT-014477,APP-02118,offer_accepted,2024-04-01,0
EVT-014478,APP-02118,background_check,2024-04-08,7
EVT-014479,APP-02118,onboarding_docs_sent,2024-05-01,23
EVT-014480,APP-02118,start_date,2024-05-05,4
EVT-014481,APP-02119,screened,2024-04-21,0
EVT-014482,APP-02119,submitted,2024-04-25,4
EVT-014483,APP-02119,client_interview_1,2024-05-01,6
EVT-014484,APP-02119,offer_extended,2024-05-03,2
EVT-014485,APP-02120,screened,2024-02-11,0
EVT-014486,APP-02120,submitted,2024-02-15,4
EVT-014487,APP-02120,client_interview_1,2024-02-28,13
EVT-014488,APP-02120,offer_extended,2024-03-02,3
EVT-014489,APP-02120,offer_accepted,2024-03-06,4
EVT-014490,APP-02120,background_check,2024-03-07,1
EVT-014491,APP-02121,screened,2025-03-02,0
EVT-014492,APP-02121,submitted,2025-03-04,2
EVT-014493,APP-02121,client_interview_1,2025-03-21,17
EVT-014494,APP-02121,offer_extended,2025-04-05,15
EVT-014495,APP-02121,offer_accepted,2025-04-07,2
EVT-014496,APP-02121,background_check,2025-04-10,3
EVT-014497,APP-02121,onboarding_docs_sent,2025-04-19,9
EVT-014498,APP-02121,start_date,2025-04-25,6
EVT-014499,APP-02122,screened,2024-11-15,0
EVT-014500,APP-02122,submitted,2024-11-16,1
EVT-014501,APP-02122,client_interview_1,2024-11-23,7
EVT-014502,APP-02122,client_interview_2,2024-11-29,6
EVT-014503,APP-02122,offer_extended,2024-12-03,4
EVT-014504,APP-02122,offer_accepted,2024-12-06,3
EVT-014505,APP-02122,background_check,2024-12-12,6
EVT-014506,APP-02122,start_date,2024-12-26,14
EVT-014507,APP-02123,screened,2024-11-29,0
EVT-014508,APP-02123,submitted,2024-12-03,4
EVT-014509,APP-02123,client_interview_1,2024-12-18,15
EVT-014510,APP-02123,offer_extended,2024-12-24,6
EVT-014511,APP-02123,offer_accepted,2024-12-26,2
EVT-014512,APP-02123,background_check,2024-12-29,3
EVT-014513,APP-02123,onboarding_docs_sent,2025-01-18,20
EVT-014514,APP-02123,start_date,2025-01-23,5
EVT-014515,APP-02124,screened,2024-12-23,0
EVT-014516,APP-02124,submitted,2024-12-25,2
EVT-014517,APP-02124,client_interview_1,2025-01-03,9
EVT-014518,APP-02124,client_interview_2,2025-01-07,4
EVT-014519,APP-02124,offer_extended,2025-01-14,7
EVT-014520,APP-02124,offer_accepted,2025-01-16,2
EVT-014521,APP-02124,onboarding_docs_sent,2025-01-25,9
EVT-014522,APP-02124,start_date,2025-02-14,20
EVT-014523,APP-02125,screened,2025-03-02,0
EVT-014524,APP-02125,submitted,2025-03-06,4
EVT-014525,APP-02125,client_interview_1,2025-03-17,11
EVT-014526,APP-02125,offer_extended,2025-03-19,2
EVT-014527,APP-02125,offer_accepted,2025-03-23,4
EVT-014528,APP-02125,background_check,2025-03-30,7
EVT-014529,APP-02125,onboarding_docs_sent,2025-04-16,17
EVT-014530,APP-02125,start_date,2025-04-22,6
EVT-014531,APP-02126,screened,2024-06-06,0
EVT-014532,APP-02126,submitted,2024-06-09,3
EVT-014533,APP-02126,client_interview_1,2024-06-16,7
EVT-014534,APP-02126,client_interview_2,2024-06-21,5
EVT-014535,APP-02126,offer_extended,2024-07-01,10
EVT-014536,APP-02126,offer_accepted,2024-07-02,1
EVT-014537,APP-02126,background_check,2024-07-08,6
EVT-014538,APP-02126,start_date,2024-07-13,5
EVT-014539,APP-02127,screened,2024-08-22,0
EVT-014540,APP-02127,client_interview_1,2024-08-23,1
EVT-014541,APP-02127,submitted,2024-08-24,1
EVT-014542,APP-02127,client_interview_2,2024-08-31,7
EVT-014543,APP-02127,offer_extended,2024-09-04,4
EVT-014544,APP-02127,offer_accepted,2024-09-09,5
EVT-014545,APP-02127,background_check,2024-09-12,3
EVT-014546,APP-02128,screened,2024-11-17,0
EVT-014547,APP-02128,submitted,2024-11-20,3
EVT-014548,APP-02128,client_interview_1,2024-12-07,17
EVT-014549,APP-02128,offer_extended,2024-12-09,2
EVT-014550,APP-02128,offer_accepted,2024-12-13,4
EVT-014551,APP-02128,background_check,2024-12-18,5
EVT-014552,APP-02128,onboarding_docs_sent,2025-01-06,19
EVT-014553,APP-02128,start_date,2025-01-12,6
EVT-014554,APP-02129,screened,2025-06-14,0
EVT-014555,APP-02129,submitted,2025-06-18,4
EVT-014556,APP-02129,client_interview_1,2025-06-23,5
EVT-014557,APP-02129,offer_extended,2025-07-05,12
EVT-014558,APP-02129,offer_accepted,2025-07-06,1
EVT-014559,APP-02129,background_check,2025-07-13,7
EVT-014560,APP-02129,onboarding_docs_sent,2025-07-30,17
EVT-014561,APP-02129,start_date,2025-08-01,2
EVT-014562,APP-02130,screened,2024-04-07,0
EVT-014563,APP-02130,client_interview_1,2024-04-08,1
EVT-014564,APP-02130,submitted,2024-04-10,2
EVT-014565,APP-02130,offer_extended,2024-04-24,14
EVT-014566,APP-02130,offer_accepted,2024-04-25,1
EVT-014567,APP-02130,background_check,2024-05-02,7
EVT-014568,APP-02130,onboarding_docs_sent,2024-05-11,9
EVT-014569,APP-02130,start_date,2024-05-30,19
EVT-014570,APP-02131,screened,2024-10-28,0
EVT-014571,APP-02131,submitted,2024-10-30,2
EVT-014572,APP-02131,client_interview_1,2024-11-06,7
EVT-014573,APP-02131,client_interview_2,2024-11-09,3
EVT-014574,APP-02131,offer_extended,2024-11-16,7
EVT-014575,APP-02131,offer_accepted,2024-11-21,5
EVT-014576,APP-02131,start_date,2024-11-26,5
EVT-014577,APP-02132,screened,2025-01-11,0
EVT-014578,APP-02132,submitted,2025-01-13,2
EVT-014579,APP-02132,client_interview_1,2025-01-20,7
EVT-014580,APP-02132,offer_extended,2025-01-30,10
EVT-014581,APP-02133,screened,2024-10-10,0
EVT-014582,APP-02133,submitted,2024-10-14,4
EVT-014583,APP-02133,client_interview_1,2024-10-27,13
EVT-014584,APP-02133,offer_extended,2024-11-02,6
EVT-014585,APP-02133,offer_accepted,2024-11-04,2
EVT-014586,APP-02133,background_check,2024-11-09,5
EVT-014587,APP-02133,onboarding_docs_sent,2024-11-27,18
EVT-014588,APP-02133,start_date,2024-11-28,1
EVT-014589,APP-02134,screened,2025-03-01,0
EVT-014590,APP-02134,submitted,2025-03-03,2
EVT-014591,APP-02134,client_interview_1,2025-03-19,16
EVT-014592,APP-02134,offer_extended,2025-04-04,16
EVT-014593,APP-02135,screened,2024-10-25,0
EVT-014594,APP-02135,submitted,2024-10-27,2
EVT-014595,APP-02135,client_interview_1,2024-11-03,7
EVT-014596,APP-02135,client_interview_2,2024-11-05,2
EVT-014597,APP-02135,offer_extended,2024-11-07,2
EVT-014598,APP-02135,offer_accepted,2024-11-11,4
EVT-014599,APP-02135,background_check,2024-11-13,2
EVT-014600,APP-02135,onboarding_docs_sent,2024-11-29,16
EVT-014601,APP-02135,start_date,2024-11-30,1
EVT-014602,APP-02136,screened,2024-05-27,0
EVT-014603,APP-02136,submitted,2024-05-29,2
EVT-014604,APP-02136,client_interview_1,2024-05-31,2
EVT-014605,APP-02136,client_interview_2,2024-06-03,3
EVT-014606,APP-02136,offer_extended,2024-06-12,9
EVT-014607,APP-02136,offer_accepted,2024-06-18,6
EVT-014608,APP-02136,background_check,2024-06-24,6
EVT-014609,APP-02136,onboarding_docs_sent,2024-07-10,16
EVT-014610,APP-02136,start_date,2024-07-13,3
EVT-014611,APP-02137,screened,2025-05-05,0
EVT-014612,APP-02137,submitted,2025-05-06,1
EVT-014613,APP-02137,client_interview_1,2025-05-12,6
EVT-014614,APP-02137,offer_extended,2025-05-21,9
EVT-014615,APP-02137,offer_accepted,2025-05-22,1
EVT-014616,APP-02137,background_check,2025-05-26,4
EVT-014617,APP-02137,start_date,2025-06-16,21
EVT-014618,APP-02138,screened,2024-05-18,0
EVT-014619,APP-02138,submitted,2024-05-19,1
EVT-014620,APP-02138,client_interview_1,2024-06-02,14
EVT-014621,APP-02138,offer_extended,2024-06-17,15
EVT-014622,APP-02138,offer_accepted,2024-06-23,6
EVT-014623,APP-02138,onboarding_docs_sent,2024-07-09,16
EVT-014624,APP-02138,start_date,2024-07-12,3
EVT-014625,APP-02139,screened,2024-11-26,0
EVT-014626,APP-02139,submitted,2024-11-29,3
EVT-014627,APP-02139,client_interview_1,2024-12-10,11
EVT-014628,APP-02139,offer_extended,2024-12-17,7
EVT-014629,APP-02139,offer_accepted,2024-12-23,6
EVT-014630,APP-02139,background_check,2024-12-30,7
EVT-014631,APP-02140,screened,2024-11-07,0
EVT-014632,APP-02140,submitted,2024-11-11,4
EVT-014633,APP-02140,client_interview_1,2024-11-12,1
EVT-014634,APP-02140,client_interview_2,2024-11-18,6
EVT-014635,APP-02140,offer_extended,2024-11-28,10
EVT-014636,APP-02140,offer_accepted,2024-12-02,4
EVT-014637,APP-02140,background_check,2024-12-04,2
EVT-014638,APP-02141,screened,2024-10-27,0
EVT-014639,APP-02141,submitted,2024-10-29,2
EVT-014640,APP-02141,client_interview_1,2024-11-15,17
EVT-014641,APP-02141,offer_extended,2024-11-17,2
EVT-014642,APP-02141,offer_accepted,2024-11-20,3
EVT-014643,APP-02141,onboarding_docs_sent,2024-11-27,7
EVT-014644,APP-02141,background_check,2024-11-28,1
EVT-014645,APP-02141,start_date,2024-12-11,13
EVT-014646,APP-02142,screened,2024-08-05,0
EVT-014647,APP-02142,submitted,2024-08-07,2
EVT-014648,APP-02142,client_interview_1,2024-08-26,19
EVT-014649,APP-02142,offer_extended,2024-08-28,2
EVT-014650,APP-02142,offer_accepted,2024-08-29,1
EVT-014651,APP-02142,background_check,2024-09-01,3
EVT-014652,APP-02143,screened,2025-04-05,0
EVT-014653,APP-02143,submitted,2025-04-07,2
EVT-014654,APP-02143,client_interview_1,2025-04-24,17
EVT-014655,APP-02143,offer_extended,2025-05-10,16
EVT-014656,APP-02143,offer_accepted,2025-05-10,0
EVT-014657,APP-02143,background_check,2025-05-12,2
EVT-014658,APP-02144,screened,2025-03-14,0
EVT-014659,APP-02144,submitted,2025-03-18,4
EVT-014660,APP-02144,client_interview_1,2025-03-31,13
EVT-014661,APP-02144,offer_extended,2025-04-15,15
EVT-014662,APP-02144,offer_accepted,2025-04-18,3
EVT-014663,APP-02144,background_check,2025-04-21,3
EVT-014664,APP-02144,onboarding_docs_sent,2025-05-02,11
EVT-014665,APP-02144,start_date,2025-05-05,3
EVT-014666,APP-02145,screened,2024-10-25,0
EVT-014667,APP-02145,submitted,2024-10-26,1
EVT-014668,APP-02145,client_interview_1,2024-11-01,6
EVT-014669,APP-02145,client_interview_2,2024-11-04,3
EVT-014670,APP-02145,offer_extended,2024-11-17,13
EVT-014671,APP-02145,offer_accepted,2024-11-21,4
EVT-014672,APP-02145,background_check,2024-11-22,1
EVT-014673,APP-02145,onboarding_docs_sent,2024-11-24,2
EVT-014674,APP-02146,screened,2024-12-16,0
EVT-014675,APP-02146,submitted,2024-12-20,4
EVT-014676,APP-02146,client_interview_1,2025-01-04,15
EVT-014677,APP-02146,offer_extended,2025-01-18,14
EVT-014678,APP-02146,offer_accepted,2025-01-19,1
EVT-014679,APP-02146,background_check,2025-01-23,4
EVT-014680,APP-02146,start_date,2025-03-01,37
EVT-014681,APP-02147,screened,2024-04-18,0
EVT-014682,APP-02147,submitted,2024-04-19,1
EVT-014683,APP-02147,client_interview_1,2024-04-25,6
EVT-014684,APP-02147,offer_extended,2024-04-27,2
EVT-014685,APP-02147,offer_accepted,2024-05-02,5
EVT-014686,APP-02147,onboarding_docs_sent,2024-05-19,17
EVT-014687,APP-02147,start_date,2024-06-06,18
EVT-014688,APP-02148,screened,2025-04-14,0
EVT-014689,APP-02148,client_interview_1,2025-04-14,0
EVT-014690,APP-02148,submitted,2025-04-18,4
EVT-014691,APP-02148,offer_extended,2025-04-26,8
EVT-014692,APP-02148,offer_accepted,2025-05-01,5
EVT-014693,APP-02148,onboarding_docs_sent,2025-05-05,4
EVT-014694,APP-02148,start_date,2025-05-09,4
EVT-014695,APP-02149,screened,2024-04-19,0
EVT-014696,APP-02149,submitted,2024-04-23,4
EVT-014697,APP-02149,client_interview_1,2024-05-06,13
EVT-014698,APP-02149,offer_extended,2024-05-24,18
EVT-014699,APP-02149,offer_accepted,2024-05-29,5
EVT-014700,APP-02149,background_check,2024-06-04,6
EVT-014701,APP-02150,screened,2025-03-03,0
EVT-014702,APP-02150,submitted,2025-03-05,2
EVT-014703,APP-02150,client_interview_1,2025-03-06,1
EVT-014704,APP-02150,client_interview_2,2025-03-10,4
EVT-014705,APP-02150,offer_extended,2025-03-11,1
EVT-014706,APP-02150,offer_accepted,2025-03-11,0
EVT-014707,APP-02150,onboarding_docs_sent,2025-04-01,21
EVT-014708,APP-02150,start_date,2025-04-05,4
EVT-014709,APP-02151,screened,2025-03-22,0
EVT-014710,APP-02151,submitted,2025-03-25,3
EVT-014711,APP-02151,client_interview_1,2025-03-31,6
EVT-014712,APP-02151,offer_extended,2025-04-09,9
EVT-014713,APP-02151,offer_accepted,2025-04-11,2
EVT-014714,APP-02151,background_check,2025-04-16,5
EVT-014715,APP-02151,onboarding_docs_sent,2025-05-07,21
EVT-014716,APP-02151,start_date,2025-05-30,23
EVT-014717,APP-02152,screened,2024-04-18,0
EVT-014718,APP-02152,submitted,2024-04-20,2
EVT-014719,APP-02152,client_interview_1,2024-04-28,8
EVT-014720,APP-02152,offer_extended,2024-05-01,3
EVT-014721,APP-02152,offer_accepted,2024-05-04,3
EVT-014722,APP-02152,background_check,2024-05-10,6
EVT-014723,APP-02152,onboarding_docs_sent,2024-05-22,12
EVT-014724,APP-02153,screened,2025-01-09,0
EVT-014725,APP-02153,submitted,2025-01-13,4
EVT-014726,APP-02153,client_interview_1,2025-01-20,7
EVT-014727,APP-02153,offer_extended,2025-02-05,16
EVT-014728,APP-02154,screened,2024-02-29,0
EVT-014729,APP-02154,submitted,2024-03-04,4
EVT-014730,APP-02154,client_interview_1,2024-03-06,2
EVT-014731,APP-02154,offer_extended,2024-03-11,5
EVT-014732,APP-02154,offer_accepted,2024-03-13,2
EVT-014733,APP-02154,background_check,2024-03-19,6
EVT-014734,APP-02154,onboarding_docs_sent,2024-03-27,8
EVT-014735,APP-02154,start_date,2024-03-31,4
EVT-014736,APP-02155,screened,2024-02-13,0
EVT-014737,APP-02155,submitted,2024-02-15,2
EVT-014738,APP-02155,client_interview_1,2024-03-01,15
EVT-014739,APP-02155,client_interview_2,2024-03-06,5
EVT-014740,APP-02155,offer_extended,2024-03-10,4
EVT-014741,APP-02155,offer_accepted,2024-03-14,4
EVT-014742,APP-02155,background_check,2024-03-20,6
EVT-014743,APP-02155,start_date,2024-04-22,33
EVT-014744,APP-02156,screened,2025-05-07,0
EVT-014745,APP-02156,submitted,2025-05-10,3
EVT-014746,APP-02156,client_interview_1,2025-05-13,3
EVT-014747,APP-02156,offer_extended,2025-05-18,5
EVT-014748,APP-02157,screened,2024-08-16,0
EVT-014749,APP-02157,submitted,2024-08-20,4
EVT-014750,APP-02157,client_interview_1,2024-08-25,5
EVT-014751,APP-02157,client_interview_2,2024-08-28,3
EVT-014752,APP-02157,offer_extended,2024-09-06,9
EVT-014753,APP-02157,offer_accepted,2024-09-12,6
EVT-014754,APP-02158,screened,2024-06-02,0
EVT-014755,APP-02158,client_interview_1,2024-06-05,3
EVT-014756,APP-02158,submitted,2024-06-06,1
EVT-014757,APP-02158,offer_extended,2024-06-08,2
EVT-014758,APP-02158,offer_accepted,2024-06-12,4
EVT-014759,APP-02158,background_check,2024-06-15,3
EVT-014760,APP-02158,onboarding_docs_sent,2024-07-03,18
EVT-014761,APP-02158,start_date,2024-07-08,5
EVT-014762,APP-02159,screened,2025-07-27,0
EVT-014763,APP-02159,submitted,2025-07-29,2
EVT-014764,APP-02159,client_interview_1,2025-07-31,2
EVT-014765,APP-02159,offer_extended,2025-08-09,9
EVT-014766,APP-02160,screened,2025-03-11,0
EVT-014767,APP-02160,submitted,2025-03-13,2
EVT-014768,APP-02160,client_interview_1,2025-03-27,14
EVT-014769,APP-02160,client_interview_2,2025-03-31,4
EVT-014770,APP-02160,offer_extended,2025-04-13,13
EVT-014771,APP-02161,screened,2024-02-19,0
EVT-014772,APP-02161,submitted,2024-02-21,2
EVT-014773,APP-02161,client_interview_1,2024-02-22,1
EVT-014774,APP-02161,offer_extended,2024-03-08,15
EVT-014775,APP-02161,offer_accepted,2024-03-09,1
EVT-014776,APP-02161,background_check,2024-03-13,4
EVT-014777,APP-02161,onboarding_docs_sent,2024-03-19,6
EVT-014778,APP-02161,start_date,2024-03-23,4
EVT-014779,APP-02162,screened,2025-06-30,0
EVT-014780,APP-02162,submitted,2025-07-02,2
EVT-014781,APP-02162,client_interview_1,2025-07-15,13
EVT-014782,APP-02162,offer_extended,2025-07-28,13
EVT-014783,APP-02162,offer_accepted,2025-07-31,3
EVT-014784,APP-02162,background_check,2025-08-08,8
EVT-014785,APP-02163,screened,2024-12-09,0
EVT-014786,APP-02163,submitted,2024-12-10,1
EVT-014787,APP-02163,client_interview_1,2024-12-16,6
EVT-014788,APP-02163,offer_extended,2024-12-19,3
EVT-014789,APP-02163,offer_accepted,2024-12-20,1
EVT-014790,APP-02163,background_check,2024-12-22,2
EVT-014791,APP-02163,onboarding_docs_sent,2025-01-15,24
EVT-014792,APP-02163,start_date,2025-01-15,0
EVT-014793,APP-02164,screened,2024-02-20,0
EVT-014794,APP-02164,submitted,2024-02-21,1
EVT-014795,APP-02164,client_interview_1,2024-02-28,7
EVT-014796,APP-02164,offer_extended,2024-03-06,7
EVT-014797,APP-02164,offer_accepted,2024-03-08,2
EVT-014798,APP-02164,background_check,2024-03-11,3
EVT-014799,APP-02165,screened,2024-08-18,0
EVT-014800,APP-02165,submitted,2024-08-21,3
EVT-014801,APP-02165,client_interview_1,2024-08-28,7
EVT-014802,APP-02165,offer_extended,2024-09-06,9
EVT-014803,APP-02166,screened,2024-06-04,0
EVT-014804,APP-02166,submitted,2024-06-07,3
EVT-014805,APP-02166,client_interview_1,2024-06-20,13
EVT-014806,APP-02166,offer_extended,2024-06-30,10
EVT-014807,APP-02166,offer_accepted,2024-07-03,3
EVT-014808,APP-02166,background_check,2024-07-11,8
EVT-014809,APP-02166,onboarding_docs_sent,2024-07-13,2
EVT-014810,APP-02166,start_date,2024-07-14,1
EVT-014811,APP-02167,screened,2024-03-18,0
EVT-014812,APP-02167,submitted,2024-03-21,3
EVT-014813,APP-02167,client_interview_1,2024-03-22,1
EVT-014814,APP-02167,client_interview_2,2024-04-01,10
EVT-014815,APP-02167,offer_extended,2024-04-06,5
EVT-014816,APP-02167,offer_accepted,2024-04-06,0
EVT-014817,APP-02167,background_check,2024-04-09,3
EVT-014818,APP-02168,screened,2024-11-17,0
EVT-014819,APP-02168,submitted,2024-11-21,4
EVT-014820,APP-02168,client_interview_1,2024-11-21,0
EVT-014821,APP-02168,client_interview_2,2024-11-29,8
EVT-014822,APP-02168,offer_extended,2024-12-02,3
EVT-014823,APP-02168,offer_accepted,2024-12-02,0
EVT-014824,APP-02168,background_check,2024-12-10,8
EVT-014825,APP-02169,screened,2024-10-31,0
EVT-014826,APP-02169,submitted,2024-11-02,2
EVT-014827,APP-02169,client_interview_1,2024-11-19,17
EVT-014828,APP-02169,offer_extended,2024-11-29,10
EVT-014829,APP-02169,offer_accepted,2024-12-05,6
EVT-014830,APP-02169,background_check,2024-12-08,3
EVT-014831,APP-02169,start_date,2024-12-26,18
EVT-014832,APP-02170,screened,2024-10-30,0
EVT-014833,APP-02170,submitted,2024-10-31,1
EVT-014834,APP-02170,client_interview_1,2024-11-19,19
EVT-014835,APP-02170,client_interview_2,2024-11-27,8
EVT-014836,APP-02170,offer_extended,2024-12-03,6
EVT-014837,APP-02171,screened,2024-02-08,0
EVT-014838,APP-02171,submitted,2024-02-12,4
EVT-014839,APP-02171,client_interview_1,2024-02-19,7
EVT-014840,APP-02171,offer_extended,2024-02-21,2
EVT-014841,APP-02171,offer_accepted,2024-02-25,4
EVT-014842,APP-02171,background_check,2024-03-02,6
EVT-014843,APP-02171,start_date,2024-03-26,24
EVT-014844,APP-02172,screened,2024-08-26,0
EVT-014845,APP-02172,submitted,2024-08-30,4
EVT-014846,APP-02172,client_interview_1,2024-08-31,1
EVT-014847,APP-02172,offer_extended,2024-09-14,14
EVT-014848,APP-02172,offer_accepted,2024-09-17,3
EVT-014849,APP-02172,start_date,2024-10-23,36
EVT-014850,APP-02173,screened,2024-12-12,0
EVT-014851,APP-02173,client_interview_1,2024-12-14,2
EVT-014852,APP-02173,submitted,2024-12-15,1
EVT-014853,APP-02173,offer_extended,2024-12-20,5
EVT-014854,APP-02173,offer_accepted,2024-12-26,6
EVT-014855,APP-02174,screened,2024-10-09,0
EVT-014856,APP-02174,submitted,2024-10-11,2
EVT-014857,APP-02174,client_interview_1,2024-10-18,7
EVT-014858,APP-02174,client_interview_2,2024-10-24,6
EVT-014859,APP-02174,offer_extended,2024-11-03,10
EVT-014860,APP-02175,screened,2025-02-23,0
EVT-014861,APP-02175,submitted,2025-02-25,2
EVT-014862,APP-02175,client_interview_1,2025-02-25,0
EVT-014863,APP-02175,client_interview_2,2025-03-02,5
EVT-014864,APP-02175,offer_extended,2025-03-09,7
EVT-014865,APP-02175,offer_accepted,2025-03-10,1
EVT-014866,APP-02175,onboarding_docs_sent,2025-04-02,23
EVT-014867,APP-02175,start_date,2025-04-08,6
EVT-014868,APP-02176,screened,2024-04-02,0
EVT-014869,APP-02176,submitted,2024-04-05,3
EVT-014870,APP-02176,client_interview_1,2024-04-16,11
EVT-014871,APP-02176,offer_extended,2024-04-20,4
EVT-014872,APP-02176,offer_accepted,2024-04-23,3
EVT-014873,APP-02176,background_check,2024-04-24,1
EVT-014874,APP-02176,onboarding_docs_sent,2024-05-04,10
EVT-014875,APP-02176,start_date,2024-05-24,20
EVT-014876,APP-02177,screened,2025-04-03,0
EVT-014877,APP-02177,client_interview_1,2025-04-04,1
EVT-014878,APP-02177,submitted,2025-04-05,1
EVT-014879,APP-02177,offer_extended,2025-04-09,4
EVT-014880,APP-02177,offer_accepted,2025-04-13,4
EVT-014881,APP-02177,background_check,2025-04-18,5
EVT-014882,APP-02178,screened,2025-05-11,0
EVT-014883,APP-02178,submitted,2025-05-15,4
EVT-014884,APP-02178,client_interview_1,2025-05-26,11
EVT-014885,APP-02178,client_interview_2,2025-05-30,4
EVT-014886,APP-02178,offer_extended,2025-06-07,8
EVT-014887,APP-02178,offer_accepted,2025-06-09,2
EVT-014888,APP-02178,background_check,2025-06-12,3
EVT-014889,APP-02179,screened,2024-11-10,0
EVT-014890,APP-02179,submitted,2024-11-13,3
EVT-014891,APP-02179,client_interview_1,2024-11-14,1
EVT-014892,APP-02179,client_interview_2,2024-11-22,8
EVT-014893,APP-02179,offer_extended,2024-11-25,3
EVT-014894,APP-02179,offer_accepted,2024-11-29,4
EVT-014895,APP-02179,onboarding_docs_sent,2024-11-30,1
EVT-014896,APP-02179,background_check,2024-12-04,4
EVT-014897,APP-02179,start_date,2024-12-05,1
EVT-014898,APP-02180,screened,2024-04-16,0
EVT-014899,APP-02180,submitted,2024-04-17,1
EVT-014900,APP-02180,client_interview_1,2024-04-22,5
EVT-014901,APP-02180,client_interview_2,2024-04-24,2
EVT-014902,APP-02180,offer_extended,2024-05-02,8
EVT-014903,APP-02180,offer_accepted,2024-05-08,6
EVT-014904,APP-02180,background_check,2024-05-09,1
EVT-014905,APP-02180,onboarding_docs_sent,2024-05-20,11
EVT-014906,APP-02180,start_date,2024-05-21,1
EVT-014907,APP-02181,screened,2025-06-29,0
EVT-014908,APP-02181,submitted,2025-07-03,4
EVT-014909,APP-02181,client_interview_1,2025-07-07,4
EVT-014910,APP-02181,offer_extended,2025-07-09,2
EVT-014911,APP-02181,offer_accepted,2025-07-11,2
EVT-014912,APP-02181,background_check,2025-07-16,5
EVT-014913,APP-02182,screened,2025-05-18,0
EVT-014914,APP-02182,submitted,2025-05-19,1
EVT-014915,APP-02182,client_interview_1,2025-05-20,1
EVT-014916,APP-02182,offer_extended,2025-06-02,13
EVT-014917,APP-02182,offer_accepted,2025-06-07,5
EVT-014918,APP-02182,background_check,2025-06-14,7
EVT-014919,APP-02182,onboarding_docs_sent,2025-06-22,8
EVT-014920,APP-02182,start_date,2025-06-27,5
EVT-014921,APP-02183,screened,2024-12-04,0
EVT-014922,APP-02183,submitted,2024-12-08,4
EVT-014923,APP-02183,client_interview_1,2024-12-18,10
EVT-014924,APP-02183,offer_extended,2025-01-05,18
EVT-014925,APP-02183,offer_accepted,2025-01-09,4
EVT-014926,APP-02183,background_check,2025-01-15,6
EVT-014927,APP-02183,onboarding_docs_sent,2025-01-24,9
EVT-014928,APP-02183,start_date,2025-02-19,26
EVT-014929,APP-02184,screened,2024-02-26,0
EVT-014930,APP-02184,client_interview_1,2024-02-28,2
EVT-014931,APP-02184,submitted,2024-03-01,2
EVT-014932,APP-02184,client_interview_2,2024-03-02,1
EVT-014933,APP-02184,offer_extended,2024-03-11,9
EVT-014934,APP-02184,offer_accepted,2024-03-13,2
EVT-014935,APP-02184,background_check,2024-03-18,5
EVT-014936,APP-02185,screened,2025-04-14,0
EVT-014937,APP-02185,submitted,2025-04-17,3
EVT-014938,APP-02185,client_interview_1,2025-04-28,11
EVT-014939,APP-02185,offer_extended,2025-05-16,18
EVT-014940,APP-02185,offer_accepted,2025-05-16,0
EVT-014941,APP-02186,screened,2024-10-28,0
EVT-014942,APP-02186,submitted,2024-10-30,2
EVT-014943,APP-02186,client_interview_1,2024-11-02,3
EVT-014944,APP-02186,offer_extended,2024-11-12,10
EVT-014945,APP-02186,offer_accepted,2024-11-13,1
EVT-014946,APP-02186,background_check,2024-11-15,2
EVT-014947,APP-02186,onboarding_docs_sent,2024-12-04,19
EVT-014948,APP-02186,start_date,2024-12-05,1
EVT-014949,APP-02187,screened,2024-03-03,0
EVT-014950,APP-02187,submitted,2024-03-05,2
EVT-014951,APP-02187,client_interview_1,2024-03-22,17
EVT-014952,APP-02187,offer_extended,2024-04-07,16
EVT-014953,APP-02187,offer_accepted,2024-04-07,0
EVT-014954,APP-02188,screened,2024-02-11,0
EVT-014955,APP-02188,submitted,2024-02-12,1
EVT-014956,APP-02188,client_interview_1,2024-02-27,15
EVT-014957,APP-02188,offer_extended,2024-02-29,2
EVT-014958,APP-02188,offer_accepted,2024-03-01,1
EVT-014959,APP-02188,background_check,2024-03-03,2
EVT-014960,APP-02189,screened,2025-03-31,0
EVT-014961,APP-02189,client_interview_1,2025-04-02,2
EVT-014962,APP-02189,submitted,2025-04-04,2
EVT-014963,APP-02189,offer_extended,2025-04-16,12
EVT-014964,APP-02189,offer_accepted,2025-04-16,0
EVT-014965,APP-02189,background_check,2025-04-18,2
EVT-014966,APP-02190,screened,2024-04-07,0
EVT-014967,APP-02190,submitted,2024-04-08,1
EVT-014968,APP-02190,client_interview_1,2024-04-20,12
EVT-014969,APP-02190,offer_extended,2024-04-22,2
EVT-014970,APP-02190,offer_accepted,2024-04-27,5
EVT-014971,APP-02190,background_check,2024-04-29,2
EVT-014972,APP-02190,onboarding_docs_sent,2024-05-11,12
EVT-014973,APP-02191,screened,2024-08-26,0
EVT-014974,APP-02191,submitted,2024-08-30,4
EVT-014975,APP-02191,client_interview_1,2024-09-02,3
EVT-014976,APP-02191,offer_extended,2024-09-04,2
EVT-014977,APP-02191,offer_accepted,2024-09-07,3
EVT-014978,APP-02191,background_check,2024-09-12,5
EVT-014979,APP-02192,screened,2024-11-12,0
EVT-014980,APP-02192,submitted,2024-11-13,1
EVT-014981,APP-02192,client_interview_1,2024-11-26,13
EVT-014982,APP-02192,offer_extended,2024-12-11,15
EVT-014983,APP-02193,screened,2025-03-24,0
EVT-014984,APP-02193,client_interview_1,2025-03-25,1
EVT-014985,APP-02193,submitted,2025-03-27,2
EVT-014986,APP-02193,offer_extended,2025-03-28,1
EVT-014987,APP-02193,offer_accepted,2025-03-30,2
EVT-014988,APP-02193,background_check,2025-04-04,5
EVT-014989,APP-02194,screened,2025-04-13,0
EVT-014990,APP-02194,submitted,2025-04-15,2
EVT-014991,APP-02194,client_interview_1,2025-04-17,2
EVT-014992,APP-02194,offer_extended,2025-04-19,2
EVT-014993,APP-02195,screened,2024-11-01,0
EVT-014994,APP-02195,submitted,2024-11-03,2
EVT-014995,APP-02195,client_interview_1,2024-11-08,5
EVT-014996,APP-02195,offer_extended,2024-11-13,5
EVT-014997,APP-02195,offer_accepted,2024-11-14,1
EVT-014998,APP-02195,background_check,2024-11-15,1
EVT-014999,APP-02195,onboarding_docs_sent,2024-11-25,10
EVT-015000,APP-02195,start_date,2024-11-30,5
EVT-015001,APP-02196,screened,2024-11-09,0
EVT-015002,APP-02196,submitted,2024-11-10,1
EVT-015003,APP-02196,client_interview_1,2024-11-22,12
EVT-015004,APP-02196,client_interview_2,2024-11-27,5
EVT-015005,APP-02196,offer_extended,2024-12-07,10
EVT-015006,APP-02197,screened,2024-11-18,0
EVT-015007,APP-02197,submitted,2024-11-20,2
EVT-015008,APP-02197,client_interview_1,2024-12-03,13
EVT-015009,APP-02197,offer_extended,2024-12-18,15
EVT-015010,APP-02197,offer_accepted,2024-12-24,6
EVT-015011,APP-02197,start_date,2024-12-28,4
EVT-015012,APP-02198,screened,2025-03-23,0
EVT-015013,APP-02198,submitted,2025-03-25,2
EVT-015014,APP-02198,client_interview_1,2025-04-13,19
EVT-015015,APP-02198,client_interview_2,2025-04-20,7
EVT-015016,APP-02198,offer_extended,2025-04-26,6
EVT-015017,APP-02198,offer_accepted,2025-04-27,1
EVT-015018,APP-02198,background_check,2025-05-01,4
EVT-015019,APP-02198,onboarding_docs_sent,2025-05-13,12
EVT-015020,APP-02198,start_date,2025-05-19,6
EVT-015021,APP-02199,screened,2024-04-15,0
EVT-015022,APP-02199,submitted,2024-04-19,4
EVT-015023,APP-02199,client_interview_1,2024-04-27,8
EVT-015024,APP-02199,offer_extended,2024-05-04,7
EVT-015025,APP-02199,offer_accepted,2024-05-08,4
EVT-015026,APP-02199,background_check,2024-05-15,7
EVT-015027,APP-02199,onboarding_docs_sent,2024-05-26,11
EVT-015028,APP-02199,start_date,2024-05-29,3
EVT-015029,APP-02200,screened,2024-11-21,0
EVT-015030,APP-02200,submitted,2024-11-22,1
EVT-015031,APP-02200,client_interview_1,2024-12-03,11
EVT-015032,APP-02200,offer_extended,2024-12-07,4
EVT-015033,APP-02200,offer_accepted,2024-12-09,2
EVT-015034,APP-02200,onboarding_docs_sent,2024-12-30,21
EVT-015035,APP-02200,start_date,2025-01-01,2
EVT-015036,APP-02201,screened,2024-10-20,0
EVT-015037,APP-02201,submitted,2024-10-21,1
EVT-015038,APP-02201,client_interview_1,2024-11-05,15
EVT-015039,APP-02201,client_interview_2,2024-11-12,7
EVT-015040,APP-02201,offer_extended,2024-11-20,8
EVT-015041,APP-02202,screened,2024-12-07,0
EVT-015042,APP-02202,submitted,2024-12-11,4
EVT-015043,APP-02202,client_interview_1,2024-12-24,13
EVT-015044,APP-02202,client_interview_2,2025-01-02,9
EVT-015045,APP-02202,offer_extended,2025-01-03,1
EVT-015046,APP-02202,offer_accepted,2025-01-09,6
EVT-015047,APP-02202,background_check,2025-01-11,2
EVT-015048,APP-02202,onboarding_docs_sent,2025-01-22,11
EVT-015049,APP-02202,start_date,2025-02-10,19
EVT-015050,APP-02203,screened,2024-05-24,0
EVT-015051,APP-02203,submitted,2024-05-27,3
EVT-015052,APP-02203,client_interview_1,2024-06-09,13
EVT-015053,APP-02203,offer_extended,2024-06-15,6
EVT-015054,APP-02204,screened,2024-11-16,0
EVT-015055,APP-02204,submitted,2024-11-20,4
EVT-015056,APP-02204,client_interview_1,2024-11-23,3
EVT-015057,APP-02204,client_interview_2,2024-12-02,9
EVT-015058,APP-02204,offer_extended,2024-12-07,5
EVT-015059,APP-02204,offer_accepted,2024-12-10,3
EVT-015060,APP-02204,background_check,2024-12-15,5
EVT-015061,APP-02205,screened,2024-10-13,0
EVT-015062,APP-02205,submitted,2024-10-15,2
EVT-015063,APP-02205,client_interview_1,2024-10-27,12
EVT-015064,APP-02205,client_interview_2,2024-10-31,4
EVT-015065,APP-02205,offer_extended,2024-11-04,4
EVT-015066,APP-02205,offer_accepted,2024-11-09,5
EVT-015067,APP-02205,background_check,2024-11-15,6
EVT-015068,APP-02205,onboarding_docs_sent,2024-11-30,15
EVT-015069,APP-02206,screened,2025-02-05,0
EVT-015070,APP-02206,submitted,2025-02-09,4
EVT-015071,APP-02206,client_interview_1,2025-02-22,13
EVT-015072,APP-02206,offer_extended,2025-03-09,15
EVT-015073,APP-02206,offer_accepted,2025-03-10,1
EVT-015074,APP-02206,onboarding_docs_sent,2025-04-07,28
EVT-015075,APP-02206,start_date,2025-04-30,23
EVT-015076,APP-02207,screened,2024-08-16,0
EVT-015077,APP-02207,submitted,2024-08-20,4
EVT-015078,APP-02207,client_interview_1,2024-08-23,3
EVT-015079,APP-02207,offer_extended,2024-08-27,4
EVT-015080,APP-02207,offer_accepted,2024-08-30,3
EVT-015081,APP-02208,screened,2024-11-07,0
EVT-015082,APP-02208,submitted,2024-11-09,2
EVT-015083,APP-02208,client_interview_1,2024-11-23,14
EVT-015084,APP-02208,client_interview_2,2024-11-25,2
EVT-015085,APP-02208,offer_extended,2024-12-01,6
EVT-015086,APP-02208,offer_accepted,2024-12-06,5
EVT-015087,APP-02208,background_check,2024-12-09,3
EVT-015088,APP-02208,onboarding_docs_sent,2024-12-23,14
EVT-015089,APP-02208,start_date,2024-12-24,1
EVT-015090,APP-02209,screened,2024-10-09,0
EVT-015091,APP-02209,submitted,2024-10-10,1
EVT-015092,APP-02209,client_interview_1,2024-10-16,6
EVT-015093,APP-02209,offer_extended,2024-10-18,2
EVT-015094,APP-02209,offer_accepted,2024-10-18,0
EVT-015095,APP-02209,background_check,2024-10-24,6
EVT-015096,APP-02210,screened,2025-01-28,0
EVT-015097,APP-02210,submitted,2025-01-29,1
EVT-015098,APP-02210,client_interview_1,2025-02-07,9
EVT-015099,APP-02210,offer_extended,2025-02-15,8
EVT-015100,APP-02210,offer_accepted,2025-02-15,0
EVT-015101,APP-02210,background_check,2025-02-20,5
EVT-015102,APP-02210,onboarding_docs_sent,2025-02-25,5
EVT-015103,APP-02210,start_date,2025-02-28,3
EVT-015104,APP-02211,screened,2024-02-24,0
EVT-015105,APP-02211,submitted,2024-02-28,4
EVT-015106,APP-02211,client_interview_1,2024-03-09,10
EVT-015107,APP-02211,offer_extended,2024-03-23,14
EVT-015108,APP-02211,offer_accepted,2024-03-24,1
EVT-015109,APP-02211,onboarding_docs_sent,2024-04-06,13
EVT-015110,APP-02211,start_date,2024-04-12,6
EVT-015111,APP-02212,screened,2024-10-17,0
EVT-015112,APP-02212,submitted,2024-10-20,3
EVT-015113,APP-02212,client_interview_1,2024-10-29,9
EVT-015114,APP-02212,offer_extended,2024-11-11,13
EVT-015115,APP-02212,offer_accepted,2024-11-17,6
EVT-015116,APP-02212,background_check,2024-11-23,6
EVT-015117,APP-02213,screened,2025-02-07,0
EVT-015118,APP-02213,submitted,2025-02-09,2
EVT-015119,APP-02213,client_interview_1,2025-02-26,17
EVT-015120,APP-02213,client_interview_2,2025-03-07,9
EVT-015121,APP-02213,offer_extended,2025-03-09,2
EVT-015122,APP-02213,offer_accepted,2025-03-09,0
EVT-015123,APP-02213,background_check,2025-03-16,7
EVT-015124,APP-02213,onboarding_docs_sent,2025-03-22,6
EVT-015125,APP-02214,screened,2024-09-11,0
EVT-015126,APP-02214,submitted,2024-09-14,3
EVT-015127,APP-02214,client_interview_1,2024-09-26,12
EVT-015128,APP-02214,offer_extended,2024-10-10,14
EVT-015129,APP-02214,offer_accepted,2024-10-15,5
EVT-015130,APP-02214,background_check,2024-10-23,8
EVT-015131,APP-02215,screened,2024-08-12,0
EVT-015132,APP-02215,submitted,2024-08-14,2
EVT-015133,APP-02215,client_interview_1,2024-08-22,8
EVT-015134,APP-02215,offer_extended,2024-08-30,8
EVT-015135,APP-02215,offer_accepted,2024-09-01,2
EVT-015136,APP-02215,background_check,2024-09-07,6
EVT-015137,APP-02215,start_date,2024-09-17,10
EVT-015138,APP-02216,screened,2025-06-06,0
EVT-015139,APP-02216,submitted,2025-06-09,3
EVT-015140,APP-02216,client_interview_1,2025-06-11,2
EVT-015141,APP-02216,offer_extended,2025-06-25,14
EVT-015142,APP-02216,offer_accepted,2025-07-01,6
EVT-015143,APP-02216,background_check,2025-07-02,1
EVT-015144,APP-02216,onboarding_docs_sent,2025-07-23,21
EVT-015145,APP-02216,start_date,2025-08-06,14
EVT-015146,APP-02217,screened,2024-12-20,0
EVT-015147,APP-02217,submitted,2024-12-22,2
EVT-015148,APP-02217,client_interview_1,2024-12-30,8
EVT-015149,APP-02217,offer_extended,2025-01-07,8
EVT-015150,APP-02217,offer_accepted,2025-01-10,3
EVT-015151,APP-02217,background_check,2025-01-16,6
EVT-015152,APP-02218,screened,2024-04-08,0
EVT-015153,APP-02218,submitted,2024-04-11,3
EVT-015154,APP-02218,client_interview_1,2024-04-11,0
EVT-015155,APP-02218,offer_extended,2024-04-22,11
EVT-015156,APP-02218,offer_accepted,2024-04-22,0
EVT-015157,APP-02218,background_check,2024-04-28,6
EVT-015158,APP-02218,onboarding_docs_sent,2024-05-18,20
EVT-015159,APP-02218,start_date,2024-05-21,3
EVT-015160,APP-02219,screened,2024-12-20,0
EVT-015161,APP-02219,submitted,2024-12-22,2
EVT-015162,APP-02219,client_interview_1,2024-12-27,5
EVT-015163,APP-02219,offer_extended,2024-12-30,3
EVT-015164,APP-02219,offer_accepted,2024-12-30,0
EVT-015165,APP-02219,background_check,2025-01-03,4
EVT-015166,APP-02220,screened,2025-01-02,0
EVT-015167,APP-02220,client_interview_1,2025-01-04,2
EVT-015168,APP-02220,submitted,2025-01-06,2
EVT-015169,APP-02220,offer_extended,2025-01-06,0
EVT-015170,APP-02220,offer_accepted,2025-01-06,0
EVT-015171,APP-02220,background_check,2025-01-08,2
EVT-015172,APP-02220,onboarding_docs_sent,2025-01-23,15
EVT-015173,APP-02221,screened,2025-07-26,0
EVT-015174,APP-02221,submitted,2025-07-27,1
EVT-015175,APP-02221,client_interview_1,2025-08-09,13
EVT-015176,APP-02221,offer_extended,2025-08-14,5
EVT-015177,APP-02222,screened,2024-11-22,0
EVT-015178,APP-02222,submitted,2024-11-25,3
EVT-015179,APP-02222,client_interview_1,2024-11-29,4
EVT-015180,APP-02222,client_interview_2,2024-12-07,8
EVT-015181,APP-02222,offer_extended,2024-12-10,3
EVT-015182,APP-02223,screened,2024-09-24,0
EVT-015183,APP-02223,submitted,2024-09-27,3
EVT-015184,APP-02223,client_interview_1,2024-10-06,9
EVT-015185,APP-02223,offer_extended,2024-10-17,11
EVT-015186,APP-02223,offer_accepted,2024-10-21,4
EVT-015187,APP-02223,background_check,2024-10-22,1
EVT-015188,APP-02224,screened,2024-06-01,0
EVT-015189,APP-02224,submitted,2024-06-03,2
EVT-015190,APP-02224,client_interview_1,2024-06-16,13
EVT-015191,APP-02224,client_interview_2,2024-06-18,2
EVT-015192,APP-02224,offer_extended,2024-06-21,3
EVT-015193,APP-02224,offer_accepted,2024-06-24,3
EVT-015194,APP-02224,background_check,2024-07-02,8
EVT-015195,APP-02225,screened,2025-04-21,0
EVT-015196,APP-02225,submitted,2025-04-24,3
EVT-015197,APP-02225,client_interview_1,2025-04-25,1
EVT-015198,APP-02225,offer_extended,2025-05-12,17
EVT-015199,APP-02226,screened,2024-11-12,0
EVT-015200,APP-02226,client_interview_1,2024-11-12,0
EVT-015201,APP-02226,submitted,2024-11-15,3
EVT-015202,APP-02226,offer_extended,2024-11-18,3
EVT-015203,APP-02226,offer_accepted,2024-11-20,2
EVT-015204,APP-02226,background_check,2024-11-24,4
EVT-015205,APP-02226,start_date,2024-12-11,17
EVT-015206,APP-02227,screened,2024-11-11,0
EVT-015207,APP-02227,submitted,2024-11-14,3
EVT-015208,APP-02227,client_interview_1,2024-11-23,9
EVT-015209,APP-02227,offer_extended,2024-12-05,12
EVT-015210,APP-02227,offer_accepted,2024-12-06,1
EVT-015211,APP-02227,background_check,2024-12-10,4
EVT-015212,APP-02227,onboarding_docs_sent,2024-12-25,15
EVT-015213,APP-02227,start_date,2024-12-29,4
EVT-015214,APP-02228,screened,2024-12-28,0
EVT-015215,APP-02228,submitted,2024-12-30,2
EVT-015216,APP-02228,client_interview_1,2025-01-11,12
EVT-015217,APP-02228,offer_extended,2025-01-19,8
EVT-015218,APP-02228,offer_accepted,2025-01-23,4
EVT-015219,APP-02228,background_check,2025-01-24,1
EVT-015220,APP-02228,onboarding_docs_sent,2025-01-29,5
EVT-015221,APP-02228,start_date,2025-01-31,2
EVT-015222,APP-02229,screened,2025-07-12,0
EVT-015223,APP-02229,submitted,2025-07-15,3
EVT-015224,APP-02229,client_interview_1,2025-07-26,11
EVT-015225,APP-02229,offer_extended,2025-07-31,5
EVT-015226,APP-02229,offer_accepted,2025-08-06,6
EVT-015227,APP-02229,background_check,2025-08-14,8
EVT-015228,APP-02229,start_date,2025-08-28,14
EVT-015229,APP-02230,screened,2024-07-22,0
EVT-015230,APP-02230,submitted,2024-07-26,4
EVT-015231,APP-02230,client_interview_1,2024-08-03,8
EVT-015232,APP-02230,offer_extended,2024-08-11,8
EVT-015233,APP-02230,offer_accepted,2024-08-13,2
EVT-015234,APP-02230,background_check,2024-08-21,8
EVT-015235,APP-02230,start_date,2024-09-07,17
EVT-015236,APP-02231,screened,2025-01-23,0
EVT-015237,APP-02231,submitted,2025-01-26,3
EVT-015238,APP-02231,client_interview_1,2025-02-06,11
EVT-015239,APP-02231,offer_extended,2025-02-18,12
EVT-015240,APP-02231,offer_accepted,2025-02-19,1
EVT-015241,APP-02231,background_check,2025-02-22,3
EVT-015242,APP-02232,screened,2024-09-20,0
EVT-015243,APP-02232,submitted,2024-09-23,3
EVT-015244,APP-02232,client_interview_1,2024-09-29,6
EVT-015245,APP-02232,client_interview_2,2024-10-03,4
EVT-015246,APP-02232,offer_extended,2024-10-16,13
EVT-015247,APP-02232,offer_accepted,2024-10-21,5
EVT-015248,APP-02232,background_check,2024-10-22,1
EVT-015249,APP-02232,onboarding_docs_sent,2024-11-17,26
EVT-015250,APP-02232,start_date,2024-11-19,2
EVT-015251,APP-02233,screened,2024-12-10,0
EVT-015252,APP-02233,submitted,2024-12-13,3
EVT-015253,APP-02233,client_interview_1,2024-12-26,13
EVT-015254,APP-02233,client_interview_2,2025-01-03,8
EVT-015255,APP-02233,offer_extended,2025-01-13,10
EVT-015256,APP-02233,offer_accepted,2025-01-15,2
EVT-015257,APP-02233,background_check,2025-01-22,7
EVT-015258,APP-02233,onboarding_docs_sent,2025-02-01,10
EVT-015259,APP-02233,start_date,2025-02-05,4
EVT-015260,APP-02234,screened,2024-12-24,0
EVT-015261,APP-02234,submitted,2024-12-27,3
EVT-015262,APP-02234,client_interview_1,2025-01-05,9
EVT-015263,APP-02234,offer_extended,2025-01-20,15
EVT-015264,APP-02235,screened,2024-10-02,0
EVT-015265,APP-02235,submitted,2024-10-05,3
EVT-015266,APP-02235,client_interview_1,2024-10-14,9
EVT-015267,APP-02235,client_interview_2,2024-10-16,2
EVT-015268,APP-02235,offer_extended,2024-10-20,4
EVT-015269,APP-02236,screened,2024-11-05,0
EVT-015270,APP-02236,submitted,2024-11-07,2
EVT-015271,APP-02236,client_interview_1,2024-11-20,13
EVT-015272,APP-02236,offer_extended,2024-12-03,13
EVT-015273,APP-02236,offer_accepted,2024-12-03,0
EVT-015274,APP-02236,onboarding_docs_sent,2024-12-20,17
EVT-015275,APP-02236,start_date,2024-12-21,1
EVT-015276,APP-02237,screened,2024-05-20,0
EVT-015277,APP-02237,submitted,2024-05-22,2
EVT-015278,APP-02237,client_interview_1,2024-05-30,8
EVT-015279,APP-02237,offer_extended,2024-06-04,5
EVT-015280,APP-02237,offer_accepted,2024-06-10,6
EVT-015281,APP-02237,onboarding_docs_sent,2024-06-17,7
EVT-015282,APP-02237,start_date,2024-06-20,3
EVT-015283,APP-02238,screened,2024-06-02,0
EVT-015284,APP-02238,submitted,2024-06-03,1
EVT-015285,APP-02238,client_interview_1,2024-06-08,5
EVT-015286,APP-02238,offer_extended,2024-06-18,10
EVT-015287,APP-02238,offer_accepted,2024-06-18,0
EVT-015288,APP-02238,background_check,2024-06-25,7
EVT-015289,APP-02238,onboarding_docs_sent,2024-07-19,24
EVT-015290,APP-02238,start_date,2024-07-24,5
EVT-015291,APP-02239,screened,2024-08-27,0
EVT-015292,APP-02239,submitted,2024-08-28,1
EVT-015293,APP-02239,client_interview_1,2024-09-01,4
EVT-015294,APP-02239,offer_extended,2024-09-18,17
EVT-015295,APP-02239,offer_accepted,2024-09-19,1
EVT-015296,APP-02239,background_check,2024-09-21,2
EVT-015297,APP-02239,start_date,2024-10-15,24
EVT-015298,APP-02240,screened,2025-03-30,0
EVT-015299,APP-02240,submitted,2025-04-01,2
EVT-015300,APP-02240,client_interview_1,2025-04-05,4
EVT-015301,APP-02240,offer_extended,2025-04-11,6
EVT-015302,APP-02240,offer_accepted,2025-04-12,1
EVT-015303,APP-02240,background_check,2025-04-14,2
EVT-015304,APP-02241,screened,2024-12-17,0
EVT-015305,APP-02241,submitted,2024-12-19,2
EVT-015306,APP-02241,client_interview_1,2024-12-24,5
EVT-015307,APP-02241,offer_extended,2025-01-11,18
EVT-015308,APP-02242,screened,2024-04-05,0
EVT-015309,APP-02242,submitted,2024-04-07,2
EVT-015310,APP-02242,client_interview_1,2024-04-09,2
EVT-015311,APP-02242,offer_extended,2024-04-19,10
EVT-015312,APP-02242,offer_accepted,2024-04-22,3
EVT-015313,APP-02243,screened,2025-03-18,0
EVT-015314,APP-02243,submitted,2025-03-21,3
EVT-015315,APP-02243,client_interview_1,2025-03-30,9
EVT-015316,APP-02243,offer_extended,2025-04-07,8
EVT-015317,APP-02243,offer_accepted,2025-04-09,2
EVT-015318,APP-02243,background_check,2025-04-14,5
EVT-015319,APP-02244,screened,2024-09-11,0
EVT-015320,APP-02244,client_interview_1,2024-09-11,0
EVT-015321,APP-02244,submitted,2024-09-12,1
EVT-015322,APP-02244,offer_extended,2024-09-26,14
EVT-015323,APP-02245,screened,2024-07-01,0
EVT-015324,APP-02245,submitted,2024-07-02,1
EVT-015325,APP-02245,client_interview_1,2024-07-08,6
EVT-015326,APP-02245,offer_extended,2024-07-10,2
EVT-015327,APP-02245,offer_accepted,2024-07-11,1
EVT-015328,APP-02245,background_check,2024-07-19,8
EVT-015329,APP-02246,screened,2025-02-28,0
EVT-015330,APP-02246,submitted,2025-03-03,3
EVT-015331,APP-02246,client_interview_1,2025-03-13,10
EVT-015332,APP-02246,offer_extended,2025-03-22,9
EVT-015333,APP-02246,offer_accepted,2025-03-24,2
EVT-015334,APP-02246,background_check,2025-03-30,6
EVT-015335,APP-02247,screened,2025-03-15,0
EVT-015336,APP-02247,submitted,2025-03-19,4
EVT-015337,APP-02247,client_interview_1,2025-04-01,13
EVT-015338,APP-02247,client_interview_2,2025-04-11,10
EVT-015339,APP-02247,offer_extended,2025-04-16,5
EVT-015340,APP-02247,offer_accepted,2025-04-22,6
EVT-015341,APP-02247,background_check,2025-04-27,5
EVT-015342,APP-02247,onboarding_docs_sent,2025-05-07,10
EVT-015343,APP-02247,start_date,2025-05-10,3
EVT-015344,APP-02248,screened,2025-05-17,0
EVT-015345,APP-02248,submitted,2025-05-19,2
EVT-015346,APP-02248,client_interview_1,2025-05-24,5
EVT-015347,APP-02248,offer_extended,2025-05-26,2
EVT-015348,APP-02248,offer_accepted,2025-05-29,3
EVT-015349,APP-02248,background_check,2025-06-03,5
EVT-015350,APP-02248,onboarding_docs_sent,2025-06-09,6
EVT-015351,APP-02249,screened,2024-03-05,0
EVT-015352,APP-02249,submitted,2024-03-09,4
EVT-015353,APP-02249,client_interview_1,2024-03-23,14
EVT-015354,APP-02249,offer_extended,2024-03-28,5
EVT-015355,APP-02249,offer_accepted,2024-04-02,5
EVT-015356,APP-02249,onboarding_docs_sent,2024-04-05,3
EVT-015357,APP-02249,background_check,2024-04-10,5
EVT-015358,APP-02249,start_date,2024-04-10,0
EVT-015359,APP-02250,screened,2024-10-23,0
EVT-015360,APP-02250,submitted,2024-10-25,2
EVT-015361,APP-02250,client_interview_1,2024-11-10,16
EVT-015362,APP-02250,offer_extended,2024-11-12,2
EVT-015363,APP-02250,offer_accepted,2024-11-14,2
EVT-015364,APP-02250,background_check,2024-11-16,2
EVT-015365,APP-02251,screened,2024-12-04,0
EVT-015366,APP-02251,submitted,2024-12-06,2
EVT-015367,APP-02251,client_interview_1,2024-12-06,0
EVT-015368,APP-02251,offer_extended,2024-12-16,10
EVT-015369,APP-02251,offer_accepted,2024-12-17,1
EVT-015370,APP-02251,background_check,2024-12-22,5
EVT-015371,APP-02251,start_date,2025-01-16,25
EVT-015372,APP-02252,screened,2024-04-25,0
EVT-015373,APP-02252,submitted,2024-04-28,3
EVT-015374,APP-02252,client_interview_1,2024-05-06,8
EVT-015375,APP-02252,client_interview_2,2024-05-08,2
EVT-015376,APP-02252,offer_extended,2024-05-19,11
EVT-015377,APP-02252,offer_accepted,2024-05-20,1
EVT-015378,APP-02252,background_check,2024-05-24,4
EVT-015379,APP-02252,onboarding_docs_sent,2024-06-11,18
EVT-015380,APP-02252,start_date,2024-07-06,25
EVT-015381,APP-02253,screened,2025-07-14,0
EVT-015382,APP-02253,submitted,2025-07-15,1
EVT-015383,APP-02253,client_interview_1,2025-07-26,11
EVT-015384,APP-02253,client_interview_2,2025-07-31,5
EVT-015385,APP-02253,offer_extended,2025-08-10,10
EVT-015386,APP-02254,screened,2024-04-22,0
EVT-015387,APP-02254,submitted,2024-04-25,3
EVT-015388,APP-02254,client_interview_1,2024-05-08,13
EVT-015389,APP-02254,client_interview_2,2024-05-16,8
EVT-015390,APP-02254,offer_extended,2024-05-23,7
EVT-015391,APP-02254,offer_accepted,2024-05-23,0
EVT-015392,APP-02254,background_check,2024-05-31,8
EVT-015393,APP-02254,start_date,2024-06-09,9
EVT-015394,APP-02255,screened,2025-01-28,0
EVT-015395,APP-02255,client_interview_1,2025-01-30,2
EVT-015396,APP-02255,submitted,2025-02-01,2
EVT-015397,APP-02255,offer_extended,2025-02-17,16
EVT-015398,APP-02255,offer_accepted,2025-02-19,2
EVT-015399,APP-02255,background_check,2025-02-23,4
EVT-015400,APP-02255,onboarding_docs_sent,2025-03-04,9
EVT-015401,APP-02255,start_date,2025-03-05,1
EVT-015402,APP-02256,screened,2024-10-05,0
EVT-015403,APP-02256,submitted,2024-10-06,1
EVT-015404,APP-02256,client_interview_1,2024-10-23,17
EVT-015405,APP-02256,offer_extended,2024-10-30,7
EVT-015406,APP-02256,offer_accepted,2024-11-01,2
EVT-015407,APP-02256,start_date,2024-12-03,32
EVT-015408,APP-02257,screened,2024-10-20,0
EVT-015409,APP-02257,submitted,2024-10-23,3
EVT-015410,APP-02257,client_interview_1,2024-10-23,0
EVT-015411,APP-02257,offer_extended,2024-10-26,3
EVT-015412,APP-02257,offer_accepted,2024-10-28,2
EVT-015413,APP-02257,background_check,2024-10-31,3
EVT-015414,APP-02257,onboarding_docs_sent,2024-11-04,4
EVT-015415,APP-02257,start_date,2024-11-07,3
EVT-015416,APP-02258,screened,2025-07-10,0
EVT-015417,APP-02258,submitted,2025-07-12,2
EVT-015418,APP-02258,client_interview_1,2025-07-15,3
EVT-015419,APP-02258,offer_extended,2025-07-27,12
EVT-015420,APP-02258,offer_accepted,2025-07-31,4
EVT-015421,APP-02258,background_check,2025-08-06,6
EVT-015422,APP-02258,onboarding_docs_sent,2025-08-12,6
EVT-015423,APP-02258,start_date,2025-08-16,4
EVT-015424,APP-02259,screened,2025-02-27,0
EVT-015425,APP-02259,submitted,2025-03-02,3
EVT-015426,APP-02259,client_interview_1,2025-03-07,5
EVT-015427,APP-02259,offer_extended,2025-03-17,10
EVT-015428,APP-02259,offer_accepted,2025-03-18,1
EVT-015429,APP-02259,onboarding_docs_sent,2025-04-04,17
EVT-015430,APP-02259,start_date,2025-04-24,20
EVT-015431,APP-02260,screened,2024-07-24,0
EVT-015432,APP-02260,submitted,2024-07-26,2
EVT-015433,APP-02260,client_interview_1,2024-08-02,7
EVT-015434,APP-02260,client_interview_2,2024-08-04,2
EVT-015435,APP-02260,offer_extended,2024-08-15,11
EVT-015436,APP-02260,offer_accepted,2024-08-16,1
EVT-015437,APP-02261,screened,2025-02-27,0
EVT-015438,APP-02261,submitted,2025-03-01,2
EVT-015439,APP-02261,client_interview_1,2025-03-03,2
EVT-015440,APP-02261,client_interview_2,2025-03-06,3
EVT-015441,APP-02261,offer_extended,2025-03-18,12
EVT-015442,APP-02261,offer_accepted,2025-03-21,3
EVT-015443,APP-02261,background_check,2025-03-29,8
EVT-015444,APP-02262,screened,2024-05-11,0
EVT-015445,APP-02262,submitted,2024-05-14,3
EVT-015446,APP-02262,client_interview_1,2024-05-16,2
EVT-015447,APP-02262,offer_extended,2024-05-22,6
EVT-015448,APP-02262,offer_accepted,2024-05-22,0
EVT-015449,APP-02262,background_check,2024-05-25,3
EVT-015450,APP-02262,onboarding_docs_sent,2024-06-06,12
EVT-015451,APP-02262,start_date,2024-06-09,3
EVT-015452,APP-02263,screened,2025-01-20,0
EVT-015453,APP-02263,submitted,2025-01-21,1
EVT-015454,APP-02263,client_interview_1,2025-02-01,11
EVT-015455,APP-02263,offer_extended,2025-02-09,8
EVT-015456,APP-02263,offer_accepted,2025-02-12,3
EVT-015457,APP-02263,background_check,2025-02-15,3
EVT-015458,APP-02264,screened,2024-03-03,0
EVT-015459,APP-02264,submitted,2024-03-05,2
EVT-015460,APP-02264,client_interview_1,2024-03-08,3
EVT-015461,APP-02264,offer_extended,2024-03-26,18
EVT-015462,APP-02264,offer_accepted,2024-03-26,0
EVT-015463,APP-02264,background_check,2024-03-27,1
EVT-015464,APP-02264,onboarding_docs_sent,2024-04-11,15
EVT-015465,APP-02264,start_date,2024-04-15,4
EVT-015466,APP-02265,screened,2025-01-17,0
EVT-015467,APP-02265,client_interview_1,2025-01-19,2
EVT-015468,APP-02265,submitted,2025-01-21,2
EVT-015469,APP-02265,offer_extended,2025-01-24,3
EVT-015470,APP-02265,offer_accepted,2025-01-28,4
EVT-015471,APP-02265,background_check,2025-02-02,5
EVT-015472,APP-02266,screened,2024-02-17,0
EVT-015473,APP-02266,submitted,2024-02-19,2
EVT-015474,APP-02266,client_interview_1,2024-02-20,1
EVT-015475,APP-02266,offer_extended,2024-02-22,2
EVT-015476,APP-02266,offer_accepted,2024-02-22,0
EVT-015477,APP-02266,background_check,2024-02-23,1
EVT-015478,APP-02266,start_date,2024-03-22,28
EVT-015479,APP-02267,screened,2024-12-26,0
EVT-015480,APP-02267,submitted,2024-12-30,4
EVT-015481,APP-02267,client_interview_1,2025-01-03,4
EVT-015482,APP-02267,offer_extended,2025-01-20,17
EVT-015483,APP-02267,offer_accepted,2025-01-20,0
EVT-015484,APP-02267,background_check,2025-01-21,1
EVT-015485,APP-02267,onboarding_docs_sent,2025-02-14,24
EVT-015486,APP-02267,start_date,2025-03-01,15
EVT-015487,APP-02268,screened,2025-01-25,0
EVT-015488,APP-02268,submitted,2025-01-29,4
EVT-015489,APP-02268,client_interview_1,2025-01-30,1
EVT-015490,APP-02268,offer_extended,2025-02-08,9
EVT-015491,APP-02269,screened,2025-06-01,0
EVT-015492,APP-02269,submitted,2025-06-04,3
EVT-015493,APP-02269,client_interview_1,2025-06-15,11
EVT-015494,APP-02269,offer_extended,2025-07-01,16
EVT-015495,APP-02270,screened,2024-12-21,0
EVT-015496,APP-02270,submitted,2024-12-23,2
EVT-015497,APP-02270,client_interview_1,2024-12-29,6
EVT-015498,APP-02270,client_interview_2,2025-01-05,7
EVT-015499,APP-02270,offer_extended,2025-01-14,9
EVT-015500,APP-02271,screened,2024-10-22,0
EVT-015501,APP-02271,submitted,2024-10-24,2
EVT-015502,APP-02271,client_interview_1,2024-10-24,0
EVT-015503,APP-02271,offer_extended,2024-11-09,16
EVT-015504,APP-02271,offer_accepted,2024-11-12,3
EVT-015505,APP-02271,background_check,2024-11-18,6
EVT-015506,APP-02271,start_date,2024-12-02,14
EVT-015507,APP-02272,screened,2024-10-11,0
EVT-015508,APP-02272,submitted,2024-10-15,4
EVT-015509,APP-02272,client_interview_1,2024-10-26,11
EVT-015510,APP-02272,offer_extended,2024-10-30,4
EVT-015511,APP-02272,offer_accepted,2024-10-31,1
EVT-015512,APP-02272,onboarding_docs_sent,2024-11-06,6
EVT-015513,APP-02272,background_check,2024-11-07,1
EVT-015514,APP-02272,start_date,2024-11-10,3
EVT-015515,APP-02273,screened,2024-11-03,0
EVT-015516,APP-02273,submitted,2024-11-06,3
EVT-015517,APP-02273,client_interview_1,2024-11-07,1
EVT-015518,APP-02273,offer_extended,2024-11-10,3
EVT-015519,APP-02274,screened,2024-05-06,0
EVT-015520,APP-02274,submitted,2024-05-10,4
EVT-015521,APP-02274,client_interview_1,2024-05-18,8
EVT-015522,APP-02274,offer_extended,2024-06-04,17
EVT-015523,APP-02274,offer_accepted,2024-06-09,5
EVT-015524,APP-02274,onboarding_docs_sent,2024-06-26,17
EVT-015525,APP-02274,start_date,2024-06-27,1
EVT-015526,APP-02275,screened,2025-01-07,0
EVT-015527,APP-02275,submitted,2025-01-09,2
EVT-015528,APP-02275,client_interview_1,2025-01-12,3
EVT-015529,APP-02275,offer_extended,2025-01-16,4
EVT-015530,APP-02275,offer_accepted,2025-01-22,6
EVT-015531,APP-02275,background_check,2025-01-25,3
EVT-015532,APP-02275,start_date,2025-01-30,5
EVT-015533,APP-02276,screened,2024-02-22,0
EVT-015534,APP-02276,submitted,2024-02-24,2
EVT-015535,APP-02276,client_interview_1,2024-03-10,15
EVT-015536,APP-02276,offer_extended,2024-03-14,4
EVT-015537,APP-02276,offer_accepted,2024-03-14,0
EVT-015538,APP-02276,background_check,2024-03-21,7
EVT-015539,APP-02277,screened,2024-10-18,0
EVT-015540,APP-02277,submitted,2024-10-19,1
EVT-015541,APP-02277,client_interview_1,2024-10-28,9
EVT-015542,APP-02277,offer_extended,2024-11-03,6
EVT-015543,APP-02277,offer_accepted,2024-11-09,6
EVT-015544,APP-02277,background_check,2024-11-14,5
EVT-015545,APP-02277,start_date,2024-11-19,5
EVT-015546,APP-02278,screened,2024-04-23,0
EVT-015547,APP-02278,submitted,2024-04-25,2
EVT-015548,APP-02278,client_interview_1,2024-05-07,12
EVT-015549,APP-02278,offer_extended,2024-05-15,8
EVT-015550,APP-02278,offer_accepted,2024-05-16,1
EVT-015551,APP-02278,background_check,2024-05-24,8
EVT-015552,APP-02278,onboarding_docs_sent,2024-06-03,10
EVT-015553,APP-02278,start_date,2024-06-10,7
EVT-015554,APP-02279,screened,2024-09-15,0
EVT-015555,APP-02279,submitted,2024-09-19,4
EVT-015556,APP-02279,client_interview_1,2024-09-26,7
EVT-015557,APP-02279,offer_extended,2024-09-30,4
EVT-015558,APP-02279,offer_accepted,2024-10-02,2
EVT-015559,APP-02279,background_check,2024-10-06,4
EVT-015560,APP-02279,onboarding_docs_sent,2024-10-10,4
EVT-015561,APP-02279,start_date,2024-10-17,7
EVT-015562,APP-02280,screened,2025-08-03,0
EVT-015563,APP-02280,submitted,2025-08-04,1
EVT-015564,APP-02280,client_interview_1,2025-08-14,10
EVT-015565,APP-02280,offer_extended,2025-08-21,7
EVT-015566,APP-02280,offer_accepted,2025-08-26,5
EVT-015567,APP-02280,background_check,2025-08-30,4
EVT-015568,APP-02280,onboarding_docs_sent,2025-09-08,9
EVT-015569,APP-02280,start_date,2025-09-13,5
EVT-015570,APP-02281,screened,2024-12-19,0
EVT-015571,APP-02281,submitted,2024-12-23,4
EVT-015572,APP-02281,client_interview_1,2024-12-26,3
EVT-015573,APP-02281,client_interview_2,2024-12-29,3
EVT-015574,APP-02281,offer_extended,2025-01-12,14
EVT-015575,APP-02281,offer_accepted,2025-01-13,1
EVT-015576,APP-02281,background_check,2025-01-18,5
EVT-015577,APP-02281,onboarding_docs_sent,2025-01-26,8
EVT-015578,APP-02281,start_date,2025-01-30,4
EVT-015579,APP-02282,screened,2024-07-23,0
EVT-015580,APP-02282,submitted,2024-07-25,2
EVT-015581,APP-02282,client_interview_1,2024-08-05,11
EVT-015582,APP-02282,offer_extended,2024-08-17,12
EVT-015583,APP-02282,offer_accepted,2024-08-23,6
EVT-015584,APP-02282,background_check,2024-08-27,4
EVT-015585,APP-02282,onboarding_docs_sent,2024-09-07,11
EVT-015586,APP-02282,start_date,2024-09-09,2
EVT-015587,APP-02283,screened,2024-04-05,0
EVT-015588,APP-02283,submitted,2024-04-06,1
EVT-015589,APP-02283,client_interview_1,2024-04-11,5
EVT-015590,APP-02283,client_interview_2,2024-04-14,3
EVT-015591,APP-02283,offer_extended,2024-04-21,7
EVT-015592,APP-02283,offer_accepted,2024-04-27,6
EVT-015593,APP-02283,background_check,2024-05-05,8
EVT-015594,APP-02283,start_date,2024-05-27,22
EVT-015595,APP-02284,screened,2025-03-23,0
EVT-015596,APP-02284,submitted,2025-03-26,3
EVT-015597,APP-02284,client_interview_1,2025-04-10,15
EVT-015598,APP-02284,offer_extended,2025-04-16,6
EVT-015599,APP-02284,offer_accepted,2025-04-20,4
EVT-015600,APP-02284,background_check,2025-04-25,5
EVT-015601,APP-02284,onboarding_docs_sent,2025-05-06,11
EVT-015602,APP-02284,start_date,2025-05-09,3
EVT-015603,APP-02285,screened,2024-10-11,0
EVT-015604,APP-02285,submitted,2024-10-14,3
EVT-015605,APP-02285,client_interview_1,2024-10-17,3
EVT-015606,APP-02285,offer_extended,2024-11-02,16
EVT-015607,APP-02286,screened,2025-05-25,0
EVT-015608,APP-02286,submitted,2025-05-26,1
EVT-015609,APP-02286,client_interview_1,2025-05-31,5
EVT-015610,APP-02286,offer_extended,2025-06-10,10
EVT-015611,APP-02286,offer_accepted,2025-06-15,5
EVT-015612,APP-02286,onboarding_docs_sent,2025-06-25,10
EVT-015613,APP-02286,start_date,2025-06-28,3
EVT-015614,APP-02287,screened,2024-07-14,0
EVT-015615,APP-02287,submitted,2024-07-17,3
EVT-015616,APP-02287,client_interview_1,2024-07-21,4
EVT-015617,APP-02287,offer_extended,2024-07-29,8
EVT-015618,APP-02287,offer_accepted,2024-07-31,2
EVT-015619,APP-02287,onboarding_docs_sent,2024-08-18,18
EVT-015620,APP-02288,screened,2024-09-05,0
EVT-015621,APP-02288,submitted,2024-09-09,4
EVT-015622,APP-02288,client_interview_1,2024-09-12,3
EVT-015623,APP-02288,offer_extended,2024-09-25,13
EVT-015624,APP-02288,offer_accepted,2024-09-25,0
EVT-015625,APP-02288,background_check,2024-10-01,6
EVT-015626,APP-02288,start_date,2024-10-21,20
EVT-015627,APP-02289,screened,2024-11-14,0
EVT-015628,APP-02289,submitted,2024-11-15,1
EVT-015629,APP-02289,client_interview_1,2024-11-28,13
EVT-015630,APP-02289,offer_extended,2024-12-04,6
EVT-015631,APP-02289,offer_accepted,2024-12-10,6
EVT-015632,APP-02289,background_check,2024-12-12,2
EVT-015633,APP-02290,screened,2025-02-10,0
EVT-015634,APP-02290,client_interview_1,2025-02-12,2
EVT-015635,APP-02290,submitted,2025-02-13,1
EVT-015636,APP-02290,offer_extended,2025-02-26,13
EVT-015637,APP-02290,offer_accepted,2025-03-01,3
EVT-015638,APP-02290,background_check,2025-03-03,2
EVT-015639,APP-02290,onboarding_docs_sent,2025-03-14,11
EVT-015640,APP-02290,start_date,2025-04-06,23
EVT-015641,APP-02291,screened,2025-04-21,0
EVT-015642,APP-02291,submitted,2025-04-23,2
EVT-015643,APP-02291,client_interview_1,2025-05-08,15
EVT-015644,APP-02291,offer_extended,2025-05-23,15
EVT-015645,APP-02291,offer_accepted,2025-05-24,1
EVT-015646,APP-02291,onboarding_docs_sent,2025-05-27,3
EVT-015647,APP-02291,background_check,2025-05-30,3
EVT-015648,APP-02291,start_date,2025-06-08,9
EVT-015649,APP-02292,screened,2025-04-11,0
EVT-015650,APP-02292,submitted,2025-04-13,2
EVT-015651,APP-02292,client_interview_1,2025-04-15,2
EVT-015652,APP-02292,offer_extended,2025-04-29,14
EVT-015653,APP-02292,offer_accepted,2025-05-05,6
EVT-015654,APP-02292,background_check,2025-05-08,3
EVT-015655,APP-02292,onboarding_docs_sent,2025-05-11,3
EVT-015656,APP-02292,start_date,2025-05-18,7
EVT-015657,APP-02293,screened,2024-12-09,0
EVT-015658,APP-02293,submitted,2024-12-13,4
EVT-015659,APP-02293,client_interview_1,2024-12-28,15
EVT-015660,APP-02293,client_interview_2,2025-01-01,4
EVT-015661,APP-02293,offer_extended,2025-01-04,3
EVT-015662,APP-02293,offer_accepted,2025-01-09,5
EVT-015663,APP-02293,background_check,2025-01-16,7
EVT-015664,APP-02293,start_date,2025-02-01,16
EVT-015665,APP-02294,screened,2024-08-13,0
EVT-015666,APP-02294,submitted,2024-08-16,3
EVT-015667,APP-02294,client_interview_1,2024-08-24,8
EVT-015668,APP-02294,offer_extended,2024-09-04,11
EVT-015669,APP-02294,offer_accepted,2024-09-07,3
EVT-015670,APP-02294,background_check,2024-09-15,8
EVT-015671,APP-02295,screened,2024-05-08,0
EVT-015672,APP-02295,submitted,2024-05-12,4
EVT-015673,APP-02295,client_interview_1,2024-05-16,4
EVT-015674,APP-02295,client_interview_2,2024-05-20,4
EVT-015675,APP-02295,offer_extended,2024-05-22,2
EVT-015676,APP-02295,offer_accepted,2024-05-24,2
EVT-015677,APP-02295,background_check,2024-05-30,6
EVT-015678,APP-02295,onboarding_docs_sent,2024-06-14,15
EVT-015679,APP-02295,start_date,2024-06-20,6
EVT-015680,APP-02296,screened,2025-01-21,0
EVT-015681,APP-02296,submitted,2025-01-22,1
EVT-015682,APP-02296,client_interview_1,2025-01-23,1
EVT-015683,APP-02296,offer_extended,2025-01-27,4
EVT-015684,APP-02296,offer_accepted,2025-01-27,0
EVT-015685,APP-02296,background_check,2025-02-03,7
EVT-015686,APP-02296,start_date,2025-02-16,13
EVT-015687,APP-02297,screened,2024-10-11,0
EVT-015688,APP-02297,client_interview_1,2024-10-14,3
EVT-015689,APP-02297,submitted,2024-10-15,1
EVT-015690,APP-02297,offer_extended,2024-10-17,2
EVT-015691,APP-02298,screened,2024-03-24,0
EVT-015692,APP-02298,submitted,2024-03-27,3
EVT-015693,APP-02298,client_interview_1,2024-04-02,6
EVT-015694,APP-02298,offer_extended,2024-04-06,4
EVT-015695,APP-02298,offer_accepted,2024-04-08,2
EVT-015696,APP-02298,background_check,2024-04-16,8
EVT-015697,APP-02299,screened,2024-11-28,0
EVT-015698,APP-02299,submitted,2024-12-02,4
EVT-015699,APP-02299,client_interview_1,2024-12-16,14
EVT-015700,APP-02299,offer_extended,2024-12-21,5
EVT-015701,APP-02299,offer_accepted,2024-12-23,2
EVT-015702,APP-02299,onboarding_docs_sent,2025-01-14,22
EVT-015703,APP-02299,start_date,2025-01-16,2
EVT-015704,APP-02300,screened,2025-04-02,0
EVT-015705,APP-02300,submitted,2025-04-04,2
EVT-015706,APP-02300,client_interview_1,2025-04-04,0
EVT-015707,APP-02300,offer_extended,2025-04-09,5
EVT-015708,APP-02300,offer_accepted,2025-04-12,3
EVT-015709,APP-02300,onboarding_docs_sent,2025-05-01,19
EVT-015710,APP-02300,start_date,2025-05-05,4
EVT-015711,APP-02301,screened,2024-05-08,0
EVT-015712,APP-02301,client_interview_1,2024-05-09,1
EVT-015713,APP-02301,submitted,2024-05-11,2
EVT-015714,APP-02301,offer_extended,2024-05-15,4
EVT-015715,APP-02301,offer_accepted,2024-05-18,3
EVT-015716,APP-02301,background_check,2024-05-24,6
EVT-015717,APP-02301,onboarding_docs_sent,2024-06-18,25
EVT-015718,APP-02301,start_date,2024-07-13,25
EVT-015719,APP-02302,screened,2025-03-24,0
EVT-015720,APP-02302,submitted,2025-03-28,4
EVT-015721,APP-02302,client_interview_1,2025-04-05,8
EVT-015722,APP-02302,client_interview_2,2025-04-13,8
EVT-015723,APP-02302,offer_extended,2025-04-20,7
EVT-015724,APP-02302,offer_accepted,2025-04-26,6
EVT-015725,APP-02302,background_check,2025-05-03,7
EVT-015726,APP-02302,onboarding_docs_sent,2025-05-15,12
EVT-015727,APP-02302,start_date,2025-05-16,1
EVT-015728,APP-02303,screened,2024-05-03,0
EVT-015729,APP-02303,submitted,2024-05-06,3
EVT-015730,APP-02303,client_interview_1,2024-05-10,4
EVT-015731,APP-02303,offer_extended,2024-05-17,7
EVT-015732,APP-02303,offer_accepted,2024-05-20,3
EVT-015733,APP-02303,background_check,2024-05-24,4
EVT-015734,APP-02304,screened,2024-02-12,0
EVT-015735,APP-02304,submitted,2024-02-13,1
EVT-015736,APP-02304,client_interview_1,2024-02-25,12
EVT-015737,APP-02304,client_interview_2,2024-02-28,3
EVT-015738,APP-02304,offer_extended,2024-03-04,5
EVT-015739,APP-02305,screened,2024-09-23,0
EVT-015740,APP-02305,submitted,2024-09-25,2
EVT-015741,APP-02305,client_interview_1,2024-10-06,11
EVT-015742,APP-02305,offer_extended,2024-10-15,9
EVT-015743,APP-02306,screened,2025-04-29,0
EVT-015744,APP-02306,submitted,2025-05-02,3
EVT-015745,APP-02306,client_interview_1,2025-05-09,7
EVT-015746,APP-02306,offer_extended,2025-05-16,7
EVT-015747,APP-02306,offer_accepted,2025-05-19,3
EVT-015748,APP-02307,screened,2024-06-03,0
EVT-015749,APP-02307,submitted,2024-06-04,1
EVT-015750,APP-02307,client_interview_1,2024-06-05,1
EVT-015751,APP-02307,offer_extended,2024-06-17,12
EVT-015752,APP-02307,offer_accepted,2024-06-21,4
EVT-015753,APP-02307,background_check,2024-06-24,3
EVT-015754,APP-02308,screened,2025-05-11,0
EVT-015755,APP-02308,client_interview_1,2025-05-12,1
EVT-015756,APP-02308,submitted,2025-05-13,1
EVT-015757,APP-02308,offer_extended,2025-05-18,5
EVT-015758,APP-02308,offer_accepted,2025-05-24,6
EVT-015759,APP-02308,background_check,2025-05-30,6
EVT-015760,APP-02309,screened,2024-10-18,0
EVT-015761,APP-02309,submitted,2024-10-19,1
EVT-015762,APP-02309,client_interview_1,2024-10-28,9
EVT-015763,APP-02309,client_interview_2,2024-11-03,6
EVT-015764,APP-02309,offer_extended,2024-11-07,4
EVT-015765,APP-02309,offer_accepted,2024-11-09,2
EVT-015766,APP-02309,background_check,2024-11-10,1
EVT-015767,APP-02309,onboarding_docs_sent,2024-11-17,7
EVT-015768,APP-02309,start_date,2024-11-19,2
EVT-015769,APP-02310,screened,2024-02-24,0
EVT-015770,APP-02310,submitted,2024-02-26,2
EVT-015771,APP-02310,client_interview_1,2024-03-07,10
EVT-015772,APP-02310,offer_extended,2024-03-18,11
EVT-015773,APP-02310,offer_accepted,2024-03-21,3
EVT-015774,APP-02310,background_check,2024-03-23,2
EVT-015775,APP-02311,screened,2024-11-11,0
EVT-015776,APP-02311,submitted,2024-11-15,4
EVT-015777,APP-02311,client_interview_1,2024-11-28,13
EVT-015778,APP-02311,offer_extended,2024-12-04,6
EVT-015779,APP-02311,offer_accepted,2024-12-09,5
EVT-015780,APP-02311,background_check,2024-12-12,3
EVT-015781,APP-02311,start_date,2024-12-14,2
EVT-015782,APP-02312,screened,2024-09-17,0
EVT-015783,APP-02312,submitted,2024-09-19,2
EVT-015784,APP-02312,client_interview_1,2024-10-05,16
EVT-015785,APP-02312,offer_extended,2024-10-21,16
EVT-015786,APP-02312,offer_accepted,2024-10-26,5
EVT-015787,APP-02313,screened,2025-06-18,0
EVT-015788,APP-02313,submitted,2025-06-19,1
EVT-015789,APP-02313,client_interview_1,2025-07-02,13
EVT-015790,APP-02313,offer_extended,2025-07-10,8
EVT-015791,APP-02313,offer_accepted,2025-07-10,0
EVT-015792,APP-02314,screened,2024-04-29,0
EVT-015793,APP-02314,submitted,2024-05-01,2
EVT-015794,APP-02314,client_interview_1,2024-05-08,7
EVT-015795,APP-02314,client_interview_2,2024-05-16,8
EVT-015796,APP-02314,offer_extended,2024-05-19,3
EVT-015797,APP-02314,offer_accepted,2024-05-24,5
EVT-015798,APP-02314,background_check,2024-05-30,6
EVT-015799,APP-02314,start_date,2024-06-07,8
EVT-015800,APP-02315,screened,2024-09-30,0
EVT-015801,APP-02315,submitted,2024-10-04,4
EVT-015802,APP-02315,client_interview_1,2024-10-15,11
EVT-015803,APP-02315,client_interview_2,2024-10-23,8
EVT-015804,APP-02315,offer_extended,2024-11-01,9
EVT-015805,APP-02315,offer_accepted,2024-11-01,0
EVT-015806,APP-02315,background_check,2024-11-07,6
EVT-015807,APP-02315,start_date,2024-12-06,29
EVT-015808,APP-02316,screened,2024-04-15,0
EVT-015809,APP-02316,submitted,2024-04-17,2
EVT-015810,APP-02316,client_interview_1,2024-05-06,19
EVT-015811,APP-02316,offer_extended,2024-05-23,17
EVT-015812,APP-02316,offer_accepted,2024-05-23,0
EVT-015813,APP-02316,onboarding_docs_sent,2024-06-09,17
EVT-015814,APP-02316,start_date,2024-06-28,19
EVT-015815,APP-02317,screened,2024-11-25,0
EVT-015816,APP-02317,submitted,2024-11-27,2
EVT-015817,APP-02317,client_interview_1,2024-11-28,1
EVT-015818,APP-02317,offer_extended,2024-12-12,14
EVT-015819,APP-02317,offer_accepted,2024-12-16,4
EVT-015820,APP-02317,onboarding_docs_sent,2024-12-25,9
EVT-015821,APP-02317,start_date,2024-12-29,4
EVT-015822,APP-02318,screened,2025-01-29,0
EVT-015823,APP-02318,submitted,2025-01-31,2
EVT-015824,APP-02318,client_interview_1,2025-02-04,4
EVT-015825,APP-02318,offer_extended,2025-02-18,14
EVT-015826,APP-02318,offer_accepted,2025-02-23,5
EVT-015827,APP-02318,background_check,2025-03-01,6
EVT-015828,APP-02319,screened,2024-12-17,0
EVT-015829,APP-02319,submitted,2024-12-18,1
EVT-015830,APP-02319,client_interview_1,2025-01-04,17
EVT-015831,APP-02319,offer_extended,2025-01-08,4
EVT-015832,APP-02319,offer_accepted,2025-01-14,6
EVT-015833,APP-02319,background_check,2025-01-16,2
EVT-015834,APP-02319,onboarding_docs_sent,2025-01-20,4
EVT-015835,APP-02319,start_date,2025-01-26,6
EVT-015836,APP-02320,screened,2025-01-05,0
EVT-015837,APP-02320,submitted,2025-01-06,1
EVT-015838,APP-02320,client_interview_1,2025-01-22,16
EVT-015839,APP-02320,client_interview_2,2025-01-30,8
EVT-015840,APP-02320,offer_extended,2025-01-31,1
EVT-015841,APP-02320,offer_accepted,2025-02-03,3
EVT-015842,APP-02320,onboarding_docs_sent,2025-02-06,3
EVT-015843,APP-02320,background_check,2025-02-09,3
EVT-015844,APP-02320,start_date,2025-02-10,1
EVT-015845,APP-02321,screened,2025-06-29,0
EVT-015846,APP-02321,client_interview_1,2025-07-01,2
EVT-015847,APP-02321,submitted,2025-07-02,1
EVT-015848,APP-02321,offer_extended,2025-07-05,3
EVT-015849,APP-02321,offer_accepted,2025-07-08,3
EVT-015850,APP-02321,background_check,2025-07-16,8
EVT-015851,APP-02321,onboarding_docs_sent,2025-07-31,15
EVT-015852,APP-02321,start_date,2025-08-06,6
EVT-015853,APP-02322,screened,2025-04-24,0
EVT-015854,APP-02322,submitted,2025-04-28,4
EVT-015855,APP-02322,client_interview_1,2025-05-02,4
EVT-015856,APP-02322,client_interview_2,2025-05-11,9
EVT-015857,APP-02322,offer_extended,2025-05-12,1
EVT-015858,APP-02322,offer_accepted,2025-05-18,6
EVT-015859,APP-02322,onboarding_docs_sent,2025-05-31,13
EVT-015860,APP-02323,screened,2025-02-06,0
EVT-015861,APP-02323,submitted,2025-02-09,3
EVT-015862,APP-02323,client_interview_1,2025-02-19,10
EVT-015863,APP-02323,offer_extended,2025-03-02,11
EVT-015864,APP-02323,offer_accepted,2025-03-06,4
EVT-015865,APP-02323,start_date,2025-03-28,22
EVT-015866,APP-02324,screened,2025-04-02,0
EVT-015867,APP-02324,submitted,2025-04-05,3
EVT-015868,APP-02324,client_interview_1,2025-04-06,1
EVT-015869,APP-02324,offer_extended,2025-04-16,10
EVT-015870,APP-02324,offer_accepted,2025-04-19,3
EVT-015871,APP-02324,background_check,2025-04-23,4
EVT-015872,APP-02324,onboarding_docs_sent,2025-04-30,7
EVT-015873,APP-02325,screened,2025-06-15,0
EVT-015874,APP-02325,submitted,2025-06-17,2
EVT-015875,APP-02325,client_interview_1,2025-06-25,8
EVT-015876,APP-02325,offer_extended,2025-07-04,9
EVT-015877,APP-02325,offer_accepted,2025-07-10,6
EVT-015878,APP-02325,onboarding_docs_sent,2025-07-13,3
EVT-015879,APP-02325,background_check,2025-07-17,4
EVT-015880,APP-02325,start_date,2025-07-17,0
EVT-015881,APP-02326,screened,2024-04-06,0
EVT-015882,APP-02326,submitted,2024-04-08,2
EVT-015883,APP-02326,client_interview_1,2024-04-19,11
EVT-015884,APP-02326,offer_extended,2024-05-04,15
EVT-015885,APP-02327,screened,2024-03-02,0
EVT-015886,APP-02327,submitted,2024-03-05,3
EVT-015887,APP-02327,client_interview_1,2024-03-09,4
EVT-015888,APP-02327,client_interview_2,2024-03-16,7
EVT-015889,APP-02327,offer_extended,2024-03-26,10
EVT-015890,APP-02327,offer_accepted,2024-03-31,5
EVT-015891,APP-02327,background_check,2024-04-06,6
EVT-015892,APP-02328,screened,2024-05-21,0
EVT-015893,APP-02328,submitted,2024-05-25,4
EVT-015894,APP-02328,client_interview_1,2024-06-04,10
EVT-015895,APP-02328,offer_extended,2024-06-07,3
EVT-015896,APP-02329,screened,2024-08-09,0
EVT-015897,APP-02329,submitted,2024-08-10,1
EVT-015898,APP-02329,client_interview_1,2024-08-19,9
EVT-015899,APP-02329,offer_extended,2024-08-27,8
EVT-015900,APP-02329,offer_accepted,2024-09-02,6
EVT-015901,APP-02329,onboarding_docs_sent,2024-09-08,6
EVT-015902,APP-02329,start_date,2024-09-10,2
EVT-015903,APP-02330,screened,2025-03-03,0
EVT-015904,APP-02330,submitted,2025-03-05,2
EVT-015905,APP-02330,client_interview_1,2025-03-10,5
EVT-015906,APP-02330,offer_extended,2025-03-19,9
EVT-015907,APP-02330,offer_accepted,2025-03-21,2
EVT-015908,APP-02330,background_check,2025-03-27,6
EVT-015909,APP-02331,screened,2024-03-24,0
EVT-015910,APP-02331,client_interview_1,2024-03-26,2
EVT-015911,APP-02331,submitted,2024-03-28,2
EVT-015912,APP-02331,offer_extended,2024-03-30,2
EVT-015913,APP-02331,offer_accepted,2024-03-30,0
EVT-015914,APP-02331,background_check,2024-04-07,8
EVT-015915,APP-02331,onboarding_docs_sent,2024-04-08,1
EVT-015916,APP-02331,start_date,2024-04-09,1
EVT-015917,APP-02332,screened,2025-04-17,0
EVT-015918,APP-02332,submitted,2025-04-18,1
EVT-015919,APP-02332,client_interview_1,2025-04-27,9
EVT-015920,APP-02332,offer_extended,2025-04-30,3
EVT-015921,APP-02332,offer_accepted,2025-05-01,1
EVT-015922,APP-02332,background_check,2025-05-08,7
EVT-015923,APP-02332,onboarding_docs_sent,2025-05-24,16
EVT-015924,APP-02332,start_date,2025-05-26,2
EVT-015925,APP-02333,screened,2025-06-29,0
EVT-015926,APP-02333,client_interview_1,2025-07-01,2
EVT-015927,APP-02333,submitted,2025-07-03,2
EVT-015928,APP-02333,offer_extended,2025-07-10,7
EVT-015929,APP-02333,offer_accepted,2025-07-10,0
EVT-015930,APP-02333,onboarding_docs_sent,2025-07-25,15
EVT-015931,APP-02333,start_date,2025-07-28,3
EVT-015932,APP-02334,screened,2025-06-19,0
EVT-015933,APP-02334,client_interview_1,2025-06-19,0
EVT-015934,APP-02334,submitted,2025-06-21,2
EVT-015935,APP-02334,client_interview_2,2025-06-27,6
EVT-015936,APP-02334,offer_extended,2025-07-07,10
EVT-015937,APP-02334,offer_accepted,2025-07-13,6
EVT-015938,APP-02334,background_check,2025-07-21,8
EVT-015939,APP-02334,onboarding_docs_sent,2025-08-07,17
EVT-015940,APP-02334,start_date,2025-08-10,3
EVT-015941,APP-02335,screened,2025-06-09,0
EVT-015942,APP-02335,submitted,2025-06-13,4
EVT-015943,APP-02335,client_interview_1,2025-06-27,14
EVT-015944,APP-02335,client_interview_2,2025-07-01,4
EVT-015945,APP-02335,offer_extended,2025-07-08,7
EVT-015946,APP-02336,screened,2024-09-04,0
EVT-015947,APP-02336,submitted,2024-09-05,1
EVT-015948,APP-02336,client_interview_1,2024-09-13,8
EVT-015949,APP-02336,client_interview_2,2024-09-15,2
EVT-015950,APP-02336,offer_extended,2024-09-17,2
EVT-015951,APP-02336,offer_accepted,2024-09-23,6
EVT-015952,APP-02336,onboarding_docs_sent,2024-09-24,1
EVT-015953,APP-02336,background_check,2024-09-25,1
EVT-015954,APP-02336,start_date,2024-10-03,8
EVT-015955,APP-02337,screened,2024-08-27,0
EVT-015956,APP-02337,client_interview_1,2024-08-28,1
EVT-015957,APP-02337,submitted,2024-08-29,1
EVT-015958,APP-02337,offer_extended,2024-09-12,14
EVT-015959,APP-02337,offer_accepted,2024-09-15,3
EVT-015960,APP-02337,onboarding_docs_sent,2024-09-26,11
EVT-015961,APP-02337,start_date,2024-09-29,3
EVT-015962,APP-02338,screened,2024-07-01,0
EVT-015963,APP-02338,submitted,2024-07-02,1
EVT-015964,APP-02338,client_interview_1,2024-07-08,6
EVT-015965,APP-02338,client_interview_2,2024-07-15,7
EVT-015966,APP-02338,offer_extended,2024-07-23,8
EVT-015967,APP-02338,offer_accepted,2024-07-27,4
EVT-015968,APP-02339,screened,2024-11-17,0
EVT-015969,APP-02339,submitted,2024-11-21,4
EVT-015970,APP-02339,client_interview_1,2024-11-30,9
EVT-015971,APP-02339,client_interview_2,2024-12-05,5
EVT-015972,APP-02339,offer_extended,2024-12-17,12
EVT-015973,APP-02340,screened,2024-10-16,0
EVT-015974,APP-02340,submitted,2024-10-19,3
EVT-015975,APP-02340,client_interview_1,2024-11-02,14
EVT-015976,APP-02340,offer_extended,2024-11-10,8
EVT-015977,APP-02340,offer_accepted,2024-11-13,3
EVT-015978,APP-02340,background_check,2024-11-19,6
EVT-015979,APP-02340,start_date,2024-11-27,8
EVT-015980,APP-02341,screened,2025-07-20,0
EVT-015981,APP-02341,submitted,2025-07-24,4
EVT-015982,APP-02341,client_interview_1,2025-07-27,3
EVT-015983,APP-02341,client_interview_2,2025-07-29,2
EVT-015984,APP-02341,offer_extended,2025-08-12,14
EVT-015985,APP-02341,offer_accepted,2025-08-15,3
EVT-015986,APP-02341,onboarding_docs_sent,2025-08-21,6
EVT-015987,APP-02341,start_date,2025-08-28,7
EVT-015988,APP-02342,screened,2024-11-02,0
EVT-015989,APP-02342,submitted,2024-11-06,4
EVT-015990,APP-02342,client_interview_1,2024-11-21,15
EVT-015991,APP-02342,client_interview_2,2024-11-26,5
EVT-015992,APP-02342,offer_extended,2024-11-29,3
EVT-015993,APP-02342,offer_accepted,2024-12-02,3
EVT-015994,APP-02342,background_check,2024-12-06,4
EVT-015995,APP-02342,onboarding_docs_sent,2024-12-24,18
EVT-015996,APP-02343,screened,2024-09-22,0
EVT-015997,APP-02343,submitted,2024-09-24,2
EVT-015998,APP-02343,client_interview_1,2024-10-11,17
EVT-015999,APP-02343,offer_extended,2024-10-13,2
EVT-016000,APP-02343,offer_accepted,2024-10-16,3
EVT-016001,APP-02343,background_check,2024-10-17,1
EVT-016002,APP-02344,screened,2024-11-07,0
EVT-016003,APP-02344,submitted,2024-11-10,3
EVT-016004,APP-02344,client_interview_1,2024-11-24,14
EVT-016005,APP-02344,offer_extended,2024-12-11,17
EVT-016006,APP-02344,offer_accepted,2024-12-14,3
EVT-016007,APP-02344,start_date,2024-12-25,11
EVT-016008,APP-02345,screened,2025-02-14,0
EVT-016009,APP-02345,submitted,2025-02-16,2
EVT-016010,APP-02345,client_interview_1,2025-02-25,9
EVT-016011,APP-02345,offer_extended,2025-02-27,2
EVT-016012,APP-02345,offer_accepted,2025-03-01,2
EVT-016013,APP-02345,onboarding_docs_sent,2025-03-03,2
EVT-016014,APP-02345,start_date,2025-03-08,5
EVT-016015,APP-02346,screened,2024-04-29,0
EVT-016016,APP-02346,submitted,2024-05-03,4
EVT-016017,APP-02346,client_interview_1,2024-05-11,8
EVT-016018,APP-02346,client_interview_2,2024-05-17,6
EVT-016019,APP-02346,offer_extended,2024-05-23,6
EVT-016020,APP-02346,offer_accepted,2024-05-26,3
EVT-016021,APP-02346,background_check,2024-06-03,8
EVT-016022,APP-02346,onboarding_docs_sent,2024-06-14,11
EVT-016023,APP-02346,start_date,2024-06-20,6
EVT-016024,APP-02347,screened,2025-01-07,0
EVT-016025,APP-02347,submitted,2025-01-10,3
EVT-016026,APP-02347,client_interview_1,2025-01-10,0
EVT-016027,APP-02347,client_interview_2,2025-01-20,10
EVT-016028,APP-02347,offer_extended,2025-01-26,6
EVT-016029,APP-02347,offer_accepted,2025-01-26,0
EVT-016030,APP-02347,background_check,2025-02-03,8
EVT-016031,APP-02347,onboarding_docs_sent,2025-02-22,19
EVT-016032,APP-02347,start_date,2025-02-24,2
EVT-016033,APP-02348,screened,2025-01-28,0
EVT-016034,APP-02348,submitted,2025-01-29,1
EVT-016035,APP-02348,client_interview_1,2025-02-10,12
EVT-016036,APP-02348,offer_extended,2025-02-13,3
EVT-016037,APP-02348,offer_accepted,2025-02-13,0
EVT-016038,APP-02348,background_check,2025-02-20,7
EVT-016039,APP-02348,onboarding_docs_sent,2025-03-13,21
EVT-016040,APP-02349,screened,2024-07-23,0
EVT-016041,APP-02349,submitted,2024-07-25,2
EVT-016042,APP-02349,client_interview_1,2024-08-11,17
EVT-016043,APP-02349,client_interview_2,2024-08-19,8
EVT-016044,APP-02349,offer_extended,2024-08-28,9
EVT-016045,APP-02349,offer_accepted,2024-08-30,2
EVT-016046,APP-02349,background_check,2024-09-04,5
EVT-016047,APP-02349,start_date,2024-09-27,23
EVT-016048,APP-02350,screened,2024-11-24,0
EVT-016049,APP-02350,submitted,2024-11-28,4
EVT-016050,APP-02350,client_interview_1,2024-11-30,2
EVT-016051,APP-02350,offer_extended,2024-12-02,2
EVT-016052,APP-02350,offer_accepted,2024-12-02,0
EVT-016053,APP-02350,background_check,2024-12-06,4
EVT-016054,APP-02350,onboarding_docs_sent,2024-12-14,8
EVT-016055,APP-02350,start_date,2024-12-15,1
EVT-016056,APP-02351,screened,2024-10-29,0
EVT-016057,APP-02351,submitted,2024-10-30,1
EVT-016058,APP-02351,client_interview_1,2024-11-06,7
EVT-016059,APP-02351,offer_extended,2024-11-13,7
EVT-016060,APP-02351,offer_accepted,2024-11-17,4
EVT-016061,APP-02351,background_check,2024-11-18,1
EVT-016062,APP-02351,onboarding_docs_sent,2024-12-13,25
EVT-016063,APP-02352,screened,2024-08-31,0
EVT-016064,APP-02352,submitted,2024-09-01,1
EVT-016065,APP-02352,client_interview_1,2024-09-05,4
EVT-016066,APP-02352,offer_extended,2024-09-12,7
EVT-016067,APP-02352,offer_accepted,2024-09-13,1
EVT-016068,APP-02352,background_check,2024-09-18,5
EVT-016069,APP-02352,onboarding_docs_sent,2024-09-25,7
EVT-016070,APP-02352,start_date,2024-09-28,3
EVT-016071,APP-02353,screened,2025-01-30,0
EVT-016072,APP-02353,submitted,2025-02-01,2
EVT-016073,APP-02353,client_interview_1,2025-02-14,13
EVT-016074,APP-02353,offer_extended,2025-02-22,8
EVT-016075,APP-02353,offer_accepted,2025-02-22,0
EVT-016076,APP-02353,background_check,2025-02-26,4
EVT-016077,APP-02354,screened,2024-07-10,0
EVT-016078,APP-02354,submitted,2024-07-14,4
EVT-016079,APP-02354,client_interview_1,2024-07-31,17
EVT-016080,APP-02354,client_interview_2,2024-08-05,5
EVT-016081,APP-02354,offer_extended,2024-08-16,11
EVT-016082,APP-02354,offer_accepted,2024-08-18,2
EVT-016083,APP-02354,background_check,2024-08-21,3
EVT-016084,APP-02354,onboarding_docs_sent,2024-08-27,6
EVT-016085,APP-02354,start_date,2024-09-02,6
EVT-016086,APP-02355,screened,2024-10-20,0
EVT-016087,APP-02355,submitted,2024-10-23,3
EVT-016088,APP-02355,client_interview_1,2024-11-02,10
EVT-016089,APP-02355,client_interview_2,2024-11-08,6
EVT-016090,APP-02355,offer_extended,2024-11-19,11
EVT-016091,APP-02355,offer_accepted,2024-11-25,6
EVT-016092,APP-02355,background_check,2024-11-30,5
EVT-016093,APP-02355,onboarding_docs_sent,2024-12-17,17
EVT-016094,APP-02355,start_date,2024-12-20,3
EVT-016095,APP-02356,screened,2024-12-01,0
EVT-016096,APP-02356,submitted,2024-12-03,2
EVT-016097,APP-02356,client_interview_1,2024-12-13,10
EVT-016098,APP-02356,client_interview_2,2024-12-19,6
EVT-016099,APP-02356,offer_extended,2024-12-28,9
EVT-016100,APP-02356,offer_accepted,2025-01-02,5
EVT-016101,APP-02356,background_check,2025-01-04,2
EVT-016102,APP-02357,screened,2024-02-10,0
EVT-016103,APP-02357,submitted,2024-02-11,1
EVT-016104,APP-02357,client_interview_1,2024-02-23,12
EVT-016105,APP-02357,offer_extended,2024-03-03,9
EVT-016106,APP-02358,screened,2025-02-03,0
EVT-016107,APP-02358,submitted,2025-02-06,3
EVT-016108,APP-02358,client_interview_1,2025-02-18,12
EVT-016109,APP-02358,offer_extended,2025-03-03,13
EVT-016110,APP-02358,offer_accepted,2025-03-09,6
EVT-016111,APP-02358,start_date,2025-03-29,20
EVT-016112,APP-02359,screened,2024-09-01,0
EVT-016113,APP-02359,submitted,2024-09-02,1
EVT-016114,APP-02359,client_interview_1,2024-09-14,12
EVT-016115,APP-02359,offer_extended,2024-09-29,15
EVT-016116,APP-02359,offer_accepted,2024-10-04,5
EVT-016117,APP-02359,background_check,2024-10-06,2
EVT-016118,APP-02360,screened,2025-03-04,0
EVT-016119,APP-02360,submitted,2025-03-05,1
EVT-016120,APP-02360,client_interview_1,2025-03-14,9
EVT-016121,APP-02360,client_interview_2,2025-03-18,4
EVT-016122,APP-02360,offer_extended,2025-03-20,2
EVT-016123,APP-02360,offer_accepted,2025-03-20,0
EVT-016124,APP-02360,background_check,2025-03-28,8
EVT-016125,APP-02360,onboarding_docs_sent,2025-04-17,20
EVT-016126,APP-02361,screened,2024-06-17,0
EVT-016127,APP-02361,submitted,2024-06-19,2
EVT-016128,APP-02361,client_interview_1,2024-06-28,9
EVT-016129,APP-02361,offer_extended,2024-07-07,9
EVT-016130,APP-02361,offer_accepted,2024-07-08,1
EVT-016131,APP-02361,background_check,2024-07-15,7
EVT-016132,APP-02362,screened,2024-08-30,0
EVT-016133,APP-02362,submitted,2024-08-31,1
EVT-016134,APP-02362,client_interview_1,2024-09-14,14
EVT-016135,APP-02362,client_interview_2,2024-09-18,4
EVT-016136,APP-02362,offer_extended,2024-09-26,8
EVT-016137,APP-02362,offer_accepted,2024-10-02,6
EVT-016138,APP-02362,background_check,2024-10-03,1
EVT-016139,APP-02362,onboarding_docs_sent,2024-10-22,19
EVT-016140,APP-02363,screened,2024-09-24,0
EVT-016141,APP-02363,client_interview_1,2024-09-25,1
EVT-016142,APP-02363,submitted,2024-09-26,1
EVT-016143,APP-02363,offer_extended,2024-10-02,6
EVT-016144,APP-02363,offer_accepted,2024-10-06,4
EVT-016145,APP-02363,background_check,2024-10-09,3
EVT-016146,APP-02364,screened,2024-04-10,0
EVT-016147,APP-02364,submitted,2024-04-13,3
EVT-016148,APP-02364,client_interview_1,2024-04-18,5
EVT-016149,APP-02364,offer_extended,2024-04-21,3
EVT-016150,APP-02364,offer_accepted,2024-04-26,5
EVT-016151,APP-02364,background_check,2024-04-30,4
EVT-016152,APP-02364,onboarding_docs_sent,2024-05-09,9
EVT-016153,APP-02364,start_date,2024-05-15,6
EVT-016154,APP-02365,screened,2025-02-03,0
EVT-016155,APP-02365,submitted,2025-02-05,2
EVT-016156,APP-02365,client_interview_1,2025-02-17,12
EVT-016157,APP-02365,offer_extended,2025-02-19,2
EVT-016158,APP-02365,offer_accepted,2025-02-20,1
EVT-016159,APP-02365,background_check,2025-02-27,7
EVT-016160,APP-02365,onboarding_docs_sent,2025-03-15,16
EVT-016161,APP-02365,start_date,2025-03-17,2
EVT-016162,APP-02366,screened,2025-07-13,0
EVT-016163,APP-02366,submitted,2025-07-17,4
EVT-016164,APP-02366,client_interview_1,2025-07-17,0
EVT-016165,APP-02366,offer_extended,2025-07-19,2
EVT-016166,APP-02366,offer_accepted,2025-07-21,2
EVT-016167,APP-02366,background_check,2025-07-28,7
EVT-016168,APP-02366,start_date,2025-08-07,10
EVT-016169,APP-02367,screened,2025-01-27,0
EVT-016170,APP-02367,submitted,2025-01-30,3
EVT-016171,APP-02367,client_interview_1,2025-02-10,11
EVT-016172,APP-02367,offer_extended,2025-02-20,10
EVT-016173,APP-02367,offer_accepted,2025-02-26,6
EVT-016174,APP-02367,background_check,2025-03-05,7
EVT-016175,APP-02368,screened,2024-03-12,0
EVT-016176,APP-02368,submitted,2024-03-16,4
EVT-016177,APP-02368,client_interview_1,2024-03-19,3
EVT-016178,APP-02368,offer_extended,2024-03-23,4
EVT-016179,APP-02368,offer_accepted,2024-03-29,6
EVT-016180,APP-02368,background_check,2024-03-30,1
EVT-016181,APP-02368,onboarding_docs_sent,2024-04-20,21
EVT-016182,APP-02368,start_date,2024-04-24,4
EVT-016183,APP-02369,screened,2025-05-27,0
EVT-016184,APP-02369,submitted,2025-05-30,3
EVT-016185,APP-02369,client_interview_1,2025-06-09,10
EVT-016186,APP-02369,client_interview_2,2025-06-17,8
EVT-016187,APP-02369,offer_extended,2025-06-22,5
EVT-016188,APP-02370,screened,2024-10-02,0
EVT-016189,APP-02370,submitted,2024-10-06,4
EVT-016190,APP-02370,client_interview_1,2024-10-07,1
EVT-016191,APP-02370,client_interview_2,2024-10-09,2
EVT-016192,APP-02370,offer_extended,2024-10-20,11
EVT-016193,APP-02370,offer_accepted,2024-10-20,0
EVT-016194,APP-02370,background_check,2024-10-24,4
EVT-016195,APP-02371,screened,2024-07-11,0
EVT-016196,APP-02371,submitted,2024-07-13,2
EVT-016197,APP-02371,client_interview_1,2024-07-23,10
EVT-016198,APP-02371,offer_extended,2024-08-04,12
EVT-016199,APP-02371,offer_accepted,2024-08-04,0
EVT-016200,APP-02371,background_check,2024-08-07,3
EVT-016201,APP-02371,onboarding_docs_sent,2024-08-17,10
EVT-016202,APP-02371,start_date,2024-08-22,5
EVT-016203,APP-02372,screened,2024-11-20,0
EVT-016204,APP-02372,submitted,2024-11-23,3
EVT-016205,APP-02372,client_interview_1,2024-11-25,2
EVT-016206,APP-02372,offer_extended,2024-11-29,4
EVT-016207,APP-02372,offer_accepted,2024-12-02,3
EVT-016208,APP-02372,background_check,2024-12-06,4
EVT-016209,APP-02372,start_date,2024-12-30,24
EVT-016210,APP-02373,screened,2024-12-01,0
EVT-016211,APP-02373,submitted,2024-12-05,4
EVT-016212,APP-02373,client_interview_1,2024-12-15,10
EVT-016213,APP-02373,offer_extended,2024-12-21,6
EVT-016214,APP-02373,offer_accepted,2024-12-24,3
EVT-016215,APP-02373,background_check,2024-12-28,4
EVT-016216,APP-02373,onboarding_docs_sent,2025-01-01,4
EVT-016217,APP-02374,screened,2025-05-29,0
EVT-016218,APP-02374,submitted,2025-05-31,2
EVT-016219,APP-02374,client_interview_1,2025-06-05,5
EVT-016220,APP-02374,offer_extended,2025-06-09,4
EVT-016221,APP-02374,offer_accepted,2025-06-14,5
EVT-016222,APP-02374,start_date,2025-06-29,15
EVT-016223,APP-02375,screened,2025-02-05,0
EVT-016224,APP-02375,submitted,2025-02-08,3
EVT-016225,APP-02375,client_interview_1,2025-02-09,1
EVT-016226,APP-02375,offer_extended,2025-02-16,7
EVT-016227,APP-02375,offer_accepted,2025-02-22,6
EVT-016228,APP-02375,start_date,2025-03-14,20
EVT-016229,APP-02376,screened,2024-12-11,0
EVT-016230,APP-02376,submitted,2024-12-12,1
EVT-016231,APP-02376,client_interview_1,2024-12-29,17
EVT-016232,APP-02376,offer_extended,2025-01-01,3
EVT-016233,APP-02376,offer_accepted,2025-01-04,3
EVT-016234,APP-02376,background_check,2025-01-12,8
EVT-016235,APP-02376,onboarding_docs_sent,2025-01-25,13
EVT-016236,APP-02376,start_date,2025-01-29,4
EVT-016237,APP-02377,screened,2025-02-27,0
EVT-016238,APP-02377,submitted,2025-03-02,3
EVT-016239,APP-02377,client_interview_1,2025-03-15,13
EVT-016240,APP-02377,client_interview_2,2025-03-21,6
EVT-016241,APP-02377,offer_extended,2025-04-01,11
EVT-016242,APP-02377,offer_accepted,2025-04-01,0
EVT-016243,APP-02377,onboarding_docs_sent,2025-04-19,18
EVT-016244,APP-02377,start_date,2025-04-20,1
EVT-016245,APP-02378,screened,2024-11-01,0
EVT-016246,APP-02378,submitted,2024-11-04,3
EVT-016247,APP-02378,client_interview_1,2024-11-07,3
EVT-016248,APP-02378,client_interview_2,2024-11-17,10
EVT-016249,APP-02378,offer_extended,2024-11-22,5
EVT-016250,APP-02379,screened,2024-11-10,0
EVT-016251,APP-02379,submitted,2024-11-13,3
EVT-016252,APP-02379,client_interview_1,2024-11-28,15
EVT-016253,APP-02379,client_interview_2,2024-12-06,8
EVT-016254,APP-02379,offer_extended,2024-12-16,10
EVT-016255,APP-02379,offer_accepted,2024-12-16,0
EVT-016256,APP-02379,background_check,2024-12-24,8
EVT-016257,APP-02379,onboarding_docs_sent,2025-01-01,8
EVT-016258,APP-02379,start_date,2025-01-23,22
EVT-016259,APP-02380,screened,2025-01-11,0
EVT-016260,APP-02380,submitted,2025-01-14,3
EVT-016261,APP-02380,client_interview_1,2025-01-19,5
EVT-016262,APP-02380,client_interview_2,2025-01-29,10
EVT-016263,APP-02380,offer_extended,2025-02-02,4
EVT-016264,APP-02380,offer_accepted,2025-02-04,2
EVT-016265,APP-02380,background_check,2025-02-06,2
EVT-016266,APP-02381,screened,2024-04-12,0
EVT-016267,APP-02381,submitted,2024-04-16,4
EVT-016268,APP-02381,client_interview_1,2024-04-19,3
EVT-016269,APP-02381,offer_extended,2024-04-29,10
EVT-016270,APP-02381,offer_accepted,2024-04-30,1
EVT-016271,APP-02381,background_check,2024-05-02,2
EVT-016272,APP-02381,start_date,2024-05-24,22
EVT-016273,APP-02382,screened,2024-11-23,0
EVT-016274,APP-02382,submitted,2024-11-27,4
EVT-016275,APP-02382,client_interview_1,2024-12-05,8
EVT-016276,APP-02382,client_interview_2,2024-12-14,9
EVT-016277,APP-02382,offer_extended,2024-12-16,2
EVT-016278,APP-02382,offer_accepted,2024-12-20,4
EVT-016279,APP-02382,background_check,2024-12-25,5
EVT-016280,APP-02383,screened,2024-03-22,0
EVT-016281,APP-02383,submitted,2024-03-24,2
EVT-016282,APP-02383,client_interview_1,2024-04-02,9
EVT-016283,APP-02383,offer_extended,2024-04-11,9
EVT-016284,APP-02383,offer_accepted,2024-04-14,3
EVT-016285,APP-02383,background_check,2024-04-21,7
EVT-016286,APP-02384,screened,2025-02-07,0
EVT-016287,APP-02384,submitted,2025-02-11,4
EVT-016288,APP-02384,client_interview_1,2025-02-23,12
EVT-016289,APP-02384,client_interview_2,2025-02-25,2
EVT-016290,APP-02384,offer_extended,2025-02-28,3
EVT-016291,APP-02384,offer_accepted,2025-03-05,5
EVT-016292,APP-02384,background_check,2025-03-08,3
EVT-016293,APP-02384,onboarding_docs_sent,2025-03-25,17
EVT-016294,APP-02384,start_date,2025-03-29,4
EVT-016295,APP-02385,screened,2024-02-20,0
EVT-016296,APP-02385,submitted,2024-02-24,4
EVT-016297,APP-02385,client_interview_1,2024-02-26,2
EVT-016298,APP-02385,offer_extended,2024-03-11,14
EVT-016299,APP-02385,offer_accepted,2024-03-17,6
EVT-016300,APP-02385,onboarding_docs_sent,2024-03-26,9
EVT-016301,APP-02385,start_date,2024-03-30,4
EVT-016302,APP-02386,screened,2025-01-25,0
EVT-016303,APP-02386,submitted,2025-01-27,2
EVT-016304,APP-02386,client_interview_1,2025-01-30,3
EVT-016305,APP-02386,client_interview_2,2025-02-02,3
EVT-016306,APP-02386,offer_extended,2025-02-03,1
EVT-016307,APP-02387,screened,2025-03-18,0
EVT-016308,APP-02387,submitted,2025-03-19,1
EVT-016309,APP-02387,client_interview_1,2025-03-27,8
EVT-016310,APP-02387,client_interview_2,2025-04-05,9
EVT-016311,APP-02387,offer_extended,2025-04-10,5
EVT-016312,APP-02387,offer_accepted,2025-04-14,4
EVT-016313,APP-02387,background_check,2025-04-18,4
EVT-016314,APP-02387,onboarding_docs_sent,2025-04-20,2
EVT-016315,APP-02388,screened,2024-11-04,0
EVT-016316,APP-02388,client_interview_1,2024-11-04,0
EVT-016317,APP-02388,submitted,2024-11-05,1
EVT-016318,APP-02388,client_interview_2,2024-11-13,8
EVT-016319,APP-02388,offer_extended,2024-11-17,4
EVT-016320,APP-02388,offer_accepted,2024-11-18,1
EVT-016321,APP-02388,background_check,2024-11-24,6
EVT-016322,APP-02389,screened,2024-04-06,0
EVT-016323,APP-02389,client_interview_1,2024-04-09,3
EVT-016324,APP-02389,submitted,2024-04-10,1
EVT-016325,APP-02389,offer_extended,2024-04-22,12
EVT-016326,APP-02389,offer_accepted,2024-04-28,6
EVT-016327,APP-02389,background_check,2024-05-04,6
EVT-016328,APP-02389,onboarding_docs_sent,2024-05-05,1
EVT-016329,APP-02389,start_date,2024-05-07,2
EVT-016330,APP-02390,screened,2024-11-04,0
EVT-016331,APP-02390,submitted,2024-11-07,3
EVT-016332,APP-02390,client_interview_1,2024-11-22,15
EVT-016333,APP-02390,offer_extended,2024-12-01,9
EVT-016334,APP-02390,offer_accepted,2024-12-05,4
EVT-016335,APP-02390,background_check,2024-12-09,4
EVT-016336,APP-02391,screened,2024-10-19,0
EVT-016337,APP-02391,submitted,2024-10-20,1
EVT-016338,APP-02391,client_interview_1,2024-10-31,11
EVT-016339,APP-02391,offer_extended,2024-11-18,18
EVT-016340,APP-02391,offer_accepted,2024-11-21,3
EVT-016341,APP-02391,background_check,2024-11-26,5
EVT-016342,APP-02392,screened,2025-06-01,0
EVT-016343,APP-02392,submitted,2025-06-05,4
EVT-016344,APP-02392,client_interview_1,2025-06-12,7
EVT-016345,APP-02392,client_interview_2,2025-06-18,6
EVT-016346,APP-02392,offer_extended,2025-06-23,5
EVT-016347,APP-02393,screened,2024-05-04,0
EVT-016348,APP-02393,submitted,2024-05-05,1
EVT-016349,APP-02393,client_interview_1,2024-05-12,7
EVT-016350,APP-02393,offer_extended,2024-05-18,6
EVT-016351,APP-02393,offer_accepted,2024-05-21,3
EVT-016352,APP-02393,background_check,2024-05-23,2
EVT-016353,APP-02394,screened,2024-06-01,0
EVT-016354,APP-02394,submitted,2024-06-03,2
EVT-016355,APP-02394,client_interview_1,2024-06-12,9
EVT-016356,APP-02394,offer_extended,2024-06-19,7
EVT-016357,APP-02394,offer_accepted,2024-06-20,1
EVT-016358,APP-02394,background_check,2024-06-22,2
EVT-016359,APP-02394,onboarding_docs_sent,2024-06-24,2
EVT-016360,APP-02394,start_date,2024-06-28,4
EVT-016361,APP-02395,screened,2024-11-21,0
EVT-016362,APP-02395,submitted,2024-11-25,4
EVT-016363,APP-02395,client_interview_1,2024-11-28,3
EVT-016364,APP-02395,offer_extended,2024-12-02,4
EVT-016365,APP-02396,screened,2025-02-24,0
EVT-016366,APP-02396,submitted,2025-02-27,3
EVT-016367,APP-02396,client_interview_1,2025-03-03,4
EVT-016368,APP-02396,offer_extended,2025-03-07,4
EVT-016369,APP-02396,offer_accepted,2025-03-12,5
EVT-016370,APP-02396,background_check,2025-03-20,8
EVT-016371,APP-02396,start_date,2025-04-26,37
EVT-016372,APP-02397,screened,2024-04-09,0
EVT-016373,APP-02397,submitted,2024-04-12,3
EVT-016374,APP-02397,client_interview_1,2024-04-30,18
EVT-016375,APP-02397,offer_extended,2024-05-11,11
EVT-016376,APP-02398,screened,2025-01-19,0
EVT-016377,APP-02398,submitted,2025-01-23,4
EVT-016378,APP-02398,client_interview_1,2025-01-25,2
EVT-016379,APP-02398,offer_extended,2025-01-28,3
EVT-016380,APP-02398,offer_accepted,2025-01-31,3
EVT-016381,APP-02399,screened,2024-12-29,0
EVT-016382,APP-02399,submitted,2025-01-01,3
EVT-016383,APP-02399,client_interview_1,2025-01-11,10
EVT-016384,APP-02399,offer_extended,2025-01-16,5
EVT-016385,APP-02399,offer_accepted,2025-01-17,1
EVT-016386,APP-02399,background_check,2025-01-21,4
EVT-016387,APP-02399,onboarding_docs_sent,2025-01-28,7
EVT-016388,APP-02399,start_date,2025-02-01,4
EVT-016389,APP-02400,screened,2025-06-16,0
EVT-016390,APP-02400,submitted,2025-06-18,2
EVT-016391,APP-02400,client_interview_1,2025-06-25,7
EVT-016392,APP-02400,client_interview_2,2025-06-30,5
EVT-016393,APP-02400,offer_extended,2025-07-08,8
EVT-016394,APP-02400,offer_accepted,2025-07-10,2
EVT-016395,APP-02400,background_check,2025-07-13,3
EVT-016396,APP-02401,screened,2024-03-11,0
EVT-016397,APP-02401,submitted,2024-03-13,2
EVT-016398,APP-02401,client_interview_1,2024-03-17,4
EVT-016399,APP-02401,offer_extended,2024-04-02,16
EVT-016400,APP-02402,screened,2024-06-29,0
EVT-016401,APP-02402,submitted,2024-06-30,1
EVT-016402,APP-02402,client_interview_1,2024-07-15,15
EVT-016403,APP-02402,client_interview_2,2024-07-18,3
EVT-016404,APP-02402,offer_extended,2024-07-30,12
EVT-016405,APP-02402,offer_accepted,2024-08-05,6
EVT-016406,APP-02402,background_check,2024-08-06,1
EVT-016407,APP-02402,onboarding_docs_sent,2024-08-09,3
EVT-016408,APP-02402,start_date,2024-08-13,4
EVT-016409,APP-02403,screened,2025-05-20,0
EVT-016410,APP-02403,submitted,2025-05-21,1
EVT-016411,APP-02403,client_interview_1,2025-06-03,13
EVT-016412,APP-02403,offer_extended,2025-06-12,9
EVT-016413,APP-02403,offer_accepted,2025-06-12,0
EVT-016414,APP-02403,background_check,2025-06-15,3
EVT-016415,APP-02403,start_date,2025-07-03,18
EVT-016416,APP-02404,screened,2025-01-03,0
EVT-016417,APP-02404,submitted,2025-01-07,4
EVT-016418,APP-02404,client_interview_1,2025-01-07,0
EVT-016419,APP-02404,client_interview_2,2025-01-11,4
EVT-016420,APP-02404,offer_extended,2025-01-14,3
EVT-016421,APP-02404,offer_accepted,2025-01-19,5
EVT-016422,APP-02404,background_check,2025-01-22,3
EVT-016423,APP-02405,screened,2025-01-26,0
EVT-016424,APP-02405,submitted,2025-01-29,3
EVT-016425,APP-02405,client_interview_1,2025-02-08,10
EVT-016426,APP-02405,offer_extended,2025-02-15,7
EVT-016427,APP-02405,offer_accepted,2025-02-18,3
EVT-016428,APP-02405,background_check,2025-02-21,3
EVT-016429,APP-02406,screened,2025-03-17,0
EVT-016430,APP-02406,submitted,2025-03-20,3
EVT-016431,APP-02406,client_interview_1,2025-03-21,1
EVT-016432,APP-02406,client_interview_2,2025-03-24,3
EVT-016433,APP-02406,offer_extended,2025-04-01,8
EVT-016434,APP-02406,offer_accepted,2025-04-02,1
EVT-016435,APP-02406,onboarding_docs_sent,2025-04-29,27
EVT-016436,APP-02406,start_date,2025-04-30,1
EVT-016437,APP-02407,screened,2025-02-18,0
EVT-016438,APP-02407,submitted,2025-02-22,4
EVT-016439,APP-02407,client_interview_1,2025-03-05,11
EVT-016440,APP-02407,offer_extended,2025-03-13,8
EVT-016441,APP-02407,offer_accepted,2025-03-16,3
EVT-016442,APP-02407,background_check,2025-03-21,5
EVT-016443,APP-02408,screened,2024-10-06,0
EVT-016444,APP-02408,submitted,2024-10-09,3
EVT-016445,APP-02408,client_interview_1,2024-10-25,16
EVT-016446,APP-02408,offer_extended,2024-11-11,17
EVT-016447,APP-02408,offer_accepted,2024-11-11,0
EVT-016448,APP-02408,background_check,2024-11-13,2
EVT-016449,APP-02408,start_date,2024-11-27,14
EVT-016450,APP-02409,screened,2024-11-13,0
EVT-016451,APP-02409,submitted,2024-11-15,2
EVT-016452,APP-02409,client_interview_1,2024-11-21,6
EVT-016453,APP-02409,client_interview_2,2024-11-27,6
EVT-016454,APP-02409,offer_extended,2024-12-05,8
EVT-016455,APP-02409,offer_accepted,2024-12-10,5
EVT-016456,APP-02409,background_check,2024-12-12,2
EVT-016457,APP-02409,onboarding_docs_sent,2024-12-20,8
EVT-016458,APP-02409,start_date,2024-12-21,1
EVT-016459,APP-02410,screened,2025-07-31,0
EVT-016460,APP-02410,submitted,2025-08-01,1
EVT-016461,APP-02410,client_interview_1,2025-08-06,5
EVT-016462,APP-02410,client_interview_2,2025-08-13,7
EVT-016463,APP-02410,offer_extended,2025-08-23,10
EVT-016464,APP-02410,offer_accepted,2025-08-23,0
EVT-016465,APP-02410,background_check,2025-08-31,8
EVT-016466,APP-02410,start_date,2025-09-14,14
EVT-016467,APP-02411,screened,2024-09-20,0
EVT-016468,APP-02411,submitted,2024-09-23,3
EVT-016469,APP-02411,client_interview_1,2024-09-25,2
EVT-016470,APP-02411,offer_extended,2024-09-30,5
EVT-016471,APP-02411,offer_accepted,2024-09-30,0
EVT-016472,APP-02411,background_check,2024-10-04,4
EVT-016473,APP-02411,start_date,2024-11-13,40
EVT-016474,APP-02412,screened,2025-03-02,0
EVT-016475,APP-02412,submitted,2025-03-05,3
EVT-016476,APP-02412,client_interview_1,2025-03-06,1
EVT-016477,APP-02412,client_interview_2,2025-03-15,9
EVT-016478,APP-02412,offer_extended,2025-03-22,7
EVT-016479,APP-02412,offer_accepted,2025-03-27,5
EVT-016480,APP-02412,background_check,2025-03-30,3
EVT-016481,APP-02413,screened,2025-01-20,0
EVT-016482,APP-02413,submitted,2025-01-21,1
EVT-016483,APP-02413,client_interview_1,2025-02-08,18
EVT-016484,APP-02413,client_interview_2,2025-02-11,3
EVT-016485,APP-02413,offer_extended,2025-02-18,7
EVT-016486,APP-02413,offer_accepted,2025-02-24,6
EVT-016487,APP-02413,background_check,2025-03-04,8
EVT-016488,APP-02414,screened,2024-11-25,0
EVT-016489,APP-02414,submitted,2024-11-27,2
EVT-016490,APP-02414,client_interview_1,2024-12-02,5
EVT-016491,APP-02414,offer_extended,2024-12-08,6
EVT-016492,APP-02414,offer_accepted,2024-12-08,0
EVT-016493,APP-02414,background_check,2024-12-14,6
EVT-016494,APP-02414,onboarding_docs_sent,2024-12-28,14
EVT-016495,APP-02414,start_date,2025-01-08,11
EVT-016496,APP-02415,screened,2024-06-09,0
EVT-016497,APP-02415,submitted,2024-06-13,4
EVT-016498,APP-02415,client_interview_1,2024-06-28,15
EVT-016499,APP-02415,offer_extended,2024-07-03,5
EVT-016500,APP-02415,offer_accepted,2024-07-03,0
EVT-016501,APP-02415,background_check,2024-07-05,2
EVT-016502,APP-02416,screened,2025-03-20,0
EVT-016503,APP-02416,submitted,2025-03-22,2
EVT-016504,APP-02416,client_interview_1,2025-03-24,2
EVT-016505,APP-02416,offer_extended,2025-03-31,7
EVT-016506,APP-02417,screened,2024-12-07,0
EVT-016507,APP-02417,submitted,2024-12-10,3
EVT-016508,APP-02417,client_interview_1,2024-12-23,13
EVT-016509,APP-02417,offer_extended,2024-12-28,5
EVT-016510,APP-02417,offer_accepted,2024-12-31,3
EVT-016511,APP-02417,background_check,2025-01-01,1
EVT-016512,APP-02417,onboarding_docs_sent,2025-01-23,22
EVT-016513,APP-02417,start_date,2025-01-26,3
EVT-016514,APP-02418,screened,2024-12-01,0
EVT-016515,APP-02418,submitted,2024-12-03,2
EVT-016516,APP-02418,client_interview_1,2024-12-07,4
EVT-016517,APP-02418,offer_extended,2024-12-25,18
EVT-016518,APP-02418,offer_accepted,2024-12-31,6
EVT-016519,APP-02418,background_check,2025-01-07,7
EVT-016520,APP-02419,screened,2024-08-25,0
EVT-016521,APP-02419,submitted,2024-08-29,4
EVT-016522,APP-02419,client_interview_1,2024-09-01,3
EVT-016523,APP-02419,offer_extended,2024-09-03,2
EVT-016524,APP-02419,offer_accepted,2024-09-06,3
EVT-016525,APP-02419,background_check,2024-09-13,7
EVT-016526,APP-02420,screened,2024-09-11,0
EVT-016527,APP-02420,submitted,2024-09-12,1
EVT-016528,APP-02420,client_interview_1,2024-09-20,8
EVT-016529,APP-02420,offer_extended,2024-09-28,8
EVT-016530,APP-02420,offer_accepted,2024-10-01,3
EVT-016531,APP-02420,background_check,2024-10-06,5
EVT-016532,APP-02420,onboarding_docs_sent,2024-10-07,1
EVT-016533,APP-02420,start_date,2024-10-21,14
EVT-016534,APP-02421,screened,2024-02-21,0
EVT-016535,APP-02421,submitted,2024-02-23,2
EVT-016536,APP-02421,client_interview_1,2024-02-23,0
EVT-016537,APP-02421,client_interview_2,2024-02-27,4
EVT-016538,APP-02421,offer_extended,2024-03-03,5
EVT-016539,APP-02421,offer_accepted,2024-03-06,3
EVT-016540,APP-02421,background_check,2024-03-14,8
EVT-016541,APP-02421,start_date,2024-04-03,20
EVT-016542,APP-02422,screened,2024-07-24,0
EVT-016543,APP-02422,submitted,2024-07-26,2
EVT-016544,APP-02422,client_interview_1,2024-08-08,13
EVT-016545,APP-02422,client_interview_2,2024-08-10,2
EVT-016546,APP-02422,offer_extended,2024-08-17,7
EVT-016547,APP-02422,offer_accepted,2024-08-22,5
EVT-016548,APP-02422,background_check,2024-08-28,6
EVT-016549,APP-02423,screened,2025-02-15,0
EVT-016550,APP-02423,submitted,2025-02-18,3
EVT-016551,APP-02423,client_interview_1,2025-02-20,2
EVT-016552,APP-02423,offer_extended,2025-02-26,6
EVT-016553,APP-02423,offer_accepted,2025-02-28,2
EVT-016554,APP-02423,background_check,2025-03-04,4
EVT-016555,APP-02423,onboarding_docs_sent,2025-03-29,25
EVT-016556,APP-02423,start_date,2025-04-01,3
EVT-016557,APP-02424,screened,2024-05-04,0
EVT-016558,APP-02424,client_interview_1,2024-05-07,3
EVT-016559,APP-02424,submitted,2024-05-08,1
EVT-016560,APP-02424,offer_extended,2024-05-17,9
EVT-016561,APP-02424,offer_accepted,2024-05-23,6
EVT-016562,APP-02424,onboarding_docs_sent,2024-06-06,14
EVT-016563,APP-02424,start_date,2024-06-11,5
EVT-016564,APP-02425,screened,2024-03-06,0
EVT-016565,APP-02425,submitted,2024-03-10,4
EVT-016566,APP-02425,client_interview_1,2024-03-14,4
EVT-016567,APP-02425,offer_extended,2024-03-28,14
EVT-016568,APP-02425,offer_accepted,2024-04-03,6
EVT-016569,APP-02425,background_check,2024-04-04,1
EVT-016570,APP-02425,start_date,2024-04-07,3
EVT-016571,APP-02426,screened,2025-06-11,0
EVT-016572,APP-02426,submitted,2025-06-15,4
EVT-016573,APP-02426,client_interview_1,2025-06-18,3
EVT-016574,APP-02426,client_interview_2,2025-06-25,7
EVT-016575,APP-02426,offer_extended,2025-06-28,3
EVT-016576,APP-02426,offer_accepted,2025-06-30,2
EVT-016577,APP-02426,background_check,2025-07-02,2
EVT-016578,APP-02426,onboarding_docs_sent,2025-07-11,9
EVT-016579,APP-02426,start_date,2025-07-14,3
EVT-016580,APP-02427,screened,2024-07-09,0
EVT-016581,APP-02427,submitted,2024-07-11,2
EVT-016582,APP-02427,client_interview_1,2024-07-21,10
EVT-016583,APP-02427,offer_extended,2024-08-08,18
EVT-016584,APP-02427,offer_accepted,2024-08-13,5
EVT-016585,APP-02427,background_check,2024-08-17,4
EVT-016586,APP-02427,onboarding_docs_sent,2024-09-07,21
EVT-016587,APP-02427,start_date,2024-09-23,16
EVT-016588,APP-02428,screened,2025-04-15,0
EVT-016589,APP-02428,submitted,2025-04-17,2
EVT-016590,APP-02428,client_interview_1,2025-05-06,19
EVT-016591,APP-02428,offer_extended,2025-05-22,16
EVT-016592,APP-02428,offer_accepted,2025-05-23,1
EVT-016593,APP-02428,background_check,2025-05-30,7
EVT-016594,APP-02428,onboarding_docs_sent,2025-06-16,17
EVT-016595,APP-02428,start_date,2025-06-21,5
EVT-016596,APP-02429,screened,2024-11-19,0
EVT-016597,APP-02429,submitted,2024-11-20,1
EVT-016598,APP-02429,client_interview_1,2024-11-24,4
EVT-016599,APP-02429,client_interview_2,2024-12-03,9
EVT-016600,APP-02429,offer_extended,2024-12-10,7
EVT-016601,APP-02429,offer_accepted,2024-12-13,3
EVT-016602,APP-02429,background_check,2024-12-14,1
EVT-016603,APP-02429,onboarding_docs_sent,2025-01-08,25
EVT-016604,APP-02429,start_date,2025-01-18,10
EVT-016605,APP-02430,screened,2025-05-15,0
EVT-016606,APP-02430,submitted,2025-05-19,4
EVT-016607,APP-02430,client_interview_1,2025-05-31,12
EVT-016608,APP-02430,client_interview_2,2025-06-06,6
EVT-016609,APP-02430,offer_extended,2025-06-08,2
EVT-016610,APP-02430,offer_accepted,2025-06-11,3
EVT-016611,APP-02430,background_check,2025-06-13,2
EVT-016612,APP-02431,screened,2025-04-15,0
EVT-016613,APP-02431,submitted,2025-04-17,2
EVT-016614,APP-02431,client_interview_1,2025-04-20,3
EVT-016615,APP-02431,offer_extended,2025-05-01,11
EVT-016616,APP-02431,offer_accepted,2025-05-02,1
EVT-016617,APP-02431,background_check,2025-05-04,2
EVT-016618,APP-02431,start_date,2025-05-31,27
EVT-016619,APP-02432,screened,2025-04-17,0
EVT-016620,APP-02432,submitted,2025-04-20,3
EVT-016621,APP-02432,client_interview_1,2025-04-24,4
EVT-016622,APP-02432,offer_extended,2025-04-27,3
EVT-016623,APP-02432,offer_accepted,2025-04-30,3
EVT-016624,APP-02432,background_check,2025-05-07,7
EVT-016625,APP-02432,onboarding_docs_sent,2025-05-22,15
EVT-016626,APP-02432,start_date,2025-06-07,16
EVT-016627,APP-02433,screened,2025-03-13,0
EVT-016628,APP-02433,submitted,2025-03-17,4
EVT-016629,APP-02433,client_interview_1,2025-03-24,7
EVT-016630,APP-02433,client_interview_2,2025-03-28,4
EVT-016631,APP-02433,offer_extended,2025-04-04,7
EVT-016632,APP-02433,offer_accepted,2025-04-06,2
EVT-016633,APP-02433,onboarding_docs_sent,2025-04-17,11
EVT-016634,APP-02433,start_date,2025-04-19,2
EVT-016635,APP-02434,screened,2025-03-14,0
EVT-016636,APP-02434,submitted,2025-03-17,3
EVT-016637,APP-02434,client_interview_1,2025-03-22,5
EVT-016638,APP-02434,client_interview_2,2025-03-30,8
EVT-016639,APP-02434,offer_extended,2025-04-04,5
EVT-016640,APP-02434,offer_accepted,2025-04-04,0
EVT-016641,APP-02434,background_check,2025-04-07,3
EVT-016642,APP-02434,onboarding_docs_sent,2025-05-03,26
EVT-016643,APP-02434,start_date,2025-05-07,4
EVT-016644,APP-02435,screened,2024-09-15,0
EVT-016645,APP-02435,submitted,2024-09-16,1
EVT-016646,APP-02435,client_interview_1,2024-09-29,13
EVT-016647,APP-02435,offer_extended,2024-10-03,4
EVT-016648,APP-02435,offer_accepted,2024-10-05,2
EVT-016649,APP-02435,start_date,2024-10-26,21
EVT-016650,APP-02436,screened,2024-11-22,0
EVT-016651,APP-02436,submitted,2024-11-24,2
EVT-016652,APP-02436,client_interview_1,2024-11-27,3
EVT-016653,APP-02436,client_interview_2,2024-12-03,6
EVT-016654,APP-02436,offer_extended,2024-12-05,2
EVT-016655,APP-02436,offer_accepted,2024-12-08,3
EVT-016656,APP-02437,screened,2024-03-22,0
EVT-016657,APP-02437,submitted,2024-03-26,4
EVT-016658,APP-02437,client_interview_1,2024-04-10,15
EVT-016659,APP-02437,offer_extended,2024-04-17,7
EVT-016660,APP-02438,screened,2025-06-12,0
EVT-016661,APP-02438,submitted,2025-06-13,1
EVT-016662,APP-02438,client_interview_1,2025-06-17,4
EVT-016663,APP-02438,offer_extended,2025-06-24,7
EVT-016664,APP-02438,offer_accepted,2025-06-24,0
EVT-016665,APP-02438,background_check,2025-06-26,2
EVT-016666,APP-02439,screened,2024-03-06,0
EVT-016667,APP-02439,submitted,2024-03-07,1
EVT-016668,APP-02439,client_interview_1,2024-03-12,5
EVT-016669,APP-02439,offer_extended,2024-03-19,7
EVT-016670,APP-02439,offer_accepted,2024-03-23,4
EVT-016671,APP-02439,background_check,2024-03-28,5
EVT-016672,APP-02440,screened,2024-03-28,0
EVT-016673,APP-02440,submitted,2024-03-29,1
EVT-016674,APP-02440,client_interview_1,2024-04-17,19
EVT-016675,APP-02440,client_interview_2,2024-04-24,7
EVT-016676,APP-02440,offer_extended,2024-04-25,1
EVT-016677,APP-02440,offer_accepted,2024-04-29,4
EVT-016678,APP-02440,background_check,2024-05-03,4
EVT-016679,APP-02440,onboarding_docs_sent,2024-05-20,17
EVT-016680,APP-02440,start_date,2024-05-29,9
EVT-016681,APP-02441,screened,2024-07-09,0
EVT-016682,APP-02441,submitted,2024-07-10,1
EVT-016683,APP-02441,client_interview_1,2024-07-14,4
EVT-016684,APP-02441,client_interview_2,2024-07-22,8
EVT-016685,APP-02441,offer_extended,2024-07-25,3
EVT-016686,APP-02441,offer_accepted,2024-07-25,0
EVT-016687,APP-02441,background_check,2024-08-01,7
EVT-016688,APP-02441,onboarding_docs_sent,2024-08-11,10
EVT-016689,APP-02441,start_date,2024-08-16,5
EVT-016690,APP-02442,screened,2025-05-06,0
EVT-016691,APP-02442,submitted,2025-05-08,2
EVT-016692,APP-02442,client_interview_1,2025-05-23,15
EVT-016693,APP-02442,offer_extended,2025-06-01,9
EVT-016694,APP-02442,offer_accepted,2025-06-02,1
EVT-016695,APP-02442,background_check,2025-06-04,2
EVT-016696,APP-02442,start_date,2025-06-19,15
EVT-016697,APP-02443,screened,2024-12-08,0
EVT-016698,APP-02443,client_interview_1,2024-12-11,3
EVT-016699,APP-02443,submitted,2024-12-12,1
EVT-016700,APP-02443,offer_extended,2024-12-29,17
EVT-016701,APP-02443,offer_accepted,2025-01-01,3
EVT-016702,APP-02443,background_check,2025-01-07,6
EVT-016703,APP-02444,screened,2024-12-05,0
EVT-016704,APP-02444,submitted,2024-12-06,1
EVT-016705,APP-02444,client_interview_1,2024-12-12,6
EVT-016706,APP-02444,client_interview_2,2024-12-17,5
EVT-016707,APP-02444,offer_extended,2024-12-26,9
EVT-016708,APP-02444,offer_accepted,2024-12-30,4
EVT-016709,APP-02444,onboarding_docs_sent,2025-01-03,4
EVT-016710,APP-02444,background_check,2025-01-05,2
EVT-016711,APP-02444,start_date,2025-01-29,24
EVT-016712,APP-02445,screened,2025-04-04,0
EVT-016713,APP-02445,submitted,2025-04-07,3
EVT-016714,APP-02445,client_interview_1,2025-04-16,9
EVT-016715,APP-02445,client_interview_2,2025-04-18,2
EVT-016716,APP-02445,offer_extended,2025-04-23,5
EVT-016717,APP-02445,offer_accepted,2025-04-29,6
EVT-016718,APP-02445,start_date,2025-05-21,22
EVT-016719,APP-02446,screened,2024-04-06,0
EVT-016720,APP-02446,submitted,2024-04-08,2
EVT-016721,APP-02446,client_interview_1,2024-04-24,16
EVT-016722,APP-02446,offer_extended,2024-04-26,2
EVT-016723,APP-02447,screened,2024-07-08,0
EVT-016724,APP-02447,submitted,2024-07-10,2
EVT-016725,APP-02447,client_interview_1,2024-07-26,16
EVT-016726,APP-02447,offer_extended,2024-08-09,14
EVT-016727,APP-02447,offer_accepted,2024-08-11,2
EVT-016728,APP-02447,background_check,2024-08-17,6
EVT-016729,APP-02447,onboarding_docs_sent,2024-08-19,2
EVT-016730,APP-02447,start_date,2024-08-20,1
EVT-016731,APP-02448,screened,2024-03-10,0
EVT-016732,APP-02448,submitted,2024-03-12,2
EVT-016733,APP-02448,client_interview_1,2024-03-15,3
EVT-016734,APP-02448,client_interview_2,2024-03-23,8
EVT-016735,APP-02448,offer_extended,2024-04-02,10
EVT-016736,APP-02449,screened,2024-04-07,0
EVT-016737,APP-02449,submitted,2024-04-08,1
EVT-016738,APP-02449,client_interview_1,2024-04-24,16
EVT-016739,APP-02449,offer_extended,2024-05-09,15
EVT-016740,APP-02449,offer_accepted,2024-05-12,3
EVT-016741,APP-02449,background_check,2024-05-17,5
EVT-016742,APP-02449,onboarding_docs_sent,2024-05-31,14
EVT-016743,APP-02449,start_date,2024-06-03,3
EVT-016744,APP-02450,screened,2025-01-05,0
EVT-016745,APP-02450,submitted,2025-01-09,4
EVT-016746,APP-02450,client_interview_1,2025-01-19,10
EVT-016747,APP-02450,offer_extended,2025-01-22,3
EVT-016748,APP-02451,screened,2024-10-27,0
EVT-016749,APP-02451,submitted,2024-10-30,3
EVT-016750,APP-02451,client_interview_1,2024-11-11,12
EVT-016751,APP-02451,offer_extended,2024-11-16,5
EVT-016752,APP-02452,screened,2024-09-12,0
EVT-016753,APP-02452,submitted,2024-09-15,3
EVT-016754,APP-02452,client_interview_1,2024-10-02,17
EVT-016755,APP-02452,client_interview_2,2024-10-08,6
EVT-016756,APP-02452,offer_extended,2024-10-20,12
EVT-016757,APP-02452,offer_accepted,2024-10-23,3
EVT-016758,APP-02452,onboarding_docs_sent,2024-10-27,4
EVT-016759,APP-02452,start_date,2024-10-29,2
EVT-016760,APP-02453,screened,2025-06-21,0
EVT-016761,APP-02453,submitted,2025-06-23,2
EVT-016762,APP-02453,client_interview_1,2025-06-28,5
EVT-016763,APP-02453,offer_extended,2025-07-11,13
EVT-016764,APP-02453,offer_accepted,2025-07-15,4
EVT-016765,APP-02453,start_date,2025-08-10,26
EVT-016766,APP-02454,screened,2025-05-27,0
EVT-016767,APP-02454,submitted,2025-05-30,3
EVT-016768,APP-02454,client_interview_1,2025-06-09,10
EVT-016769,APP-02454,client_interview_2,2025-06-15,6
EVT-016770,APP-02454,offer_extended,2025-06-24,9
EVT-016771,APP-02454,offer_accepted,2025-06-27,3
EVT-016772,APP-02454,background_check,2025-07-03,6
EVT-016773,APP-02454,start_date,2025-07-27,24
EVT-016774,APP-02455,screened,2024-11-02,0
EVT-016775,APP-02455,submitted,2024-11-04,2
EVT-016776,APP-02455,client_interview_1,2024-11-12,8
EVT-016777,APP-02455,offer_extended,2024-11-19,7
EVT-016778,APP-02456,screened,2025-05-28,0
EVT-016779,APP-02456,submitted,2025-05-30,2
EVT-016780,APP-02456,client_interview_1,2025-06-03,4
EVT-016781,APP-02456,client_interview_2,2025-06-09,6
EVT-016782,APP-02456,offer_extended,2025-06-14,5
EVT-016783,APP-02457,screened,2024-07-27,0
EVT-016784,APP-02457,submitted,2024-07-30,3
EVT-016785,APP-02457,client_interview_1,2024-08-04,5
EVT-016786,APP-02457,offer_extended,2024-08-18,14
EVT-016787,APP-02458,screened,2024-12-31,0
EVT-016788,APP-02458,submitted,2025-01-01,1
EVT-016789,APP-02458,client_interview_1,2025-01-08,7
EVT-016790,APP-02458,offer_extended,2025-01-23,15
EVT-016791,APP-02458,offer_accepted,2025-01-29,6
EVT-016792,APP-02458,background_check,2025-01-30,1
EVT-016793,APP-02458,onboarding_docs_sent,2025-02-15,16
EVT-016794,APP-02458,start_date,2025-02-18,3
EVT-016795,APP-02459,screened,2025-02-12,0
EVT-016796,APP-02459,submitted,2025-02-15,3
EVT-016797,APP-02459,client_interview_1,2025-02-15,0
EVT-016798,APP-02459,client_interview_2,2025-02-17,2
EVT-016799,APP-02459,offer_extended,2025-02-19,2
EVT-016800,APP-02459,offer_accepted,2025-02-25,6
EVT-016801,APP-02459,background_check,2025-02-27,2
EVT-016802,APP-02459,start_date,2025-03-25,26
EVT-016803,APP-02460,screened,2025-02-08,0
EVT-016804,APP-02460,submitted,2025-02-09,1
EVT-016805,APP-02460,client_interview_1,2025-02-20,11
EVT-016806,APP-02460,offer_extended,2025-03-10,18
EVT-016807,APP-02460,offer_accepted,2025-03-16,6
EVT-016808,APP-02460,background_check,2025-03-22,6
EVT-016809,APP-02460,onboarding_docs_sent,2025-03-30,8
EVT-016810,APP-02460,start_date,2025-03-31,1
EVT-016811,APP-02461,screened,2025-03-28,0
EVT-016812,APP-02461,submitted,2025-03-30,2
EVT-016813,APP-02461,client_interview_1,2025-04-13,14
EVT-016814,APP-02461,offer_extended,2025-04-16,3
EVT-016815,APP-02461,offer_accepted,2025-04-17,1
EVT-016816,APP-02461,background_check,2025-04-21,4
EVT-016817,APP-02461,onboarding_docs_sent,2025-05-06,15
EVT-016818,APP-02461,start_date,2025-05-08,2
EVT-016819,APP-02462,screened,2024-08-01,0
EVT-016820,APP-02462,submitted,2024-08-02,1
EVT-016821,APP-02462,client_interview_1,2024-08-09,7
EVT-016822,APP-02462,offer_extended,2024-08-19,10
EVT-016823,APP-02462,offer_accepted,2024-08-22,3
EVT-016824,APP-02462,background_check,2024-08-26,4
EVT-016825,APP-02462,onboarding_docs_sent,2024-09-12,17
EVT-016826,APP-02462,start_date,2024-09-15,3
EVT-016827,APP-02463,screened,2024-08-28,0
EVT-016828,APP-02463,submitted,2024-08-30,2
EVT-016829,APP-02463,client_interview_1,2024-09-06,7
EVT-016830,APP-02463,offer_extended,2024-09-19,13
EVT-016831,APP-02463,offer_accepted,2024-09-22,3
EVT-016832,APP-02463,background_check,2024-09-27,5
EVT-016833,APP-02463,onboarding_docs_sent,2024-10-14,17
EVT-016834,APP-02463,start_date,2024-10-20,6
EVT-016835,APP-02464,screened,2024-04-25,0
EVT-016836,APP-02464,submitted,2024-04-29,4
EVT-016837,APP-02464,client_interview_1,2024-05-08,9
EVT-016838,APP-02464,offer_extended,2024-05-24,16
EVT-016839,APP-02464,offer_accepted,2024-05-27,3
EVT-016840,APP-02464,background_check,2024-05-31,4
EVT-016841,APP-02464,onboarding_docs_sent,2024-06-12,12
EVT-016842,APP-02464,start_date,2024-06-24,12
EVT-016843,APP-02465,screened,2024-03-26,0
EVT-016844,APP-02465,submitted,2024-03-29,3
EVT-016845,APP-02465,client_interview_1,2024-03-29,0
EVT-016846,APP-02465,client_interview_2,2024-04-06,8
EVT-016847,APP-02465,offer_extended,2024-04-16,10
EVT-016848,APP-02466,screened,2024-11-30,0
EVT-016849,APP-02466,submitted,2024-12-03,3
EVT-016850,APP-02466,client_interview_1,2024-12-11,8
EVT-016851,APP-02466,client_interview_2,2024-12-14,3
EVT-016852,APP-02466,offer_extended,2024-12-21,7
EVT-016853,APP-02466,offer_accepted,2024-12-26,5
EVT-016854,APP-02466,background_check,2024-12-31,5
EVT-016855,APP-02466,onboarding_docs_sent,2025-01-05,5
EVT-016856,APP-02466,start_date,2025-01-09,4
EVT-016857,APP-02467,screened,2024-12-18,0
EVT-016858,APP-02467,submitted,2024-12-19,1
EVT-016859,APP-02467,client_interview_1,2024-12-27,8
EVT-016860,APP-02467,client_interview_2,2025-01-01,5
EVT-016861,APP-02467,offer_extended,2025-01-12,11
EVT-016862,APP-02467,offer_accepted,2025-01-17,5
EVT-016863,APP-02467,background_check,2025-01-20,3
EVT-016864,APP-02468,screened,2024-10-26,0
EVT-016865,APP-02468,submitted,2024-10-27,1
EVT-016866,APP-02468,client_interview_1,2024-11-14,18
EVT-016867,APP-02468,offer_extended,2024-12-01,17
EVT-016868,APP-02468,offer_accepted,2024-12-03,2
EVT-016869,APP-02468,background_check,2024-12-04,1
EVT-016870,APP-02469,screened,2024-08-14,0
EVT-016871,APP-02469,submitted,2024-08-16,2
EVT-016872,APP-02469,client_interview_1,2024-08-30,14
EVT-016873,APP-02469,offer_extended,2024-09-12,13
EVT-016874,APP-02469,offer_accepted,2024-09-13,1
EVT-016875,APP-02469,background_check,2024-09-20,7
EVT-016876,APP-02469,onboarding_docs_sent,2024-09-29,9
EVT-016877,APP-02470,screened,2024-12-16,0
EVT-016878,APP-02470,submitted,2024-12-17,1
EVT-016879,APP-02470,client_interview_1,2025-01-04,18
EVT-016880,APP-02470,offer_extended,2025-01-07,3
EVT-016881,APP-02470,offer_accepted,2025-01-13,6
EVT-016882,APP-02470,background_check,2025-01-15,2
EVT-016883,APP-02470,start_date,2025-02-10,26
EVT-016884,APP-02471,screened,2024-12-04,0
EVT-016885,APP-02471,submitted,2024-12-08,4
EVT-016886,APP-02471,client_interview_1,2024-12-23,15
EVT-016887,APP-02471,client_interview_2,2024-12-28,5
EVT-016888,APP-02471,offer_extended,2024-12-29,1
EVT-016889,APP-02472,screened,2025-07-08,0
EVT-016890,APP-02472,submitted,2025-07-10,2
EVT-016891,APP-02472,client_interview_1,2025-07-15,5
EVT-016892,APP-02472,client_interview_2,2025-07-18,3
EVT-016893,APP-02472,offer_extended,2025-07-27,9
EVT-016894,APP-02472,offer_accepted,2025-07-28,1
EVT-016895,APP-02473,screened,2024-04-19,0
EVT-016896,APP-02473,client_interview_1,2024-04-20,1
EVT-016897,APP-02473,submitted,2024-04-23,3
EVT-016898,APP-02473,offer_extended,2024-04-23,0
EVT-016899,APP-02473,offer_accepted,2024-04-25,2
EVT-016900,APP-02473,background_check,2024-05-03,8
EVT-016901,APP-02473,onboarding_docs_sent,2024-05-11,8
EVT-016902,APP-02473,start_date,2024-05-20,9
EVT-016903,APP-02474,screened,2024-07-31,0
EVT-016904,APP-02474,submitted,2024-08-02,2
EVT-016905,APP-02474,client_interview_1,2024-08-11,9
EVT-016906,APP-02474,client_interview_2,2024-08-16,5
EVT-016907,APP-02474,offer_extended,2024-08-24,8
EVT-016908,APP-02474,offer_accepted,2024-08-30,6
EVT-016909,APP-02474,start_date,2024-09-15,16
EVT-016910,APP-02475,screened,2024-08-10,0
EVT-016911,APP-02475,submitted,2024-08-14,4
EVT-016912,APP-02475,client_interview_1,2024-08-22,8
EVT-016913,APP-02475,offer_extended,2024-09-09,18
EVT-016914,APP-02475,offer_accepted,2024-09-10,1
EVT-016915,APP-02475,background_check,2024-09-11,1
EVT-016916,APP-02475,onboarding_docs_sent,2024-10-08,27
EVT-016917,APP-02475,start_date,2024-10-12,4
EVT-016918,APP-02476,screened,2025-04-01,0
EVT-016919,APP-02476,submitted,2025-04-03,2
EVT-016920,APP-02476,client_interview_1,2025-04-14,11
EVT-016921,APP-02476,client_interview_2,2025-04-16,2
EVT-016922,APP-02476,offer_extended,2025-04-18,2
EVT-016923,APP-02477,screened,2024-06-29,0
EVT-016924,APP-02477,submitted,2024-07-02,3
EVT-016925,APP-02477,client_interview_1,2024-07-17,15
EVT-016926,APP-02477,client_interview_2,2024-07-20,3
EVT-016927,APP-02477,offer_extended,2024-08-01,12
EVT-016928,APP-02477,offer_accepted,2024-08-04,3
EVT-016929,APP-02477,background_check,2024-08-15,11
EVT-016930,APP-02478,screened,2025-05-28,0
EVT-016931,APP-02478,client_interview_1,2025-05-30,2
EVT-016932,APP-02478,submitted,2025-05-31,1
EVT-016933,APP-02478,client_interview_2,2025-06-07,7
EVT-016934,APP-02478,offer_extended,2025-06-12,5
EVT-016935,APP-02478,offer_accepted,2025-06-17,5
EVT-016936,APP-02478,background_check,2025-06-25,8
EVT-016937,APP-02478,start_date,2025-06-26,1
EVT-016938,APP-02479,screened,2024-10-28,0
EVT-016939,APP-02479,submitted,2024-11-01,4
EVT-016940,APP-02479,client_interview_1,2024-11-07,6
EVT-016941,APP-02479,client_interview_2,2024-11-12,5
EVT-016942,APP-02479,offer_extended,2024-11-16,4
EVT-016943,APP-02479,offer_accepted,2024-11-16,0
EVT-016944,APP-02479,background_check,2024-11-21,5
EVT-016945,APP-02479,start_date,2024-12-19,28
EVT-016946,APP-02480,screened,2024-12-15,0
EVT-016947,APP-02480,submitted,2024-12-18,3
EVT-016948,APP-02480,client_interview_1,2024-12-30,12
EVT-016949,APP-02480,client_interview_2,2025-01-04,5
EVT-016950,APP-02480,offer_extended,2025-01-08,4
EVT-016951,APP-02480,offer_accepted,2025-01-12,4
EVT-016952,APP-02480,background_check,2025-01-15,3
EVT-016953,APP-02480,onboarding_docs_sent,2025-02-02,18
EVT-016954,APP-02480,start_date,2025-02-04,2
EVT-016955,APP-02481,screened,2024-07-01,0
EVT-016956,APP-02481,submitted,2024-07-05,4
EVT-016957,APP-02481,client_interview_1,2024-07-18,13
EVT-016958,APP-02481,client_interview_2,2024-07-28,10
EVT-016959,APP-02481,offer_extended,2024-08-01,4
EVT-016960,APP-02481,offer_accepted,2024-08-04,3
EVT-016961,APP-02481,onboarding_docs_sent,2024-08-06,2
EVT-016962,APP-02481,background_check,2024-08-07,1
EVT-016963,APP-02481,start_date,2024-08-12,5
EVT-016964,APP-02482,screened,2024-03-26,0
EVT-016965,APP-02482,submitted,2024-03-29,3
EVT-016966,APP-02482,client_interview_1,2024-04-12,14
EVT-016967,APP-02482,offer_extended,2024-04-24,12
EVT-016968,APP-02482,offer_accepted,2024-04-25,1
EVT-016969,APP-02482,background_check,2024-04-30,5
EVT-016970,APP-02482,onboarding_docs_sent,2024-05-11,11
EVT-016971,APP-02482,start_date,2024-05-12,1
EVT-016972,APP-02483,screened,2024-08-25,0
EVT-016973,APP-02483,submitted,2024-08-26,1
EVT-016974,APP-02483,client_interview_1,2024-09-02,7
EVT-016975,APP-02483,client_interview_2,2024-09-08,6
EVT-016976,APP-02483,offer_extended,2024-09-11,3
EVT-016977,APP-02483,offer_accepted,2024-09-17,6
EVT-016978,APP-02483,background_check,2024-09-21,4
EVT-016979,APP-02484,screened,2025-01-26,0
EVT-016980,APP-02484,submitted,2025-01-30,4
EVT-016981,APP-02484,client_interview_1,2025-02-10,11
EVT-016982,APP-02484,offer_extended,2025-02-21,11
EVT-016983,APP-02484,offer_accepted,2025-02-27,6
EVT-016984,APP-02484,background_check,2025-02-28,1
EVT-016985,APP-02484,onboarding_docs_sent,2025-03-12,12
EVT-016986,APP-02484,start_date,2025-03-18,6
EVT-016987,APP-02485,screened,2024-02-11,0
EVT-016988,APP-02485,client_interview_1,2024-02-11,0
EVT-016989,APP-02485,submitted,2024-02-14,3
EVT-016990,APP-02485,client_interview_2,2024-02-16,2
EVT-016991,APP-02485,offer_extended,2024-02-17,1
EVT-016992,APP-02485,offer_accepted,2024-02-19,2
EVT-016993,APP-02485,background_check,2024-02-24,5
EVT-016994,APP-02485,onboarding_docs_sent,2024-03-10,15
EVT-016995,APP-02485,start_date,2024-03-14,4
EVT-016996,APP-02486,screened,2024-02-16,0
EVT-016997,APP-02486,submitted,2024-02-19,3
EVT-016998,APP-02486,client_interview_1,2024-03-04,14
EVT-016999,APP-02486,offer_extended,2024-03-17,13
EVT-017000,APP-02486,offer_accepted,2024-03-22,5
EVT-017001,APP-02486,background_check,2024-03-28,6
EVT-017002,APP-02486,onboarding_docs_sent,2024-03-28,0
EVT-017003,APP-02486,start_date,2024-03-31,3
EVT-017004,APP-02487,screened,2025-07-29,0
EVT-017005,APP-02487,submitted,2025-07-31,2
EVT-017006,APP-02487,client_interview_1,2025-08-09,9
EVT-017007,APP-02487,offer_extended,2025-08-13,4
EVT-017008,APP-02487,offer_accepted,2025-08-14,1
EVT-017009,APP-02487,background_check,2025-08-18,4
EVT-017010,APP-02487,onboarding_docs_sent,2025-09-05,18
EVT-017011,APP-02487,start_date,2025-09-24,19
EVT-017012,APP-02488,screened,2024-04-11,0
EVT-017013,APP-02488,submitted,2024-04-15,4
EVT-017014,APP-02488,client_interview_1,2024-04-16,1
EVT-017015,APP-02488,offer_extended,2024-04-25,9
EVT-017016,APP-02489,screened,2025-05-06,0
EVT-017017,APP-02489,submitted,2025-05-07,1
EVT-017018,APP-02489,client_interview_1,2025-05-26,19
EVT-017019,APP-02489,offer_extended,2025-05-30,4
EVT-017020,APP-02489,offer_accepted,2025-06-05,6
EVT-017021,APP-02489,background_check,2025-06-06,1
EVT-017022,APP-02490,screened,2024-05-02,0
EVT-017023,APP-02490,submitted,2024-05-06,4
EVT-017024,APP-02490,client_interview_1,2024-05-15,9
EVT-017025,APP-02490,client_interview_2,2024-05-18,3
EVT-017026,APP-02490,offer_extended,2024-05-31,13
EVT-017027,APP-02490,offer_accepted,2024-06-05,5
EVT-017028,APP-02490,background_check,2024-06-13,8
EVT-017029,APP-02491,screened,2024-10-18,0
EVT-017030,APP-02491,submitted,2024-10-20,2
EVT-017031,APP-02491,client_interview_1,2024-10-24,4
EVT-017032,APP-02491,offer_extended,2024-11-10,17
EVT-017033,APP-02491,offer_accepted,2024-11-11,1
EVT-017034,APP-02491,background_check,2024-11-13,2
EVT-017035,APP-02491,onboarding_docs_sent,2024-11-28,15
EVT-017036,APP-02492,screened,2024-10-13,0
EVT-017037,APP-02492,submitted,2024-10-14,1
EVT-017038,APP-02492,client_interview_1,2024-10-24,10
EVT-017039,APP-02492,offer_extended,2024-11-06,13
EVT-017040,APP-02492,offer_accepted,2024-11-07,1
EVT-017041,APP-02492,background_check,2024-11-15,8
EVT-017042,APP-02492,start_date,2024-11-16,1
EVT-017043,APP-02493,screened,2024-05-06,0
EVT-017044,APP-02493,submitted,2024-05-09,3
EVT-017045,APP-02493,client_interview_1,2024-05-26,17
EVT-017046,APP-02493,offer_extended,2024-05-30,4
EVT-017047,APP-02493,offer_accepted,2024-06-04,5
EVT-017048,APP-02493,background_check,2024-06-06,2
EVT-017049,APP-02494,screened,2025-04-16,0
EVT-017050,APP-02494,submitted,2025-04-18,2
EVT-017051,APP-02494,client_interview_1,2025-04-27,9
EVT-017052,APP-02494,client_interview_2,2025-05-03,6
EVT-017053,APP-02494,offer_extended,2025-05-09,6
EVT-017054,APP-02494,offer_accepted,2025-05-12,3
EVT-017055,APP-02494,background_check,2025-05-13,1
EVT-017056,APP-02494,start_date,2025-06-01,19
EVT-017057,APP-02495,screened,2024-11-19,0
EVT-017058,APP-02495,submitted,2024-11-21,2
EVT-017059,APP-02495,client_interview_1,2024-11-24,3
EVT-017060,APP-02495,offer_extended,2024-11-29,5
EVT-017061,APP-02495,offer_accepted,2024-11-30,1
EVT-017062,APP-02496,screened,2024-12-15,0
EVT-017063,APP-02496,submitted,2024-12-16,1
EVT-017064,APP-02496,client_interview_1,2024-12-20,4
EVT-017065,APP-02496,offer_extended,2024-12-25,5
EVT-017066,APP-02496,offer_accepted,2024-12-25,0
EVT-017067,APP-02496,background_check,2024-12-30,5
EVT-017068,APP-02497,screened,2024-03-28,0
EVT-017069,APP-02497,client_interview_1,2024-03-31,3
EVT-017070,APP-02497,submitted,2024-04-01,1
EVT-017071,APP-02497,offer_extended,2024-04-03,2
EVT-017072,APP-02497,offer_accepted,2024-04-09,6
EVT-017073,APP-02497,start_date,2024-05-06,27
EVT-017074,APP-02498,screened,2024-10-10,0
EVT-017075,APP-02498,submitted,2024-10-11,1
EVT-017076,APP-02498,client_interview_1,2024-10-28,17
EVT-017077,APP-02498,offer_extended,2024-11-03,6
EVT-017078,APP-02498,offer_accepted,2024-11-04,1
EVT-017079,APP-02498,onboarding_docs_sent,2024-11-28,24
EVT-017080,APP-02498,start_date,2024-12-03,5
EVT-017081,APP-02499,screened,2025-07-05,0
EVT-017082,APP-02499,submitted,2025-07-07,2
EVT-017083,APP-02499,client_interview_1,2025-07-24,17
EVT-017084,APP-02499,client_interview_2,2025-07-28,4
EVT-017085,APP-02499,offer_extended,2025-08-07,10
EVT-017086,APP-02499,offer_accepted,2025-08-08,1
EVT-017087,APP-02499,background_check,2025-08-09,1
EVT-017088,APP-02499,onboarding_docs_sent,2025-08-15,6
EVT-017089,APP-02499,start_date,2025-08-18,3
EVT-017090,APP-02500,screened,2025-08-04,0
EVT-017091,APP-02500,submitted,2025-08-06,2
EVT-017092,APP-02500,client_interview_1,2025-08-17,11
EVT-017093,APP-02500,offer_extended,2025-08-26,9
EVT-017094,APP-02500,offer_accepted,2025-08-27,1
EVT-017095,APP-02500,background_check,2025-09-04,8
EVT-017096,APP-02500,onboarding_docs_sent,2025-09-24,20
EVT-017097,APP-02500,start_date,2025-10-19,25
