application_id,mechanism_id,mechanism_name,mapping_source,mapping_confidence
APP-00032,BM-029,Uncertainty / Ambiguity Aversion,HUMAN_REVIEWED,MODERATE
APP-02460,BM-029,Uncertainty / Ambiguity Aversion,HUMAN_REVIEWED,HIGH
APP-02469,BM-006,Friction,HUMAN_REVIEWED,MODERATE
APP-02475,BM-006,Friction,HUMAN_REVIEWED,MODERATE
APP-02442,BM-006,Friction,HUMAN_REVIEWED,MODERATE
APP-02429,BM-006,Friction,HUMAN_REVIEWED,MODERATE
APP-02436,BM-006,Friction,HUMAN_REVIEWED,MODERATE
APP-02415,BM-006,Friction,HUMAN_REVIEWED,MODERATE
APP-02372,BM-006,Friction,HUMAN_REVIEWED,MODERATE
APP-02345,BM-001,Status Quo Bias,HUMAN_REVIEWED,MODERATE
APP-02320,BM-029,Uncertainty / Ambiguity Aversion,HUMAN_REVIEWED,HIGH
APP-02324,BM-006,Friction,HUMAN_REVIEWED,MODERATE
APP-02306,BM-006,Friction,HUMAN_REVIEWED,MODERATE
APP-02281,BM-029,Uncertainty / Ambiguity Aversion,HUMAN_REVIEWED,MODERATE
APP-02285,BM-001,Status Quo Bias,HUMAN_REVIEWED,MODERATE
APP-02256,BM-010,Endowment Effect,HUMAN_REVIEWED,N/A
APP-02249,BM-006,Friction,HUMAN_REVIEWED,MODERATE
APP-02225,BM-006,Friction,HUMAN_REVIEWED,MODERATE
APP-02218,BM-029,Uncertainty / Ambiguity Aversion,HUMAN_REVIEWED,MODERATE
APP-02224,BM-001,Status Quo Bias,HUMAN_REVIEWED,MODERATE
APP-02203,BM-006,Friction,HUMAN_REVIEWED,HIGH
APP-02176,BM-006,Friction,HUMAN_REVIEWED,HIGH
APP-02194,BM-029,Uncertainty / Ambiguity Aversion,HUMAN_REVIEWED,MODERATE
APP-02196,BM-006,Friction,HUMAN_REVIEWED,MODERATE
APP-02172,BM-029,Uncertainty / Ambiguity Aversion,HUMAN_REVIEWED,MODERATE
APP-02176,BM-029,Uncertainty / Ambiguity Aversion,HUMAN_REVIEWED,MODERATE
APP-02147,BM-006,Friction,HUMAN_REVIEWED,HIGH
APP-02153,BM-021,Reactance,HUMAN_REVIEWED,N/A
APP-02134,BM-001,Status Quo Bias,HUMAN_REVIEWED,MODERATE
APP-02129,BM-029,Uncertainty / Ambiguity Aversion,HUMAN_REVIEWED,MODERATE
APP-02130,BM-029,Uncertainty / Ambiguity Aversion,HUMAN_REVIEWED,MODERATE
APP-02106,BM-006,Friction,HUMAN_REVIEWED,HIGH
APP-02111,BM-006,Friction,HUMAN_REVIEWED,MODERATE
APP-02113,BM-029,Uncertainty / Ambiguity Aversion,HUMAN_REVIEWED,MODERATE
APP-02118,BM-006,Friction,HUMAN_REVIEWED,MODERATE
APP-00036,BM-029,Uncertainty / Ambiguity Aversion,HUMAN_REVIEWED,MODERATE
APP-00037,BM-029,Uncertainty / Ambiguity Aversion,HUMAN_REVIEWED,HIGH
APP-00044,BM-013,Anchoring,HUMAN_REVIEWED,HIGH
APP-00045,BM-006,Friction,HUMAN_REVIEWED,MODERATE
APP-02087,BM-029,Uncertainty / Ambiguity Aversion,HUMAN_REVIEWED,HIGH
APP-02070,BM-013,Anchoring,HUMAN_REVIEWED,HIGH
APP-02077,BM-006,Friction,HUMAN_REVIEWED,MODERATE
APP-02058,BM-013,Anchoring,HUMAN_REVIEWED,HIGH
APP-02043,BM-006,Friction,HUMAN_REVIEWED,HIGH
APP-02020,BM-021,Reactance,HUMAN_REVIEWED,N/A
APP-02029,BM-029,Uncertainty / Ambiguity Aversion,HUMAN_REVIEWED,HIGH
APP-02034,BM-006,Friction,HUMAN_REVIEWED,HIGH
APP-01985,BM-029,Uncertainty / Ambiguity Aversion,HUMAN_REVIEWED,MODERATE
APP-01987,BM-006,Friction,HUMAN_REVIEWED,MODERATE
APP-01961,BM-029,Uncertainty / Ambiguity Aversion,HUMAN_REVIEWED,MODERATE
APP-01961,BM-006,Friction,HUMAN_REVIEWED,MODERATE
APP-01952,BM-013,Anchoring,HUMAN_REVIEWED,HIGH
APP-01879,BM-029,Uncertainty / Ambiguity Aversion,HUMAN_REVIEWED,MODERATE
APP-01880,BM-006,Friction,HUMAN_REVIEWED,MODERATE
APP-01871,BM-006,Friction,HUMAN_REVIEWED,MODERATE
APP-01875,BM-013,Anchoring,HUMAN_REVIEWED,HIGH
APP-01879,BM-001,Status Quo Bias,HUMAN_REVIEWED,MODERATE
APP-01845,BM-029,Uncertainty / Ambiguity Aversion,HUMAN_REVIEWED,MODERATE
APP-01842,BM-006,Friction,HUMAN_REVIEWED,HIGH
APP-01829,BM-013,Anchoring,HUMAN_REVIEWED,HIGH
APP-01810,BM-006,Friction,HUMAN_REVIEWED,MODERATE
APP-01816,BM-006,Friction,HUMAN_REVIEWED,MODERATE
APP-01797,BM-006,Friction,HUMAN_REVIEWED,MODERATE
APP-00053,BM-029,Uncertainty / Ambiguity Aversion,HUMAN_REVIEWED,MODERATE
APP-01732,BM-006,Friction,HUMAN_REVIEWED,MODERATE
APP-01723,BM-006,Friction,HUMAN_REVIEWED,MODERATE
APP-01692,BM-001,Status Quo Bias,HUMAN_REVIEWED,MODERATE
APP-01695,BM-006,Friction,HUMAN_REVIEWED,MODERATE
APP-01696,BM-001,Status Quo Bias,HUMAN_REVIEWED,MODERATE
APP-01700,BM-029,Uncertainty / Ambiguity Aversion,HUMAN_REVIEWED,HIGH
APP-01687,BM-029,Uncertainty / Ambiguity Aversion,HUMAN_REVIEWED,MODERATE
APP-01657,BM-029,Uncertainty / Ambiguity Aversion,HUMAN_REVIEWED,MODERATE
APP-01662,BM-001,Status Quo Bias,HUMAN_REVIEWED,MODERATE
APP-01672,BM-006,Friction,HUMAN_REVIEWED,MODERATE
APP-01631,BM-001,Status Quo Bias,HUMAN_REVIEWED,MODERATE
APP-01574,BM-029,Uncertainty / Ambiguity Aversion,HUMAN_REVIEWED,MODERATE
APP-01561,BM-001,Status Quo Bias,HUMAN_REVIEWED,MODERATE
APP-01565,BM-029,Uncertainty / Ambiguity Aversion,HUMAN_REVIEWED,HIGH
APP-01566,BM-006,Friction,HUMAN_REVIEWED,HIGH
APP-01505,BM-006,Friction,HUMAN_REVIEWED,HIGH
APP-01509,BM-029,Uncertainty / Ambiguity Aversion,HUMAN_REVIEWED,HIGH
APP-01497,BM-029,Uncertainty / Ambiguity Aversion,HUMAN_REVIEWED,HIGH
APP-01433,BM-006,Friction,HUMAN_REVIEWED,HIGH
APP-01408,BM-029,Uncertainty / Ambiguity Aversion,HUMAN_REVIEWED,HIGH
APP-01376,BM-001,Status Quo Bias,HUMAN_REVIEWED,MODERATE
APP-01325,BM-016,Peak-End Rule,HUMAN_REVIEWED,N/A
APP-01305,BM-029,Uncertainty / Ambiguity Aversion,HUMAN_REVIEWED,MODERATE
APP-01290,BM-029,Uncertainty / Ambiguity Aversion,HUMAN_REVIEWED,MODERATE
APP-01295,BM-029,Uncertainty / Ambiguity Aversion,HUMAN_REVIEWED,MODERATE
APP-01296,BM-029,Uncertainty / Ambiguity Aversion,HUMAN_REVIEWED,MODERATE
APP-01303,BM-029,Uncertainty / Ambiguity Aversion,HUMAN_REVIEWED,MODERATE
APP-00059,BM-029,Uncertainty / Ambiguity Aversion,HUMAN_REVIEWED,HIGH
APP-00063,BM-029,Uncertainty / Ambiguity Aversion,HUMAN_REVIEWED,MODERATE
APP-00070,BM-029,Uncertainty / Ambiguity Aversion,HUMAN_REVIEWED,HIGH
APP-00072,BM-029,Uncertainty / Ambiguity Aversion,HUMAN_REVIEWED,HIGH
APP-01274,BM-029,Uncertainty / Ambiguity Aversion,HUMAN_REVIEWED,HIGH
APP-01266,BM-001,Status Quo Bias,HUMAN_REVIEWED,MODERATE
APP-01270,BM-006,Friction,HUMAN_REVIEWED,MODERATE
APP-01248,BM-006,Friction,HUMAN_REVIEWED,MODERATE
APP-01204,BM-029,Uncertainty / Ambiguity Aversion,HUMAN_REVIEWED,MODERATE
APP-01209,BM-029,Uncertainty / Ambiguity Aversion,HUMAN_REVIEWED,MODERATE
APP-01161,BM-006,Friction,HUMAN_REVIEWED,MODERATE
APP-01171,BM-029,Uncertainty / Ambiguity Aversion,HUMAN_REVIEWED,HIGH
APP-01151,BM-029,Uncertainty / Ambiguity Aversion,HUMAN_REVIEWED,HIGH
APP-01146,BM-001,Status Quo Bias,HUMAN_REVIEWED,MODERATE
APP-01148,BM-006,Friction,HUMAN_REVIEWED,MODERATE
APP-01141,BM-029,Uncertainty / Ambiguity Aversion,HUMAN_REVIEWED,MODERATE
APP-01132,BM-006,Friction,HUMAN_REVIEWED,MODERATE
APP-01120,BM-029,Uncertainty / Ambiguity Aversion,HUMAN_REVIEWED,MODERATE
APP-01121,BM-006,Friction,HUMAN_REVIEWED,MODERATE
APP-01093,BM-029,Uncertainty / Ambiguity Aversion,HUMAN_REVIEWED,HIGH
APP-01088,BM-006,Friction,HUMAN_REVIEWED,HIGH
APP-01089,BM-006,Friction,HUMAN_REVIEWED,MODERATE
APP-01029,BM-029,Uncertainty / Ambiguity Aversion,HUMAN_REVIEWED,HIGH
APP-01042,BM-029,Uncertainty / Ambiguity Aversion,HUMAN_REVIEWED,HIGH
APP-01017,BM-006,Friction,HUMAN_REVIEWED,MODERATE
APP-00974,BM-006,Friction,HUMAN_REVIEWED,HIGH
APP-00968,BM-001,Status Quo Bias,HUMAN_REVIEWED,MODERATE
APP-00969,BM-010,Endowment Effect,HUMAN_REVIEWED,N/A
APP-00953,BM-006,Friction,HUMAN_REVIEWED,MODERATE
APP-00960,BM-029,Uncertainty / Ambiguity Aversion,HUMAN_REVIEWED,HIGH
APP-00922,BM-029,Uncertainty / Ambiguity Aversion,HUMAN_REVIEWED,HIGH
APP-00079,BM-006,Friction,HUMAN_REVIEWED,MODERATE
APP-00890,BM-001,Status Quo Bias,HUMAN_REVIEWED,MODERATE
APP-00889,BM-029,Uncertainty / Ambiguity Aversion,HUMAN_REVIEWED,MODERATE
APP-00828,BM-006,Friction,HUMAN_REVIEWED,MODERATE
APP-00789,BM-006,Friction,HUMAN_REVIEWED,MODERATE
APP-00797,BM-029,Uncertainty / Ambiguity Aversion,HUMAN_REVIEWED,HIGH
APP-00770,BM-029,Uncertainty / Ambiguity Aversion,HUMAN_REVIEWED,MODERATE
APP-00759,BM-006,Friction,HUMAN_REVIEWED,MODERATE
APP-00762,BM-001,Status Quo Bias,HUMAN_REVIEWED,MODERATE
APP-00741,BM-001,Status Quo Bias,HUMAN_REVIEWED,MODERATE
APP-00736,BM-029,Uncertainty / Ambiguity Aversion,HUMAN_REVIEWED,HIGH
APP-00716,BM-029,Uncertainty / Ambiguity Aversion,HUMAN_REVIEWED,MODERATE
APP-00702,BM-029,Uncertainty / Ambiguity Aversion,HUMAN_REVIEWED,MODERATE
APP-00706,BM-006,Friction,HUMAN_REVIEWED,MODERATE
APP-00698,BM-006,Friction,HUMAN_REVIEWED,MODERATE
APP-00652,BM-006,Friction,HUMAN_REVIEWED,MODERATE
APP-00640,BM-029,Uncertainty / Ambiguity Aversion,HUMAN_REVIEWED,HIGH
APP-00645,BM-029,Uncertainty / Ambiguity Aversion,HUMAN_REVIEWED,MODERATE
APP-00603,BM-006,Friction,HUMAN_REVIEWED,MODERATE
APP-00611,BM-029,Uncertainty / Ambiguity Aversion,HUMAN_REVIEWED,HIGH
APP-00595,BM-006,Friction,HUMAN_REVIEWED,MODERATE
APP-00578,BM-001,Status Quo Bias,HUMAN_REVIEWED,MODERATE
APP-00562,BM-001,Status Quo Bias,HUMAN_REVIEWED,MODERATE
APP-00562,BM-029,Uncertainty / Ambiguity Aversion,HUMAN_REVIEWED,MODERATE
APP-00565,BM-006,Friction,HUMAN_REVIEWED,MODERATE
APP-00548,BM-029,Uncertainty / Ambiguity Aversion,HUMAN_REVIEWED,MODERATE
APP-00524,BM-006,Friction,HUMAN_REVIEWED,MODERATE
APP-00507,BM-029,Uncertainty / Ambiguity Aversion,HUMAN_REVIEWED,MODERATE
APP-00496,BM-029,Uncertainty / Ambiguity Aversion,HUMAN_REVIEWED,MODERATE
APP-00468,BM-013,Anchoring,HUMAN_REVIEWED,HIGH
APP-00461,BM-029,Uncertainty / Ambiguity Aversion,HUMAN_REVIEWED,HIGH
APP-00439,BM-006,Friction,HUMAN_REVIEWED,MODERATE
APP-00444,BM-006,Friction,HUMAN_REVIEWED,MODERATE
APP-00429,BM-006,Friction,HUMAN_REVIEWED,HIGH
APP-00398,BM-006,Friction,HUMAN_REVIEWED,MODERATE
APP-00400,BM-006,Friction,HUMAN_REVIEWED,MODERATE
APP-00373,BM-029,Uncertainty / Ambiguity Aversion,HUMAN_REVIEWED,MODERATE
APP-00389,BM-001,Status Quo Bias,HUMAN_REVIEWED,MODERATE
APP-00373,BM-006,Friction,HUMAN_REVIEWED,MODERATE
APP-00348,BM-006,Friction,HUMAN_REVIEWED,HIGH
APP-00342,BM-006,Friction,HUMAN_REVIEWED,MODERATE
APP-00303,BM-001,Status Quo Bias,HUMAN_REVIEWED,MODERATE
APP-00286,BM-013,Anchoring,HUMAN_REVIEWED,HIGH
APP-00289,BM-029,Uncertainty / Ambiguity Aversion,HUMAN_REVIEWED,MODERATE
APP-00243,BM-006,Friction,HUMAN_REVIEWED,MODERATE
APP-00179,BM-029,Uncertainty / Ambiguity Aversion,HUMAN_REVIEWED,MODERATE
APP-00183,BM-006,Friction,HUMAN_REVIEWED,MODERATE
APP-00173,BM-006,Friction,HUMAN_REVIEWED,MODERATE
APP-00148,BM-001,Status Quo Bias,HUMAN_REVIEWED,MODERATE
APP-00155,BM-006,Friction,HUMAN_REVIEWED,MODERATE
APP-00145,BM-029,Uncertainty / Ambiguity Aversion,HUMAN_REVIEWED,MODERATE
APP-00095,BM-006,Friction,HUMAN_REVIEWED,HIGH
APP-00100,BM-029,Uncertainty / Ambiguity Aversion,HUMAN_REVIEWED,MODERATE
APP-00105,BM-006,Friction,HUMAN_REVIEWED,MODERATE
APP-00004,BM-001,Status Quo Bias,HUMAN_REVIEWED,MODERATE
APP-00008,BM-006,Friction,HUMAN_REVIEWED,MODERATE
APP-02498,BM-006,Friction,MODEL_APPLIED_FROM_CALIBRATED_FRAMEWORK,0.4
APP-02498,BM-011,Reciprocity,MODEL_APPLIED_FROM_CALIBRATED_FRAMEWORK,0.4
APP-02484,BM-006,Friction,MODEL_APPLIED_FROM_CALIBRATED_FRAMEWORK,0.4
APP-02490,BM-023,Goal Gradient,MODEL_APPLIED_FROM_CALIBRATED_FRAMEWORK,0.4
APP-02497,BM-029,Uncertainty / Ambiguity Aversion,MODEL_APPLIED_FROM_CALIBRATED_FRAMEWORK,0.4
APP-02481,BM-001,Status Quo Bias,MODEL_APPLIED_FROM_CALIBRATED_FRAMEWORK,0.55
APP-02481,BM-014,Confirmation Bias,MODEL_APPLIED_FROM_CALIBRATED_FRAMEWORK,0.4
APP-02478,BM-006,Friction,MODEL_APPLIED_FROM_CALIBRATED_FRAMEWORK,0.55
APP-02480,BM-006,Friction,MODEL_APPLIED_FROM_CALIBRATED_FRAMEWORK,0.4
APP-00012,BM-006,Friction,MODEL_APPLIED_FROM_CALIBRATED_FRAMEWORK,0.55
APP-00013,BM-023,Goal Gradient,MODEL_APPLIED_FROM_CALIBRATED_FRAMEWORK,0.4
APP-00016,BM-006,Friction,MODEL_APPLIED_FROM_CALIBRATED_FRAMEWORK,0.55
APP-00005,BM-002,Loss Aversion,MODEL_APPLIED_FROM_CALIBRATED_FRAMEWORK,0.4
APP-00008,BM-002,Loss Aversion,MODEL_APPLIED_FROM_CALIBRATED_FRAMEWORK,0.4
APP-00004,BM-006,Friction,MODEL_APPLIED_FROM_CALIBRATED_FRAMEWORK,0.55
APP-00004,BM-029,Uncertainty / Ambiguity Aversion,MODEL_APPLIED_FROM_CALIBRATED_FRAMEWORK,0.4
APP-00005,BM-029,Uncertainty / Ambiguity Aversion,MODEL_APPLIED_FROM_CALIBRATED_FRAMEWORK,0.4
APP-00106,BM-011,Reciprocity,MODEL_APPLIED_FROM_CALIBRATED_FRAMEWORK,0.4
APP-00100,BM-014,Confirmation Bias,MODEL_APPLIED_FROM_CALIBRATED_FRAMEWORK,0.4
APP-00103,BM-023,Goal Gradient,MODEL_APPLIED_FROM_CALIBRATED_FRAMEWORK,0.4
APP-00103,BM-011,Reciprocity,MODEL_APPLIED_FROM_CALIBRATED_FRAMEWORK,0.4
APP-00104,BM-029,Uncertainty / Ambiguity Aversion,MODEL_APPLIED_FROM_CALIBRATED_FRAMEWORK,0.4
APP-00104,BM-002,Loss Aversion,MODEL_APPLIED_FROM_CALIBRATED_FRAMEWORK,0.4
APP-00095,BM-011,Reciprocity,MODEL_APPLIED_FROM_CALIBRATED_FRAMEWORK,0.4
APP-00097,BM-006,Friction,MODEL_APPLIED_FROM_CALIBRATED_FRAMEWORK,0.4
APP-00125,BM-001,Status Quo Bias,MODEL_APPLIED_FROM_CALIBRATED_FRAMEWORK,0.4
APP-00125,BM-029,Uncertainty / Ambiguity Aversion,MODEL_APPLIED_FROM_CALIBRATED_FRAMEWORK,0.4
APP-00126,BM-005,Choice Overload,MODEL_APPLIED_FROM_CALIBRATED_FRAMEWORK,0.4
APP-00123,BM-023,Goal Gradient,MODEL_APPLIED_FROM_CALIBRATED_FRAMEWORK,0.4
APP-00123,BM-002,Loss Aversion,MODEL_APPLIED_FROM_CALIBRATED_FRAMEWORK,0.4
APP-00124,BM-001,Status Quo Bias,MODEL_APPLIED_FROM_CALIBRATED_FRAMEWORK,0.4
APP-00124,BM-023,Goal Gradient,MODEL_APPLIED_FROM_CALIBRATED_FRAMEWORK,0.4
APP-00124,BM-029,Uncertainty / Ambiguity Aversion,MODEL_APPLIED_FROM_CALIBRATED_FRAMEWORK,0.4
APP-00115,BM-023,Goal Gradient,MODEL_APPLIED_FROM_CALIBRATED_FRAMEWORK,0.4
APP-00122,BM-002,Loss Aversion,MODEL_APPLIED_FROM_CALIBRATED_FRAMEWORK,0.4
APP-00107,BM-029,Uncertainty / Ambiguity Aversion,MODEL_APPLIED_FROM_CALIBRATED_FRAMEWORK,0.4
APP-00107,BM-001,Status Quo Bias,MODEL_APPLIED_FROM_CALIBRATED_FRAMEWORK,0.4
APP-00142,BM-011,Reciprocity,MODEL_APPLIED_FROM_CALIBRATED_FRAMEWORK,0.4
APP-00144,BM-006,Friction,MODEL_APPLIED_FROM_CALIBRATED_FRAMEWORK,0.4
APP-00145,BM-023,Goal Gradient,MODEL_APPLIED_FROM_CALIBRATED_FRAMEWORK,0.4
APP-00147,BM-002,Loss Aversion,MODEL_APPLIED_FROM_CALIBRATED_FRAMEWORK,0.4
APP-00133,BM-023,Goal Gradient,MODEL_APPLIED_FROM_CALIBRATED_FRAMEWORK,0.4
APP-00136,BM-023,Goal Gradient,MODEL_APPLIED_FROM_CALIBRATED_FRAMEWORK,0.4
APP-00140,BM-006,Friction,MODEL_APPLIED_FROM_CALIBRATED_FRAMEWORK,0.4
APP-00140,BM-023,Goal Gradient,MODEL_APPLIED_FROM_CALIBRATED_FRAMEWORK,0.4
APP-00132,BM-006,Friction,MODEL_APPLIED_FROM_CALIBRATED_FRAMEWORK,0.4
APP-00126,BM-029,Uncertainty / Ambiguity Aversion,MODEL_APPLIED_FROM_CALIBRATED_FRAMEWORK,0.4
APP-00127,BM-006,Friction,MODEL_APPLIED_FROM_CALIBRATED_FRAMEWORK,0.55
APP-00131,BM-001,Status Quo Bias,MODEL_APPLIED_FROM_CALIBRATED_FRAMEWORK,0.4
APP-00158,BM-020,Commitment / Consistency,MODEL_APPLIED_FROM_CALIBRATED_FRAMEWORK,0.4
APP-00159,BM-002,Loss Aversion,MODEL_APPLIED_FROM_CALIBRATED_FRAMEWORK,0.4
APP-00159,BM-029,Uncertainty / Ambiguity Aversion,MODEL_APPLIED_FROM_CALIBRATED_FRAMEWORK,0.4
APP-00160,BM-006,Friction,MODEL_APPLIED_FROM_CALIBRATED_FRAMEWORK,0.55
APP-00157,BM-001,Status Quo Bias,MODEL_APPLIED_FROM_CALIBRATED_FRAMEWORK,0.4
APP-00157,BM-029,Uncertainty / Ambiguity Aversion,MODEL_APPLIED_FROM_CALIBRATED_FRAMEWORK,0.4
APP-00152,BM-023,Goal Gradient,MODEL_APPLIED_FROM_CALIBRATED_FRAMEWORK,0.4
APP-00153,BM-029,Uncertainty / Ambiguity Aversion,MODEL_APPLIED_FROM_CALIBRATED_FRAMEWORK,0.4
APP-00153,BM-002,Loss Aversion,MODEL_APPLIED_FROM_CALIBRATED_FRAMEWORK,0.4
APP-00154,BM-011,Reciprocity,MODEL_APPLIED_FROM_CALIBRATED_FRAMEWORK,0.4
APP-00154,BM-018,Identity Signaling,MODEL_APPLIED_FROM_CALIBRATED_FRAMEWORK,0.4
APP-00148,BM-029,Uncertainty / Ambiguity Aversion,MODEL_APPLIED_FROM_CALIBRATED_FRAMEWORK,0.4
APP-00151,BM-029,Uncertainty / Ambiguity Aversion,MODEL_APPLIED_FROM_CALIBRATED_FRAMEWORK,0.4
APP-00167,BM-018,Identity Signaling,MODEL_APPLIED_FROM_CALIBRATED_FRAMEWORK,0.4
APP-00170,BM-020,Commitment / Consistency,MODEL_APPLIED_FROM_CALIBRATED_FRAMEWORK,0.4
APP-00174,BM-002,Loss Aversion,MODEL_APPLIED_FROM_CALIBRATED_FRAMEWORK,0.4
APP-00176,BM-001,Status Quo Bias,MODEL_APPLIED_FROM_CALIBRATED_FRAMEWORK,0.4
APP-00176,BM-023,Goal Gradient,MODEL_APPLIED_FROM_CALIBRATED_FRAMEWORK,0.4
APP-00176,BM-029,Uncertainty / Ambiguity Aversion,MODEL_APPLIED_FROM_CALIBRATED_FRAMEWORK,0.4
APP-00165,BM-029,Uncertainty / Ambiguity Aversion,MODEL_APPLIED_FROM_CALIBRATED_FRAMEWORK,0.4
APP-00167,BM-020,Commitment / Consistency,MODEL_APPLIED_FROM_CALIBRATED_FRAMEWORK,0.4
APP-00162,BM-001,Status Quo Bias,MODEL_APPLIED_FROM_CALIBRATED_FRAMEWORK,0.4
APP-00163,BM-005,Choice Overload,MODEL_APPLIED_FROM_CALIBRATED_FRAMEWORK,0.4
APP-00162,BM-029,Uncertainty / Ambiguity Aversion,MODEL_APPLIED_FROM_CALIBRATED_FRAMEWORK,0.4
APP-00183,BM-002,Loss Aversion,MODEL_APPLIED_FROM_CALIBRATED_FRAMEWORK,0.4
APP-00184,BM-006,Friction,MODEL_APPLIED_FROM_CALIBRATED_FRAMEWORK,0.4
APP-00185,BM-029,Uncertainty / Ambiguity Aversion,MODEL_APPLIED_FROM_CALIBRATED_FRAMEWORK,0.4
APP-00185,BM-002,Loss Aversion,MODEL_APPLIED_FROM_CALIBRATED_FRAMEWORK,0.4
APP-00183,BM-001,Status Quo Bias,MODEL_APPLIED_FROM_CALIBRATED_FRAMEWORK,0.55
APP-00183,BM-014,Confirmation Bias,MODEL_APPLIED_FROM_CALIBRATED_FRAMEWORK,0.4
APP-00179,BM-023,Goal Gradient,MODEL_APPLIED_FROM_CALIBRATED_FRAMEWORK,0.4
APP-00179,BM-001,Status Quo Bias,MODEL_APPLIED_FROM_CALIBRATED_FRAMEWORK,0.4
APP-00181,BM-029,Uncertainty / Ambiguity Aversion,MODEL_APPLIED_FROM_CALIBRATED_FRAMEWORK,0.4
APP-00177,BM-011,Reciprocity,MODEL_APPLIED_FROM_CALIBRATED_FRAMEWORK,0.4
APP-00204,BM-020,Commitment / Consistency,MODEL_APPLIED_FROM_CALIBRATED_FRAMEWORK,0.4
APP-00204,BM-018,Identity Signaling,MODEL_APPLIED_FROM_CALIBRATED_FRAMEWORK,0.4
APP-00207,BM-029,Uncertainty / Ambiguity Aversion,MODEL_APPLIED_FROM_CALIBRATED_FRAMEWORK,0.4
APP-00216,BM-002,Loss Aversion,MODEL_APPLIED_FROM_CALIBRATED_FRAMEWORK,0.4
APP-00221,BM-005,Choice Overload,MODEL_APPLIED_FROM_CALIBRATED_FRAMEWORK,0.4
APP-00222,BM-020,Commitment / Consistency,MODEL_APPLIED_FROM_CALIBRATED_FRAMEWORK,0.4
APP-00194,BM-029,Uncertainty / Ambiguity Aversion,MODEL_APPLIED_FROM_CALIBRATED_FRAMEWORK,0.4
APP-00194,BM-006,Friction,MODEL_APPLIED_FROM_CALIBRATED_FRAMEWORK,0.55
APP-00196,BM-029,Uncertainty / Ambiguity Aversion,MODEL_APPLIED_FROM_CALIBRATED_FRAMEWORK,0.4
APP-00196,BM-002,Loss Aversion,MODEL_APPLIED_FROM_CALIBRATED_FRAMEWORK,0.4
APP-00196,BM-001,Status Quo Bias,MODEL_APPLIED_FROM_CALIBRATED_FRAMEWORK,0.4
APP-00190,BM-029,Uncertainty / Ambiguity Aversion,MODEL_APPLIED_FROM_CALIBRATED_FRAMEWORK,0.4
APP-00186,BM-005,Choice Overload,MODEL_APPLIED_FROM_CALIBRATED_FRAMEWORK,0.4
APP-00186,BM-020,Commitment / Consistency,MODEL_APPLIED_FROM_CALIBRATED_FRAMEWORK,0.4
APP-00187,BM-029,Uncertainty / Ambiguity Aversion,MODEL_APPLIED_FROM_CALIBRATED_FRAMEWORK,0.4
APP-00234,BM-029,Uncertainty / Ambiguity Aversion,MODEL_APPLIED_FROM_CALIBRATED_FRAMEWORK,0.4
APP-00236,BM-006,Friction,MODEL_APPLIED_FROM_CALIBRATED_FRAMEWORK,0.55
APP-00232,BM-029,Uncertainty / Ambiguity Aversion,MODEL_APPLIED_FROM_CALIBRATED_FRAMEWORK,0.4
APP-00234,BM-002,Loss Aversion,MODEL_APPLIED_FROM_CALIBRATED_FRAMEWORK,0.4
APP-00226,BM-029,Uncertainty / Ambiguity Aversion,MODEL_APPLIED_FROM_CALIBRATED_FRAMEWORK,0.4
APP-00229,BM-006,Friction,MODEL_APPLIED_FROM_CALIBRATED_FRAMEWORK,0.55
APP-00226,BM-002,Loss Aversion,MODEL_APPLIED_FROM_CALIBRATED_FRAMEWORK,0.4
APP-00244,BM-023,Goal Gradient,MODEL_APPLIED_FROM_CALIBRATED_FRAMEWORK,0.4
APP-00246,BM-011,Reciprocity,MODEL_APPLIED_FROM_CALIBRATED_FRAMEWORK,0.4
APP-00246,BM-018,Identity Signaling,MODEL_APPLIED_FROM_CALIBRATED_FRAMEWORK,0.4
APP-00249,BM-023,Goal Gradient,MODEL_APPLIED_FROM_CALIBRATED_FRAMEWORK,0.4
APP-00251,BM-020,Commitment / Consistency,MODEL_APPLIED_FROM_CALIBRATED_FRAMEWORK,0.4
APP-00243,BM-001,Status Quo Bias,MODEL_APPLIED_FROM_CALIBRATED_FRAMEWORK,0.55
APP-00243,BM-014,Confirmation Bias,MODEL_APPLIED_FROM_CALIBRATED_FRAMEWORK,0.4
APP-00244,BM-001,Status Quo Bias,MODEL_APPLIED_FROM_CALIBRATED_FRAMEWORK,0.4
APP-00238,BM-018,Identity Signaling,MODEL_APPLIED_FROM_CALIBRATED_FRAMEWORK,0.4
APP-00237,BM-023,Goal Gradient,MODEL_APPLIED_FROM_CALIBRATED_FRAMEWORK,0.4
APP-00238,BM-020,Commitment / Consistency,MODEL_APPLIED_FROM_CALIBRATED_FRAMEWORK,0.4
APP-00259,BM-006,Friction,MODEL_APPLIED_FROM_CALIBRATED_FRAMEWORK,0.55
APP-00267,BM-023,Goal Gradient,MODEL_APPLIED_FROM_CALIBRATED_FRAMEWORK,0.4
APP-00275,BM-023,Goal Gradient,MODEL_APPLIED_FROM_CALIBRATED_FRAMEWORK,0.4
APP-00276,BM-023,Goal Gradient,MODEL_APPLIED_FROM_CALIBRATED_FRAMEWORK,0.4
APP-00253,BM-001,Status Quo Bias,MODEL_APPLIED_FROM_CALIBRATED_FRAMEWORK,0.55
APP-00253,BM-014,Confirmation Bias,MODEL_APPLIED_FROM_CALIBRATED_FRAMEWORK,0.4
APP-00255,BM-006,Friction,MODEL_APPLIED_FROM_CALIBRATED_FRAMEWORK,0.4
APP-00287,BM-020,Commitment / Consistency,MODEL_APPLIED_FROM_CALIBRATED_FRAMEWORK,0.4
APP-00287,BM-018,Identity Signaling,MODEL_APPLIED_FROM_CALIBRATED_FRAMEWORK,0.4
APP-00289,BM-023,Goal Gradient,MODEL_APPLIED_FROM_CALIBRATED_FRAMEWORK,0.4
APP-00285,BM-006,Friction,MODEL_APPLIED_FROM_CALIBRATED_FRAMEWORK,0.4
APP-00285,BM-023,Goal Gradient,MODEL_APPLIED_FROM_CALIBRATED_FRAMEWORK,0.4
APP-00283,BM-005,Choice Overload,MODEL_APPLIED_FROM_CALIBRATED_FRAMEWORK,0.4
APP-00283,BM-020,Commitment / Consistency,MODEL_APPLIED_FROM_CALIBRATED_FRAMEWORK,0.4
APP-00284,BM-006,Friction,MODEL_APPLIED_FROM_CALIBRATED_FRAMEWORK,0.4
APP-00277,BM-011,Reciprocity,MODEL_APPLIED_FROM_CALIBRATED_FRAMEWORK,0.4
APP-00278,BM-005,Choice Overload,MODEL_APPLIED_FROM_CALIBRATED_FRAMEWORK,0.4
APP-00280,BM-006,Friction,MODEL_APPLIED_FROM_CALIBRATED_FRAMEWORK,0.4
APP-00281,BM-002,Loss Aversion,MODEL_APPLIED_FROM_CALIBRATED_FRAMEWORK,0.4
APP-00301,BM-011,Reciprocity,MODEL_APPLIED_FROM_CALIBRATED_FRAMEWORK,0.4
APP-00301,BM-006,Friction,MODEL_APPLIED_FROM_CALIBRATED_FRAMEWORK,0.55
APP-00295,BM-011,Reciprocity,MODEL_APPLIED_FROM_CALIBRATED_FRAMEWORK,0.4
APP-00297,BM-006,Friction,MODEL_APPLIED_FROM_CALIBRATED_FRAMEWORK,0.55
APP-00292,BM-002,Loss Aversion,MODEL_APPLIED_FROM_CALIBRATED_FRAMEWORK,0.4
APP-00293,BM-020,Commitment / Consistency,MODEL_APPLIED_FROM_CALIBRATED_FRAMEWORK,0.4
APP-00294,BM-029,Uncertainty / Ambiguity Aversion,MODEL_APPLIED_FROM_CALIBRATED_FRAMEWORK,0.4
APP-00294,BM-002,Loss Aversion,MODEL_APPLIED_FROM_CALIBRATED_FRAMEWORK,0.4
APP-00310,BM-005,Choice Overload,MODEL_APPLIED_FROM_CALIBRATED_FRAMEWORK,0.4
APP-00315,BM-002,Loss Aversion,MODEL_APPLIED_FROM_CALIBRATED_FRAMEWORK,0.4
APP-00319,BM-001,Status Quo Bias,MODEL_APPLIED_FROM_CALIBRATED_FRAMEWORK,0.4
APP-00320,BM-023,Goal Gradient,MODEL_APPLIED_FROM_CALIBRATED_FRAMEWORK,0.4
APP-00307,BM-006,Friction,MODEL_APPLIED_FROM_CALIBRATED_FRAMEWORK,0.4
APP-00307,BM-011,Reciprocity,MODEL_APPLIED_FROM_CALIBRATED_FRAMEWORK,0.4
APP-00306,BM-006,Friction,MODEL_APPLIED_FROM_CALIBRATED_FRAMEWORK,0.55
APP-00306,BM-029,Uncertainty / Ambiguity Aversion,MODEL_APPLIED_FROM_CALIBRATED_FRAMEWORK,0.4
APP-00303,BM-029,Uncertainty / Ambiguity Aversion,MODEL_APPLIED_FROM_CALIBRATED_FRAMEWORK,0.4
APP-00304,BM-029,Uncertainty / Ambiguity Aversion,MODEL_APPLIED_FROM_CALIBRATED_FRAMEWORK,0.4
APP-00304,BM-002,Loss Aversion,MODEL_APPLIED_FROM_CALIBRATED_FRAMEWORK,0.4
APP-00331,BM-001,Status Quo Bias,MODEL_APPLIED_FROM_CALIBRATED_FRAMEWORK,0.4
APP-00331,BM-023,Goal Gradient,MODEL_APPLIED_FROM_CALIBRATED_FRAMEWORK,0.4
APP-00332,BM-011,Reciprocity,MODEL_APPLIED_FROM_CALIBRATED_FRAMEWORK,0.4
APP-00333,BM-029,Uncertainty / Ambiguity Aversion,MODEL_APPLIED_FROM_CALIBRATED_FRAMEWORK,0.4
APP-00326,BM-029,Uncertainty / Ambiguity Aversion,MODEL_APPLIED_FROM_CALIBRATED_FRAMEWORK,0.4
APP-00326,BM-006,Friction,MODEL_APPLIED_FROM_CALIBRATED_FRAMEWORK,0.55
APP-00328,BM-023,Goal Gradient,MODEL_APPLIED_FROM_CALIBRATED_FRAMEWORK,0.4
APP-00325,BM-029,Uncertainty / Ambiguity Aversion,MODEL_APPLIED_FROM_CALIBRATED_FRAMEWORK,0.4
APP-00334,BM-001,Status Quo Bias,MODEL_APPLIED_FROM_CALIBRATED_FRAMEWORK,0.4
APP-00335,BM-006,Friction,MODEL_APPLIED_FROM_CALIBRATED_FRAMEWORK,0.4
APP-00340,BM-011,Reciprocity,MODEL_APPLIED_FROM_CALIBRATED_FRAMEWORK,0.4
APP-00334,BM-029,Uncertainty / Ambiguity Aversion,MODEL_APPLIED_FROM_CALIBRATED_FRAMEWORK,0.4
APP-00363,BM-001,Status Quo Bias,MODEL_APPLIED_FROM_CALIBRATED_FRAMEWORK,0.55
APP-00363,BM-014,Confirmation Bias,MODEL_APPLIED_FROM_CALIBRATED_FRAMEWORK,0.4
APP-00364,BM-002,Loss Aversion,MODEL_APPLIED_FROM_CALIBRATED_FRAMEWORK,0.4
APP-00364,BM-029,Uncertainty / Ambiguity Aversion,MODEL_APPLIED_FROM_CALIBRATED_FRAMEWORK,0.4
APP-00358,BM-001,Status Quo Bias,MODEL_APPLIED_FROM_CALIBRATED_FRAMEWORK,0.4
APP-00361,BM-029,Uncertainty / Ambiguity Aversion,MODEL_APPLIED_FROM_CALIBRATED_FRAMEWORK,0.4
APP-00351,BM-001,Status Quo Bias,MODEL_APPLIED_FROM_CALIBRATED_FRAMEWORK,0.4
APP-00354,BM-023,Goal Gradient,MODEL_APPLIED_FROM_CALIBRATED_FRAMEWORK,0.4
APP-00351,BM-002,Loss Aversion,MODEL_APPLIED_FROM_CALIBRATED_FRAMEWORK,0.4
APP-00351,BM-029,Uncertainty / Ambiguity Aversion,MODEL_APPLIED_FROM_CALIBRATED_FRAMEWORK,0.4
APP-00372,BM-005,Choice Overload,MODEL_APPLIED_FROM_CALIBRATED_FRAMEWORK,0.4
APP-00373,BM-014,Confirmation Bias,MODEL_APPLIED_FROM_CALIBRATED_FRAMEWORK,0.4
APP-00373,BM-001,Status Quo Bias,MODEL_APPLIED_FROM_CALIBRATED_FRAMEWORK,0.55
APP-00370,BM-029,Uncertainty / Ambiguity Aversion,MODEL_APPLIED_FROM_CALIBRATED_FRAMEWORK,0.4
APP-00371,BM-029,Uncertainty / Ambiguity Aversion,MODEL_APPLIED_FROM_CALIBRATED_FRAMEWORK,0.4
APP-00369,BM-006,Friction,MODEL_APPLIED_FROM_CALIBRATED_FRAMEWORK,0.55
APP-00367,BM-002,Loss Aversion,MODEL_APPLIED_FROM_CALIBRATED_FRAMEWORK,0.4
APP-00367,BM-029,Uncertainty / Ambiguity Aversion,MODEL_APPLIED_FROM_CALIBRATED_FRAMEWORK,0.4
APP-00390,BM-011,Reciprocity,MODEL_APPLIED_FROM_CALIBRATED_FRAMEWORK,0.4
APP-00391,BM-005,Choice Overload,MODEL_APPLIED_FROM_CALIBRATED_FRAMEWORK,0.4
APP-00391,BM-029,Uncertainty / Ambiguity Aversion,MODEL_APPLIED_FROM_CALIBRATED_FRAMEWORK,0.4
APP-00392,BM-006,Friction,MODEL_APPLIED_FROM_CALIBRATED_FRAMEWORK,0.4
APP-00393,BM-006,Friction,MODEL_APPLIED_FROM_CALIBRATED_FRAMEWORK,0.4
APP-00393,BM-023,Goal Gradient,MODEL_APPLIED_FROM_CALIBRATED_FRAMEWORK,0.4
APP-00389,BM-006,Friction,MODEL_APPLIED_FROM_CALIBRATED_FRAMEWORK,0.55
APP-00389,BM-029,Uncertainty / Ambiguity Aversion,MODEL_APPLIED_FROM_CALIBRATED_FRAMEWORK,0.4
APP-00383,BM-001,Status Quo Bias,MODEL_APPLIED_FROM_CALIBRATED_FRAMEWORK,0.4
APP-00383,BM-029,Uncertainty / Ambiguity Aversion,MODEL_APPLIED_FROM_CALIBRATED_FRAMEWORK,0.4
APP-00385,BM-020,Commitment / Consistency,MODEL_APPLIED_FROM_CALIBRATED_FRAMEWORK,0.4
APP-00388,BM-029,Uncertainty / Ambiguity Aversion,MODEL_APPLIED_FROM_CALIBRATED_FRAMEWORK,0.4
APP-00381,BM-023,Goal Gradient,MODEL_APPLIED_FROM_CALIBRATED_FRAMEWORK,0.4
APP-00406,BM-014,Confirmation Bias,MODEL_APPLIED_FROM_CALIBRATED_FRAMEWORK,0.4
APP-00408,BM-001,Status Quo Bias,MODEL_APPLIED_FROM_CALIBRATED_FRAMEWORK,0.4
APP-00403,BM-029,Uncertainty / Ambiguity Aversion,MODEL_APPLIED_FROM_CALIBRATED_FRAMEWORK,0.4
APP-00401,BM-023,Goal Gradient,MODEL_APPLIED_FROM_CALIBRATED_FRAMEWORK,0.4
APP-00402,BM-006,Friction,MODEL_APPLIED_FROM_CALIBRATED_FRAMEWORK,0.4
APP-00402,BM-020,Commitment / Consistency,MODEL_APPLIED_FROM_CALIBRATED_FRAMEWORK,0.4
APP-00394,BM-020,Commitment / Consistency,MODEL_APPLIED_FROM_CALIBRATED_FRAMEWORK,0.4
APP-00397,BM-029,Uncertainty / Ambiguity Aversion,MODEL_APPLIED_FROM_CALIBRATED_FRAMEWORK,0.4
APP-00429,BM-029,Uncertainty / Ambiguity Aversion,MODEL_APPLIED_FROM_CALIBRATED_FRAMEWORK,0.4
APP-00417,BM-005,Choice Overload,MODEL_APPLIED_FROM_CALIBRATED_FRAMEWORK,0.4
APP-00419,BM-001,Status Quo Bias,MODEL_APPLIED_FROM_CALIBRATED_FRAMEWORK,0.4
APP-00419,BM-029,Uncertainty / Ambiguity Aversion,MODEL_APPLIED_FROM_CALIBRATED_FRAMEWORK,0.4
APP-00420,BM-029,Uncertainty / Ambiguity Aversion,MODEL_APPLIED_FROM_CALIBRATED_FRAMEWORK,0.4
APP-00422,BM-029,Uncertainty / Ambiguity Aversion,MODEL_APPLIED_FROM_CALIBRATED_FRAMEWORK,0.4
APP-00414,BM-029,Uncertainty / Ambiguity Aversion,MODEL_APPLIED_FROM_CALIBRATED_FRAMEWORK,0.4
APP-00416,BM-029,Uncertainty / Ambiguity Aversion,MODEL_APPLIED_FROM_CALIBRATED_FRAMEWORK,0.4
APP-00416,BM-001,Status Quo Bias,MODEL_APPLIED_FROM_CALIBRATED_FRAMEWORK,0.4
APP-00409,BM-029,Uncertainty / Ambiguity Aversion,MODEL_APPLIED_FROM_CALIBRATED_FRAMEWORK,0.4
APP-00410,BM-020,Commitment / Consistency,MODEL_APPLIED_FROM_CALIBRATED_FRAMEWORK,0.4
APP-00410,BM-011,Reciprocity,MODEL_APPLIED_FROM_CALIBRATED_FRAMEWORK,0.4
APP-00410,BM-018,Identity Signaling,MODEL_APPLIED_FROM_CALIBRATED_FRAMEWORK,0.4
APP-00413,BM-011,Reciprocity,MODEL_APPLIED_FROM_CALIBRATED_FRAMEWORK,0.4
APP-00444,BM-014,Confirmation Bias,MODEL_APPLIED_FROM_CALIBRATED_FRAMEWORK,0.4
APP-00444,BM-001,Status Quo Bias,MODEL_APPLIED_FROM_CALIBRATED_FRAMEWORK,0.55
APP-00438,BM-011,Reciprocity,MODEL_APPLIED_FROM_CALIBRATED_FRAMEWORK,0.4
APP-00439,BM-001,Status Quo Bias,MODEL_APPLIED_FROM_CALIBRATED_FRAMEWORK,0.55
APP-00439,BM-014,Confirmation Bias,MODEL_APPLIED_FROM_CALIBRATED_FRAMEWORK,0.4
APP-00442,BM-020,Commitment / Consistency,MODEL_APPLIED_FROM_CALIBRATED_FRAMEWORK,0.4
APP-00432,BM-020,Commitment / Consistency,MODEL_APPLIED_FROM_CALIBRATED_FRAMEWORK,0.4
APP-00432,BM-018,Identity Signaling,MODEL_APPLIED_FROM_CALIBRATED_FRAMEWORK,0.4
APP-00433,BM-029,Uncertainty / Ambiguity Aversion,MODEL_APPLIED_FROM_CALIBRATED_FRAMEWORK,0.4
APP-00435,BM-018,Identity Signaling,MODEL_APPLIED_FROM_CALIBRATED_FRAMEWORK,0.4
APP-00430,BM-006,Friction,MODEL_APPLIED_FROM_CALIBRATED_FRAMEWORK,0.55
APP-00457,BM-006,Friction,MODEL_APPLIED_FROM_CALIBRATED_FRAMEWORK,0.4
APP-00457,BM-023,Goal Gradient,MODEL_APPLIED_FROM_CALIBRATED_FRAMEWORK,0.4
APP-00459,BM-002,Loss Aversion,MODEL_APPLIED_FROM_CALIBRATED_FRAMEWORK,0.4
APP-00459,BM-029,Uncertainty / Ambiguity Aversion,MODEL_APPLIED_FROM_CALIBRATED_FRAMEWORK,0.4
APP-00461,BM-005,Choice Overload,MODEL_APPLIED_FROM_CALIBRATED_FRAMEWORK,0.4
APP-00455,BM-005,Choice Overload,MODEL_APPLIED_FROM_CALIBRATED_FRAMEWORK,0.4
APP-00456,BM-011,Reciprocity,MODEL_APPLIED_FROM_CALIBRATED_FRAMEWORK,0.4
APP-00456,BM-020,Commitment / Consistency,MODEL_APPLIED_FROM_CALIBRATED_FRAMEWORK,0.4
APP-00456,BM-018,Identity Signaling,MODEL_APPLIED_FROM_CALIBRATED_FRAMEWORK,0.4
APP-00450,BM-006,Friction,MODEL_APPLIED_FROM_CALIBRATED_FRAMEWORK,0.4
APP-00450,BM-020,Commitment / Consistency,MODEL_APPLIED_FROM_CALIBRATED_FRAMEWORK,0.4
APP-00451,BM-020,Commitment / Consistency,MODEL_APPLIED_FROM_CALIBRATED_FRAMEWORK,0.4
APP-00453,BM-006,Friction,MODEL_APPLIED_FROM_CALIBRATED_FRAMEWORK,0.4
APP-00445,BM-011,Reciprocity,MODEL_APPLIED_FROM_CALIBRATED_FRAMEWORK,0.4
APP-00446,BM-002,Loss Aversion,MODEL_APPLIED_FROM_CALIBRATED_FRAMEWORK,0.4
APP-00448,BM-005,Choice Overload,MODEL_APPLIED_FROM_CALIBRATED_FRAMEWORK,0.4
APP-00472,BM-006,Friction,MODEL_APPLIED_FROM_CALIBRATED_FRAMEWORK,0.55
APP-00472,BM-029,Uncertainty / Ambiguity Aversion,MODEL_APPLIED_FROM_CALIBRATED_FRAMEWORK,0.4
APP-00475,BM-001,Status Quo Bias,MODEL_APPLIED_FROM_CALIBRATED_FRAMEWORK,0.4
APP-00476,BM-005,Choice Overload,MODEL_APPLIED_FROM_CALIBRATED_FRAMEWORK,0.4
APP-00476,BM-029,Uncertainty / Ambiguity Aversion,MODEL_APPLIED_FROM_CALIBRATED_FRAMEWORK,0.4
APP-00466,BM-029,Uncertainty / Ambiguity Aversion,MODEL_APPLIED_FROM_CALIBRATED_FRAMEWORK,0.4
APP-00466,BM-023,Goal Gradient,MODEL_APPLIED_FROM_CALIBRATED_FRAMEWORK,0.4
APP-00466,BM-001,Status Quo Bias,MODEL_APPLIED_FROM_CALIBRATED_FRAMEWORK,0.4
APP-00468,BM-002,Loss Aversion,MODEL_APPLIED_FROM_CALIBRATED_FRAMEWORK,0.4
APP-00464,BM-006,Friction,MODEL_APPLIED_FROM_CALIBRATED_FRAMEWORK,0.4
APP-00465,BM-014,Confirmation Bias,MODEL_APPLIED_FROM_CALIBRATED_FRAMEWORK,0.4
APP-00464,BM-011,Reciprocity,MODEL_APPLIED_FROM_CALIBRATED_FRAMEWORK,0.4
APP-00490,BM-005,Choice Overload,MODEL_APPLIED_FROM_CALIBRATED_FRAMEWORK,0.4
APP-00491,BM-006,Friction,MODEL_APPLIED_FROM_CALIBRATED_FRAMEWORK,0.4
APP-00489,BM-001,Status Quo Bias,MODEL_APPLIED_FROM_CALIBRATED_FRAMEWORK,0.55
APP-00489,BM-014,Confirmation Bias,MODEL_APPLIED_FROM_CALIBRATED_FRAMEWORK,0.4
APP-00481,BM-029,Uncertainty / Ambiguity Aversion,MODEL_APPLIED_FROM_CALIBRATED_FRAMEWORK,0.4
APP-00484,BM-023,Goal Gradient,MODEL_APPLIED_FROM_CALIBRATED_FRAMEWORK,0.4
APP-00485,BM-029,Uncertainty / Ambiguity Aversion,MODEL_APPLIED_FROM_CALIBRATED_FRAMEWORK,0.4
APP-00479,BM-023,Goal Gradient,MODEL_APPLIED_FROM_CALIBRATED_FRAMEWORK,0.4
APP-00479,BM-002,Loss Aversion,MODEL_APPLIED_FROM_CALIBRATED_FRAMEWORK,0.4
APP-00094,BM-006,Friction,MODEL_APPLIED_FROM_CALIBRATED_FRAMEWORK,0.55
APP-00094,BM-002,Loss Aversion,MODEL_APPLIED_FROM_CALIBRATED_FRAMEWORK,0.4
APP-00089,BM-001,Status Quo Bias,MODEL_APPLIED_FROM_CALIBRATED_FRAMEWORK,0.4
APP-00090,BM-005,Choice Overload,MODEL_APPLIED_FROM_CALIBRATED_FRAMEWORK,0.4
APP-00090,BM-029,Uncertainty / Ambiguity Aversion,MODEL_APPLIED_FROM_CALIBRATED_FRAMEWORK,0.4
APP-00087,BM-006,Friction,MODEL_APPLIED_FROM_CALIBRATED_FRAMEWORK,0.55
APP-00088,BM-020,Commitment / Consistency,MODEL_APPLIED_FROM_CALIBRATED_FRAMEWORK,0.4
APP-00089,BM-029,Uncertainty / Ambiguity Aversion,MODEL_APPLIED_FROM_CALIBRATED_FRAMEWORK,0.4
APP-00084,BM-023,Goal Gradient,MODEL_APPLIED_FROM_CALIBRATED_FRAMEWORK,0.4
APP-00084,BM-001,Status Quo Bias,MODEL_APPLIED_FROM_CALIBRATED_FRAMEWORK,0.4
APP-00084,BM-029,Uncertainty / Ambiguity Aversion,MODEL_APPLIED_FROM_CALIBRATED_FRAMEWORK,0.4
APP-00498,BM-029,Uncertainty / Ambiguity Aversion,MODEL_APPLIED_FROM_CALIBRATED_FRAMEWORK,0.4
APP-00498,BM-002,Loss Aversion,MODEL_APPLIED_FROM_CALIBRATED_FRAMEWORK,0.4
APP-00501,BM-023,Goal Gradient,MODEL_APPLIED_FROM_CALIBRATED_FRAMEWORK,0.4
APP-00502,BM-020,Commitment / Consistency,MODEL_APPLIED_FROM_CALIBRATED_FRAMEWORK,0.4
APP-00496,BM-011,Reciprocity,MODEL_APPLIED_FROM_CALIBRATED_FRAMEWORK,0.4
APP-00497,BM-006,Friction,MODEL_APPLIED_FROM_CALIBRATED_FRAMEWORK,0.4
APP-00497,BM-020,Commitment / Consistency,MODEL_APPLIED_FROM_CALIBRATED_FRAMEWORK,0.4
APP-00494,BM-006,Friction,MODEL_APPLIED_FROM_CALIBRATED_FRAMEWORK,0.4
APP-00495,BM-023,Goal Gradient,MODEL_APPLIED_FROM_CALIBRATED_FRAMEWORK,0.4
APP-00496,BM-006,Friction,MODEL_APPLIED_FROM_CALIBRATED_FRAMEWORK,0.55
APP-00492,BM-006,Friction,MODEL_APPLIED_FROM_CALIBRATED_FRAMEWORK,0.4
APP-00512,BM-029,Uncertainty / Ambiguity Aversion,MODEL_APPLIED_FROM_CALIBRATED_FRAMEWORK,0.4
APP-00512,BM-002,Loss Aversion,MODEL_APPLIED_FROM_CALIBRATED_FRAMEWORK,0.4
APP-00514,BM-029,Uncertainty / Ambiguity Aversion,MODEL_APPLIED_FROM_CALIBRATED_FRAMEWORK,0.4
APP-00507,BM-011,Reciprocity,MODEL_APPLIED_FROM_CALIBRATED_FRAMEWORK,0.4
APP-00508,BM-020,Commitment / Consistency,MODEL_APPLIED_FROM_CALIBRATED_FRAMEWORK,0.4
APP-00510,BM-011,Reciprocity,MODEL_APPLIED_FROM_CALIBRATED_FRAMEWORK,0.4
APP-00511,BM-020,Commitment / Consistency,MODEL_APPLIED_FROM_CALIBRATED_FRAMEWORK,0.4
APP-00503,BM-029,Uncertainty / Ambiguity Aversion,MODEL_APPLIED_FROM_CALIBRATED_FRAMEWORK,0.4
APP-00503,BM-001,Status Quo Bias,MODEL_APPLIED_FROM_CALIBRATED_FRAMEWORK,0.4
APP-00504,BM-011,Reciprocity,MODEL_APPLIED_FROM_CALIBRATED_FRAMEWORK,0.4
APP-00502,BM-018,Identity Signaling,MODEL_APPLIED_FROM_CALIBRATED_FRAMEWORK,0.4
APP-00529,BM-001,Status Quo Bias,MODEL_APPLIED_FROM_CALIBRATED_FRAMEWORK,0.4
APP-00529,BM-029,Uncertainty / Ambiguity Aversion,MODEL_APPLIED_FROM_CALIBRATED_FRAMEWORK,0.4
APP-00520,BM-005,Choice Overload,MODEL_APPLIED_FROM_CALIBRATED_FRAMEWORK,0.4
APP-00521,BM-011,Reciprocity,MODEL_APPLIED_FROM_CALIBRATED_FRAMEWORK,0.4
APP-00521,BM-018,Identity Signaling,MODEL_APPLIED_FROM_CALIBRATED_FRAMEWORK,0.4
APP-00522,BM-006,Friction,MODEL_APPLIED_FROM_CALIBRATED_FRAMEWORK,0.4
APP-00523,BM-002,Loss Aversion,MODEL_APPLIED_FROM_CALIBRATED_FRAMEWORK,0.4
APP-00520,BM-029,Uncertainty / Ambiguity Aversion,MODEL_APPLIED_FROM_CALIBRATED_FRAMEWORK,0.4
APP-00516,BM-001,Status Quo Bias,MODEL_APPLIED_FROM_CALIBRATED_FRAMEWORK,0.4
APP-00516,BM-029,Uncertainty / Ambiguity Aversion,MODEL_APPLIED_FROM_CALIBRATED_FRAMEWORK,0.4
APP-00517,BM-011,Reciprocity,MODEL_APPLIED_FROM_CALIBRATED_FRAMEWORK,0.4
APP-00540,BM-011,Reciprocity,MODEL_APPLIED_FROM_CALIBRATED_FRAMEWORK,0.4
APP-00543,BM-011,Reciprocity,MODEL_APPLIED_FROM_CALIBRATED_FRAMEWORK,0.4
APP-00543,BM-023,Goal Gradient,MODEL_APPLIED_FROM_CALIBRATED_FRAMEWORK,0.4
APP-00537,BM-006,Friction,MODEL_APPLIED_FROM_CALIBRATED_FRAMEWORK,0.55
APP-00537,BM-011,Reciprocity,MODEL_APPLIED_FROM_CALIBRATED_FRAMEWORK,0.4
APP-00539,BM-006,Friction,MODEL_APPLIED_FROM_CALIBRATED_FRAMEWORK,0.55
APP-00530,BM-002,Loss Aversion,MODEL_APPLIED_FROM_CALIBRATED_FRAMEWORK,0.4
APP-00531,BM-020,Commitment / Consistency,MODEL_APPLIED_FROM_CALIBRATED_FRAMEWORK,0.4
APP-00532,BM-029,Uncertainty / Ambiguity Aversion,MODEL_APPLIED_FROM_CALIBRATED_FRAMEWORK,0.4
APP-00534,BM-029,Uncertainty / Ambiguity Aversion,MODEL_APPLIED_FROM_CALIBRATED_FRAMEWORK,0.4
APP-00552,BM-011,Reciprocity,MODEL_APPLIED_FROM_CALIBRATED_FRAMEWORK,0.4
APP-00554,BM-006,Friction,MODEL_APPLIED_FROM_CALIBRATED_FRAMEWORK,0.4
APP-00554,BM-020,Commitment / Consistency,MODEL_APPLIED_FROM_CALIBRATED_FRAMEWORK,0.4
APP-00555,BM-029,Uncertainty / Ambiguity Aversion,MODEL_APPLIED_FROM_CALIBRATED_FRAMEWORK,0.4
APP-00556,BM-006,Friction,MODEL_APPLIED_FROM_CALIBRATED_FRAMEWORK,0.4
APP-00556,BM-023,Goal Gradient,MODEL_APPLIED_FROM_CALIBRATED_FRAMEWORK,0.4
APP-00551,BM-001,Status Quo Bias,MODEL_APPLIED_FROM_CALIBRATED_FRAMEWORK,0.4
APP-00551,BM-029,Uncertainty / Ambiguity Aversion,MODEL_APPLIED_FROM_CALIBRATED_FRAMEWORK,0.4
APP-00547,BM-023,Goal Gradient,MODEL_APPLIED_FROM_CALIBRATED_FRAMEWORK,0.4
APP-00547,BM-002,Loss Aversion,MODEL_APPLIED_FROM_CALIBRATED_FRAMEWORK,0.4
APP-00548,BM-023,Goal Gradient,MODEL_APPLIED_FROM_CALIBRATED_FRAMEWORK,0.4
APP-00550,BM-023,Goal Gradient,MODEL_APPLIED_FROM_CALIBRATED_FRAMEWORK,0.4
APP-00544,BM-006,Friction,MODEL_APPLIED_FROM_CALIBRATED_FRAMEWORK,0.55
APP-00544,BM-029,Uncertainty / Ambiguity Aversion,MODEL_APPLIED_FROM_CALIBRATED_FRAMEWORK,0.4
APP-00565,BM-011,Reciprocity,MODEL_APPLIED_FROM_CALIBRATED_FRAMEWORK,0.4
APP-00565,BM-023,Goal Gradient,MODEL_APPLIED_FROM_CALIBRATED_FRAMEWORK,0.4
APP-00568,BM-011,Reciprocity,MODEL_APPLIED_FROM_CALIBRATED_FRAMEWORK,0.4
APP-00569,BM-011,Reciprocity,MODEL_APPLIED_FROM_CALIBRATED_FRAMEWORK,0.4
APP-00563,BM-029,Uncertainty / Ambiguity Aversion,MODEL_APPLIED_FROM_CALIBRATED_FRAMEWORK,0.4
APP-00559,BM-006,Friction,MODEL_APPLIED_FROM_CALIBRATED_FRAMEWORK,0.55
APP-00578,BM-029,Uncertainty / Ambiguity Aversion,MODEL_APPLIED_FROM_CALIBRATED_FRAMEWORK,0.4
APP-00580,BM-011,Reciprocity,MODEL_APPLIED_FROM_CALIBRATED_FRAMEWORK,0.4
APP-00577,BM-011,Reciprocity,MODEL_APPLIED_FROM_CALIBRATED_FRAMEWORK,0.4
APP-00575,BM-023,Goal Gradient,MODEL_APPLIED_FROM_CALIBRATED_FRAMEWORK,0.4
APP-00576,BM-018,Identity Signaling,MODEL_APPLIED_FROM_CALIBRATED_FRAMEWORK,0.4
APP-00576,BM-020,Commitment / Consistency,MODEL_APPLIED_FROM_CALIBRATED_FRAMEWORK,0.4
APP-00569,BM-018,Identity Signaling,MODEL_APPLIED_FROM_CALIBRATED_FRAMEWORK,0.4
APP-00570,BM-023,Goal Gradient,MODEL_APPLIED_FROM_CALIBRATED_FRAMEWORK,0.4
APP-00571,BM-005,Choice Overload,MODEL_APPLIED_FROM_CALIBRATED_FRAMEWORK,0.4
APP-00571,BM-029,Uncertainty / Ambiguity Aversion,MODEL_APPLIED_FROM_CALIBRATED_FRAMEWORK,0.4
APP-00587,BM-001,Status Quo Bias,MODEL_APPLIED_FROM_CALIBRATED_FRAMEWORK,0.55
APP-00587,BM-014,Confirmation Bias,MODEL_APPLIED_FROM_CALIBRATED_FRAMEWORK,0.4
APP-00589,BM-006,Friction,MODEL_APPLIED_FROM_CALIBRATED_FRAMEWORK,0.4
APP-00589,BM-023,Goal Gradient,MODEL_APPLIED_FROM_CALIBRATED_FRAMEWORK,0.4
APP-00585,BM-006,Friction,MODEL_APPLIED_FROM_CALIBRATED_FRAMEWORK,0.55
APP-00585,BM-002,Loss Aversion,MODEL_APPLIED_FROM_CALIBRATED_FRAMEWORK,0.4
APP-00586,BM-029,Uncertainty / Ambiguity Aversion,MODEL_APPLIED_FROM_CALIBRATED_FRAMEWORK,0.4
APP-00584,BM-023,Goal Gradient,MODEL_APPLIED_FROM_CALIBRATED_FRAMEWORK,0.4
APP-00584,BM-006,Friction,MODEL_APPLIED_FROM_CALIBRATED_FRAMEWORK,0.4
APP-00582,BM-014,Confirmation Bias,MODEL_APPLIED_FROM_CALIBRATED_FRAMEWORK,0.4
APP-00598,BM-023,Goal Gradient,MODEL_APPLIED_FROM_CALIBRATED_FRAMEWORK,0.4
APP-00598,BM-002,Loss Aversion,MODEL_APPLIED_FROM_CALIBRATED_FRAMEWORK,0.4
APP-00599,BM-005,Choice Overload,MODEL_APPLIED_FROM_CALIBRATED_FRAMEWORK,0.4
APP-00599,BM-020,Commitment / Consistency,MODEL_APPLIED_FROM_CALIBRATED_FRAMEWORK,0.4
APP-00600,BM-001,Status Quo Bias,MODEL_APPLIED_FROM_CALIBRATED_FRAMEWORK,0.4
APP-00595,BM-014,Confirmation Bias,MODEL_APPLIED_FROM_CALIBRATED_FRAMEWORK,0.4
APP-00595,BM-001,Status Quo Bias,MODEL_APPLIED_FROM_CALIBRATED_FRAMEWORK,0.55
APP-00596,BM-005,Choice Overload,MODEL_APPLIED_FROM_CALIBRATED_FRAMEWORK,0.4
APP-00596,BM-029,Uncertainty / Ambiguity Aversion,MODEL_APPLIED_FROM_CALIBRATED_FRAMEWORK,0.4
APP-00591,BM-001,Status Quo Bias,MODEL_APPLIED_FROM_CALIBRATED_FRAMEWORK,0.4
APP-00591,BM-029,Uncertainty / Ambiguity Aversion,MODEL_APPLIED_FROM_CALIBRATED_FRAMEWORK,0.4
APP-00590,BM-006,Friction,MODEL_APPLIED_FROM_CALIBRATED_FRAMEWORK,0.4
APP-00609,BM-006,Friction,MODEL_APPLIED_FROM_CALIBRATED_FRAMEWORK,0.4
APP-00604,BM-001,Status Quo Bias,MODEL_APPLIED_FROM_CALIBRATED_FRAMEWORK,0.55
APP-00604,BM-014,Confirmation Bias,MODEL_APPLIED_FROM_CALIBRATED_FRAMEWORK,0.4
APP-00609,BM-011,Reciprocity,MODEL_APPLIED_FROM_CALIBRATED_FRAMEWORK,0.4
APP-00602,BM-020,Commitment / Consistency,MODEL_APPLIED_FROM_CALIBRATED_FRAMEWORK,0.4
APP-00603,BM-023,Goal Gradient,MODEL_APPLIED_FROM_CALIBRATED_FRAMEWORK,0.4
APP-00601,BM-006,Friction,MODEL_APPLIED_FROM_CALIBRATED_FRAMEWORK,0.4
APP-00602,BM-011,Reciprocity,MODEL_APPLIED_FROM_CALIBRATED_FRAMEWORK,0.4
APP-00602,BM-018,Identity Signaling,MODEL_APPLIED_FROM_CALIBRATED_FRAMEWORK,0.4
APP-00626,BM-014,Confirmation Bias,MODEL_APPLIED_FROM_CALIBRATED_FRAMEWORK,0.4
APP-00632,BM-023,Goal Gradient,MODEL_APPLIED_FROM_CALIBRATED_FRAMEWORK,0.4
APP-00632,BM-001,Status Quo Bias,MODEL_APPLIED_FROM_CALIBRATED_FRAMEWORK,0.4
APP-00633,BM-006,Friction,MODEL_APPLIED_FROM_CALIBRATED_FRAMEWORK,0.4
APP-00635,BM-006,Friction,MODEL_APPLIED_FROM_CALIBRATED_FRAMEWORK,0.55
APP-00618,BM-011,Reciprocity,MODEL_APPLIED_FROM_CALIBRATED_FRAMEWORK,0.4
APP-00621,BM-029,Uncertainty / Ambiguity Aversion,MODEL_APPLIED_FROM_CALIBRATED_FRAMEWORK,0.4
APP-00621,BM-002,Loss Aversion,MODEL_APPLIED_FROM_CALIBRATED_FRAMEWORK,0.4
APP-00614,BM-001,Status Quo Bias,MODEL_APPLIED_FROM_CALIBRATED_FRAMEWORK,0.55
APP-00614,BM-014,Confirmation Bias,MODEL_APPLIED_FROM_CALIBRATED_FRAMEWORK,0.4
APP-00615,BM-011,Reciprocity,MODEL_APPLIED_FROM_CALIBRATED_FRAMEWORK,0.4
APP-00615,BM-018,Identity Signaling,MODEL_APPLIED_FROM_CALIBRATED_FRAMEWORK,0.4
APP-00646,BM-011,Reciprocity,MODEL_APPLIED_FROM_CALIBRATED_FRAMEWORK,0.4
APP-00648,BM-006,Friction,MODEL_APPLIED_FROM_CALIBRATED_FRAMEWORK,0.55
APP-00648,BM-029,Uncertainty / Ambiguity Aversion,MODEL_APPLIED_FROM_CALIBRATED_FRAMEWORK,0.4
APP-00650,BM-001,Status Quo Bias,MODEL_APPLIED_FROM_CALIBRATED_FRAMEWORK,0.4
APP-00645,BM-014,Confirmation Bias,MODEL_APPLIED_FROM_CALIBRATED_FRAMEWORK,0.4
APP-00641,BM-006,Friction,MODEL_APPLIED_FROM_CALIBRATED_FRAMEWORK,0.4
APP-00643,BM-006,Friction,MODEL_APPLIED_FROM_CALIBRATED_FRAMEWORK,0.4
APP-00643,BM-020,Commitment / Consistency,MODEL_APPLIED_FROM_CALIBRATED_FRAMEWORK,0.4
APP-00639,BM-011,Reciprocity,MODEL_APPLIED_FROM_CALIBRATED_FRAMEWORK,0.4
APP-00639,BM-023,Goal Gradient,MODEL_APPLIED_FROM_CALIBRATED_FRAMEWORK,0.4
APP-00658,BM-014,Confirmation Bias,MODEL_APPLIED_FROM_CALIBRATED_FRAMEWORK,0.4
APP-00658,BM-001,Status Quo Bias,MODEL_APPLIED_FROM_CALIBRATED_FRAMEWORK,0.55
APP-00655,BM-001,Status Quo Bias,MODEL_APPLIED_FROM_CALIBRATED_FRAMEWORK,0.4
APP-00655,BM-029,Uncertainty / Ambiguity Aversion,MODEL_APPLIED_FROM_CALIBRATED_FRAMEWORK,0.4
APP-00656,BM-006,Friction,MODEL_APPLIED_FROM_CALIBRATED_FRAMEWORK,0.4
APP-00652,BM-001,Status Quo Bias,MODEL_APPLIED_FROM_CALIBRATED_FRAMEWORK,0.55
APP-00652,BM-014,Confirmation Bias,MODEL_APPLIED_FROM_CALIBRATED_FRAMEWORK,0.4
APP-00653,BM-006,Friction,MODEL_APPLIED_FROM_CALIBRATED_FRAMEWORK,0.4
APP-00651,BM-020,Commitment / Consistency,MODEL_APPLIED_FROM_CALIBRATED_FRAMEWORK,0.4
APP-00651,BM-006,Friction,MODEL_APPLIED_FROM_CALIBRATED_FRAMEWORK,0.4
APP-00663,BM-018,Identity Signaling,MODEL_APPLIED_FROM_CALIBRATED_FRAMEWORK,0.4
APP-00664,BM-001,Status Quo Bias,MODEL_APPLIED_FROM_CALIBRATED_FRAMEWORK,0.4
APP-00665,BM-029,Uncertainty / Ambiguity Aversion,MODEL_APPLIED_FROM_CALIBRATED_FRAMEWORK,0.4
APP-00665,BM-001,Status Quo Bias,MODEL_APPLIED_FROM_CALIBRATED_FRAMEWORK,0.4
APP-00661,BM-001,Status Quo Bias,MODEL_APPLIED_FROM_CALIBRATED_FRAMEWORK,0.4
APP-00661,BM-029,Uncertainty / Ambiguity Aversion,MODEL_APPLIED_FROM_CALIBRATED_FRAMEWORK,0.4
APP-00663,BM-020,Commitment / Consistency,MODEL_APPLIED_FROM_CALIBRATED_FRAMEWORK,0.4
APP-00658,BM-002,Loss Aversion,MODEL_APPLIED_FROM_CALIBRATED_FRAMEWORK,0.4
APP-00659,BM-001,Status Quo Bias,MODEL_APPLIED_FROM_CALIBRATED_FRAMEWORK,0.4
APP-00688,BM-014,Confirmation Bias,MODEL_APPLIED_FROM_CALIBRATED_FRAMEWORK,0.4
APP-00688,BM-001,Status Quo Bias,MODEL_APPLIED_FROM_CALIBRATED_FRAMEWORK,0.55
APP-00692,BM-020,Commitment / Consistency,MODEL_APPLIED_FROM_CALIBRATED_FRAMEWORK,0.4
APP-00693,BM-001,Status Quo Bias,MODEL_APPLIED_FROM_CALIBRATED_FRAMEWORK,0.4
APP-00693,BM-029,Uncertainty / Ambiguity Aversion,MODEL_APPLIED_FROM_CALIBRATED_FRAMEWORK,0.4
APP-00682,BM-029,Uncertainty / Ambiguity Aversion,MODEL_APPLIED_FROM_CALIBRATED_FRAMEWORK,0.4
APP-00672,BM-020,Commitment / Consistency,MODEL_APPLIED_FROM_CALIBRATED_FRAMEWORK,0.4
APP-00672,BM-006,Friction,MODEL_APPLIED_FROM_CALIBRATED_FRAMEWORK,0.4
APP-00674,BM-001,Status Quo Bias,MODEL_APPLIED_FROM_CALIBRATED_FRAMEWORK,0.4
APP-00681,BM-011,Reciprocity,MODEL_APPLIED_FROM_CALIBRATED_FRAMEWORK,0.4
APP-00668,BM-020,Commitment / Consistency,MODEL_APPLIED_FROM_CALIBRATED_FRAMEWORK,0.4
APP-00668,BM-006,Friction,MODEL_APPLIED_FROM_CALIBRATED_FRAMEWORK,0.4
APP-00669,BM-006,Friction,MODEL_APPLIED_FROM_CALIBRATED_FRAMEWORK,0.4
APP-00698,BM-011,Reciprocity,MODEL_APPLIED_FROM_CALIBRATED_FRAMEWORK,0.4
APP-00699,BM-006,Friction,MODEL_APPLIED_FROM_CALIBRATED_FRAMEWORK,0.55
APP-00696,BM-029,Uncertainty / Ambiguity Aversion,MODEL_APPLIED_FROM_CALIBRATED_FRAMEWORK,0.4
APP-00696,BM-002,Loss Aversion,MODEL_APPLIED_FROM_CALIBRATED_FRAMEWORK,0.4
APP-00694,BM-020,Commitment / Consistency,MODEL_APPLIED_FROM_CALIBRATED_FRAMEWORK,0.4
APP-00694,BM-018,Identity Signaling,MODEL_APPLIED_FROM_CALIBRATED_FRAMEWORK,0.4
APP-00708,BM-006,Friction,MODEL_APPLIED_FROM_CALIBRATED_FRAMEWORK,0.4
APP-00708,BM-020,Commitment / Consistency,MODEL_APPLIED_FROM_CALIBRATED_FRAMEWORK,0.4
APP-00709,BM-023,Goal Gradient,MODEL_APPLIED_FROM_CALIBRATED_FRAMEWORK,0.4
APP-00709,BM-001,Status Quo Bias,MODEL_APPLIED_FROM_CALIBRATED_FRAMEWORK,0.4
APP-00702,BM-023,Goal Gradient,MODEL_APPLIED_FROM_CALIBRATED_FRAMEWORK,0.4
APP-00717,BM-023,Goal Gradient,MODEL_APPLIED_FROM_CALIBRATED_FRAMEWORK,0.4
APP-00718,BM-023,Goal Gradient,MODEL_APPLIED_FROM_CALIBRATED_FRAMEWORK,0.4
APP-00721,BM-001,Status Quo Bias,MODEL_APPLIED_FROM_CALIBRATED_FRAMEWORK,0.55
APP-00721,BM-014,Confirmation Bias,MODEL_APPLIED_FROM_CALIBRATED_FRAMEWORK,0.4
APP-00716,BM-023,Goal Gradient,MODEL_APPLIED_FROM_CALIBRATED_FRAMEWORK,0.4
APP-00717,BM-001,Status Quo Bias,MODEL_APPLIED_FROM_CALIBRATED_FRAMEWORK,0.4
APP-00712,BM-023,Goal Gradient,MODEL_APPLIED_FROM_CALIBRATED_FRAMEWORK,0.4
APP-00713,BM-011,Reciprocity,MODEL_APPLIED_FROM_CALIBRATED_FRAMEWORK,0.4
APP-00713,BM-018,Identity Signaling,MODEL_APPLIED_FROM_CALIBRATED_FRAMEWORK,0.4
APP-00714,BM-002,Loss Aversion,MODEL_APPLIED_FROM_CALIBRATED_FRAMEWORK,0.4
APP-00709,BM-029,Uncertainty / Ambiguity Aversion,MODEL_APPLIED_FROM_CALIBRATED_FRAMEWORK,0.4
APP-00733,BM-014,Confirmation Bias,MODEL_APPLIED_FROM_CALIBRATED_FRAMEWORK,0.4
APP-00737,BM-001,Status Quo Bias,MODEL_APPLIED_FROM_CALIBRATED_FRAMEWORK,0.4
APP-00733,BM-001,Status Quo Bias,MODEL_APPLIED_FROM_CALIBRATED_FRAMEWORK,0.55
APP-00723,BM-002,Loss Aversion,MODEL_APPLIED_FROM_CALIBRATED_FRAMEWORK,0.4
APP-00727,BM-005,Choice Overload,MODEL_APPLIED_FROM_CALIBRATED_FRAMEWORK,0.4
APP-00730,BM-029,Uncertainty / Ambiguity Aversion,MODEL_APPLIED_FROM_CALIBRATED_FRAMEWORK,0.4
APP-00731,BM-020,Commitment / Consistency,MODEL_APPLIED_FROM_CALIBRATED_FRAMEWORK,0.4
APP-00722,BM-011,Reciprocity,MODEL_APPLIED_FROM_CALIBRATED_FRAMEWORK,0.4
APP-00723,BM-029,Uncertainty / Ambiguity Aversion,MODEL_APPLIED_FROM_CALIBRATED_FRAMEWORK,0.4
APP-00741,BM-006,Friction,MODEL_APPLIED_FROM_CALIBRATED_FRAMEWORK,0.55
APP-00743,BM-020,Commitment / Consistency,MODEL_APPLIED_FROM_CALIBRATED_FRAMEWORK,0.4
APP-00751,BM-001,Status Quo Bias,MODEL_APPLIED_FROM_CALIBRATED_FRAMEWORK,0.4
APP-00751,BM-029,Uncertainty / Ambiguity Aversion,MODEL_APPLIED_FROM_CALIBRATED_FRAMEWORK,0.4
APP-00741,BM-029,Uncertainty / Ambiguity Aversion,MODEL_APPLIED_FROM_CALIBRATED_FRAMEWORK,0.4
APP-00738,BM-001,Status Quo Bias,MODEL_APPLIED_FROM_CALIBRATED_FRAMEWORK,0.4
APP-00740,BM-011,Reciprocity,MODEL_APPLIED_FROM_CALIBRATED_FRAMEWORK,0.4
APP-00740,BM-018,Identity Signaling,MODEL_APPLIED_FROM_CALIBRATED_FRAMEWORK,0.4
APP-00737,BM-029,Uncertainty / Ambiguity Aversion,MODEL_APPLIED_FROM_CALIBRATED_FRAMEWORK,0.4
APP-00738,BM-029,Uncertainty / Ambiguity Aversion,MODEL_APPLIED_FROM_CALIBRATED_FRAMEWORK,0.4
APP-00760,BM-029,Uncertainty / Ambiguity Aversion,MODEL_APPLIED_FROM_CALIBRATED_FRAMEWORK,0.4
APP-00761,BM-023,Goal Gradient,MODEL_APPLIED_FROM_CALIBRATED_FRAMEWORK,0.4
APP-00762,BM-029,Uncertainty / Ambiguity Aversion,MODEL_APPLIED_FROM_CALIBRATED_FRAMEWORK,0.4
APP-00759,BM-023,Goal Gradient,MODEL_APPLIED_FROM_CALIBRATED_FRAMEWORK,0.4
APP-00757,BM-006,Friction,MODEL_APPLIED_FROM_CALIBRATED_FRAMEWORK,0.4
APP-00757,BM-023,Goal Gradient,MODEL_APPLIED_FROM_CALIBRATED_FRAMEWORK,0.4
APP-00770,BM-001,Status Quo Bias,MODEL_APPLIED_FROM_CALIBRATED_FRAMEWORK,0.55
APP-00770,BM-014,Confirmation Bias,MODEL_APPLIED_FROM_CALIBRATED_FRAMEWORK,0.4
APP-00769,BM-001,Status Quo Bias,MODEL_APPLIED_FROM_CALIBRATED_FRAMEWORK,0.4
APP-00769,BM-029,Uncertainty / Ambiguity Aversion,MODEL_APPLIED_FROM_CALIBRATED_FRAMEWORK,0.4
APP-00763,BM-006,Friction,MODEL_APPLIED_FROM_CALIBRATED_FRAMEWORK,0.55
APP-00764,BM-011,Reciprocity,MODEL_APPLIED_FROM_CALIBRATED_FRAMEWORK,0.4
APP-00767,BM-001,Status Quo Bias,MODEL_APPLIED_FROM_CALIBRATED_FRAMEWORK,0.4
APP-00787,BM-001,Status Quo Bias,MODEL_APPLIED_FROM_CALIBRATED_FRAMEWORK,0.55
APP-00787,BM-014,Confirmation Bias,MODEL_APPLIED_FROM_CALIBRATED_FRAMEWORK,0.4
APP-00780,BM-006,Friction,MODEL_APPLIED_FROM_CALIBRATED_FRAMEWORK,0.4
APP-00780,BM-011,Reciprocity,MODEL_APPLIED_FROM_CALIBRATED_FRAMEWORK,0.4
APP-00784,BM-011,Reciprocity,MODEL_APPLIED_FROM_CALIBRATED_FRAMEWORK,0.4
APP-00776,BM-020,Commitment / Consistency,MODEL_APPLIED_FROM_CALIBRATED_FRAMEWORK,0.4
APP-00779,BM-006,Friction,MODEL_APPLIED_FROM_CALIBRATED_FRAMEWORK,0.55
APP-00770,BM-002,Loss Aversion,MODEL_APPLIED_FROM_CALIBRATED_FRAMEWORK,0.4
APP-00776,BM-005,Choice Overload,MODEL_APPLIED_FROM_CALIBRATED_FRAMEWORK,0.4
APP-00798,BM-029,Uncertainty / Ambiguity Aversion,MODEL_APPLIED_FROM_CALIBRATED_FRAMEWORK,0.4
APP-00798,BM-002,Loss Aversion,MODEL_APPLIED_FROM_CALIBRATED_FRAMEWORK,0.4
APP-00796,BM-001,Status Quo Bias,MODEL_APPLIED_FROM_CALIBRATED_FRAMEWORK,0.55
APP-00796,BM-014,Confirmation Bias,MODEL_APPLIED_FROM_CALIBRATED_FRAMEWORK,0.4
APP-00789,BM-001,Status Quo Bias,MODEL_APPLIED_FROM_CALIBRATED_FRAMEWORK,0.55
APP-00789,BM-014,Confirmation Bias,MODEL_APPLIED_FROM_CALIBRATED_FRAMEWORK,0.4
APP-00794,BM-002,Loss Aversion,MODEL_APPLIED_FROM_CALIBRATED_FRAMEWORK,0.4
APP-00807,BM-018,Identity Signaling,MODEL_APPLIED_FROM_CALIBRATED_FRAMEWORK,0.4
APP-00810,BM-006,Friction,MODEL_APPLIED_FROM_CALIBRATED_FRAMEWORK,0.4
APP-00810,BM-020,Commitment / Consistency,MODEL_APPLIED_FROM_CALIBRATED_FRAMEWORK,0.4
APP-00812,BM-023,Goal Gradient,MODEL_APPLIED_FROM_CALIBRATED_FRAMEWORK,0.4
APP-00814,BM-020,Commitment / Consistency,MODEL_APPLIED_FROM_CALIBRATED_FRAMEWORK,0.4
APP-00816,BM-006,Friction,MODEL_APPLIED_FROM_CALIBRATED_FRAMEWORK,0.55
APP-00804,BM-006,Friction,MODEL_APPLIED_FROM_CALIBRATED_FRAMEWORK,0.4
APP-00804,BM-020,Commitment / Consistency,MODEL_APPLIED_FROM_CALIBRATED_FRAMEWORK,0.4
APP-00805,BM-023,Goal Gradient,MODEL_APPLIED_FROM_CALIBRATED_FRAMEWORK,0.4
APP-00807,BM-020,Commitment / Consistency,MODEL_APPLIED_FROM_CALIBRATED_FRAMEWORK,0.4
APP-00803,BM-018,Identity Signaling,MODEL_APPLIED_FROM_CALIBRATED_FRAMEWORK,0.4
APP-00803,BM-020,Commitment / Consistency,MODEL_APPLIED_FROM_CALIBRATED_FRAMEWORK,0.4
APP-00799,BM-020,Commitment / Consistency,MODEL_APPLIED_FROM_CALIBRATED_FRAMEWORK,0.4
APP-00799,BM-011,Reciprocity,MODEL_APPLIED_FROM_CALIBRATED_FRAMEWORK,0.4
APP-00799,BM-018,Identity Signaling,MODEL_APPLIED_FROM_CALIBRATED_FRAMEWORK,0.4
APP-00802,BM-011,Reciprocity,MODEL_APPLIED_FROM_CALIBRATED_FRAMEWORK,0.4
APP-00829,BM-006,Friction,MODEL_APPLIED_FROM_CALIBRATED_FRAMEWORK,0.55
APP-00832,BM-014,Confirmation Bias,MODEL_APPLIED_FROM_CALIBRATED_FRAMEWORK,0.4
APP-00826,BM-023,Goal Gradient,MODEL_APPLIED_FROM_CALIBRATED_FRAMEWORK,0.4
APP-00818,BM-029,Uncertainty / Ambiguity Aversion,MODEL_APPLIED_FROM_CALIBRATED_FRAMEWORK,0.4
APP-00825,BM-018,Identity Signaling,MODEL_APPLIED_FROM_CALIBRATED_FRAMEWORK,0.4
APP-00826,BM-006,Friction,MODEL_APPLIED_FROM_CALIBRATED_FRAMEWORK,0.4
APP-00839,BM-020,Commitment / Consistency,MODEL_APPLIED_FROM_CALIBRATED_FRAMEWORK,0.4
APP-00839,BM-018,Identity Signaling,MODEL_APPLIED_FROM_CALIBRATED_FRAMEWORK,0.4
APP-00840,BM-029,Uncertainty / Ambiguity Aversion,MODEL_APPLIED_FROM_CALIBRATED_FRAMEWORK,0.4
APP-00840,BM-023,Goal Gradient,MODEL_APPLIED_FROM_CALIBRATED_FRAMEWORK,0.4
APP-00840,BM-001,Status Quo Bias,MODEL_APPLIED_FROM_CALIBRATED_FRAMEWORK,0.4
APP-00841,BM-023,Goal Gradient,MODEL_APPLIED_FROM_CALIBRATED_FRAMEWORK,0.4
APP-00838,BM-029,Uncertainty / Ambiguity Aversion,MODEL_APPLIED_FROM_CALIBRATED_FRAMEWORK,0.4
APP-00838,BM-002,Loss Aversion,MODEL_APPLIED_FROM_CALIBRATED_FRAMEWORK,0.4
APP-00836,BM-011,Reciprocity,MODEL_APPLIED_FROM_CALIBRATED_FRAMEWORK,0.4
APP-00851,BM-001,Status Quo Bias,MODEL_APPLIED_FROM_CALIBRATED_FRAMEWORK,0.55
APP-00851,BM-014,Confirmation Bias,MODEL_APPLIED_FROM_CALIBRATED_FRAMEWORK,0.4
APP-00857,BM-005,Choice Overload,MODEL_APPLIED_FROM_CALIBRATED_FRAMEWORK,0.4
APP-00848,BM-011,Reciprocity,MODEL_APPLIED_FROM_CALIBRATED_FRAMEWORK,0.4
APP-00848,BM-006,Friction,MODEL_APPLIED_FROM_CALIBRATED_FRAMEWORK,0.4
APP-00849,BM-002,Loss Aversion,MODEL_APPLIED_FROM_CALIBRATED_FRAMEWORK,0.4
APP-00847,BM-020,Commitment / Consistency,MODEL_APPLIED_FROM_CALIBRATED_FRAMEWORK,0.4
APP-00841,BM-011,Reciprocity,MODEL_APPLIED_FROM_CALIBRATED_FRAMEWORK,0.4
APP-00842,BM-023,Goal Gradient,MODEL_APPLIED_FROM_CALIBRATED_FRAMEWORK,0.4
APP-00867,BM-006,Friction,MODEL_APPLIED_FROM_CALIBRATED_FRAMEWORK,0.4
APP-00870,BM-006,Friction,MODEL_APPLIED_FROM_CALIBRATED_FRAMEWORK,0.4
APP-00871,BM-023,Goal Gradient,MODEL_APPLIED_FROM_CALIBRATED_FRAMEWORK,0.4
APP-00863,BM-001,Status Quo Bias,MODEL_APPLIED_FROM_CALIBRATED_FRAMEWORK,0.4
APP-00864,BM-002,Loss Aversion,MODEL_APPLIED_FROM_CALIBRATED_FRAMEWORK,0.4
APP-00867,BM-023,Goal Gradient,MODEL_APPLIED_FROM_CALIBRATED_FRAMEWORK,0.4
APP-00859,BM-029,Uncertainty / Ambiguity Aversion,MODEL_APPLIED_FROM_CALIBRATED_FRAMEWORK,0.4
APP-00860,BM-006,Friction,MODEL_APPLIED_FROM_CALIBRATED_FRAMEWORK,0.4
APP-00863,BM-023,Goal Gradient,MODEL_APPLIED_FROM_CALIBRATED_FRAMEWORK,0.4
APP-00857,BM-029,Uncertainty / Ambiguity Aversion,MODEL_APPLIED_FROM_CALIBRATED_FRAMEWORK,0.4
APP-00883,BM-014,Confirmation Bias,MODEL_APPLIED_FROM_CALIBRATED_FRAMEWORK,0.4
APP-00883,BM-001,Status Quo Bias,MODEL_APPLIED_FROM_CALIBRATED_FRAMEWORK,0.55
APP-00882,BM-018,Identity Signaling,MODEL_APPLIED_FROM_CALIBRATED_FRAMEWORK,0.4
APP-00882,BM-020,Commitment / Consistency,MODEL_APPLIED_FROM_CALIBRATED_FRAMEWORK,0.4
APP-00873,BM-018,Identity Signaling,MODEL_APPLIED_FROM_CALIBRATED_FRAMEWORK,0.4
APP-00875,BM-020,Commitment / Consistency,MODEL_APPLIED_FROM_CALIBRATED_FRAMEWORK,0.4
APP-00875,BM-018,Identity Signaling,MODEL_APPLIED_FROM_CALIBRATED_FRAMEWORK,0.4
APP-00879,BM-023,Goal Gradient,MODEL_APPLIED_FROM_CALIBRATED_FRAMEWORK,0.4
APP-00872,BM-029,Uncertainty / Ambiguity Aversion,MODEL_APPLIED_FROM_CALIBRATED_FRAMEWORK,0.4
APP-00873,BM-011,Reciprocity,MODEL_APPLIED_FROM_CALIBRATED_FRAMEWORK,0.4
APP-00873,BM-020,Commitment / Consistency,MODEL_APPLIED_FROM_CALIBRATED_FRAMEWORK,0.4
APP-00889,BM-011,Reciprocity,MODEL_APPLIED_FROM_CALIBRATED_FRAMEWORK,0.4
APP-00890,BM-006,Friction,MODEL_APPLIED_FROM_CALIBRATED_FRAMEWORK,0.55
APP-00890,BM-029,Uncertainty / Ambiguity Aversion,MODEL_APPLIED_FROM_CALIBRATED_FRAMEWORK,0.4
APP-00888,BM-006,Friction,MODEL_APPLIED_FROM_CALIBRATED_FRAMEWORK,0.4
APP-00885,BM-020,Commitment / Consistency,MODEL_APPLIED_FROM_CALIBRATED_FRAMEWORK,0.4
APP-00887,BM-029,Uncertainty / Ambiguity Aversion,MODEL_APPLIED_FROM_CALIBRATED_FRAMEWORK,0.4
APP-00884,BM-029,Uncertainty / Ambiguity Aversion,MODEL_APPLIED_FROM_CALIBRATED_FRAMEWORK,0.4
APP-00885,BM-011,Reciprocity,MODEL_APPLIED_FROM_CALIBRATED_FRAMEWORK,0.4
APP-00885,BM-018,Identity Signaling,MODEL_APPLIED_FROM_CALIBRATED_FRAMEWORK,0.4
APP-00905,BM-006,Friction,MODEL_APPLIED_FROM_CALIBRATED_FRAMEWORK,0.4
APP-00906,BM-014,Confirmation Bias,MODEL_APPLIED_FROM_CALIBRATED_FRAMEWORK,0.4
APP-00901,BM-023,Goal Gradient,MODEL_APPLIED_FROM_CALIBRATED_FRAMEWORK,0.4
APP-00902,BM-002,Loss Aversion,MODEL_APPLIED_FROM_CALIBRATED_FRAMEWORK,0.4
APP-00902,BM-029,Uncertainty / Ambiguity Aversion,MODEL_APPLIED_FROM_CALIBRATED_FRAMEWORK,0.4
APP-00904,BM-020,Commitment / Consistency,MODEL_APPLIED_FROM_CALIBRATED_FRAMEWORK,0.4
APP-00904,BM-018,Identity Signaling,MODEL_APPLIED_FROM_CALIBRATED_FRAMEWORK,0.4
APP-00896,BM-011,Reciprocity,MODEL_APPLIED_FROM_CALIBRATED_FRAMEWORK,0.4
APP-00896,BM-006,Friction,MODEL_APPLIED_FROM_CALIBRATED_FRAMEWORK,0.4
APP-00901,BM-006,Friction,MODEL_APPLIED_FROM_CALIBRATED_FRAMEWORK,0.4
APP-00919,BM-006,Friction,MODEL_APPLIED_FROM_CALIBRATED_FRAMEWORK,0.55
APP-00920,BM-020,Commitment / Consistency,MODEL_APPLIED_FROM_CALIBRATED_FRAMEWORK,0.4
APP-00920,BM-011,Reciprocity,MODEL_APPLIED_FROM_CALIBRATED_FRAMEWORK,0.4
APP-00917,BM-011,Reciprocity,MODEL_APPLIED_FROM_CALIBRATED_FRAMEWORK,0.4
APP-00917,BM-018,Identity Signaling,MODEL_APPLIED_FROM_CALIBRATED_FRAMEWORK,0.4
APP-00917,BM-020,Commitment / Consistency,MODEL_APPLIED_FROM_CALIBRATED_FRAMEWORK,0.4
APP-00918,BM-029,Uncertainty / Ambiguity Aversion,MODEL_APPLIED_FROM_CALIBRATED_FRAMEWORK,0.4
APP-00918,BM-002,Loss Aversion,MODEL_APPLIED_FROM_CALIBRATED_FRAMEWORK,0.4
APP-00919,BM-029,Uncertainty / Ambiguity Aversion,MODEL_APPLIED_FROM_CALIBRATED_FRAMEWORK,0.4
APP-00910,BM-023,Goal Gradient,MODEL_APPLIED_FROM_CALIBRATED_FRAMEWORK,0.4
APP-00910,BM-002,Loss Aversion,MODEL_APPLIED_FROM_CALIBRATED_FRAMEWORK,0.4
APP-00911,BM-002,Loss Aversion,MODEL_APPLIED_FROM_CALIBRATED_FRAMEWORK,0.4
APP-00913,BM-023,Goal Gradient,MODEL_APPLIED_FROM_CALIBRATED_FRAMEWORK,0.4
APP-00908,BM-029,Uncertainty / Ambiguity Aversion,MODEL_APPLIED_FROM_CALIBRATED_FRAMEWORK,0.4
APP-00082,BM-006,Friction,MODEL_APPLIED_FROM_CALIBRATED_FRAMEWORK,0.4
APP-00080,BM-029,Uncertainty / Ambiguity Aversion,MODEL_APPLIED_FROM_CALIBRATED_FRAMEWORK,0.4
APP-00076,BM-020,Commitment / Consistency,MODEL_APPLIED_FROM_CALIBRATED_FRAMEWORK,0.4
APP-00076,BM-018,Identity Signaling,MODEL_APPLIED_FROM_CALIBRATED_FRAMEWORK,0.4
APP-00073,BM-006,Friction,MODEL_APPLIED_FROM_CALIBRATED_FRAMEWORK,0.55
APP-00927,BM-023,Goal Gradient,MODEL_APPLIED_FROM_CALIBRATED_FRAMEWORK,0.4
APP-00928,BM-011,Reciprocity,MODEL_APPLIED_FROM_CALIBRATED_FRAMEWORK,0.4
APP-00929,BM-011,Reciprocity,MODEL_APPLIED_FROM_CALIBRATED_FRAMEWORK,0.4
APP-00929,BM-018,Identity Signaling,MODEL_APPLIED_FROM_CALIBRATED_FRAMEWORK,0.4
APP-00931,BM-006,Friction,MODEL_APPLIED_FROM_CALIBRATED_FRAMEWORK,0.4
APP-00927,BM-029,Uncertainty / Ambiguity Aversion,MODEL_APPLIED_FROM_CALIBRATED_FRAMEWORK,0.4
APP-00927,BM-001,Status Quo Bias,MODEL_APPLIED_FROM_CALIBRATED_FRAMEWORK,0.4
APP-00926,BM-002,Loss Aversion,MODEL_APPLIED_FROM_CALIBRATED_FRAMEWORK,0.4
APP-00926,BM-029,Uncertainty / Ambiguity Aversion,MODEL_APPLIED_FROM_CALIBRATED_FRAMEWORK,0.4
APP-00920,BM-018,Identity Signaling,MODEL_APPLIED_FROM_CALIBRATED_FRAMEWORK,0.4
APP-00936,BM-005,Choice Overload,MODEL_APPLIED_FROM_CALIBRATED_FRAMEWORK,0.4
APP-00936,BM-029,Uncertainty / Ambiguity Aversion,MODEL_APPLIED_FROM_CALIBRATED_FRAMEWORK,0.4
APP-00937,BM-023,Goal Gradient,MODEL_APPLIED_FROM_CALIBRATED_FRAMEWORK,0.4
APP-00934,BM-006,Friction,MODEL_APPLIED_FROM_CALIBRATED_FRAMEWORK,0.4
APP-00933,BM-020,Commitment / Consistency,MODEL_APPLIED_FROM_CALIBRATED_FRAMEWORK,0.4
APP-00934,BM-011,Reciprocity,MODEL_APPLIED_FROM_CALIBRATED_FRAMEWORK,0.4
APP-00941,BM-029,Uncertainty / Ambiguity Aversion,MODEL_APPLIED_FROM_CALIBRATED_FRAMEWORK,0.4
APP-00941,BM-001,Status Quo Bias,MODEL_APPLIED_FROM_CALIBRATED_FRAMEWORK,0.4
APP-00942,BM-001,Status Quo Bias,MODEL_APPLIED_FROM_CALIBRATED_FRAMEWORK,0.55
APP-00942,BM-014,Confirmation Bias,MODEL_APPLIED_FROM_CALIBRATED_FRAMEWORK,0.4
APP-00940,BM-006,Friction,MODEL_APPLIED_FROM_CALIBRATED_FRAMEWORK,0.55
APP-00938,BM-029,Uncertainty / Ambiguity Aversion,MODEL_APPLIED_FROM_CALIBRATED_FRAMEWORK,0.4
APP-00939,BM-018,Identity Signaling,MODEL_APPLIED_FROM_CALIBRATED_FRAMEWORK,0.4
APP-00939,BM-020,Commitment / Consistency,MODEL_APPLIED_FROM_CALIBRATED_FRAMEWORK,0.4
APP-00957,BM-005,Choice Overload,MODEL_APPLIED_FROM_CALIBRATED_FRAMEWORK,0.4
APP-00959,BM-011,Reciprocity,MODEL_APPLIED_FROM_CALIBRATED_FRAMEWORK,0.4
APP-00959,BM-018,Identity Signaling,MODEL_APPLIED_FROM_CALIBRATED_FRAMEWORK,0.4
APP-00957,BM-029,Uncertainty / Ambiguity Aversion,MODEL_APPLIED_FROM_CALIBRATED_FRAMEWORK,0.4
APP-00953,BM-023,Goal Gradient,MODEL_APPLIED_FROM_CALIBRATED_FRAMEWORK,0.4
APP-00955,BM-029,Uncertainty / Ambiguity Aversion,MODEL_APPLIED_FROM_CALIBRATED_FRAMEWORK,0.4
APP-00943,BM-006,Friction,MODEL_APPLIED_FROM_CALIBRATED_FRAMEWORK,0.4
APP-00948,BM-023,Goal Gradient,MODEL_APPLIED_FROM_CALIBRATED_FRAMEWORK,0.4
APP-00949,BM-023,Goal Gradient,MODEL_APPLIED_FROM_CALIBRATED_FRAMEWORK,0.4
APP-00969,BM-001,Status Quo Bias,MODEL_APPLIED_FROM_CALIBRATED_FRAMEWORK,0.4
APP-00969,BM-029,Uncertainty / Ambiguity Aversion,MODEL_APPLIED_FROM_CALIBRATED_FRAMEWORK,0.4
APP-00967,BM-023,Goal Gradient,MODEL_APPLIED_FROM_CALIBRATED_FRAMEWORK,0.4
APP-00967,BM-001,Status Quo Bias,MODEL_APPLIED_FROM_CALIBRATED_FRAMEWORK,0.4
APP-00968,BM-029,Uncertainty / Ambiguity Aversion,MODEL_APPLIED_FROM_CALIBRATED_FRAMEWORK,0.4
APP-00968,BM-023,Goal Gradient,MODEL_APPLIED_FROM_CALIBRATED_FRAMEWORK,0.4
APP-00966,BM-001,Status Quo Bias,MODEL_APPLIED_FROM_CALIBRATED_FRAMEWORK,0.55
APP-00966,BM-014,Confirmation Bias,MODEL_APPLIED_FROM_CALIBRATED_FRAMEWORK,0.4
APP-00961,BM-001,Status Quo Bias,MODEL_APPLIED_FROM_CALIBRATED_FRAMEWORK,0.4
APP-00965,BM-011,Reciprocity,MODEL_APPLIED_FROM_CALIBRATED_FRAMEWORK,0.4
APP-00979,BM-014,Confirmation Bias,MODEL_APPLIED_FROM_CALIBRATED_FRAMEWORK,0.4
APP-00980,BM-023,Goal Gradient,MODEL_APPLIED_FROM_CALIBRATED_FRAMEWORK,0.4
APP-00980,BM-006,Friction,MODEL_APPLIED_FROM_CALIBRATED_FRAMEWORK,0.4
APP-00982,BM-029,Uncertainty / Ambiguity Aversion,MODEL_APPLIED_FROM_CALIBRATED_FRAMEWORK,0.4
APP-00982,BM-001,Status Quo Bias,MODEL_APPLIED_FROM_CALIBRATED_FRAMEWORK,0.4
APP-00976,BM-001,Status Quo Bias,MODEL_APPLIED_FROM_CALIBRATED_FRAMEWORK,0.4
APP-00976,BM-029,Uncertainty / Ambiguity Aversion,MODEL_APPLIED_FROM_CALIBRATED_FRAMEWORK,0.4
APP-00970,BM-006,Friction,MODEL_APPLIED_FROM_CALIBRATED_FRAMEWORK,0.4
APP-00972,BM-001,Status Quo Bias,MODEL_APPLIED_FROM_CALIBRATED_FRAMEWORK,0.4
APP-00995,BM-006,Friction,MODEL_APPLIED_FROM_CALIBRATED_FRAMEWORK,0.4
APP-00996,BM-002,Loss Aversion,MODEL_APPLIED_FROM_CALIBRATED_FRAMEWORK,0.4
APP-00997,BM-029,Uncertainty / Ambiguity Aversion,MODEL_APPLIED_FROM_CALIBRATED_FRAMEWORK,0.4
APP-00988,BM-029,Uncertainty / Ambiguity Aversion,MODEL_APPLIED_FROM_CALIBRATED_FRAMEWORK,0.4
APP-00988,BM-005,Choice Overload,MODEL_APPLIED_FROM_CALIBRATED_FRAMEWORK,0.4
APP-00990,BM-001,Status Quo Bias,MODEL_APPLIED_FROM_CALIBRATED_FRAMEWORK,0.4
APP-00995,BM-023,Goal Gradient,MODEL_APPLIED_FROM_CALIBRATED_FRAMEWORK,0.4
APP-00983,BM-029,Uncertainty / Ambiguity Aversion,MODEL_APPLIED_FROM_CALIBRATED_FRAMEWORK,0.4
APP-00983,BM-005,Choice Overload,MODEL_APPLIED_FROM_CALIBRATED_FRAMEWORK,0.4
APP-01006,BM-018,Identity Signaling,MODEL_APPLIED_FROM_CALIBRATED_FRAMEWORK,0.4
APP-01007,BM-011,Reciprocity,MODEL_APPLIED_FROM_CALIBRATED_FRAMEWORK,0.4
APP-01008,BM-029,Uncertainty / Ambiguity Aversion,MODEL_APPLIED_FROM_CALIBRATED_FRAMEWORK,0.4
APP-01009,BM-018,Identity Signaling,MODEL_APPLIED_FROM_CALIBRATED_FRAMEWORK,0.4
APP-01003,BM-029,Uncertainty / Ambiguity Aversion,MODEL_APPLIED_FROM_CALIBRATED_FRAMEWORK,0.4
APP-01003,BM-001,Status Quo Bias,MODEL_APPLIED_FROM_CALIBRATED_FRAMEWORK,0.4
APP-01006,BM-020,Commitment / Consistency,MODEL_APPLIED_FROM_CALIBRATED_FRAMEWORK,0.4
APP-01002,BM-006,Friction,MODEL_APPLIED_FROM_CALIBRATED_FRAMEWORK,0.55
APP-00997,BM-005,Choice Overload,MODEL_APPLIED_FROM_CALIBRATED_FRAMEWORK,0.4
APP-00997,BM-020,Commitment / Consistency,MODEL_APPLIED_FROM_CALIBRATED_FRAMEWORK,0.4
APP-01001,BM-006,Friction,MODEL_APPLIED_FROM_CALIBRATED_FRAMEWORK,0.4
APP-01001,BM-011,Reciprocity,MODEL_APPLIED_FROM_CALIBRATED_FRAMEWORK,0.4
APP-01017,BM-011,Reciprocity,MODEL_APPLIED_FROM_CALIBRATED_FRAMEWORK,0.4
APP-01013,BM-023,Goal Gradient,MODEL_APPLIED_FROM_CALIBRATED_FRAMEWORK,0.4
APP-01014,BM-006,Friction,MODEL_APPLIED_FROM_CALIBRATED_FRAMEWORK,0.4
APP-01014,BM-020,Commitment / Consistency,MODEL_APPLIED_FROM_CALIBRATED_FRAMEWORK,0.4
APP-01010,BM-001,Status Quo Bias,MODEL_APPLIED_FROM_CALIBRATED_FRAMEWORK,0.4
APP-01009,BM-020,Commitment / Consistency,MODEL_APPLIED_FROM_CALIBRATED_FRAMEWORK,0.4
APP-01010,BM-029,Uncertainty / Ambiguity Aversion,MODEL_APPLIED_FROM_CALIBRATED_FRAMEWORK,0.4
APP-01010,BM-002,Loss Aversion,MODEL_APPLIED_FROM_CALIBRATED_FRAMEWORK,0.4
APP-01027,BM-020,Commitment / Consistency,MODEL_APPLIED_FROM_CALIBRATED_FRAMEWORK,0.4
APP-01027,BM-011,Reciprocity,MODEL_APPLIED_FROM_CALIBRATED_FRAMEWORK,0.4
APP-01027,BM-018,Identity Signaling,MODEL_APPLIED_FROM_CALIBRATED_FRAMEWORK,0.4
APP-01028,BM-014,Confirmation Bias,MODEL_APPLIED_FROM_CALIBRATED_FRAMEWORK,0.4
APP-01023,BM-023,Goal Gradient,MODEL_APPLIED_FROM_CALIBRATED_FRAMEWORK,0.4
APP-01023,BM-029,Uncertainty / Ambiguity Aversion,MODEL_APPLIED_FROM_CALIBRATED_FRAMEWORK,0.4
APP-01024,BM-029,Uncertainty / Ambiguity Aversion,MODEL_APPLIED_FROM_CALIBRATED_FRAMEWORK,0.4
APP-01025,BM-029,Uncertainty / Ambiguity Aversion,MODEL_APPLIED_FROM_CALIBRATED_FRAMEWORK,0.4
APP-01020,BM-006,Friction,MODEL_APPLIED_FROM_CALIBRATED_FRAMEWORK,0.4
APP-01020,BM-011,Reciprocity,MODEL_APPLIED_FROM_CALIBRATED_FRAMEWORK,0.4
APP-01023,BM-001,Status Quo Bias,MODEL_APPLIED_FROM_CALIBRATED_FRAMEWORK,0.4
APP-01018,BM-006,Friction,MODEL_APPLIED_FROM_CALIBRATED_FRAMEWORK,0.55
APP-01043,BM-029,Uncertainty / Ambiguity Aversion,MODEL_APPLIED_FROM_CALIBRATED_FRAMEWORK,0.4
APP-01049,BM-011,Reciprocity,MODEL_APPLIED_FROM_CALIBRATED_FRAMEWORK,0.4
APP-01050,BM-006,Friction,MODEL_APPLIED_FROM_CALIBRATED_FRAMEWORK,0.4
APP-01036,BM-014,Confirmation Bias,MODEL_APPLIED_FROM_CALIBRATED_FRAMEWORK,0.4
APP-01038,BM-029,Uncertainty / Ambiguity Aversion,MODEL_APPLIED_FROM_CALIBRATED_FRAMEWORK,0.4
APP-01041,BM-018,Identity Signaling,MODEL_APPLIED_FROM_CALIBRATED_FRAMEWORK,0.4
APP-01032,BM-029,Uncertainty / Ambiguity Aversion,MODEL_APPLIED_FROM_CALIBRATED_FRAMEWORK,0.4
APP-01032,BM-002,Loss Aversion,MODEL_APPLIED_FROM_CALIBRATED_FRAMEWORK,0.4
APP-01029,BM-001,Status Quo Bias,MODEL_APPLIED_FROM_CALIBRATED_FRAMEWORK,0.4
APP-01031,BM-001,Status Quo Bias,MODEL_APPLIED_FROM_CALIBRATED_FRAMEWORK,0.4
APP-01031,BM-023,Goal Gradient,MODEL_APPLIED_FROM_CALIBRATED_FRAMEWORK,0.4
APP-01032,BM-001,Status Quo Bias,MODEL_APPLIED_FROM_CALIBRATED_FRAMEWORK,0.4
APP-01059,BM-005,Choice Overload,MODEL_APPLIED_FROM_CALIBRATED_FRAMEWORK,0.4
APP-01063,BM-005,Choice Overload,MODEL_APPLIED_FROM_CALIBRATED_FRAMEWORK,0.4
APP-01064,BM-002,Loss Aversion,MODEL_APPLIED_FROM_CALIBRATED_FRAMEWORK,0.4
APP-01066,BM-029,Uncertainty / Ambiguity Aversion,MODEL_APPLIED_FROM_CALIBRATED_FRAMEWORK,0.4
APP-01066,BM-006,Friction,MODEL_APPLIED_FROM_CALIBRATED_FRAMEWORK,0.55
APP-01057,BM-014,Confirmation Bias,MODEL_APPLIED_FROM_CALIBRATED_FRAMEWORK,0.4
APP-01059,BM-029,Uncertainty / Ambiguity Aversion,MODEL_APPLIED_FROM_CALIBRATED_FRAMEWORK,0.4
APP-01052,BM-001,Status Quo Bias,MODEL_APPLIED_FROM_CALIBRATED_FRAMEWORK,0.4
APP-01056,BM-023,Goal Gradient,MODEL_APPLIED_FROM_CALIBRATED_FRAMEWORK,0.4
APP-01051,BM-023,Goal Gradient,MODEL_APPLIED_FROM_CALIBRATED_FRAMEWORK,0.4
APP-01052,BM-029,Uncertainty / Ambiguity Aversion,MODEL_APPLIED_FROM_CALIBRATED_FRAMEWORK,0.4
APP-01072,BM-020,Commitment / Consistency,MODEL_APPLIED_FROM_CALIBRATED_FRAMEWORK,0.4
APP-01072,BM-018,Identity Signaling,MODEL_APPLIED_FROM_CALIBRATED_FRAMEWORK,0.4
APP-01073,BM-029,Uncertainty / Ambiguity Aversion,MODEL_APPLIED_FROM_CALIBRATED_FRAMEWORK,0.4
APP-01068,BM-018,Identity Signaling,MODEL_APPLIED_FROM_CALIBRATED_FRAMEWORK,0.4
APP-01070,BM-001,Status Quo Bias,MODEL_APPLIED_FROM_CALIBRATED_FRAMEWORK,0.4
APP-01070,BM-029,Uncertainty / Ambiguity Aversion,MODEL_APPLIED_FROM_CALIBRATED_FRAMEWORK,0.4
APP-01070,BM-002,Loss Aversion,MODEL_APPLIED_FROM_CALIBRATED_FRAMEWORK,0.4
APP-01071,BM-006,Friction,MODEL_APPLIED_FROM_CALIBRATED_FRAMEWORK,0.4
APP-01067,BM-006,Friction,MODEL_APPLIED_FROM_CALIBRATED_FRAMEWORK,0.55
APP-01067,BM-029,Uncertainty / Ambiguity Aversion,MODEL_APPLIED_FROM_CALIBRATED_FRAMEWORK,0.4
APP-01068,BM-020,Commitment / Consistency,MODEL_APPLIED_FROM_CALIBRATED_FRAMEWORK,0.4
APP-01085,BM-011,Reciprocity,MODEL_APPLIED_FROM_CALIBRATED_FRAMEWORK,0.4
APP-01086,BM-023,Goal Gradient,MODEL_APPLIED_FROM_CALIBRATED_FRAMEWORK,0.4
APP-01087,BM-029,Uncertainty / Ambiguity Aversion,MODEL_APPLIED_FROM_CALIBRATED_FRAMEWORK,0.4
APP-01082,BM-001,Status Quo Bias,MODEL_APPLIED_FROM_CALIBRATED_FRAMEWORK,0.4
APP-01082,BM-002,Loss Aversion,MODEL_APPLIED_FROM_CALIBRATED_FRAMEWORK,0.4
APP-01075,BM-006,Friction,MODEL_APPLIED_FROM_CALIBRATED_FRAMEWORK,0.4
APP-01079,BM-023,Goal Gradient,MODEL_APPLIED_FROM_CALIBRATED_FRAMEWORK,0.4
APP-01080,BM-029,Uncertainty / Ambiguity Aversion,MODEL_APPLIED_FROM_CALIBRATED_FRAMEWORK,0.4
APP-01073,BM-005,Choice Overload,MODEL_APPLIED_FROM_CALIBRATED_FRAMEWORK,0.4
APP-01090,BM-020,Commitment / Consistency,MODEL_APPLIED_FROM_CALIBRATED_FRAMEWORK,0.4
APP-01090,BM-018,Identity Signaling,MODEL_APPLIED_FROM_CALIBRATED_FRAMEWORK,0.4
APP-01088,BM-011,Reciprocity,MODEL_APPLIED_FROM_CALIBRATED_FRAMEWORK,0.4
APP-01089,BM-029,Uncertainty / Ambiguity Aversion,MODEL_APPLIED_FROM_CALIBRATED_FRAMEWORK,0.4
APP-01108,BM-006,Friction,MODEL_APPLIED_FROM_CALIBRATED_FRAMEWORK,0.4
APP-01108,BM-023,Goal Gradient,MODEL_APPLIED_FROM_CALIBRATED_FRAMEWORK,0.4
APP-01109,BM-011,Reciprocity,MODEL_APPLIED_FROM_CALIBRATED_FRAMEWORK,0.4
APP-01102,BM-001,Status Quo Bias,MODEL_APPLIED_FROM_CALIBRATED_FRAMEWORK,0.55
APP-01102,BM-014,Confirmation Bias,MODEL_APPLIED_FROM_CALIBRATED_FRAMEWORK,0.4
APP-01102,BM-002,Loss Aversion,MODEL_APPLIED_FROM_CALIBRATED_FRAMEWORK,0.4
APP-01106,BM-002,Loss Aversion,MODEL_APPLIED_FROM_CALIBRATED_FRAMEWORK,0.4
APP-01094,BM-014,Confirmation Bias,MODEL_APPLIED_FROM_CALIBRATED_FRAMEWORK,0.4
APP-01098,BM-029,Uncertainty / Ambiguity Aversion,MODEL_APPLIED_FROM_CALIBRATED_FRAMEWORK,0.4
APP-01098,BM-001,Status Quo Bias,MODEL_APPLIED_FROM_CALIBRATED_FRAMEWORK,0.4
APP-01099,BM-020,Commitment / Consistency,MODEL_APPLIED_FROM_CALIBRATED_FRAMEWORK,0.4
APP-01093,BM-002,Loss Aversion,MODEL_APPLIED_FROM_CALIBRATED_FRAMEWORK,0.4
APP-01122,BM-002,Loss Aversion,MODEL_APPLIED_FROM_CALIBRATED_FRAMEWORK,0.4
APP-01123,BM-029,Uncertainty / Ambiguity Aversion,MODEL_APPLIED_FROM_CALIBRATED_FRAMEWORK,0.4
APP-01120,BM-011,Reciprocity,MODEL_APPLIED_FROM_CALIBRATED_FRAMEWORK,0.4
APP-01114,BM-014,Confirmation Bias,MODEL_APPLIED_FROM_CALIBRATED_FRAMEWORK,0.4
APP-01115,BM-001,Status Quo Bias,MODEL_APPLIED_FROM_CALIBRATED_FRAMEWORK,0.4
APP-01115,BM-002,Loss Aversion,MODEL_APPLIED_FROM_CALIBRATED_FRAMEWORK,0.4
APP-01111,BM-011,Reciprocity,MODEL_APPLIED_FROM_CALIBRATED_FRAMEWORK,0.4
APP-01112,BM-020,Commitment / Consistency,MODEL_APPLIED_FROM_CALIBRATED_FRAMEWORK,0.4
APP-01112,BM-011,Reciprocity,MODEL_APPLIED_FROM_CALIBRATED_FRAMEWORK,0.4
APP-01112,BM-018,Identity Signaling,MODEL_APPLIED_FROM_CALIBRATED_FRAMEWORK,0.4
APP-01133,BM-006,Friction,MODEL_APPLIED_FROM_CALIBRATED_FRAMEWORK,0.55
APP-01135,BM-005,Choice Overload,MODEL_APPLIED_FROM_CALIBRATED_FRAMEWORK,0.4
APP-01135,BM-029,Uncertainty / Ambiguity Aversion,MODEL_APPLIED_FROM_CALIBRATED_FRAMEWORK,0.4
APP-01136,BM-006,Friction,MODEL_APPLIED_FROM_CALIBRATED_FRAMEWORK,0.55
APP-01130,BM-018,Identity Signaling,MODEL_APPLIED_FROM_CALIBRATED_FRAMEWORK,0.4
APP-01130,BM-020,Commitment / Consistency,MODEL_APPLIED_FROM_CALIBRATED_FRAMEWORK,0.4
APP-01133,BM-029,Uncertainty / Ambiguity Aversion,MODEL_APPLIED_FROM_CALIBRATED_FRAMEWORK,0.4
APP-01125,BM-006,Friction,MODEL_APPLIED_FROM_CALIBRATED_FRAMEWORK,0.4
APP-01125,BM-023,Goal Gradient,MODEL_APPLIED_FROM_CALIBRATED_FRAMEWORK,0.4
APP-01130,BM-011,Reciprocity,MODEL_APPLIED_FROM_CALIBRATED_FRAMEWORK,0.4
APP-01123,BM-002,Loss Aversion,MODEL_APPLIED_FROM_CALIBRATED_FRAMEWORK,0.4
APP-01124,BM-002,Loss Aversion,MODEL_APPLIED_FROM_CALIBRATED_FRAMEWORK,0.4
APP-01141,BM-001,Status Quo Bias,MODEL_APPLIED_FROM_CALIBRATED_FRAMEWORK,0.55
APP-01141,BM-014,Confirmation Bias,MODEL_APPLIED_FROM_CALIBRATED_FRAMEWORK,0.4
APP-01141,BM-002,Loss Aversion,MODEL_APPLIED_FROM_CALIBRATED_FRAMEWORK,0.4
APP-01143,BM-023,Goal Gradient,MODEL_APPLIED_FROM_CALIBRATED_FRAMEWORK,0.4
APP-01140,BM-006,Friction,MODEL_APPLIED_FROM_CALIBRATED_FRAMEWORK,0.55
APP-01136,BM-002,Loss Aversion,MODEL_APPLIED_FROM_CALIBRATED_FRAMEWORK,0.4
APP-01140,BM-029,Uncertainty / Ambiguity Aversion,MODEL_APPLIED_FROM_CALIBRATED_FRAMEWORK,0.4
APP-01147,BM-006,Friction,MODEL_APPLIED_FROM_CALIBRATED_FRAMEWORK,0.55
APP-01150,BM-001,Status Quo Bias,MODEL_APPLIED_FROM_CALIBRATED_FRAMEWORK,0.4
APP-01146,BM-006,Friction,MODEL_APPLIED_FROM_CALIBRATED_FRAMEWORK,0.55
APP-01146,BM-002,Loss Aversion,MODEL_APPLIED_FROM_CALIBRATED_FRAMEWORK,0.4
APP-01146,BM-029,Uncertainty / Ambiguity Aversion,MODEL_APPLIED_FROM_CALIBRATED_FRAMEWORK,0.4
APP-01144,BM-001,Status Quo Bias,MODEL_APPLIED_FROM_CALIBRATED_FRAMEWORK,0.4
APP-01144,BM-023,Goal Gradient,MODEL_APPLIED_FROM_CALIBRATED_FRAMEWORK,0.4
APP-01157,BM-005,Choice Overload,MODEL_APPLIED_FROM_CALIBRATED_FRAMEWORK,0.4
APP-01157,BM-029,Uncertainty / Ambiguity Aversion,MODEL_APPLIED_FROM_CALIBRATED_FRAMEWORK,0.4
APP-01158,BM-001,Status Quo Bias,MODEL_APPLIED_FROM_CALIBRATED_FRAMEWORK,0.4
APP-01158,BM-029,Uncertainty / Ambiguity Aversion,MODEL_APPLIED_FROM_CALIBRATED_FRAMEWORK,0.4
APP-01155,BM-029,Uncertainty / Ambiguity Aversion,MODEL_APPLIED_FROM_CALIBRATED_FRAMEWORK,0.4
APP-01152,BM-011,Reciprocity,MODEL_APPLIED_FROM_CALIBRATED_FRAMEWORK,0.4
APP-01150,BM-029,Uncertainty / Ambiguity Aversion,MODEL_APPLIED_FROM_CALIBRATED_FRAMEWORK,0.4
APP-01170,BM-029,Uncertainty / Ambiguity Aversion,MODEL_APPLIED_FROM_CALIBRATED_FRAMEWORK,0.4
APP-01172,BM-011,Reciprocity,MODEL_APPLIED_FROM_CALIBRATED_FRAMEWORK,0.4
APP-01175,BM-002,Loss Aversion,MODEL_APPLIED_FROM_CALIBRATED_FRAMEWORK,0.4
APP-01175,BM-029,Uncertainty / Ambiguity Aversion,MODEL_APPLIED_FROM_CALIBRATED_FRAMEWORK,0.4
APP-01176,BM-023,Goal Gradient,MODEL_APPLIED_FROM_CALIBRATED_FRAMEWORK,0.4
APP-01166,BM-029,Uncertainty / Ambiguity Aversion,MODEL_APPLIED_FROM_CALIBRATED_FRAMEWORK,0.4
APP-01167,BM-006,Friction,MODEL_APPLIED_FROM_CALIBRATED_FRAMEWORK,0.55
APP-01168,BM-029,Uncertainty / Ambiguity Aversion,MODEL_APPLIED_FROM_CALIBRATED_FRAMEWORK,0.4
APP-01165,BM-001,Status Quo Bias,MODEL_APPLIED_FROM_CALIBRATED_FRAMEWORK,0.4
APP-01184,BM-023,Goal Gradient,MODEL_APPLIED_FROM_CALIBRATED_FRAMEWORK,0.4
APP-01188,BM-006,Friction,MODEL_APPLIED_FROM_CALIBRATED_FRAMEWORK,0.4
APP-01189,BM-002,Loss Aversion,MODEL_APPLIED_FROM_CALIBRATED_FRAMEWORK,0.4
APP-01197,BM-029,Uncertainty / Ambiguity Aversion,MODEL_APPLIED_FROM_CALIBRATED_FRAMEWORK,0.4
APP-01203,BM-020,Commitment / Consistency,MODEL_APPLIED_FROM_CALIBRATED_FRAMEWORK,0.4
APP-01203,BM-018,Identity Signaling,MODEL_APPLIED_FROM_CALIBRATED_FRAMEWORK,0.4
APP-01183,BM-006,Friction,MODEL_APPLIED_FROM_CALIBRATED_FRAMEWORK,0.55
APP-01184,BM-001,Status Quo Bias,MODEL_APPLIED_FROM_CALIBRATED_FRAMEWORK,0.4
APP-01184,BM-029,Uncertainty / Ambiguity Aversion,MODEL_APPLIED_FROM_CALIBRATED_FRAMEWORK,0.4
APP-01179,BM-029,Uncertainty / Ambiguity Aversion,MODEL_APPLIED_FROM_CALIBRATED_FRAMEWORK,0.4
APP-01181,BM-029,Uncertainty / Ambiguity Aversion,MODEL_APPLIED_FROM_CALIBRATED_FRAMEWORK,0.4
APP-01182,BM-011,Reciprocity,MODEL_APPLIED_FROM_CALIBRATED_FRAMEWORK,0.4
APP-01182,BM-018,Identity Signaling,MODEL_APPLIED_FROM_CALIBRATED_FRAMEWORK,0.4
APP-01182,BM-020,Commitment / Consistency,MODEL_APPLIED_FROM_CALIBRATED_FRAMEWORK,0.4
APP-01178,BM-006,Friction,MODEL_APPLIED_FROM_CALIBRATED_FRAMEWORK,0.4
APP-01178,BM-020,Commitment / Consistency,MODEL_APPLIED_FROM_CALIBRATED_FRAMEWORK,0.4
APP-01212,BM-001,Status Quo Bias,MODEL_APPLIED_FROM_CALIBRATED_FRAMEWORK,0.55
APP-01212,BM-014,Confirmation Bias,MODEL_APPLIED_FROM_CALIBRATED_FRAMEWORK,0.4
APP-01210,BM-006,Friction,MODEL_APPLIED_FROM_CALIBRATED_FRAMEWORK,0.55
APP-01205,BM-029,Uncertainty / Ambiguity Aversion,MODEL_APPLIED_FROM_CALIBRATED_FRAMEWORK,0.4
APP-01209,BM-023,Goal Gradient,MODEL_APPLIED_FROM_CALIBRATED_FRAMEWORK,0.4
APP-01204,BM-023,Goal Gradient,MODEL_APPLIED_FROM_CALIBRATED_FRAMEWORK,0.4
APP-01205,BM-002,Loss Aversion,MODEL_APPLIED_FROM_CALIBRATED_FRAMEWORK,0.4
APP-01222,BM-001,Status Quo Bias,MODEL_APPLIED_FROM_CALIBRATED_FRAMEWORK,0.4
APP-01222,BM-023,Goal Gradient,MODEL_APPLIED_FROM_CALIBRATED_FRAMEWORK,0.4
APP-01222,BM-029,Uncertainty / Ambiguity Aversion,MODEL_APPLIED_FROM_CALIBRATED_FRAMEWORK,0.4
APP-01219,BM-023,Goal Gradient,MODEL_APPLIED_FROM_CALIBRATED_FRAMEWORK,0.4
APP-01215,BM-001,Status Quo Bias,MODEL_APPLIED_FROM_CALIBRATED_FRAMEWORK,0.4
APP-01215,BM-029,Uncertainty / Ambiguity Aversion,MODEL_APPLIED_FROM_CALIBRATED_FRAMEWORK,0.4
APP-01217,BM-005,Choice Overload,MODEL_APPLIED_FROM_CALIBRATED_FRAMEWORK,0.4
APP-01214,BM-011,Reciprocity,MODEL_APPLIED_FROM_CALIBRATED_FRAMEWORK,0.4
APP-01229,BM-006,Friction,MODEL_APPLIED_FROM_CALIBRATED_FRAMEWORK,0.55
APP-01229,BM-002,Loss Aversion,MODEL_APPLIED_FROM_CALIBRATED_FRAMEWORK,0.4
APP-01231,BM-001,Status Quo Bias,MODEL_APPLIED_FROM_CALIBRATED_FRAMEWORK,0.4
APP-01231,BM-029,Uncertainty / Ambiguity Aversion,MODEL_APPLIED_FROM_CALIBRATED_FRAMEWORK,0.4
APP-01234,BM-020,Commitment / Consistency,MODEL_APPLIED_FROM_CALIBRATED_FRAMEWORK,0.4
APP-01227,BM-006,Friction,MODEL_APPLIED_FROM_CALIBRATED_FRAMEWORK,0.4
APP-01226,BM-005,Choice Overload,MODEL_APPLIED_FROM_CALIBRATED_FRAMEWORK,0.4
APP-01226,BM-029,Uncertainty / Ambiguity Aversion,MODEL_APPLIED_FROM_CALIBRATED_FRAMEWORK,0.4
APP-01227,BM-023,Goal Gradient,MODEL_APPLIED_FROM_CALIBRATED_FRAMEWORK,0.4
APP-01248,BM-023,Goal Gradient,MODEL_APPLIED_FROM_CALIBRATED_FRAMEWORK,0.4
APP-01253,BM-006,Friction,MODEL_APPLIED_FROM_CALIBRATED_FRAMEWORK,0.55
APP-01246,BM-002,Loss Aversion,MODEL_APPLIED_FROM_CALIBRATED_FRAMEWORK,0.4
APP-01247,BM-006,Friction,MODEL_APPLIED_FROM_CALIBRATED_FRAMEWORK,0.55
APP-01242,BM-029,Uncertainty / Ambiguity Aversion,MODEL_APPLIED_FROM_CALIBRATED_FRAMEWORK,0.4
APP-01242,BM-001,Status Quo Bias,MODEL_APPLIED_FROM_CALIBRATED_FRAMEWORK,0.4
APP-01245,BM-029,Uncertainty / Ambiguity Aversion,MODEL_APPLIED_FROM_CALIBRATED_FRAMEWORK,0.4
APP-01245,BM-005,Choice Overload,MODEL_APPLIED_FROM_CALIBRATED_FRAMEWORK,0.4
APP-01246,BM-029,Uncertainty / Ambiguity Aversion,MODEL_APPLIED_FROM_CALIBRATED_FRAMEWORK,0.4
APP-01235,BM-023,Goal Gradient,MODEL_APPLIED_FROM_CALIBRATED_FRAMEWORK,0.4
APP-01236,BM-020,Commitment / Consistency,MODEL_APPLIED_FROM_CALIBRATED_FRAMEWORK,0.4
APP-01240,BM-005,Choice Overload,MODEL_APPLIED_FROM_CALIBRATED_FRAMEWORK,0.4
APP-01265,BM-005,Choice Overload,MODEL_APPLIED_FROM_CALIBRATED_FRAMEWORK,0.4
APP-01266,BM-006,Friction,MODEL_APPLIED_FROM_CALIBRATED_FRAMEWORK,0.55
APP-01266,BM-029,Uncertainty / Ambiguity Aversion,MODEL_APPLIED_FROM_CALIBRATED_FRAMEWORK,0.4
APP-01255,BM-029,Uncertainty / Ambiguity Aversion,MODEL_APPLIED_FROM_CALIBRATED_FRAMEWORK,0.4
APP-01255,BM-002,Loss Aversion,MODEL_APPLIED_FROM_CALIBRATED_FRAMEWORK,0.4
APP-01260,BM-011,Reciprocity,MODEL_APPLIED_FROM_CALIBRATED_FRAMEWORK,0.4
APP-01261,BM-029,Uncertainty / Ambiguity Aversion,MODEL_APPLIED_FROM_CALIBRATED_FRAMEWORK,0.4
APP-01265,BM-029,Uncertainty / Ambiguity Aversion,MODEL_APPLIED_FROM_CALIBRATED_FRAMEWORK,0.4
APP-01254,BM-006,Friction,MODEL_APPLIED_FROM_CALIBRATED_FRAMEWORK,0.4
APP-01254,BM-023,Goal Gradient,MODEL_APPLIED_FROM_CALIBRATED_FRAMEWORK,0.4
APP-01253,BM-029,Uncertainty / Ambiguity Aversion,MODEL_APPLIED_FROM_CALIBRATED_FRAMEWORK,0.4
APP-01272,BM-006,Friction,MODEL_APPLIED_FROM_CALIBRATED_FRAMEWORK,0.55
APP-01272,BM-011,Reciprocity,MODEL_APPLIED_FROM_CALIBRATED_FRAMEWORK,0.4
APP-01273,BM-006,Friction,MODEL_APPLIED_FROM_CALIBRATED_FRAMEWORK,0.55
APP-01270,BM-001,Status Quo Bias,MODEL_APPLIED_FROM_CALIBRATED_FRAMEWORK,0.55
APP-01270,BM-014,Confirmation Bias,MODEL_APPLIED_FROM_CALIBRATED_FRAMEWORK,0.4
APP-01271,BM-006,Friction,MODEL_APPLIED_FROM_CALIBRATED_FRAMEWORK,0.4
APP-01267,BM-006,Friction,MODEL_APPLIED_FROM_CALIBRATED_FRAMEWORK,0.4
APP-01268,BM-002,Loss Aversion,MODEL_APPLIED_FROM_CALIBRATED_FRAMEWORK,0.4
APP-01277,BM-029,Uncertainty / Ambiguity Aversion,MODEL_APPLIED_FROM_CALIBRATED_FRAMEWORK,0.4
APP-01278,BM-029,Uncertainty / Ambiguity Aversion,MODEL_APPLIED_FROM_CALIBRATED_FRAMEWORK,0.4
APP-01279,BM-005,Choice Overload,MODEL_APPLIED_FROM_CALIBRATED_FRAMEWORK,0.4
APP-01274,BM-006,Friction,MODEL_APPLIED_FROM_CALIBRATED_FRAMEWORK,0.55
APP-01276,BM-029,Uncertainty / Ambiguity Aversion,MODEL_APPLIED_FROM_CALIBRATED_FRAMEWORK,0.4
APP-01277,BM-001,Status Quo Bias,MODEL_APPLIED_FROM_CALIBRATED_FRAMEWORK,0.4
APP-01287,BM-006,Friction,MODEL_APPLIED_FROM_CALIBRATED_FRAMEWORK,0.55
APP-01287,BM-029,Uncertainty / Ambiguity Aversion,MODEL_APPLIED_FROM_CALIBRATED_FRAMEWORK,0.4
APP-01289,BM-002,Loss Aversion,MODEL_APPLIED_FROM_CALIBRATED_FRAMEWORK,0.4
APP-01289,BM-001,Status Quo Bias,MODEL_APPLIED_FROM_CALIBRATED_FRAMEWORK,0.4
APP-01284,BM-029,Uncertainty / Ambiguity Aversion,MODEL_APPLIED_FROM_CALIBRATED_FRAMEWORK,0.4
APP-01286,BM-023,Goal Gradient,MODEL_APPLIED_FROM_CALIBRATED_FRAMEWORK,0.4
APP-01282,BM-001,Status Quo Bias,MODEL_APPLIED_FROM_CALIBRATED_FRAMEWORK,0.4
APP-01282,BM-023,Goal Gradient,MODEL_APPLIED_FROM_CALIBRATED_FRAMEWORK,0.4
APP-01282,BM-029,Uncertainty / Ambiguity Aversion,MODEL_APPLIED_FROM_CALIBRATED_FRAMEWORK,0.4
APP-01284,BM-001,Status Quo Bias,MODEL_APPLIED_FROM_CALIBRATED_FRAMEWORK,0.4
APP-01281,BM-023,Goal Gradient,MODEL_APPLIED_FROM_CALIBRATED_FRAMEWORK,0.4
APP-00070,BM-005,Choice Overload,MODEL_APPLIED_FROM_CALIBRATED_FRAMEWORK,0.4
APP-00071,BM-011,Reciprocity,MODEL_APPLIED_FROM_CALIBRATED_FRAMEWORK,0.4
APP-00068,BM-023,Goal Gradient,MODEL_APPLIED_FROM_CALIBRATED_FRAMEWORK,0.4
APP-00062,BM-006,Friction,MODEL_APPLIED_FROM_CALIBRATED_FRAMEWORK,0.4
APP-00063,BM-011,Reciprocity,MODEL_APPLIED_FROM_CALIBRATED_FRAMEWORK,0.4
APP-00066,BM-006,Friction,MODEL_APPLIED_FROM_CALIBRATED_FRAMEWORK,0.4
APP-01303,BM-014,Confirmation Bias,MODEL_APPLIED_FROM_CALIBRATED_FRAMEWORK,0.4
APP-01305,BM-002,Loss Aversion,MODEL_APPLIED_FROM_CALIBRATED_FRAMEWORK,0.4
APP-01295,BM-006,Friction,MODEL_APPLIED_FROM_CALIBRATED_FRAMEWORK,0.4
APP-01296,BM-011,Reciprocity,MODEL_APPLIED_FROM_CALIBRATED_FRAMEWORK,0.4
APP-01298,BM-006,Friction,MODEL_APPLIED_FROM_CALIBRATED_FRAMEWORK,0.4
APP-01293,BM-001,Status Quo Bias,MODEL_APPLIED_FROM_CALIBRATED_FRAMEWORK,0.4
APP-01293,BM-029,Uncertainty / Ambiguity Aversion,MODEL_APPLIED_FROM_CALIBRATED_FRAMEWORK,0.4
APP-01289,BM-029,Uncertainty / Ambiguity Aversion,MODEL_APPLIED_FROM_CALIBRATED_FRAMEWORK,0.4
APP-01290,BM-011,Reciprocity,MODEL_APPLIED_FROM_CALIBRATED_FRAMEWORK,0.4
APP-01292,BM-023,Goal Gradient,MODEL_APPLIED_FROM_CALIBRATED_FRAMEWORK,0.4
APP-01317,BM-006,Friction,MODEL_APPLIED_FROM_CALIBRATED_FRAMEWORK,0.55
APP-01317,BM-002,Loss Aversion,MODEL_APPLIED_FROM_CALIBRATED_FRAMEWORK,0.4
APP-01319,BM-020,Commitment / Consistency,MODEL_APPLIED_FROM_CALIBRATED_FRAMEWORK,0.4
APP-01319,BM-018,Identity Signaling,MODEL_APPLIED_FROM_CALIBRATED_FRAMEWORK,0.4
APP-01320,BM-006,Friction,MODEL_APPLIED_FROM_CALIBRATED_FRAMEWORK,0.55
APP-01313,BM-020,Commitment / Consistency,MODEL_APPLIED_FROM_CALIBRATED_FRAMEWORK,0.4
APP-01313,BM-018,Identity Signaling,MODEL_APPLIED_FROM_CALIBRATED_FRAMEWORK,0.4
APP-01308,BM-029,Uncertainty / Ambiguity Aversion,MODEL_APPLIED_FROM_CALIBRATED_FRAMEWORK,0.4
APP-01309,BM-029,Uncertainty / Ambiguity Aversion,MODEL_APPLIED_FROM_CALIBRATED_FRAMEWORK,0.4
APP-01312,BM-023,Goal Gradient,MODEL_APPLIED_FROM_CALIBRATED_FRAMEWORK,0.4
APP-01305,BM-001,Status Quo Bias,MODEL_APPLIED_FROM_CALIBRATED_FRAMEWORK,0.4
APP-01306,BM-001,Status Quo Bias,MODEL_APPLIED_FROM_CALIBRATED_FRAMEWORK,0.4
APP-01306,BM-029,Uncertainty / Ambiguity Aversion,MODEL_APPLIED_FROM_CALIBRATED_FRAMEWORK,0.4
APP-01308,BM-002,Loss Aversion,MODEL_APPLIED_FROM_CALIBRATED_FRAMEWORK,0.4
APP-01331,BM-011,Reciprocity,MODEL_APPLIED_FROM_CALIBRATED_FRAMEWORK,0.4
APP-01332,BM-006,Friction,MODEL_APPLIED_FROM_CALIBRATED_FRAMEWORK,0.4
APP-01332,BM-020,Commitment / Consistency,MODEL_APPLIED_FROM_CALIBRATED_FRAMEWORK,0.4
APP-01333,BM-020,Commitment / Consistency,MODEL_APPLIED_FROM_CALIBRATED_FRAMEWORK,0.4
APP-01333,BM-006,Friction,MODEL_APPLIED_FROM_CALIBRATED_FRAMEWORK,0.4
APP-01335,BM-029,Uncertainty / Ambiguity Aversion,MODEL_APPLIED_FROM_CALIBRATED_FRAMEWORK,0.4
APP-01326,BM-020,Commitment / Consistency,MODEL_APPLIED_FROM_CALIBRATED_FRAMEWORK,0.4
APP-01329,BM-005,Choice Overload,MODEL_APPLIED_FROM_CALIBRATED_FRAMEWORK,0.4
APP-01330,BM-006,Friction,MODEL_APPLIED_FROM_CALIBRATED_FRAMEWORK,0.55
APP-01330,BM-011,Reciprocity,MODEL_APPLIED_FROM_CALIBRATED_FRAMEWORK,0.4
APP-01324,BM-002,Loss Aversion,MODEL_APPLIED_FROM_CALIBRATED_FRAMEWORK,0.4
APP-01325,BM-029,Uncertainty / Ambiguity Aversion,MODEL_APPLIED_FROM_CALIBRATED_FRAMEWORK,0.4
APP-01326,BM-006,Friction,MODEL_APPLIED_FROM_CALIBRATED_FRAMEWORK,0.4
APP-01321,BM-006,Friction,MODEL_APPLIED_FROM_CALIBRATED_FRAMEWORK,0.4
APP-01323,BM-011,Reciprocity,MODEL_APPLIED_FROM_CALIBRATED_FRAMEWORK,0.4
APP-01323,BM-018,Identity Signaling,MODEL_APPLIED_FROM_CALIBRATED_FRAMEWORK,0.4
APP-01324,BM-011,Reciprocity,MODEL_APPLIED_FROM_CALIBRATED_FRAMEWORK,0.4
APP-01344,BM-005,Choice Overload,MODEL_APPLIED_FROM_CALIBRATED_FRAMEWORK,0.4
APP-01344,BM-029,Uncertainty / Ambiguity Aversion,MODEL_APPLIED_FROM_CALIBRATED_FRAMEWORK,0.4
APP-01338,BM-005,Choice Overload,MODEL_APPLIED_FROM_CALIBRATED_FRAMEWORK,0.4
APP-01340,BM-020,Commitment / Consistency,MODEL_APPLIED_FROM_CALIBRATED_FRAMEWORK,0.4
APP-01340,BM-018,Identity Signaling,MODEL_APPLIED_FROM_CALIBRATED_FRAMEWORK,0.4
APP-01336,BM-023,Goal Gradient,MODEL_APPLIED_FROM_CALIBRATED_FRAMEWORK,0.4
APP-01337,BM-023,Goal Gradient,MODEL_APPLIED_FROM_CALIBRATED_FRAMEWORK,0.4
APP-01335,BM-002,Loss Aversion,MODEL_APPLIED_FROM_CALIBRATED_FRAMEWORK,0.4
APP-01336,BM-001,Status Quo Bias,MODEL_APPLIED_FROM_CALIBRATED_FRAMEWORK,0.4
APP-01354,BM-001,Status Quo Bias,MODEL_APPLIED_FROM_CALIBRATED_FRAMEWORK,0.4
APP-01355,BM-020,Commitment / Consistency,MODEL_APPLIED_FROM_CALIBRATED_FRAMEWORK,0.4
APP-01355,BM-018,Identity Signaling,MODEL_APPLIED_FROM_CALIBRATED_FRAMEWORK,0.4
APP-01356,BM-001,Status Quo Bias,MODEL_APPLIED_FROM_CALIBRATED_FRAMEWORK,0.55
APP-01356,BM-014,Confirmation Bias,MODEL_APPLIED_FROM_CALIBRATED_FRAMEWORK,0.4
APP-01351,BM-001,Status Quo Bias,MODEL_APPLIED_FROM_CALIBRATED_FRAMEWORK,0.4
APP-01351,BM-029,Uncertainty / Ambiguity Aversion,MODEL_APPLIED_FROM_CALIBRATED_FRAMEWORK,0.4
APP-01352,BM-001,Status Quo Bias,MODEL_APPLIED_FROM_CALIBRATED_FRAMEWORK,0.4
APP-01352,BM-002,Loss Aversion,MODEL_APPLIED_FROM_CALIBRATED_FRAMEWORK,0.4
APP-01354,BM-029,Uncertainty / Ambiguity Aversion,MODEL_APPLIED_FROM_CALIBRATED_FRAMEWORK,0.4
APP-01354,BM-023,Goal Gradient,MODEL_APPLIED_FROM_CALIBRATED_FRAMEWORK,0.4
APP-01349,BM-006,Friction,MODEL_APPLIED_FROM_CALIBRATED_FRAMEWORK,0.4
APP-01346,BM-029,Uncertainty / Ambiguity Aversion,MODEL_APPLIED_FROM_CALIBRATED_FRAMEWORK,0.4
APP-01347,BM-020,Commitment / Consistency,MODEL_APPLIED_FROM_CALIBRATED_FRAMEWORK,0.4
APP-01366,BM-006,Friction,MODEL_APPLIED_FROM_CALIBRATED_FRAMEWORK,0.4
APP-01367,BM-006,Friction,MODEL_APPLIED_FROM_CALIBRATED_FRAMEWORK,0.55
APP-01368,BM-029,Uncertainty / Ambiguity Aversion,MODEL_APPLIED_FROM_CALIBRATED_FRAMEWORK,0.4
APP-01365,BM-029,Uncertainty / Ambiguity Aversion,MODEL_APPLIED_FROM_CALIBRATED_FRAMEWORK,0.4
APP-01358,BM-006,Friction,MODEL_APPLIED_FROM_CALIBRATED_FRAMEWORK,0.4
APP-01360,BM-029,Uncertainty / Ambiguity Aversion,MODEL_APPLIED_FROM_CALIBRATED_FRAMEWORK,0.4
APP-01360,BM-023,Goal Gradient,MODEL_APPLIED_FROM_CALIBRATED_FRAMEWORK,0.4
APP-01360,BM-001,Status Quo Bias,MODEL_APPLIED_FROM_CALIBRATED_FRAMEWORK,0.4
APP-01378,BM-006,Friction,MODEL_APPLIED_FROM_CALIBRATED_FRAMEWORK,0.55
APP-01379,BM-029,Uncertainty / Ambiguity Aversion,MODEL_APPLIED_FROM_CALIBRATED_FRAMEWORK,0.4
APP-01380,BM-006,Friction,MODEL_APPLIED_FROM_CALIBRATED_FRAMEWORK,0.4
APP-01388,BM-001,Status Quo Bias,MODEL_APPLIED_FROM_CALIBRATED_FRAMEWORK,0.55
APP-01388,BM-014,Confirmation Bias,MODEL_APPLIED_FROM_CALIBRATED_FRAMEWORK,0.4
APP-01377,BM-001,Status Quo Bias,MODEL_APPLIED_FROM_CALIBRATED_FRAMEWORK,0.4
APP-01376,BM-006,Friction,MODEL_APPLIED_FROM_CALIBRATED_FRAMEWORK,0.55
APP-01376,BM-029,Uncertainty / Ambiguity Aversion,MODEL_APPLIED_FROM_CALIBRATED_FRAMEWORK,0.4
APP-01368,BM-002,Loss Aversion,MODEL_APPLIED_FROM_CALIBRATED_FRAMEWORK,0.4
APP-01369,BM-011,Reciprocity,MODEL_APPLIED_FROM_CALIBRATED_FRAMEWORK,0.4
APP-01374,BM-029,Uncertainty / Ambiguity Aversion,MODEL_APPLIED_FROM_CALIBRATED_FRAMEWORK,0.4
APP-01392,BM-001,Status Quo Bias,MODEL_APPLIED_FROM_CALIBRATED_FRAMEWORK,0.55
APP-01392,BM-014,Confirmation Bias,MODEL_APPLIED_FROM_CALIBRATED_FRAMEWORK,0.4
APP-01389,BM-006,Friction,MODEL_APPLIED_FROM_CALIBRATED_FRAMEWORK,0.55
APP-01389,BM-002,Loss Aversion,MODEL_APPLIED_FROM_CALIBRATED_FRAMEWORK,0.4
APP-01403,BM-002,Loss Aversion,MODEL_APPLIED_FROM_CALIBRATED_FRAMEWORK,0.4
APP-01405,BM-001,Status Quo Bias,MODEL_APPLIED_FROM_CALIBRATED_FRAMEWORK,0.4
APP-01406,BM-020,Commitment / Consistency,MODEL_APPLIED_FROM_CALIBRATED_FRAMEWORK,0.4
APP-01406,BM-011,Reciprocity,MODEL_APPLIED_FROM_CALIBRATED_FRAMEWORK,0.4
APP-01406,BM-018,Identity Signaling,MODEL_APPLIED_FROM_CALIBRATED_FRAMEWORK,0.4
APP-01398,BM-005,Choice Overload,MODEL_APPLIED_FROM_CALIBRATED_FRAMEWORK,0.4
APP-01400,BM-001,Status Quo Bias,MODEL_APPLIED_FROM_CALIBRATED_FRAMEWORK,0.4
APP-01400,BM-029,Uncertainty / Ambiguity Aversion,MODEL_APPLIED_FROM_CALIBRATED_FRAMEWORK,0.4
APP-01397,BM-029,Uncertainty / Ambiguity Aversion,MODEL_APPLIED_FROM_CALIBRATED_FRAMEWORK,0.4
APP-01397,BM-006,Friction,MODEL_APPLIED_FROM_CALIBRATED_FRAMEWORK,0.55
APP-01398,BM-029,Uncertainty / Ambiguity Aversion,MODEL_APPLIED_FROM_CALIBRATED_FRAMEWORK,0.4
APP-01392,BM-002,Loss Aversion,MODEL_APPLIED_FROM_CALIBRATED_FRAMEWORK,0.4
APP-01393,BM-023,Goal Gradient,MODEL_APPLIED_FROM_CALIBRATED_FRAMEWORK,0.4
APP-01395,BM-011,Reciprocity,MODEL_APPLIED_FROM_CALIBRATED_FRAMEWORK,0.4
APP-01396,BM-002,Loss Aversion,MODEL_APPLIED_FROM_CALIBRATED_FRAMEWORK,0.4
APP-01417,BM-006,Friction,MODEL_APPLIED_FROM_CALIBRATED_FRAMEWORK,0.55
APP-01417,BM-029,Uncertainty / Ambiguity Aversion,MODEL_APPLIED_FROM_CALIBRATED_FRAMEWORK,0.4
APP-01412,BM-011,Reciprocity,MODEL_APPLIED_FROM_CALIBRATED_FRAMEWORK,0.4
APP-01410,BM-002,Loss Aversion,MODEL_APPLIED_FROM_CALIBRATED_FRAMEWORK,0.4
APP-01410,BM-029,Uncertainty / Ambiguity Aversion,MODEL_APPLIED_FROM_CALIBRATED_FRAMEWORK,0.4
APP-01407,BM-018,Identity Signaling,MODEL_APPLIED_FROM_CALIBRATED_FRAMEWORK,0.4
APP-01432,BM-006,Friction,MODEL_APPLIED_FROM_CALIBRATED_FRAMEWORK,0.4
APP-01433,BM-011,Reciprocity,MODEL_APPLIED_FROM_CALIBRATED_FRAMEWORK,0.4
APP-01428,BM-018,Identity Signaling,MODEL_APPLIED_FROM_CALIBRATED_FRAMEWORK,0.4
APP-01429,BM-001,Status Quo Bias,MODEL_APPLIED_FROM_CALIBRATED_FRAMEWORK,0.4
APP-01429,BM-002,Loss Aversion,MODEL_APPLIED_FROM_CALIBRATED_FRAMEWORK,0.4
APP-01429,BM-029,Uncertainty / Ambiguity Aversion,MODEL_APPLIED_FROM_CALIBRATED_FRAMEWORK,0.4
APP-01424,BM-001,Status Quo Bias,MODEL_APPLIED_FROM_CALIBRATED_FRAMEWORK,0.4
APP-01427,BM-029,Uncertainty / Ambiguity Aversion,MODEL_APPLIED_FROM_CALIBRATED_FRAMEWORK,0.4
APP-01427,BM-001,Status Quo Bias,MODEL_APPLIED_FROM_CALIBRATED_FRAMEWORK,0.4
APP-01419,BM-011,Reciprocity,MODEL_APPLIED_FROM_CALIBRATED_FRAMEWORK,0.4
APP-01424,BM-029,Uncertainty / Ambiguity Aversion,MODEL_APPLIED_FROM_CALIBRATED_FRAMEWORK,0.4
APP-01424,BM-002,Loss Aversion,MODEL_APPLIED_FROM_CALIBRATED_FRAMEWORK,0.4
APP-01441,BM-029,Uncertainty / Ambiguity Aversion,MODEL_APPLIED_FROM_CALIBRATED_FRAMEWORK,0.4
APP-01441,BM-006,Friction,MODEL_APPLIED_FROM_CALIBRATED_FRAMEWORK,0.55
APP-01446,BM-023,Goal Gradient,MODEL_APPLIED_FROM_CALIBRATED_FRAMEWORK,0.4
APP-01446,BM-011,Reciprocity,MODEL_APPLIED_FROM_CALIBRATED_FRAMEWORK,0.4
APP-01448,BM-001,Status Quo Bias,MODEL_APPLIED_FROM_CALIBRATED_FRAMEWORK,0.55
APP-01448,BM-014,Confirmation Bias,MODEL_APPLIED_FROM_CALIBRATED_FRAMEWORK,0.4
APP-01440,BM-001,Status Quo Bias,MODEL_APPLIED_FROM_CALIBRATED_FRAMEWORK,0.4
APP-01436,BM-001,Status Quo Bias,MODEL_APPLIED_FROM_CALIBRATED_FRAMEWORK,0.4
APP-01439,BM-006,Friction,MODEL_APPLIED_FROM_CALIBRATED_FRAMEWORK,0.4
APP-01440,BM-023,Goal Gradient,MODEL_APPLIED_FROM_CALIBRATED_FRAMEWORK,0.4
APP-01452,BM-006,Friction,MODEL_APPLIED_FROM_CALIBRATED_FRAMEWORK,0.55
APP-01454,BM-020,Commitment / Consistency,MODEL_APPLIED_FROM_CALIBRATED_FRAMEWORK,0.4
APP-01456,BM-006,Friction,MODEL_APPLIED_FROM_CALIBRATED_FRAMEWORK,0.4
APP-01451,BM-029,Uncertainty / Ambiguity Aversion,MODEL_APPLIED_FROM_CALIBRATED_FRAMEWORK,0.4
APP-01451,BM-023,Goal Gradient,MODEL_APPLIED_FROM_CALIBRATED_FRAMEWORK,0.4
APP-01449,BM-006,Friction,MODEL_APPLIED_FROM_CALIBRATED_FRAMEWORK,0.55
APP-01449,BM-002,Loss Aversion,MODEL_APPLIED_FROM_CALIBRATED_FRAMEWORK,0.4
APP-01451,BM-001,Status Quo Bias,MODEL_APPLIED_FROM_CALIBRATED_FRAMEWORK,0.4
APP-01460,BM-029,Uncertainty / Ambiguity Aversion,MODEL_APPLIED_FROM_CALIBRATED_FRAMEWORK,0.4
APP-01460,BM-023,Goal Gradient,MODEL_APPLIED_FROM_CALIBRATED_FRAMEWORK,0.4
APP-01460,BM-001,Status Quo Bias,MODEL_APPLIED_FROM_CALIBRATED_FRAMEWORK,0.4
APP-01458,BM-023,Goal Gradient,MODEL_APPLIED_FROM_CALIBRATED_FRAMEWORK,0.4
APP-01458,BM-029,Uncertainty / Ambiguity Aversion,MODEL_APPLIED_FROM_CALIBRATED_FRAMEWORK,0.4
APP-01458,BM-001,Status Quo Bias,MODEL_APPLIED_FROM_CALIBRATED_FRAMEWORK,0.4
APP-01459,BM-029,Uncertainty / Ambiguity Aversion,MODEL_APPLIED_FROM_CALIBRATED_FRAMEWORK,0.4
APP-01456,BM-023,Goal Gradient,MODEL_APPLIED_FROM_CALIBRATED_FRAMEWORK,0.4
APP-01471,BM-006,Friction,MODEL_APPLIED_FROM_CALIBRATED_FRAMEWORK,0.55
APP-01470,BM-023,Goal Gradient,MODEL_APPLIED_FROM_CALIBRATED_FRAMEWORK,0.4
APP-01471,BM-011,Reciprocity,MODEL_APPLIED_FROM_CALIBRATED_FRAMEWORK,0.4
APP-01465,BM-018,Identity Signaling,MODEL_APPLIED_FROM_CALIBRATED_FRAMEWORK,0.4
APP-01465,BM-020,Commitment / Consistency,MODEL_APPLIED_FROM_CALIBRATED_FRAMEWORK,0.4
APP-01467,BM-011,Reciprocity,MODEL_APPLIED_FROM_CALIBRATED_FRAMEWORK,0.4
APP-01467,BM-020,Commitment / Consistency,MODEL_APPLIED_FROM_CALIBRATED_FRAMEWORK,0.4
APP-01468,BM-023,Goal Gradient,MODEL_APPLIED_FROM_CALIBRATED_FRAMEWORK,0.4
APP-01462,BM-014,Confirmation Bias,MODEL_APPLIED_FROM_CALIBRATED_FRAMEWORK,0.4
APP-01484,BM-001,Status Quo Bias,MODEL_APPLIED_FROM_CALIBRATED_FRAMEWORK,0.4
APP-01484,BM-002,Loss Aversion,MODEL_APPLIED_FROM_CALIBRATED_FRAMEWORK,0.4
APP-01485,BM-011,Reciprocity,MODEL_APPLIED_FROM_CALIBRATED_FRAMEWORK,0.4
APP-01485,BM-018,Identity Signaling,MODEL_APPLIED_FROM_CALIBRATED_FRAMEWORK,0.4
APP-01483,BM-001,Status Quo Bias,MODEL_APPLIED_FROM_CALIBRATED_FRAMEWORK,0.4
APP-01483,BM-029,Uncertainty / Ambiguity Aversion,MODEL_APPLIED_FROM_CALIBRATED_FRAMEWORK,0.4
APP-01484,BM-029,Uncertainty / Ambiguity Aversion,MODEL_APPLIED_FROM_CALIBRATED_FRAMEWORK,0.4
APP-01474,BM-011,Reciprocity,MODEL_APPLIED_FROM_CALIBRATED_FRAMEWORK,0.4
APP-01474,BM-018,Identity Signaling,MODEL_APPLIED_FROM_CALIBRATED_FRAMEWORK,0.4
APP-01478,BM-014,Confirmation Bias,MODEL_APPLIED_FROM_CALIBRATED_FRAMEWORK,0.4
APP-01472,BM-014,Confirmation Bias,MODEL_APPLIED_FROM_CALIBRATED_FRAMEWORK,0.4
APP-01473,BM-001,Status Quo Bias,MODEL_APPLIED_FROM_CALIBRATED_FRAMEWORK,0.4
APP-01473,BM-029,Uncertainty / Ambiguity Aversion,MODEL_APPLIED_FROM_CALIBRATED_FRAMEWORK,0.4
APP-01495,BM-018,Identity Signaling,MODEL_APPLIED_FROM_CALIBRATED_FRAMEWORK,0.4
APP-01495,BM-011,Reciprocity,MODEL_APPLIED_FROM_CALIBRATED_FRAMEWORK,0.4
APP-01496,BM-005,Choice Overload,MODEL_APPLIED_FROM_CALIBRATED_FRAMEWORK,0.4
APP-01499,BM-018,Identity Signaling,MODEL_APPLIED_FROM_CALIBRATED_FRAMEWORK,0.4
APP-01489,BM-006,Friction,MODEL_APPLIED_FROM_CALIBRATED_FRAMEWORK,0.55
APP-01489,BM-011,Reciprocity,MODEL_APPLIED_FROM_CALIBRATED_FRAMEWORK,0.4
APP-01492,BM-006,Friction,MODEL_APPLIED_FROM_CALIBRATED_FRAMEWORK,0.4
APP-01495,BM-020,Commitment / Consistency,MODEL_APPLIED_FROM_CALIBRATED_FRAMEWORK,0.4
APP-01487,BM-023,Goal Gradient,MODEL_APPLIED_FROM_CALIBRATED_FRAMEWORK,0.4
APP-01511,BM-011,Reciprocity,MODEL_APPLIED_FROM_CALIBRATED_FRAMEWORK,0.4
APP-01511,BM-018,Identity Signaling,MODEL_APPLIED_FROM_CALIBRATED_FRAMEWORK,0.4
APP-01518,BM-005,Choice Overload,MODEL_APPLIED_FROM_CALIBRATED_FRAMEWORK,0.4
APP-01518,BM-029,Uncertainty / Ambiguity Aversion,MODEL_APPLIED_FROM_CALIBRATED_FRAMEWORK,0.4
APP-01519,BM-029,Uncertainty / Ambiguity Aversion,MODEL_APPLIED_FROM_CALIBRATED_FRAMEWORK,0.4
APP-01520,BM-029,Uncertainty / Ambiguity Aversion,MODEL_APPLIED_FROM_CALIBRATED_FRAMEWORK,0.4
APP-01506,BM-006,Friction,MODEL_APPLIED_FROM_CALIBRATED_FRAMEWORK,0.4
APP-01508,BM-011,Reciprocity,MODEL_APPLIED_FROM_CALIBRATED_FRAMEWORK,0.4
APP-01505,BM-011,Reciprocity,MODEL_APPLIED_FROM_CALIBRATED_FRAMEWORK,0.4
APP-01499,BM-020,Commitment / Consistency,MODEL_APPLIED_FROM_CALIBRATED_FRAMEWORK,0.4
APP-01502,BM-006,Friction,MODEL_APPLIED_FROM_CALIBRATED_FRAMEWORK,0.55
APP-01504,BM-029,Uncertainty / Ambiguity Aversion,MODEL_APPLIED_FROM_CALIBRATED_FRAMEWORK,0.4
APP-01540,BM-029,Uncertainty / Ambiguity Aversion,MODEL_APPLIED_FROM_CALIBRATED_FRAMEWORK,0.4
APP-01541,BM-006,Friction,MODEL_APPLIED_FROM_CALIBRATED_FRAMEWORK,0.55
APP-01541,BM-011,Reciprocity,MODEL_APPLIED_FROM_CALIBRATED_FRAMEWORK,0.4
APP-01538,BM-029,Uncertainty / Ambiguity Aversion,MODEL_APPLIED_FROM_CALIBRATED_FRAMEWORK,0.4
APP-01539,BM-005,Choice Overload,MODEL_APPLIED_FROM_CALIBRATED_FRAMEWORK,0.4
APP-01521,BM-023,Goal Gradient,MODEL_APPLIED_FROM_CALIBRATED_FRAMEWORK,0.4
APP-01525,BM-002,Loss Aversion,MODEL_APPLIED_FROM_CALIBRATED_FRAMEWORK,0.4
APP-01528,BM-020,Commitment / Consistency,MODEL_APPLIED_FROM_CALIBRATED_FRAMEWORK,0.4
APP-01532,BM-011,Reciprocity,MODEL_APPLIED_FROM_CALIBRATED_FRAMEWORK,0.4
APP-01532,BM-023,Goal Gradient,MODEL_APPLIED_FROM_CALIBRATED_FRAMEWORK,0.4
APP-01536,BM-020,Commitment / Consistency,MODEL_APPLIED_FROM_CALIBRATED_FRAMEWORK,0.4
APP-01536,BM-006,Friction,MODEL_APPLIED_FROM_CALIBRATED_FRAMEWORK,0.4
APP-01558,BM-005,Choice Overload,MODEL_APPLIED_FROM_CALIBRATED_FRAMEWORK,0.4
APP-01558,BM-029,Uncertainty / Ambiguity Aversion,MODEL_APPLIED_FROM_CALIBRATED_FRAMEWORK,0.4
APP-01558,BM-020,Commitment / Consistency,MODEL_APPLIED_FROM_CALIBRATED_FRAMEWORK,0.4
APP-01560,BM-001,Status Quo Bias,MODEL_APPLIED_FROM_CALIBRATED_FRAMEWORK,0.4
APP-01560,BM-029,Uncertainty / Ambiguity Aversion,MODEL_APPLIED_FROM_CALIBRATED_FRAMEWORK,0.4
APP-01543,BM-001,Status Quo Bias,MODEL_APPLIED_FROM_CALIBRATED_FRAMEWORK,0.55
APP-01545,BM-001,Status Quo Bias,MODEL_APPLIED_FROM_CALIBRATED_FRAMEWORK,0.4
APP-01545,BM-029,Uncertainty / Ambiguity Aversion,MODEL_APPLIED_FROM_CALIBRATED_FRAMEWORK,0.4
APP-01554,BM-029,Uncertainty / Ambiguity Aversion,MODEL_APPLIED_FROM_CALIBRATED_FRAMEWORK,0.4
APP-01542,BM-029,Uncertainty / Ambiguity Aversion,MODEL_APPLIED_FROM_CALIBRATED_FRAMEWORK,0.4
APP-01543,BM-014,Confirmation Bias,MODEL_APPLIED_FROM_CALIBRATED_FRAMEWORK,0.4
APP-01570,BM-011,Reciprocity,MODEL_APPLIED_FROM_CALIBRATED_FRAMEWORK,0.4
APP-01570,BM-018,Identity Signaling,MODEL_APPLIED_FROM_CALIBRATED_FRAMEWORK,0.4
APP-01572,BM-001,Status Quo Bias,MODEL_APPLIED_FROM_CALIBRATED_FRAMEWORK,0.4
APP-01573,BM-002,Loss Aversion,MODEL_APPLIED_FROM_CALIBRATED_FRAMEWORK,0.4
APP-01573,BM-001,Status Quo Bias,MODEL_APPLIED_FROM_CALIBRATED_FRAMEWORK,0.4
APP-01574,BM-001,Status Quo Bias,MODEL_APPLIED_FROM_CALIBRATED_FRAMEWORK,0.4
APP-01566,BM-011,Reciprocity,MODEL_APPLIED_FROM_CALIBRATED_FRAMEWORK,0.4
APP-01569,BM-018,Identity Signaling,MODEL_APPLIED_FROM_CALIBRATED_FRAMEWORK,0.4
APP-01569,BM-020,Commitment / Consistency,MODEL_APPLIED_FROM_CALIBRATED_FRAMEWORK,0.4
APP-01562,BM-029,Uncertainty / Ambiguity Aversion,MODEL_APPLIED_FROM_CALIBRATED_FRAMEWORK,0.4
APP-01587,BM-023,Goal Gradient,MODEL_APPLIED_FROM_CALIBRATED_FRAMEWORK,0.4
APP-01587,BM-001,Status Quo Bias,MODEL_APPLIED_FROM_CALIBRATED_FRAMEWORK,0.4
APP-01588,BM-023,Goal Gradient,MODEL_APPLIED_FROM_CALIBRATED_FRAMEWORK,0.4
APP-01582,BM-006,Friction,MODEL_APPLIED_FROM_CALIBRATED_FRAMEWORK,0.55
APP-01584,BM-029,Uncertainty / Ambiguity Aversion,MODEL_APPLIED_FROM_CALIBRATED_FRAMEWORK,0.4
APP-01585,BM-029,Uncertainty / Ambiguity Aversion,MODEL_APPLIED_FROM_CALIBRATED_FRAMEWORK,0.4
APP-01585,BM-023,Goal Gradient,MODEL_APPLIED_FROM_CALIBRATED_FRAMEWORK,0.4
APP-01576,BM-020,Commitment / Consistency,MODEL_APPLIED_FROM_CALIBRATED_FRAMEWORK,0.4
APP-01576,BM-011,Reciprocity,MODEL_APPLIED_FROM_CALIBRATED_FRAMEWORK,0.4
APP-01576,BM-018,Identity Signaling,MODEL_APPLIED_FROM_CALIBRATED_FRAMEWORK,0.4
APP-01577,BM-006,Friction,MODEL_APPLIED_FROM_CALIBRATED_FRAMEWORK,0.4
APP-01582,BM-029,Uncertainty / Ambiguity Aversion,MODEL_APPLIED_FROM_CALIBRATED_FRAMEWORK,0.4
APP-01602,BM-001,Status Quo Bias,MODEL_APPLIED_FROM_CALIBRATED_FRAMEWORK,0.55
APP-01602,BM-014,Confirmation Bias,MODEL_APPLIED_FROM_CALIBRATED_FRAMEWORK,0.4
APP-01600,BM-020,Commitment / Consistency,MODEL_APPLIED_FROM_CALIBRATED_FRAMEWORK,0.4
APP-01593,BM-006,Friction,MODEL_APPLIED_FROM_CALIBRATED_FRAMEWORK,0.55
APP-01594,BM-002,Loss Aversion,MODEL_APPLIED_FROM_CALIBRATED_FRAMEWORK,0.4
APP-01597,BM-001,Status Quo Bias,MODEL_APPLIED_FROM_CALIBRATED_FRAMEWORK,0.4
APP-01598,BM-029,Uncertainty / Ambiguity Aversion,MODEL_APPLIED_FROM_CALIBRATED_FRAMEWORK,0.4
APP-01592,BM-002,Loss Aversion,MODEL_APPLIED_FROM_CALIBRATED_FRAMEWORK,0.4
APP-01613,BM-001,Status Quo Bias,MODEL_APPLIED_FROM_CALIBRATED_FRAMEWORK,0.55
APP-01613,BM-014,Confirmation Bias,MODEL_APPLIED_FROM_CALIBRATED_FRAMEWORK,0.4
APP-01610,BM-023,Goal Gradient,MODEL_APPLIED_FROM_CALIBRATED_FRAMEWORK,0.4
APP-01610,BM-001,Status Quo Bias,MODEL_APPLIED_FROM_CALIBRATED_FRAMEWORK,0.4
APP-01611,BM-006,Friction,MODEL_APPLIED_FROM_CALIBRATED_FRAMEWORK,0.4
APP-01612,BM-011,Reciprocity,MODEL_APPLIED_FROM_CALIBRATED_FRAMEWORK,0.4
APP-01607,BM-006,Friction,MODEL_APPLIED_FROM_CALIBRATED_FRAMEWORK,0.4
APP-01610,BM-029,Uncertainty / Ambiguity Aversion,MODEL_APPLIED_FROM_CALIBRATED_FRAMEWORK,0.4
APP-01628,BM-002,Loss Aversion,MODEL_APPLIED_FROM_CALIBRATED_FRAMEWORK,0.4
APP-01628,BM-001,Status Quo Bias,MODEL_APPLIED_FROM_CALIBRATED_FRAMEWORK,0.4
APP-01629,BM-020,Commitment / Consistency,MODEL_APPLIED_FROM_CALIBRATED_FRAMEWORK,0.4
APP-01629,BM-018,Identity Signaling,MODEL_APPLIED_FROM_CALIBRATED_FRAMEWORK,0.4
APP-01622,BM-020,Commitment / Consistency,MODEL_APPLIED_FROM_CALIBRATED_FRAMEWORK,0.4
APP-01624,BM-029,Uncertainty / Ambiguity Aversion,MODEL_APPLIED_FROM_CALIBRATED_FRAMEWORK,0.4
APP-01624,BM-005,Choice Overload,MODEL_APPLIED_FROM_CALIBRATED_FRAMEWORK,0.4
APP-01625,BM-020,Commitment / Consistency,MODEL_APPLIED_FROM_CALIBRATED_FRAMEWORK,0.4
APP-01628,BM-029,Uncertainty / Ambiguity Aversion,MODEL_APPLIED_FROM_CALIBRATED_FRAMEWORK,0.4
APP-01615,BM-020,Commitment / Consistency,MODEL_APPLIED_FROM_CALIBRATED_FRAMEWORK,0.4
APP-01616,BM-029,Uncertainty / Ambiguity Aversion,MODEL_APPLIED_FROM_CALIBRATED_FRAMEWORK,0.4
APP-01618,BM-023,Goal Gradient,MODEL_APPLIED_FROM_CALIBRATED_FRAMEWORK,0.4
APP-01618,BM-001,Status Quo Bias,MODEL_APPLIED_FROM_CALIBRATED_FRAMEWORK,0.4
APP-01643,BM-023,Goal Gradient,MODEL_APPLIED_FROM_CALIBRATED_FRAMEWORK,0.4
APP-01644,BM-011,Reciprocity,MODEL_APPLIED_FROM_CALIBRATED_FRAMEWORK,0.4
APP-01645,BM-011,Reciprocity,MODEL_APPLIED_FROM_CALIBRATED_FRAMEWORK,0.4
APP-01647,BM-001,Status Quo Bias,MODEL_APPLIED_FROM_CALIBRATED_FRAMEWORK,0.55
APP-01647,BM-014,Confirmation Bias,MODEL_APPLIED_FROM_CALIBRATED_FRAMEWORK,0.4
APP-01638,BM-029,Uncertainty / Ambiguity Aversion,MODEL_APPLIED_FROM_CALIBRATED_FRAMEWORK,0.4
APP-01638,BM-002,Loss Aversion,MODEL_APPLIED_FROM_CALIBRATED_FRAMEWORK,0.4
APP-01639,BM-002,Loss Aversion,MODEL_APPLIED_FROM_CALIBRATED_FRAMEWORK,0.4
APP-01642,BM-011,Reciprocity,MODEL_APPLIED_FROM_CALIBRATED_FRAMEWORK,0.4
APP-01634,BM-006,Friction,MODEL_APPLIED_FROM_CALIBRATED_FRAMEWORK,0.4
APP-01635,BM-001,Status Quo Bias,MODEL_APPLIED_FROM_CALIBRATED_FRAMEWORK,0.4
APP-01635,BM-023,Goal Gradient,MODEL_APPLIED_FROM_CALIBRATED_FRAMEWORK,0.4
APP-01630,BM-006,Friction,MODEL_APPLIED_FROM_CALIBRATED_FRAMEWORK,0.55
APP-01654,BM-006,Friction,MODEL_APPLIED_FROM_CALIBRATED_FRAMEWORK,0.55
APP-01653,BM-011,Reciprocity,MODEL_APPLIED_FROM_CALIBRATED_FRAMEWORK,0.4
APP-01653,BM-006,Friction,MODEL_APPLIED_FROM_CALIBRATED_FRAMEWORK,0.55
APP-01654,BM-029,Uncertainty / Ambiguity Aversion,MODEL_APPLIED_FROM_CALIBRATED_FRAMEWORK,0.4
APP-01651,BM-029,Uncertainty / Ambiguity Aversion,MODEL_APPLIED_FROM_CALIBRATED_FRAMEWORK,0.4
APP-01647,BM-002,Loss Aversion,MODEL_APPLIED_FROM_CALIBRATED_FRAMEWORK,0.4
APP-01649,BM-023,Goal Gradient,MODEL_APPLIED_FROM_CALIBRATED_FRAMEWORK,0.4
APP-01650,BM-029,Uncertainty / Ambiguity Aversion,MODEL_APPLIED_FROM_CALIBRATED_FRAMEWORK,0.4
APP-01672,BM-029,Uncertainty / Ambiguity Aversion,MODEL_APPLIED_FROM_CALIBRATED_FRAMEWORK,0.4
APP-01674,BM-029,Uncertainty / Ambiguity Aversion,MODEL_APPLIED_FROM_CALIBRATED_FRAMEWORK,0.4
APP-01674,BM-001,Status Quo Bias,MODEL_APPLIED_FROM_CALIBRATED_FRAMEWORK,0.4
APP-01674,BM-002,Loss Aversion,MODEL_APPLIED_FROM_CALIBRATED_FRAMEWORK,0.4
APP-01666,BM-006,Friction,MODEL_APPLIED_FROM_CALIBRATED_FRAMEWORK,0.4
APP-01657,BM-018,Identity Signaling,MODEL_APPLIED_FROM_CALIBRATED_FRAMEWORK,0.4
APP-01662,BM-029,Uncertainty / Ambiguity Aversion,MODEL_APPLIED_FROM_CALIBRATED_FRAMEWORK,0.4
APP-01662,BM-002,Loss Aversion,MODEL_APPLIED_FROM_CALIBRATED_FRAMEWORK,0.4
APP-01654,BM-002,Loss Aversion,MODEL_APPLIED_FROM_CALIBRATED_FRAMEWORK,0.4
APP-01655,BM-006,Friction,MODEL_APPLIED_FROM_CALIBRATED_FRAMEWORK,0.4
APP-01655,BM-020,Commitment / Consistency,MODEL_APPLIED_FROM_CALIBRATED_FRAMEWORK,0.4
APP-01687,BM-001,Status Quo Bias,MODEL_APPLIED_FROM_CALIBRATED_FRAMEWORK,0.4
APP-01688,BM-005,Choice Overload,MODEL_APPLIED_FROM_CALIBRATED_FRAMEWORK,0.4
APP-01689,BM-006,Friction,MODEL_APPLIED_FROM_CALIBRATED_FRAMEWORK,0.55
APP-01689,BM-029,Uncertainty / Ambiguity Aversion,MODEL_APPLIED_FROM_CALIBRATED_FRAMEWORK,0.4
APP-01686,BM-006,Friction,MODEL_APPLIED_FROM_CALIBRATED_FRAMEWORK,0.4
APP-01686,BM-023,Goal Gradient,MODEL_APPLIED_FROM_CALIBRATED_FRAMEWORK,0.4
APP-01687,BM-023,Goal Gradient,MODEL_APPLIED_FROM_CALIBRATED_FRAMEWORK,0.4
APP-01676,BM-029,Uncertainty / Ambiguity Aversion,MODEL_APPLIED_FROM_CALIBRATED_FRAMEWORK,0.4
APP-01677,BM-005,Choice Overload,MODEL_APPLIED_FROM_CALIBRATED_FRAMEWORK,0.4
APP-01680,BM-029,Uncertainty / Ambiguity Aversion,MODEL_APPLIED_FROM_CALIBRATED_FRAMEWORK,0.4
APP-01684,BM-011,Reciprocity,MODEL_APPLIED_FROM_CALIBRATED_FRAMEWORK,0.4
APP-01685,BM-011,Reciprocity,MODEL_APPLIED_FROM_CALIBRATED_FRAMEWORK,0.4
APP-01675,BM-029,Uncertainty / Ambiguity Aversion,MODEL_APPLIED_FROM_CALIBRATED_FRAMEWORK,0.4
APP-01676,BM-002,Loss Aversion,MODEL_APPLIED_FROM_CALIBRATED_FRAMEWORK,0.4
APP-01698,BM-001,Status Quo Bias,MODEL_APPLIED_FROM_CALIBRATED_FRAMEWORK,0.4
APP-01696,BM-029,Uncertainty / Ambiguity Aversion,MODEL_APPLIED_FROM_CALIBRATED_FRAMEWORK,0.4
APP-01696,BM-006,Friction,MODEL_APPLIED_FROM_CALIBRATED_FRAMEWORK,0.55
APP-01698,BM-029,Uncertainty / Ambiguity Aversion,MODEL_APPLIED_FROM_CALIBRATED_FRAMEWORK,0.4
APP-01692,BM-023,Goal Gradient,MODEL_APPLIED_FROM_CALIBRATED_FRAMEWORK,0.4
APP-01693,BM-029,Uncertainty / Ambiguity Aversion,MODEL_APPLIED_FROM_CALIBRATED_FRAMEWORK,0.4
APP-01718,BM-001,Status Quo Bias,MODEL_APPLIED_FROM_CALIBRATED_FRAMEWORK,0.4
APP-01718,BM-029,Uncertainty / Ambiguity Aversion,MODEL_APPLIED_FROM_CALIBRATED_FRAMEWORK,0.4
APP-01719,BM-011,Reciprocity,MODEL_APPLIED_FROM_CALIBRATED_FRAMEWORK,0.4
APP-01719,BM-023,Goal Gradient,MODEL_APPLIED_FROM_CALIBRATED_FRAMEWORK,0.4
APP-01720,BM-023,Goal Gradient,MODEL_APPLIED_FROM_CALIBRATED_FRAMEWORK,0.4
APP-01709,BM-023,Goal Gradient,MODEL_APPLIED_FROM_CALIBRATED_FRAMEWORK,0.4
APP-01710,BM-023,Goal Gradient,MODEL_APPLIED_FROM_CALIBRATED_FRAMEWORK,0.4
APP-01714,BM-006,Friction,MODEL_APPLIED_FROM_CALIBRATED_FRAMEWORK,0.4
APP-01716,BM-023,Goal Gradient,MODEL_APPLIED_FROM_CALIBRATED_FRAMEWORK,0.4
APP-01717,BM-020,Commitment / Consistency,MODEL_APPLIED_FROM_CALIBRATED_FRAMEWORK,0.4
APP-01704,BM-001,Status Quo Bias,MODEL_APPLIED_FROM_CALIBRATED_FRAMEWORK,0.4
APP-01704,BM-029,Uncertainty / Ambiguity Aversion,MODEL_APPLIED_FROM_CALIBRATED_FRAMEWORK,0.4
APP-01704,BM-023,Goal Gradient,MODEL_APPLIED_FROM_CALIBRATED_FRAMEWORK,0.4
APP-01705,BM-023,Goal Gradient,MODEL_APPLIED_FROM_CALIBRATED_FRAMEWORK,0.4
APP-01726,BM-006,Friction,MODEL_APPLIED_FROM_CALIBRATED_FRAMEWORK,0.55
APP-01721,BM-029,Uncertainty / Ambiguity Aversion,MODEL_APPLIED_FROM_CALIBRATED_FRAMEWORK,0.4
APP-01721,BM-023,Goal Gradient,MODEL_APPLIED_FROM_CALIBRATED_FRAMEWORK,0.4
APP-01721,BM-001,Status Quo Bias,MODEL_APPLIED_FROM_CALIBRATED_FRAMEWORK,0.4
APP-01722,BM-029,Uncertainty / Ambiguity Aversion,MODEL_APPLIED_FROM_CALIBRATED_FRAMEWORK,0.4
APP-01737,BM-001,Status Quo Bias,MODEL_APPLIED_FROM_CALIBRATED_FRAMEWORK,0.55
APP-01737,BM-014,Confirmation Bias,MODEL_APPLIED_FROM_CALIBRATED_FRAMEWORK,0.4
APP-01734,BM-006,Friction,MODEL_APPLIED_FROM_CALIBRATED_FRAMEWORK,0.55
APP-01735,BM-020,Commitment / Consistency,MODEL_APPLIED_FROM_CALIBRATED_FRAMEWORK,0.4
APP-01730,BM-023,Goal Gradient,MODEL_APPLIED_FROM_CALIBRATED_FRAMEWORK,0.4
APP-01730,BM-002,Loss Aversion,MODEL_APPLIED_FROM_CALIBRATED_FRAMEWORK,0.4
APP-01750,BM-011,Reciprocity,MODEL_APPLIED_FROM_CALIBRATED_FRAMEWORK,0.4
APP-01751,BM-023,Goal Gradient,MODEL_APPLIED_FROM_CALIBRATED_FRAMEWORK,0.4
APP-01751,BM-006,Friction,MODEL_APPLIED_FROM_CALIBRATED_FRAMEWORK,0.4
APP-01752,BM-029,Uncertainty / Ambiguity Aversion,MODEL_APPLIED_FROM_CALIBRATED_FRAMEWORK,0.4
APP-01747,BM-001,Status Quo Bias,MODEL_APPLIED_FROM_CALIBRATED_FRAMEWORK,0.4
APP-01747,BM-002,Loss Aversion,MODEL_APPLIED_FROM_CALIBRATED_FRAMEWORK,0.4
APP-01745,BM-011,Reciprocity,MODEL_APPLIED_FROM_CALIBRATED_FRAMEWORK,0.4
APP-01746,BM-006,Friction,MODEL_APPLIED_FROM_CALIBRATED_FRAMEWORK,0.55
APP-01742,BM-020,Commitment / Consistency,MODEL_APPLIED_FROM_CALIBRATED_FRAMEWORK,0.4
APP-01742,BM-018,Identity Signaling,MODEL_APPLIED_FROM_CALIBRATED_FRAMEWORK,0.4
APP-01744,BM-005,Choice Overload,MODEL_APPLIED_FROM_CALIBRATED_FRAMEWORK,0.4
APP-01761,BM-020,Commitment / Consistency,MODEL_APPLIED_FROM_CALIBRATED_FRAMEWORK,0.4
APP-01769,BM-005,Choice Overload,MODEL_APPLIED_FROM_CALIBRATED_FRAMEWORK,0.4
APP-01770,BM-006,Friction,MODEL_APPLIED_FROM_CALIBRATED_FRAMEWORK,0.4
APP-01757,BM-006,Friction,MODEL_APPLIED_FROM_CALIBRATED_FRAMEWORK,0.4
APP-01759,BM-029,Uncertainty / Ambiguity Aversion,MODEL_APPLIED_FROM_CALIBRATED_FRAMEWORK,0.4
APP-01759,BM-002,Loss Aversion,MODEL_APPLIED_FROM_CALIBRATED_FRAMEWORK,0.4
APP-01760,BM-001,Status Quo Bias,MODEL_APPLIED_FROM_CALIBRATED_FRAMEWORK,0.4
APP-01756,BM-005,Choice Overload,MODEL_APPLIED_FROM_CALIBRATED_FRAMEWORK,0.4
APP-01757,BM-023,Goal Gradient,MODEL_APPLIED_FROM_CALIBRATED_FRAMEWORK,0.4
APP-01752,BM-023,Goal Gradient,MODEL_APPLIED_FROM_CALIBRATED_FRAMEWORK,0.4
APP-01752,BM-001,Status Quo Bias,MODEL_APPLIED_FROM_CALIBRATED_FRAMEWORK,0.4
APP-01754,BM-006,Friction,MODEL_APPLIED_FROM_CALIBRATED_FRAMEWORK,0.4
APP-01754,BM-020,Commitment / Consistency,MODEL_APPLIED_FROM_CALIBRATED_FRAMEWORK,0.4
APP-01756,BM-029,Uncertainty / Ambiguity Aversion,MODEL_APPLIED_FROM_CALIBRATED_FRAMEWORK,0.4
APP-01776,BM-023,Goal Gradient,MODEL_APPLIED_FROM_CALIBRATED_FRAMEWORK,0.4
APP-01776,BM-001,Status Quo Bias,MODEL_APPLIED_FROM_CALIBRATED_FRAMEWORK,0.4
APP-01775,BM-001,Status Quo Bias,MODEL_APPLIED_FROM_CALIBRATED_FRAMEWORK,0.55
APP-01775,BM-014,Confirmation Bias,MODEL_APPLIED_FROM_CALIBRATED_FRAMEWORK,0.4
APP-01776,BM-029,Uncertainty / Ambiguity Aversion,MODEL_APPLIED_FROM_CALIBRATED_FRAMEWORK,0.4
APP-01771,BM-001,Status Quo Bias,MODEL_APPLIED_FROM_CALIBRATED_FRAMEWORK,0.4
APP-01773,BM-020,Commitment / Consistency,MODEL_APPLIED_FROM_CALIBRATED_FRAMEWORK,0.4
APP-01771,BM-029,Uncertainty / Ambiguity Aversion,MODEL_APPLIED_FROM_CALIBRATED_FRAMEWORK,0.4
APP-01789,BM-018,Identity Signaling,MODEL_APPLIED_FROM_CALIBRATED_FRAMEWORK,0.4
APP-01790,BM-011,Reciprocity,MODEL_APPLIED_FROM_CALIBRATED_FRAMEWORK,0.4
APP-01794,BM-029,Uncertainty / Ambiguity Aversion,MODEL_APPLIED_FROM_CALIBRATED_FRAMEWORK,0.4
APP-01786,BM-002,Loss Aversion,MODEL_APPLIED_FROM_CALIBRATED_FRAMEWORK,0.4
APP-01788,BM-001,Status Quo Bias,MODEL_APPLIED_FROM_CALIBRATED_FRAMEWORK,0.4
APP-01788,BM-029,Uncertainty / Ambiguity Aversion,MODEL_APPLIED_FROM_CALIBRATED_FRAMEWORK,0.4
APP-01783,BM-020,Commitment / Consistency,MODEL_APPLIED_FROM_CALIBRATED_FRAMEWORK,0.4
APP-01786,BM-029,Uncertainty / Ambiguity Aversion,MODEL_APPLIED_FROM_CALIBRATED_FRAMEWORK,0.4
APP-01786,BM-001,Status Quo Bias,MODEL_APPLIED_FROM_CALIBRATED_FRAMEWORK,0.4
APP-01778,BM-006,Friction,MODEL_APPLIED_FROM_CALIBRATED_FRAMEWORK,0.4
APP-01780,BM-023,Goal Gradient,MODEL_APPLIED_FROM_CALIBRATED_FRAMEWORK,0.4
APP-01782,BM-011,Reciprocity,MODEL_APPLIED_FROM_CALIBRATED_FRAMEWORK,0.4
APP-01782,BM-002,Loss Aversion,MODEL_APPLIED_FROM_CALIBRATED_FRAMEWORK,0.4
APP-00055,BM-006,Friction,MODEL_APPLIED_FROM_CALIBRATED_FRAMEWORK,0.55
APP-00055,BM-002,Loss Aversion,MODEL_APPLIED_FROM_CALIBRATED_FRAMEWORK,0.4
APP-00053,BM-014,Confirmation Bias,MODEL_APPLIED_FROM_CALIBRATED_FRAMEWORK,0.4
APP-00048,BM-002,Loss Aversion,MODEL_APPLIED_FROM_CALIBRATED_FRAMEWORK,0.4
APP-00050,BM-020,Commitment / Consistency,MODEL_APPLIED_FROM_CALIBRATED_FRAMEWORK,0.4
APP-00050,BM-006,Friction,MODEL_APPLIED_FROM_CALIBRATED_FRAMEWORK,0.4
APP-00051,BM-029,Uncertainty / Ambiguity Aversion,MODEL_APPLIED_FROM_CALIBRATED_FRAMEWORK,0.4
APP-00047,BM-005,Choice Overload,MODEL_APPLIED_FROM_CALIBRATED_FRAMEWORK,0.4
APP-00047,BM-029,Uncertainty / Ambiguity Aversion,MODEL_APPLIED_FROM_CALIBRATED_FRAMEWORK,0.4
APP-01798,BM-001,Status Quo Bias,MODEL_APPLIED_FROM_CALIBRATED_FRAMEWORK,0.4
APP-01798,BM-029,Uncertainty / Ambiguity Aversion,MODEL_APPLIED_FROM_CALIBRATED_FRAMEWORK,0.4
APP-01800,BM-011,Reciprocity,MODEL_APPLIED_FROM_CALIBRATED_FRAMEWORK,0.4
APP-01804,BM-011,Reciprocity,MODEL_APPLIED_FROM_CALIBRATED_FRAMEWORK,0.4
APP-01795,BM-001,Status Quo Bias,MODEL_APPLIED_FROM_CALIBRATED_FRAMEWORK,0.4
APP-01794,BM-001,Status Quo Bias,MODEL_APPLIED_FROM_CALIBRATED_FRAMEWORK,0.4
APP-01795,BM-029,Uncertainty / Ambiguity Aversion,MODEL_APPLIED_FROM_CALIBRATED_FRAMEWORK,0.4
APP-01794,BM-023,Goal Gradient,MODEL_APPLIED_FROM_CALIBRATED_FRAMEWORK,0.4
APP-01822,BM-001,Status Quo Bias,MODEL_APPLIED_FROM_CALIBRATED_FRAMEWORK,0.55
APP-01826,BM-001,Status Quo Bias,MODEL_APPLIED_FROM_CALIBRATED_FRAMEWORK,0.4
APP-01826,BM-029,Uncertainty / Ambiguity Aversion,MODEL_APPLIED_FROM_CALIBRATED_FRAMEWORK,0.4
APP-01827,BM-029,Uncertainty / Ambiguity Aversion,MODEL_APPLIED_FROM_CALIBRATED_FRAMEWORK,0.4
APP-01827,BM-005,Choice Overload,MODEL_APPLIED_FROM_CALIBRATED_FRAMEWORK,0.4
APP-01816,BM-020,Commitment / Consistency,MODEL_APPLIED_FROM_CALIBRATED_FRAMEWORK,0.4
APP-01817,BM-029,Uncertainty / Ambiguity Aversion,MODEL_APPLIED_FROM_CALIBRATED_FRAMEWORK,0.4
APP-01822,BM-014,Confirmation Bias,MODEL_APPLIED_FROM_CALIBRATED_FRAMEWORK,0.4
APP-01811,BM-020,Commitment / Consistency,MODEL_APPLIED_FROM_CALIBRATED_FRAMEWORK,0.4
APP-01812,BM-023,Goal Gradient,MODEL_APPLIED_FROM_CALIBRATED_FRAMEWORK,0.4
APP-01804,BM-023,Goal Gradient,MODEL_APPLIED_FROM_CALIBRATED_FRAMEWORK,0.4
APP-01806,BM-002,Loss Aversion,MODEL_APPLIED_FROM_CALIBRATED_FRAMEWORK,0.4
APP-01808,BM-020,Commitment / Consistency,MODEL_APPLIED_FROM_CALIBRATED_FRAMEWORK,0.4
APP-01808,BM-018,Identity Signaling,MODEL_APPLIED_FROM_CALIBRATED_FRAMEWORK,0.4
APP-01809,BM-029,Uncertainty / Ambiguity Aversion,MODEL_APPLIED_FROM_CALIBRATED_FRAMEWORK,0.4
APP-01834,BM-029,Uncertainty / Ambiguity Aversion,MODEL_APPLIED_FROM_CALIBRATED_FRAMEWORK,0.4
APP-01836,BM-023,Goal Gradient,MODEL_APPLIED_FROM_CALIBRATED_FRAMEWORK,0.4
APP-01838,BM-006,Friction,MODEL_APPLIED_FROM_CALIBRATED_FRAMEWORK,0.4
APP-01838,BM-023,Goal Gradient,MODEL_APPLIED_FROM_CALIBRATED_FRAMEWORK,0.4
APP-01831,BM-029,Uncertainty / Ambiguity Aversion,MODEL_APPLIED_FROM_CALIBRATED_FRAMEWORK,0.4
APP-01831,BM-002,Loss Aversion,MODEL_APPLIED_FROM_CALIBRATED_FRAMEWORK,0.4
APP-01828,BM-023,Goal Gradient,MODEL_APPLIED_FROM_CALIBRATED_FRAMEWORK,0.4
APP-01828,BM-001,Status Quo Bias,MODEL_APPLIED_FROM_CALIBRATED_FRAMEWORK,0.4
APP-01829,BM-002,Loss Aversion,MODEL_APPLIED_FROM_CALIBRATED_FRAMEWORK,0.4
APP-01829,BM-029,Uncertainty / Ambiguity Aversion,MODEL_APPLIED_FROM_CALIBRATED_FRAMEWORK,0.4
APP-01828,BM-029,Uncertainty / Ambiguity Aversion,MODEL_APPLIED_FROM_CALIBRATED_FRAMEWORK,0.4
APP-01844,BM-005,Choice Overload,MODEL_APPLIED_FROM_CALIBRATED_FRAMEWORK,0.4
APP-01844,BM-029,Uncertainty / Ambiguity Aversion,MODEL_APPLIED_FROM_CALIBRATED_FRAMEWORK,0.4
APP-01845,BM-014,Confirmation Bias,MODEL_APPLIED_FROM_CALIBRATED_FRAMEWORK,0.4
APP-01842,BM-011,Reciprocity,MODEL_APPLIED_FROM_CALIBRATED_FRAMEWORK,0.4
APP-01841,BM-006,Friction,MODEL_APPLIED_FROM_CALIBRATED_FRAMEWORK,0.4
APP-01841,BM-023,Goal Gradient,MODEL_APPLIED_FROM_CALIBRATED_FRAMEWORK,0.4
APP-01859,BM-006,Friction,MODEL_APPLIED_FROM_CALIBRATED_FRAMEWORK,0.4
APP-01860,BM-001,Status Quo Bias,MODEL_APPLIED_FROM_CALIBRATED_FRAMEWORK,0.4
APP-01860,BM-029,Uncertainty / Ambiguity Aversion,MODEL_APPLIED_FROM_CALIBRATED_FRAMEWORK,0.4
APP-01852,BM-001,Status Quo Bias,MODEL_APPLIED_FROM_CALIBRATED_FRAMEWORK,0.4
APP-01853,BM-011,Reciprocity,MODEL_APPLIED_FROM_CALIBRATED_FRAMEWORK,0.4
APP-01854,BM-002,Loss Aversion,MODEL_APPLIED_FROM_CALIBRATED_FRAMEWORK,0.4
APP-01851,BM-006,Friction,MODEL_APPLIED_FROM_CALIBRATED_FRAMEWORK,0.55
APP-01851,BM-029,Uncertainty / Ambiguity Aversion,MODEL_APPLIED_FROM_CALIBRATED_FRAMEWORK,0.4
APP-01848,BM-023,Goal Gradient,MODEL_APPLIED_FROM_CALIBRATED_FRAMEWORK,0.4
APP-01848,BM-001,Status Quo Bias,MODEL_APPLIED_FROM_CALIBRATED_FRAMEWORK,0.4
APP-01870,BM-011,Reciprocity,MODEL_APPLIED_FROM_CALIBRATED_FRAMEWORK,0.4
APP-01867,BM-005,Choice Overload,MODEL_APPLIED_FROM_CALIBRATED_FRAMEWORK,0.4
APP-01869,BM-020,Commitment / Consistency,MODEL_APPLIED_FROM_CALIBRATED_FRAMEWORK,0.4
APP-01869,BM-018,Identity Signaling,MODEL_APPLIED_FROM_CALIBRATED_FRAMEWORK,0.4
APP-01867,BM-029,Uncertainty / Ambiguity Aversion,MODEL_APPLIED_FROM_CALIBRATED_FRAMEWORK,0.4
APP-01863,BM-029,Uncertainty / Ambiguity Aversion,MODEL_APPLIED_FROM_CALIBRATED_FRAMEWORK,0.4
APP-01863,BM-001,Status Quo Bias,MODEL_APPLIED_FROM_CALIBRATED_FRAMEWORK,0.4
APP-01864,BM-029,Uncertainty / Ambiguity Aversion,MODEL_APPLIED_FROM_CALIBRATED_FRAMEWORK,0.4
APP-01875,BM-029,Uncertainty / Ambiguity Aversion,MODEL_APPLIED_FROM_CALIBRATED_FRAMEWORK,0.4
APP-01879,BM-023,Goal Gradient,MODEL_APPLIED_FROM_CALIBRATED_FRAMEWORK,0.4
APP-01874,BM-029,Uncertainty / Ambiguity Aversion,MODEL_APPLIED_FROM_CALIBRATED_FRAMEWORK,0.4
APP-01874,BM-023,Goal Gradient,MODEL_APPLIED_FROM_CALIBRATED_FRAMEWORK,0.4
APP-01874,BM-001,Status Quo Bias,MODEL_APPLIED_FROM_CALIBRATED_FRAMEWORK,0.4
APP-01875,BM-002,Loss Aversion,MODEL_APPLIED_FROM_CALIBRATED_FRAMEWORK,0.4
APP-01872,BM-002,Loss Aversion,MODEL_APPLIED_FROM_CALIBRATED_FRAMEWORK,0.4
APP-01872,BM-029,Uncertainty / Ambiguity Aversion,MODEL_APPLIED_FROM_CALIBRATED_FRAMEWORK,0.4
APP-01872,BM-001,Status Quo Bias,MODEL_APPLIED_FROM_CALIBRATED_FRAMEWORK,0.4
APP-01897,BM-011,Reciprocity,MODEL_APPLIED_FROM_CALIBRATED_FRAMEWORK,0.4
APP-01902,BM-001,Status Quo Bias,MODEL_APPLIED_FROM_CALIBRATED_FRAMEWORK,0.4
APP-01902,BM-023,Goal Gradient,MODEL_APPLIED_FROM_CALIBRATED_FRAMEWORK,0.4
APP-01902,BM-029,Uncertainty / Ambiguity Aversion,MODEL_APPLIED_FROM_CALIBRATED_FRAMEWORK,0.4
APP-01913,BM-006,Friction,MODEL_APPLIED_FROM_CALIBRATED_FRAMEWORK,0.4
APP-01892,BM-029,Uncertainty / Ambiguity Aversion,MODEL_APPLIED_FROM_CALIBRATED_FRAMEWORK,0.4
APP-01893,BM-001,Status Quo Bias,MODEL_APPLIED_FROM_CALIBRATED_FRAMEWORK,0.4
APP-01895,BM-029,Uncertainty / Ambiguity Aversion,MODEL_APPLIED_FROM_CALIBRATED_FRAMEWORK,0.4
APP-01887,BM-006,Friction,MODEL_APPLIED_FROM_CALIBRATED_FRAMEWORK,0.55
APP-01890,BM-011,Reciprocity,MODEL_APPLIED_FROM_CALIBRATED_FRAMEWORK,0.4
APP-01891,BM-006,Friction,MODEL_APPLIED_FROM_CALIBRATED_FRAMEWORK,0.4
APP-01880,BM-020,Commitment / Consistency,MODEL_APPLIED_FROM_CALIBRATED_FRAMEWORK,0.4
APP-01930,BM-018,Identity Signaling,MODEL_APPLIED_FROM_CALIBRATED_FRAMEWORK,0.4
APP-01932,BM-029,Uncertainty / Ambiguity Aversion,MODEL_APPLIED_FROM_CALIBRATED_FRAMEWORK,0.4
APP-01932,BM-005,Choice Overload,MODEL_APPLIED_FROM_CALIBRATED_FRAMEWORK,0.4
APP-01925,BM-006,Friction,MODEL_APPLIED_FROM_CALIBRATED_FRAMEWORK,0.55
APP-01926,BM-029,Uncertainty / Ambiguity Aversion,MODEL_APPLIED_FROM_CALIBRATED_FRAMEWORK,0.4
APP-01930,BM-020,Commitment / Consistency,MODEL_APPLIED_FROM_CALIBRATED_FRAMEWORK,0.4
APP-01919,BM-001,Status Quo Bias,MODEL_APPLIED_FROM_CALIBRATED_FRAMEWORK,0.4
APP-01919,BM-002,Loss Aversion,MODEL_APPLIED_FROM_CALIBRATED_FRAMEWORK,0.4
APP-01919,BM-029,Uncertainty / Ambiguity Aversion,MODEL_APPLIED_FROM_CALIBRATED_FRAMEWORK,0.4
APP-01914,BM-023,Goal Gradient,MODEL_APPLIED_FROM_CALIBRATED_FRAMEWORK,0.4
APP-01915,BM-011,Reciprocity,MODEL_APPLIED_FROM_CALIBRATED_FRAMEWORK,0.4
APP-01949,BM-001,Status Quo Bias,MODEL_APPLIED_FROM_CALIBRATED_FRAMEWORK,0.55
APP-01950,BM-002,Loss Aversion,MODEL_APPLIED_FROM_CALIBRATED_FRAMEWORK,0.4
APP-01952,BM-002,Loss Aversion,MODEL_APPLIED_FROM_CALIBRATED_FRAMEWORK,0.4
APP-01952,BM-006,Friction,MODEL_APPLIED_FROM_CALIBRATED_FRAMEWORK,0.4
APP-01957,BM-020,Commitment / Consistency,MODEL_APPLIED_FROM_CALIBRATED_FRAMEWORK,0.4
APP-01949,BM-014,Confirmation Bias,MODEL_APPLIED_FROM_CALIBRATED_FRAMEWORK,0.4
APP-01943,BM-029,Uncertainty / Ambiguity Aversion,MODEL_APPLIED_FROM_CALIBRATED_FRAMEWORK,0.4
APP-01943,BM-001,Status Quo Bias,MODEL_APPLIED_FROM_CALIBRATED_FRAMEWORK,0.4
APP-01944,BM-011,Reciprocity,MODEL_APPLIED_FROM_CALIBRATED_FRAMEWORK,0.4
APP-01935,BM-006,Friction,MODEL_APPLIED_FROM_CALIBRATED_FRAMEWORK,0.4
APP-01935,BM-020,Commitment / Consistency,MODEL_APPLIED_FROM_CALIBRATED_FRAMEWORK,0.4
APP-01938,BM-029,Uncertainty / Ambiguity Aversion,MODEL_APPLIED_FROM_CALIBRATED_FRAMEWORK,0.4
APP-01942,BM-023,Goal Gradient,MODEL_APPLIED_FROM_CALIBRATED_FRAMEWORK,0.4
APP-01942,BM-001,Status Quo Bias,MODEL_APPLIED_FROM_CALIBRATED_FRAMEWORK,0.4
APP-01970,BM-001,Status Quo Bias,MODEL_APPLIED_FROM_CALIBRATED_FRAMEWORK,0.4
APP-01970,BM-023,Goal Gradient,MODEL_APPLIED_FROM_CALIBRATED_FRAMEWORK,0.4
APP-01971,BM-029,Uncertainty / Ambiguity Aversion,MODEL_APPLIED_FROM_CALIBRATED_FRAMEWORK,0.4
APP-01971,BM-006,Friction,MODEL_APPLIED_FROM_CALIBRATED_FRAMEWORK,0.55
APP-01961,BM-014,Confirmation Bias,MODEL_APPLIED_FROM_CALIBRATED_FRAMEWORK,0.4
APP-01961,BM-001,Status Quo Bias,MODEL_APPLIED_FROM_CALIBRATED_FRAMEWORK,0.55
APP-01958,BM-029,Uncertainty / Ambiguity Aversion,MODEL_APPLIED_FROM_CALIBRATED_FRAMEWORK,0.4
APP-01958,BM-002,Loss Aversion,MODEL_APPLIED_FROM_CALIBRATED_FRAMEWORK,0.4
APP-01959,BM-020,Commitment / Consistency,MODEL_APPLIED_FROM_CALIBRATED_FRAMEWORK,0.4
APP-01988,BM-006,Friction,MODEL_APPLIED_FROM_CALIBRATED_FRAMEWORK,0.55
APP-01981,BM-011,Reciprocity,MODEL_APPLIED_FROM_CALIBRATED_FRAMEWORK,0.4
APP-01985,BM-011,Reciprocity,MODEL_APPLIED_FROM_CALIBRATED_FRAMEWORK,0.4
APP-01986,BM-006,Friction,MODEL_APPLIED_FROM_CALIBRATED_FRAMEWORK,0.55
APP-01976,BM-001,Status Quo Bias,MODEL_APPLIED_FROM_CALIBRATED_FRAMEWORK,0.4
APP-01976,BM-002,Loss Aversion,MODEL_APPLIED_FROM_CALIBRATED_FRAMEWORK,0.4
APP-01979,BM-029,Uncertainty / Ambiguity Aversion,MODEL_APPLIED_FROM_CALIBRATED_FRAMEWORK,0.4
APP-01979,BM-023,Goal Gradient,MODEL_APPLIED_FROM_CALIBRATED_FRAMEWORK,0.4
APP-01973,BM-020,Commitment / Consistency,MODEL_APPLIED_FROM_CALIBRATED_FRAMEWORK,0.4
APP-01973,BM-011,Reciprocity,MODEL_APPLIED_FROM_CALIBRATED_FRAMEWORK,0.4
APP-01973,BM-018,Identity Signaling,MODEL_APPLIED_FROM_CALIBRATED_FRAMEWORK,0.4
APP-01975,BM-002,Loss Aversion,MODEL_APPLIED_FROM_CALIBRATED_FRAMEWORK,0.4
APP-02001,BM-006,Friction,MODEL_APPLIED_FROM_CALIBRATED_FRAMEWORK,0.55
APP-01995,BM-023,Goal Gradient,MODEL_APPLIED_FROM_CALIBRATED_FRAMEWORK,0.4
APP-01996,BM-011,Reciprocity,MODEL_APPLIED_FROM_CALIBRATED_FRAMEWORK,0.4
APP-01996,BM-018,Identity Signaling,MODEL_APPLIED_FROM_CALIBRATED_FRAMEWORK,0.4
APP-01996,BM-020,Commitment / Consistency,MODEL_APPLIED_FROM_CALIBRATED_FRAMEWORK,0.4
APP-01990,BM-029,Uncertainty / Ambiguity Aversion,MODEL_APPLIED_FROM_CALIBRATED_FRAMEWORK,0.4
APP-01990,BM-005,Choice Overload,MODEL_APPLIED_FROM_CALIBRATED_FRAMEWORK,0.4
APP-01994,BM-011,Reciprocity,MODEL_APPLIED_FROM_CALIBRATED_FRAMEWORK,0.4
APP-01995,BM-011,Reciprocity,MODEL_APPLIED_FROM_CALIBRATED_FRAMEWORK,0.4
APP-01988,BM-029,Uncertainty / Ambiguity Aversion,MODEL_APPLIED_FROM_CALIBRATED_FRAMEWORK,0.4
APP-02005,BM-029,Uncertainty / Ambiguity Aversion,MODEL_APPLIED_FROM_CALIBRATED_FRAMEWORK,0.4
APP-02006,BM-011,Reciprocity,MODEL_APPLIED_FROM_CALIBRATED_FRAMEWORK,0.4
APP-02008,BM-014,Confirmation Bias,MODEL_APPLIED_FROM_CALIBRATED_FRAMEWORK,0.4
APP-02009,BM-005,Choice Overload,MODEL_APPLIED_FROM_CALIBRATED_FRAMEWORK,0.4
APP-02003,BM-006,Friction,MODEL_APPLIED_FROM_CALIBRATED_FRAMEWORK,0.4
APP-02003,BM-023,Goal Gradient,MODEL_APPLIED_FROM_CALIBRATED_FRAMEWORK,0.4
APP-02004,BM-020,Commitment / Consistency,MODEL_APPLIED_FROM_CALIBRATED_FRAMEWORK,0.4
APP-02002,BM-006,Friction,MODEL_APPLIED_FROM_CALIBRATED_FRAMEWORK,0.55
APP-02002,BM-002,Loss Aversion,MODEL_APPLIED_FROM_CALIBRATED_FRAMEWORK,0.4
APP-02002,BM-029,Uncertainty / Ambiguity Aversion,MODEL_APPLIED_FROM_CALIBRATED_FRAMEWORK,0.4
APP-02019,BM-011,Reciprocity,MODEL_APPLIED_FROM_CALIBRATED_FRAMEWORK,0.4
APP-02020,BM-001,Status Quo Bias,MODEL_APPLIED_FROM_CALIBRATED_FRAMEWORK,0.55
APP-02020,BM-014,Confirmation Bias,MODEL_APPLIED_FROM_CALIBRATED_FRAMEWORK,0.4
APP-02017,BM-001,Status Quo Bias,MODEL_APPLIED_FROM_CALIBRATED_FRAMEWORK,0.4
APP-02017,BM-029,Uncertainty / Ambiguity Aversion,MODEL_APPLIED_FROM_CALIBRATED_FRAMEWORK,0.4
APP-02017,BM-023,Goal Gradient,MODEL_APPLIED_FROM_CALIBRATED_FRAMEWORK,0.4
APP-02014,BM-023,Goal Gradient,MODEL_APPLIED_FROM_CALIBRATED_FRAMEWORK,0.4
APP-02014,BM-002,Loss Aversion,MODEL_APPLIED_FROM_CALIBRATED_FRAMEWORK,0.4
APP-02011,BM-001,Status Quo Bias,MODEL_APPLIED_FROM_CALIBRATED_FRAMEWORK,0.4
APP-02011,BM-029,Uncertainty / Ambiguity Aversion,MODEL_APPLIED_FROM_CALIBRATED_FRAMEWORK,0.4
APP-02034,BM-011,Reciprocity,MODEL_APPLIED_FROM_CALIBRATED_FRAMEWORK,0.4
APP-02035,BM-020,Commitment / Consistency,MODEL_APPLIED_FROM_CALIBRATED_FRAMEWORK,0.4
APP-02035,BM-011,Reciprocity,MODEL_APPLIED_FROM_CALIBRATED_FRAMEWORK,0.4
APP-02035,BM-018,Identity Signaling,MODEL_APPLIED_FROM_CALIBRATED_FRAMEWORK,0.4
APP-02029,BM-006,Friction,MODEL_APPLIED_FROM_CALIBRATED_FRAMEWORK,0.55
APP-02031,BM-020,Commitment / Consistency,MODEL_APPLIED_FROM_CALIBRATED_FRAMEWORK,0.4
APP-02031,BM-018,Identity Signaling,MODEL_APPLIED_FROM_CALIBRATED_FRAMEWORK,0.4
APP-02032,BM-006,Friction,MODEL_APPLIED_FROM_CALIBRATED_FRAMEWORK,0.4
APP-02024,BM-011,Reciprocity,MODEL_APPLIED_FROM_CALIBRATED_FRAMEWORK,0.4
APP-02025,BM-001,Status Quo Bias,MODEL_APPLIED_FROM_CALIBRATED_FRAMEWORK,0.4
APP-02027,BM-006,Friction,MODEL_APPLIED_FROM_CALIBRATED_FRAMEWORK,0.4
APP-02048,BM-006,Friction,MODEL_APPLIED_FROM_CALIBRATED_FRAMEWORK,0.4
APP-02049,BM-002,Loss Aversion,MODEL_APPLIED_FROM_CALIBRATED_FRAMEWORK,0.4
APP-02051,BM-006,Friction,MODEL_APPLIED_FROM_CALIBRATED_FRAMEWORK,0.55
APP-02051,BM-029,Uncertainty / Ambiguity Aversion,MODEL_APPLIED_FROM_CALIBRATED_FRAMEWORK,0.4
APP-02047,BM-029,Uncertainty / Ambiguity Aversion,MODEL_APPLIED_FROM_CALIBRATED_FRAMEWORK,0.4
APP-02047,BM-001,Status Quo Bias,MODEL_APPLIED_FROM_CALIBRATED_FRAMEWORK,0.4
APP-02044,BM-006,Friction,MODEL_APPLIED_FROM_CALIBRATED_FRAMEWORK,0.55
APP-02043,BM-011,Reciprocity,MODEL_APPLIED_FROM_CALIBRATED_FRAMEWORK,0.4
APP-02061,BM-001,Status Quo Bias,MODEL_APPLIED_FROM_CALIBRATED_FRAMEWORK,0.4
APP-02061,BM-029,Uncertainty / Ambiguity Aversion,MODEL_APPLIED_FROM_CALIBRATED_FRAMEWORK,0.4
APP-02062,BM-029,Uncertainty / Ambiguity Aversion,MODEL_APPLIED_FROM_CALIBRATED_FRAMEWORK,0.4
APP-02059,BM-001,Status Quo Bias,MODEL_APPLIED_FROM_CALIBRATED_FRAMEWORK,0.4
APP-02059,BM-023,Goal Gradient,MODEL_APPLIED_FROM_CALIBRATED_FRAMEWORK,0.4
APP-02058,BM-029,Uncertainty / Ambiguity Aversion,MODEL_APPLIED_FROM_CALIBRATED_FRAMEWORK,0.4
APP-02059,BM-029,Uncertainty / Ambiguity Aversion,MODEL_APPLIED_FROM_CALIBRATED_FRAMEWORK,0.4
APP-02051,BM-002,Loss Aversion,MODEL_APPLIED_FROM_CALIBRATED_FRAMEWORK,0.4
APP-02056,BM-020,Commitment / Consistency,MODEL_APPLIED_FROM_CALIBRATED_FRAMEWORK,0.4
APP-02056,BM-018,Identity Signaling,MODEL_APPLIED_FROM_CALIBRATED_FRAMEWORK,0.4
APP-02079,BM-006,Friction,MODEL_APPLIED_FROM_CALIBRATED_FRAMEWORK,0.55
APP-02070,BM-002,Loss Aversion,MODEL_APPLIED_FROM_CALIBRATED_FRAMEWORK,0.4
APP-02071,BM-029,Uncertainty / Ambiguity Aversion,MODEL_APPLIED_FROM_CALIBRATED_FRAMEWORK,0.4
APP-02071,BM-005,Choice Overload,MODEL_APPLIED_FROM_CALIBRATED_FRAMEWORK,0.4
APP-02077,BM-020,Commitment / Consistency,MODEL_APPLIED_FROM_CALIBRATED_FRAMEWORK,0.4
APP-02067,BM-029,Uncertainty / Ambiguity Aversion,MODEL_APPLIED_FROM_CALIBRATED_FRAMEWORK,0.4
APP-02070,BM-029,Uncertainty / Ambiguity Aversion,MODEL_APPLIED_FROM_CALIBRATED_FRAMEWORK,0.4
APP-02097,BM-001,Status Quo Bias,MODEL_APPLIED_FROM_CALIBRATED_FRAMEWORK,0.4
APP-02097,BM-029,Uncertainty / Ambiguity Aversion,MODEL_APPLIED_FROM_CALIBRATED_FRAMEWORK,0.4
APP-02098,BM-020,Commitment / Consistency,MODEL_APPLIED_FROM_CALIBRATED_FRAMEWORK,0.4
APP-02100,BM-006,Friction,MODEL_APPLIED_FROM_CALIBRATED_FRAMEWORK,0.55
APP-02100,BM-029,Uncertainty / Ambiguity Aversion,MODEL_APPLIED_FROM_CALIBRATED_FRAMEWORK,0.4
APP-02089,BM-029,Uncertainty / Ambiguity Aversion,MODEL_APPLIED_FROM_CALIBRATED_FRAMEWORK,0.4
APP-02090,BM-011,Reciprocity,MODEL_APPLIED_FROM_CALIBRATED_FRAMEWORK,0.4
APP-02094,BM-011,Reciprocity,MODEL_APPLIED_FROM_CALIBRATED_FRAMEWORK,0.4
APP-02087,BM-006,Friction,MODEL_APPLIED_FROM_CALIBRATED_FRAMEWORK,0.55
APP-02087,BM-002,Loss Aversion,MODEL_APPLIED_FROM_CALIBRATED_FRAMEWORK,0.4
APP-02082,BM-023,Goal Gradient,MODEL_APPLIED_FROM_CALIBRATED_FRAMEWORK,0.4
APP-00039,BM-006,Friction,MODEL_APPLIED_FROM_CALIBRATED_FRAMEWORK,0.55
APP-00043,BM-018,Identity Signaling,MODEL_APPLIED_FROM_CALIBRATED_FRAMEWORK,0.4
APP-00036,BM-023,Goal Gradient,MODEL_APPLIED_FROM_CALIBRATED_FRAMEWORK,0.4
APP-00036,BM-001,Status Quo Bias,MODEL_APPLIED_FROM_CALIBRATED_FRAMEWORK,0.4
APP-00035,BM-011,Reciprocity,MODEL_APPLIED_FROM_CALIBRATED_FRAMEWORK,0.4
APP-02113,BM-011,Reciprocity,MODEL_APPLIED_FROM_CALIBRATED_FRAMEWORK,0.4
APP-02117,BM-023,Goal Gradient,MODEL_APPLIED_FROM_CALIBRATED_FRAMEWORK,0.4
APP-02106,BM-011,Reciprocity,MODEL_APPLIED_FROM_CALIBRATED_FRAMEWORK,0.4
APP-02129,BM-014,Confirmation Bias,MODEL_APPLIED_FROM_CALIBRATED_FRAMEWORK,0.4
APP-02129,BM-001,Status Quo Bias,MODEL_APPLIED_FROM_CALIBRATED_FRAMEWORK,0.55
APP-02130,BM-023,Goal Gradient,MODEL_APPLIED_FROM_CALIBRATED_FRAMEWORK,0.4
APP-02128,BM-029,Uncertainty / Ambiguity Aversion,MODEL_APPLIED_FROM_CALIBRATED_FRAMEWORK,0.4
APP-02128,BM-005,Choice Overload,MODEL_APPLIED_FROM_CALIBRATED_FRAMEWORK,0.4
APP-02121,BM-020,Commitment / Consistency,MODEL_APPLIED_FROM_CALIBRATED_FRAMEWORK,0.4
APP-02121,BM-018,Identity Signaling,MODEL_APPLIED_FROM_CALIBRATED_FRAMEWORK,0.4
APP-02122,BM-011,Reciprocity,MODEL_APPLIED_FROM_CALIBRATED_FRAMEWORK,0.4
APP-02127,BM-001,Status Quo Bias,MODEL_APPLIED_FROM_CALIBRATED_FRAMEWORK,0.4
APP-02137,BM-020,Commitment / Consistency,MODEL_APPLIED_FROM_CALIBRATED_FRAMEWORK,0.4
APP-02137,BM-011,Reciprocity,MODEL_APPLIED_FROM_CALIBRATED_FRAMEWORK,0.4
APP-02137,BM-018,Identity Signaling,MODEL_APPLIED_FROM_CALIBRATED_FRAMEWORK,0.4
APP-02139,BM-011,Reciprocity,MODEL_APPLIED_FROM_CALIBRATED_FRAMEWORK,0.4
APP-02141,BM-001,Status Quo Bias,MODEL_APPLIED_FROM_CALIBRATED_FRAMEWORK,0.4
APP-02141,BM-029,Uncertainty / Ambiguity Aversion,MODEL_APPLIED_FROM_CALIBRATED_FRAMEWORK,0.4
APP-02134,BM-006,Friction,MODEL_APPLIED_FROM_CALIBRATED_FRAMEWORK,0.55
APP-02135,BM-023,Goal Gradient,MODEL_APPLIED_FROM_CALIBRATED_FRAMEWORK,0.4
APP-02133,BM-029,Uncertainty / Ambiguity Aversion,MODEL_APPLIED_FROM_CALIBRATED_FRAMEWORK,0.4
APP-02132,BM-023,Goal Gradient,MODEL_APPLIED_FROM_CALIBRATED_FRAMEWORK,0.4
APP-02154,BM-001,Status Quo Bias,MODEL_APPLIED_FROM_CALIBRATED_FRAMEWORK,0.55
APP-02154,BM-014,Confirmation Bias,MODEL_APPLIED_FROM_CALIBRATED_FRAMEWORK,0.4
APP-02150,BM-011,Reciprocity,MODEL_APPLIED_FROM_CALIBRATED_FRAMEWORK,0.4
APP-02150,BM-006,Friction,MODEL_APPLIED_FROM_CALIBRATED_FRAMEWORK,0.55
APP-02152,BM-029,Uncertainty / Ambiguity Aversion,MODEL_APPLIED_FROM_CALIBRATED_FRAMEWORK,0.4
APP-02146,BM-023,Goal Gradient,MODEL_APPLIED_FROM_CALIBRATED_FRAMEWORK,0.4
APP-02160,BM-029,Uncertainty / Ambiguity Aversion,MODEL_APPLIED_FROM_CALIBRATED_FRAMEWORK,0.4
APP-02160,BM-001,Status Quo Bias,MODEL_APPLIED_FROM_CALIBRATED_FRAMEWORK,0.4
APP-02166,BM-005,Choice Overload,MODEL_APPLIED_FROM_CALIBRATED_FRAMEWORK,0.4
APP-02157,BM-005,Choice Overload,MODEL_APPLIED_FROM_CALIBRATED_FRAMEWORK,0.4
APP-02157,BM-029,Uncertainty / Ambiguity Aversion,MODEL_APPLIED_FROM_CALIBRATED_FRAMEWORK,0.4
APP-02157,BM-020,Commitment / Consistency,MODEL_APPLIED_FROM_CALIBRATED_FRAMEWORK,0.4
APP-02155,BM-023,Goal Gradient,MODEL_APPLIED_FROM_CALIBRATED_FRAMEWORK,0.4
APP-02175,BM-029,Uncertainty / Ambiguity Aversion,MODEL_APPLIED_FROM_CALIBRATED_FRAMEWORK,0.4
APP-02172,BM-023,Goal Gradient,MODEL_APPLIED_FROM_CALIBRATED_FRAMEWORK,0.4
APP-02173,BM-001,Status Quo Bias,MODEL_APPLIED_FROM_CALIBRATED_FRAMEWORK,0.4
APP-02173,BM-029,Uncertainty / Ambiguity Aversion,MODEL_APPLIED_FROM_CALIBRATED_FRAMEWORK,0.4
APP-02171,BM-001,Status Quo Bias,MODEL_APPLIED_FROM_CALIBRATED_FRAMEWORK,0.4
APP-02171,BM-029,Uncertainty / Ambiguity Aversion,MODEL_APPLIED_FROM_CALIBRATED_FRAMEWORK,0.4
APP-02171,BM-023,Goal Gradient,MODEL_APPLIED_FROM_CALIBRATED_FRAMEWORK,0.4
APP-02172,BM-001,Status Quo Bias,MODEL_APPLIED_FROM_CALIBRATED_FRAMEWORK,0.4
APP-02194,BM-014,Confirmation Bias,MODEL_APPLIED_FROM_CALIBRATED_FRAMEWORK,0.4
APP-02187,BM-005,Choice Overload,MODEL_APPLIED_FROM_CALIBRATED_FRAMEWORK,0.4
APP-02192,BM-002,Loss Aversion,MODEL_APPLIED_FROM_CALIBRATED_FRAMEWORK,0.4
APP-02192,BM-029,Uncertainty / Ambiguity Aversion,MODEL_APPLIED_FROM_CALIBRATED_FRAMEWORK,0.4
APP-02192,BM-001,Status Quo Bias,MODEL_APPLIED_FROM_CALIBRATED_FRAMEWORK,0.4
APP-02193,BM-006,Friction,MODEL_APPLIED_FROM_CALIBRATED_FRAMEWORK,0.55
APP-02187,BM-029,Uncertainty / Ambiguity Aversion,MODEL_APPLIED_FROM_CALIBRATED_FRAMEWORK,0.4
APP-02180,BM-001,Status Quo Bias,MODEL_APPLIED_FROM_CALIBRATED_FRAMEWORK,0.4
APP-02183,BM-020,Commitment / Consistency,MODEL_APPLIED_FROM_CALIBRATED_FRAMEWORK,0.4
APP-02183,BM-018,Identity Signaling,MODEL_APPLIED_FROM_CALIBRATED_FRAMEWORK,0.4
APP-02204,BM-002,Loss Aversion,MODEL_APPLIED_FROM_CALIBRATED_FRAMEWORK,0.4
APP-02204,BM-001,Status Quo Bias,MODEL_APPLIED_FROM_CALIBRATED_FRAMEWORK,0.4
APP-02204,BM-029,Uncertainty / Ambiguity Aversion,MODEL_APPLIED_FROM_CALIBRATED_FRAMEWORK,0.4
APP-02201,BM-006,Friction,MODEL_APPLIED_FROM_CALIBRATED_FRAMEWORK,0.55
APP-02200,BM-014,Confirmation Bias,MODEL_APPLIED_FROM_CALIBRATED_FRAMEWORK,0.4
APP-02196,BM-002,Loss Aversion,MODEL_APPLIED_FROM_CALIBRATED_FRAMEWORK,0.4
APP-02220,BM-023,Goal Gradient,MODEL_APPLIED_FROM_CALIBRATED_FRAMEWORK,0.4
APP-02221,BM-029,Uncertainty / Ambiguity Aversion,MODEL_APPLIED_FROM_CALIBRATED_FRAMEWORK,0.4
APP-02221,BM-002,Loss Aversion,MODEL_APPLIED_FROM_CALIBRATED_FRAMEWORK,0.4
APP-02224,BM-029,Uncertainty / Ambiguity Aversion,MODEL_APPLIED_FROM_CALIBRATED_FRAMEWORK,0.4
APP-02216,BM-006,Friction,MODEL_APPLIED_FROM_CALIBRATED_FRAMEWORK,0.55
APP-02216,BM-029,Uncertainty / Ambiguity Aversion,MODEL_APPLIED_FROM_CALIBRATED_FRAMEWORK,0.4
APP-02211,BM-006,Friction,MODEL_APPLIED_FROM_CALIBRATED_FRAMEWORK,0.4
APP-02213,BM-001,Status Quo Bias,MODEL_APPLIED_FROM_CALIBRATED_FRAMEWORK,0.55
APP-02213,BM-014,Confirmation Bias,MODEL_APPLIED_FROM_CALIBRATED_FRAMEWORK,0.4
APP-02214,BM-020,Commitment / Consistency,MODEL_APPLIED_FROM_CALIBRATED_FRAMEWORK,0.4
APP-02206,BM-020,Commitment / Consistency,MODEL_APPLIED_FROM_CALIBRATED_FRAMEWORK,0.4
APP-02208,BM-020,Commitment / Consistency,MODEL_APPLIED_FROM_CALIBRATED_FRAMEWORK,0.4
APP-02208,BM-006,Friction,MODEL_APPLIED_FROM_CALIBRATED_FRAMEWORK,0.4
APP-02209,BM-002,Loss Aversion,MODEL_APPLIED_FROM_CALIBRATED_FRAMEWORK,0.4
APP-02210,BM-018,Identity Signaling,MODEL_APPLIED_FROM_CALIBRATED_FRAMEWORK,0.4
APP-02211,BM-020,Commitment / Consistency,MODEL_APPLIED_FROM_CALIBRATED_FRAMEWORK,0.4
APP-02240,BM-001,Status Quo Bias,MODEL_APPLIED_FROM_CALIBRATED_FRAMEWORK,0.4
APP-02241,BM-023,Goal Gradient,MODEL_APPLIED_FROM_CALIBRATED_FRAMEWORK,0.4
APP-02243,BM-029,Uncertainty / Ambiguity Aversion,MODEL_APPLIED_FROM_CALIBRATED_FRAMEWORK,0.4
APP-02243,BM-002,Loss Aversion,MODEL_APPLIED_FROM_CALIBRATED_FRAMEWORK,0.4
APP-02238,BM-014,Confirmation Bias,MODEL_APPLIED_FROM_CALIBRATED_FRAMEWORK,0.4
APP-02238,BM-001,Status Quo Bias,MODEL_APPLIED_FROM_CALIBRATED_FRAMEWORK,0.55
APP-02225,BM-001,Status Quo Bias,MODEL_APPLIED_FROM_CALIBRATED_FRAMEWORK,0.55
APP-02232,BM-020,Commitment / Consistency,MODEL_APPLIED_FROM_CALIBRATED_FRAMEWORK,0.4
APP-02233,BM-006,Friction,MODEL_APPLIED_FROM_CALIBRATED_FRAMEWORK,0.4
APP-02237,BM-005,Choice Overload,MODEL_APPLIED_FROM_CALIBRATED_FRAMEWORK,0.4
APP-02225,BM-014,Confirmation Bias,MODEL_APPLIED_FROM_CALIBRATED_FRAMEWORK,0.4
APP-02252,BM-001,Status Quo Bias,MODEL_APPLIED_FROM_CALIBRATED_FRAMEWORK,0.4
APP-02252,BM-029,Uncertainty / Ambiguity Aversion,MODEL_APPLIED_FROM_CALIBRATED_FRAMEWORK,0.4
APP-02252,BM-023,Goal Gradient,MODEL_APPLIED_FROM_CALIBRATED_FRAMEWORK,0.4
APP-02254,BM-029,Uncertainty / Ambiguity Aversion,MODEL_APPLIED_FROM_CALIBRATED_FRAMEWORK,0.4
APP-02254,BM-002,Loss Aversion,MODEL_APPLIED_FROM_CALIBRATED_FRAMEWORK,0.4
APP-02249,BM-011,Reciprocity,MODEL_APPLIED_FROM_CALIBRATED_FRAMEWORK,0.4
APP-02245,BM-006,Friction,MODEL_APPLIED_FROM_CALIBRATED_FRAMEWORK,0.4
APP-02270,BM-002,Loss Aversion,MODEL_APPLIED_FROM_CALIBRATED_FRAMEWORK,0.4
APP-02273,BM-002,Loss Aversion,MODEL_APPLIED_FROM_CALIBRATED_FRAMEWORK,0.4
APP-02275,BM-020,Commitment / Consistency,MODEL_APPLIED_FROM_CALIBRATED_FRAMEWORK,0.4
APP-02275,BM-006,Friction,MODEL_APPLIED_FROM_CALIBRATED_FRAMEWORK,0.4
APP-02276,BM-011,Reciprocity,MODEL_APPLIED_FROM_CALIBRATED_FRAMEWORK,0.4
APP-02276,BM-018,Identity Signaling,MODEL_APPLIED_FROM_CALIBRATED_FRAMEWORK,0.4
APP-02278,BM-006,Friction,MODEL_APPLIED_FROM_CALIBRATED_FRAMEWORK,0.55
APP-02261,BM-023,Goal Gradient,MODEL_APPLIED_FROM_CALIBRATED_FRAMEWORK,0.4
APP-02267,BM-006,Friction,MODEL_APPLIED_FROM_CALIBRATED_FRAMEWORK,0.4
APP-02256,BM-029,Uncertainty / Ambiguity Aversion,MODEL_APPLIED_FROM_CALIBRATED_FRAMEWORK,0.4
APP-02256,BM-023,Goal Gradient,MODEL_APPLIED_FROM_CALIBRATED_FRAMEWORK,0.4
APP-02256,BM-001,Status Quo Bias,MODEL_APPLIED_FROM_CALIBRATED_FRAMEWORK,0.4
APP-02259,BM-006,Friction,MODEL_APPLIED_FROM_CALIBRATED_FRAMEWORK,0.4
APP-02285,BM-029,Uncertainty / Ambiguity Aversion,MODEL_APPLIED_FROM_CALIBRATED_FRAMEWORK,0.4
APP-02286,BM-020,Commitment / Consistency,MODEL_APPLIED_FROM_CALIBRATED_FRAMEWORK,0.4
APP-02289,BM-011,Reciprocity,MODEL_APPLIED_FROM_CALIBRATED_FRAMEWORK,0.4
APP-02289,BM-002,Loss Aversion,MODEL_APPLIED_FROM_CALIBRATED_FRAMEWORK,0.4
APP-02291,BM-023,Goal Gradient,MODEL_APPLIED_FROM_CALIBRATED_FRAMEWORK,0.4
APP-02282,BM-001,Status Quo Bias,MODEL_APPLIED_FROM_CALIBRATED_FRAMEWORK,0.55
APP-02284,BM-006,Friction,MODEL_APPLIED_FROM_CALIBRATED_FRAMEWORK,0.4
APP-02285,BM-002,Loss Aversion,MODEL_APPLIED_FROM_CALIBRATED_FRAMEWORK,0.4
APP-02281,BM-006,Friction,MODEL_APPLIED_FROM_CALIBRATED_FRAMEWORK,0.4
APP-02282,BM-014,Confirmation Bias,MODEL_APPLIED_FROM_CALIBRATED_FRAMEWORK,0.4
APP-02279,BM-006,Friction,MODEL_APPLIED_FROM_CALIBRATED_FRAMEWORK,0.4
APP-02300,BM-006,Friction,MODEL_APPLIED_FROM_CALIBRATED_FRAMEWORK,0.55
APP-02301,BM-029,Uncertainty / Ambiguity Aversion,MODEL_APPLIED_FROM_CALIBRATED_FRAMEWORK,0.4
APP-02297,BM-023,Goal Gradient,MODEL_APPLIED_FROM_CALIBRATED_FRAMEWORK,0.4
APP-02299,BM-014,Confirmation Bias,MODEL_APPLIED_FROM_CALIBRATED_FRAMEWORK,0.4
APP-02293,BM-005,Choice Overload,MODEL_APPLIED_FROM_CALIBRATED_FRAMEWORK,0.4
APP-02293,BM-029,Uncertainty / Ambiguity Aversion,MODEL_APPLIED_FROM_CALIBRATED_FRAMEWORK,0.4
APP-02294,BM-002,Loss Aversion,MODEL_APPLIED_FROM_CALIBRATED_FRAMEWORK,0.4
APP-02295,BM-020,Commitment / Consistency,MODEL_APPLIED_FROM_CALIBRATED_FRAMEWORK,0.4
APP-02295,BM-006,Friction,MODEL_APPLIED_FROM_CALIBRATED_FRAMEWORK,0.4
APP-02292,BM-006,Friction,MODEL_APPLIED_FROM_CALIBRATED_FRAMEWORK,0.55
APP-02306,BM-014,Confirmation Bias,MODEL_APPLIED_FROM_CALIBRATED_FRAMEWORK,0.4
APP-02306,BM-001,Status Quo Bias,MODEL_APPLIED_FROM_CALIBRATED_FRAMEWORK,0.55
APP-02307,BM-006,Friction,MODEL_APPLIED_FROM_CALIBRATED_FRAMEWORK,0.55
APP-02305,BM-011,Reciprocity,MODEL_APPLIED_FROM_CALIBRATED_FRAMEWORK,0.4
APP-02304,BM-001,Status Quo Bias,MODEL_APPLIED_FROM_CALIBRATED_FRAMEWORK,0.4
APP-02302,BM-023,Goal Gradient,MODEL_APPLIED_FROM_CALIBRATED_FRAMEWORK,0.4
APP-02302,BM-001,Status Quo Bias,MODEL_APPLIED_FROM_CALIBRATED_FRAMEWORK,0.4
APP-02304,BM-029,Uncertainty / Ambiguity Aversion,MODEL_APPLIED_FROM_CALIBRATED_FRAMEWORK,0.4
APP-02321,BM-006,Friction,MODEL_APPLIED_FROM_CALIBRATED_FRAMEWORK,0.4
APP-02324,BM-023,Goal Gradient,MODEL_APPLIED_FROM_CALIBRATED_FRAMEWORK,0.4
APP-02325,BM-020,Commitment / Consistency,MODEL_APPLIED_FROM_CALIBRATED_FRAMEWORK,0.4
APP-02325,BM-018,Identity Signaling,MODEL_APPLIED_FROM_CALIBRATED_FRAMEWORK,0.4
APP-02321,BM-011,Reciprocity,MODEL_APPLIED_FROM_CALIBRATED_FRAMEWORK,0.4
APP-02313,BM-001,Status Quo Bias,MODEL_APPLIED_FROM_CALIBRATED_FRAMEWORK,0.4
APP-02314,BM-011,Reciprocity,MODEL_APPLIED_FROM_CALIBRATED_FRAMEWORK,0.4
APP-02318,BM-029,Uncertainty / Ambiguity Aversion,MODEL_APPLIED_FROM_CALIBRATED_FRAMEWORK,0.4
APP-02307,BM-002,Loss Aversion,MODEL_APPLIED_FROM_CALIBRATED_FRAMEWORK,0.4
APP-02308,BM-029,Uncertainty / Ambiguity Aversion,MODEL_APPLIED_FROM_CALIBRATED_FRAMEWORK,0.4
APP-02311,BM-020,Commitment / Consistency,MODEL_APPLIED_FROM_CALIBRATED_FRAMEWORK,0.4
APP-02345,BM-006,Friction,MODEL_APPLIED_FROM_CALIBRATED_FRAMEWORK,0.55
APP-02345,BM-029,Uncertainty / Ambiguity Aversion,MODEL_APPLIED_FROM_CALIBRATED_FRAMEWORK,0.4
APP-02334,BM-018,Identity Signaling,MODEL_APPLIED_FROM_CALIBRATED_FRAMEWORK,0.4
APP-02337,BM-005,Choice Overload,MODEL_APPLIED_FROM_CALIBRATED_FRAMEWORK,0.4
APP-02343,BM-023,Goal Gradient,MODEL_APPLIED_FROM_CALIBRATED_FRAMEWORK,0.4
APP-02329,BM-006,Friction,MODEL_APPLIED_FROM_CALIBRATED_FRAMEWORK,0.55
APP-02334,BM-011,Reciprocity,MODEL_APPLIED_FROM_CALIBRATED_FRAMEWORK,0.4
APP-02327,BM-006,Friction,MODEL_APPLIED_FROM_CALIBRATED_FRAMEWORK,0.55
APP-02355,BM-006,Friction,MODEL_APPLIED_FROM_CALIBRATED_FRAMEWORK,0.4
APP-02358,BM-029,Uncertainty / Ambiguity Aversion,MODEL_APPLIED_FROM_CALIBRATED_FRAMEWORK,0.4
APP-02359,BM-002,Loss Aversion,MODEL_APPLIED_FROM_CALIBRATED_FRAMEWORK,0.4
APP-02360,BM-006,Friction,MODEL_APPLIED_FROM_CALIBRATED_FRAMEWORK,0.55
APP-02360,BM-029,Uncertainty / Ambiguity Aversion,MODEL_APPLIED_FROM_CALIBRATED_FRAMEWORK,0.4
APP-02352,BM-006,Friction,MODEL_APPLIED_FROM_CALIBRATED_FRAMEWORK,0.4
APP-02353,BM-023,Goal Gradient,MODEL_APPLIED_FROM_CALIBRATED_FRAMEWORK,0.4
APP-02354,BM-020,Commitment / Consistency,MODEL_APPLIED_FROM_CALIBRATED_FRAMEWORK,0.4
APP-02354,BM-006,Friction,MODEL_APPLIED_FROM_CALIBRATED_FRAMEWORK,0.4
APP-02348,BM-029,Uncertainty / Ambiguity Aversion,MODEL_APPLIED_FROM_CALIBRATED_FRAMEWORK,0.4
APP-02348,BM-001,Status Quo Bias,MODEL_APPLIED_FROM_CALIBRATED_FRAMEWORK,0.4
APP-02349,BM-029,Uncertainty / Ambiguity Aversion,MODEL_APPLIED_FROM_CALIBRATED_FRAMEWORK,0.4
APP-02346,BM-002,Loss Aversion,MODEL_APPLIED_FROM_CALIBRATED_FRAMEWORK,0.4
APP-02347,BM-014,Confirmation Bias,MODEL_APPLIED_FROM_CALIBRATED_FRAMEWORK,0.4
APP-02379,BM-006,Friction,MODEL_APPLIED_FROM_CALIBRATED_FRAMEWORK,0.55
APP-02376,BM-006,Friction,MODEL_APPLIED_FROM_CALIBRATED_FRAMEWORK,0.4
APP-02378,BM-002,Loss Aversion,MODEL_APPLIED_FROM_CALIBRATED_FRAMEWORK,0.4
APP-02379,BM-011,Reciprocity,MODEL_APPLIED_FROM_CALIBRATED_FRAMEWORK,0.4
APP-02376,BM-029,Uncertainty / Ambiguity Aversion,MODEL_APPLIED_FROM_CALIBRATED_FRAMEWORK,0.4
APP-02367,BM-006,Friction,MODEL_APPLIED_FROM_CALIBRATED_FRAMEWORK,0.4
APP-02396,BM-006,Friction,MODEL_APPLIED_FROM_CALIBRATED_FRAMEWORK,0.55
APP-02396,BM-011,Reciprocity,MODEL_APPLIED_FROM_CALIBRATED_FRAMEWORK,0.4
APP-02394,BM-023,Goal Gradient,MODEL_APPLIED_FROM_CALIBRATED_FRAMEWORK,0.4
APP-02393,BM-029,Uncertainty / Ambiguity Aversion,MODEL_APPLIED_FROM_CALIBRATED_FRAMEWORK,0.4
APP-02404,BM-006,Friction,MODEL_APPLIED_FROM_CALIBRATED_FRAMEWORK,0.55
APP-02404,BM-011,Reciprocity,MODEL_APPLIED_FROM_CALIBRATED_FRAMEWORK,0.4
APP-02400,BM-001,Status Quo Bias,MODEL_APPLIED_FROM_CALIBRATED_FRAMEWORK,0.4
APP-02398,BM-006,Friction,MODEL_APPLIED_FROM_CALIBRATED_FRAMEWORK,0.4
APP-02400,BM-029,Uncertainty / Ambiguity Aversion,MODEL_APPLIED_FROM_CALIBRATED_FRAMEWORK,0.4
APP-02415,BM-011,Reciprocity,MODEL_APPLIED_FROM_CALIBRATED_FRAMEWORK,0.4
APP-02418,BM-029,Uncertainty / Ambiguity Aversion,MODEL_APPLIED_FROM_CALIBRATED_FRAMEWORK,0.4
APP-02419,BM-006,Friction,MODEL_APPLIED_FROM_CALIBRATED_FRAMEWORK,0.55
APP-02411,BM-023,Goal Gradient,MODEL_APPLIED_FROM_CALIBRATED_FRAMEWORK,0.4
APP-02414,BM-020,Commitment / Consistency,MODEL_APPLIED_FROM_CALIBRATED_FRAMEWORK,0.4
APP-02414,BM-018,Identity Signaling,MODEL_APPLIED_FROM_CALIBRATED_FRAMEWORK,0.4
APP-02409,BM-020,Commitment / Consistency,MODEL_APPLIED_FROM_CALIBRATED_FRAMEWORK,0.4
APP-02409,BM-018,Identity Signaling,MODEL_APPLIED_FROM_CALIBRATED_FRAMEWORK,0.4
APP-02435,BM-001,Status Quo Bias,MODEL_APPLIED_FROM_CALIBRATED_FRAMEWORK,0.55
APP-02435,BM-014,Confirmation Bias,MODEL_APPLIED_FROM_CALIBRATED_FRAMEWORK,0.4
APP-02432,BM-006,Friction,MODEL_APPLIED_FROM_CALIBRATED_FRAMEWORK,0.4
APP-02434,BM-006,Friction,MODEL_APPLIED_FROM_CALIBRATED_FRAMEWORK,0.4
APP-02428,BM-001,Status Quo Bias,MODEL_APPLIED_FROM_CALIBRATED_FRAMEWORK,0.4
APP-02429,BM-023,Goal Gradient,MODEL_APPLIED_FROM_CALIBRATED_FRAMEWORK,0.4
APP-02424,BM-006,Friction,MODEL_APPLIED_FROM_CALIBRATED_FRAMEWORK,0.55
APP-02425,BM-006,Friction,MODEL_APPLIED_FROM_CALIBRATED_FRAMEWORK,0.4
APP-02440,BM-029,Uncertainty / Ambiguity Aversion,MODEL_APPLIED_FROM_CALIBRATED_FRAMEWORK,0.4
APP-02444,BM-011,Reciprocity,MODEL_APPLIED_FROM_CALIBRATED_FRAMEWORK,0.4
APP-02438,BM-023,Goal Gradient,MODEL_APPLIED_FROM_CALIBRATED_FRAMEWORK,0.4
APP-02438,BM-002,Loss Aversion,MODEL_APPLIED_FROM_CALIBRATED_FRAMEWORK,0.4
APP-02437,BM-001,Status Quo Bias,MODEL_APPLIED_FROM_CALIBRATED_FRAMEWORK,0.55
APP-02437,BM-014,Confirmation Bias,MODEL_APPLIED_FROM_CALIBRATED_FRAMEWORK,0.4
APP-02437,BM-002,Loss Aversion,MODEL_APPLIED_FROM_CALIBRATED_FRAMEWORK,0.4
APP-02453,BM-006,Friction,MODEL_APPLIED_FROM_CALIBRATED_FRAMEWORK,0.55
APP-02456,BM-029,Uncertainty / Ambiguity Aversion,MODEL_APPLIED_FROM_CALIBRATED_FRAMEWORK,0.4
APP-02456,BM-002,Loss Aversion,MODEL_APPLIED_FROM_CALIBRATED_FRAMEWORK,0.4
APP-02452,BM-006,Friction,MODEL_APPLIED_FROM_CALIBRATED_FRAMEWORK,0.4
APP-02448,BM-002,Loss Aversion,MODEL_APPLIED_FROM_CALIBRATED_FRAMEWORK,0.4
APP-02448,BM-029,Uncertainty / Ambiguity Aversion,MODEL_APPLIED_FROM_CALIBRATED_FRAMEWORK,0.4
APP-02452,BM-011,Reciprocity,MODEL_APPLIED_FROM_CALIBRATED_FRAMEWORK,0.4
APP-02445,BM-011,Reciprocity,MODEL_APPLIED_FROM_CALIBRATED_FRAMEWORK,0.4
APP-02446,BM-011,Reciprocity,MODEL_APPLIED_FROM_CALIBRATED_FRAMEWORK,0.4
APP-02470,BM-023,Goal Gradient,MODEL_APPLIED_FROM_CALIBRATED_FRAMEWORK,0.4
APP-02472,BM-023,Goal Gradient,MODEL_APPLIED_FROM_CALIBRATED_FRAMEWORK,0.4
APP-02467,BM-011,Reciprocity,MODEL_APPLIED_FROM_CALIBRATED_FRAMEWORK,0.4
APP-02456,BM-001,Status Quo Bias,MODEL_APPLIED_FROM_CALIBRATED_FRAMEWORK,0.4
APP-02459,BM-029,Uncertainty / Ambiguity Aversion,MODEL_APPLIED_FROM_CALIBRATED_FRAMEWORK,0.4
APP-00028,BM-011,Reciprocity,MODEL_APPLIED_FROM_CALIBRATED_FRAMEWORK,0.4
APP-00028,BM-020,Commitment / Consistency,MODEL_APPLIED_FROM_CALIBRATED_FRAMEWORK,0.4
APP-00030,BM-006,Friction,MODEL_APPLIED_FROM_CALIBRATED_FRAMEWORK,0.55
APP-00033,BM-006,Friction,MODEL_APPLIED_FROM_CALIBRATED_FRAMEWORK,0.4
APP-00034,BM-002,Loss Aversion,MODEL_APPLIED_FROM_CALIBRATED_FRAMEWORK,0.4
APP-00020,BM-029,Uncertainty / Ambiguity Aversion,MODEL_APPLIED_FROM_CALIBRATED_FRAMEWORK,0.4
APP-00020,BM-006,Friction,MODEL_APPLIED_FROM_CALIBRATED_FRAMEWORK,0.55
APP-00020,BM-002,Loss Aversion,MODEL_APPLIED_FROM_CALIBRATED_FRAMEWORK,0.4
APP-00024,BM-020,Commitment / Consistency,MODEL_APPLIED_FROM_CALIBRATED_FRAMEWORK,0.4
APP-00026,BM-002,Loss Aversion,MODEL_APPLIED_FROM_CALIBRATED_FRAMEWORK,0.4
APP-00017,BM-020,Commitment / Consistency,MODEL_APPLIED_FROM_CALIBRATED_FRAMEWORK,0.4
APP-00017,BM-018,Identity Signaling,MODEL_APPLIED_FROM_CALIBRATED_FRAMEWORK,0.4
APP-02500,BM-006,Friction,MODEL_APPLIED_FROM_CALIBRATED_FRAMEWORK,0.55
APP-02500,BM-011,Reciprocity,MODEL_APPLIED_FROM_CALIBRATED_FRAMEWORK,0.4
APP-00003,BM-023,Goal Gradient,MODEL_APPLIED_FROM_CALIBRATED_FRAMEWORK,0.4
